project_id,project_acronym,project_title,sdg_goal,target_code,target_wording,concept_uri,match_strength,confidence_level,confidence_note,contribution_type,retrieval_rank,retrieval_score,claimed_target_component,evidence_segment_ids,evidence,explanation,outcome_limitations,source_fields,framework,narrower_concept
101039986,MottSwitch,Highly Energy-Efficient Resistive Switching in Defect- and Strain- Engineered Mott Insulators for Neuromorphic Computing Applications,7,7.3,"By 2030, double the global rate of improvement in energy efficiency",http://data.europa.eu/sdg/7.3,WEAK,MEDIUM,Categorical confidence derived from verifier match strength; not a calibrated probability.,DIRECT,1,0.18519296368198823,Improvement in energy efficiency through reducing energy consumed by resistive switching in Mott-insulator devices.,objective_05; objective_09; objective_10; objective_11; objective_12,"Moreover, in terms of fundamental switching timescales and energy efficiency, Mott insulators may have very significant advantages over other RS mechanisms. | The first is by switching purely in the electronic sector while minimizing structural distortions. | Thus, the low heat capacity of electrons may enable switching with a fraction of the energy required in an insulator-metal transition coupled to a structural transition. | The second is absorption of latent heat and/or elastic energy from the surroundings of the switching volume, thus reducing the externally supplied power consumption. | Our aim is to use defects, doping and strain engineering to understand and tune RS mechanisms, and develop novel functionalities with ultra-low energy consumption.","The project’s central work is to understand and tune resistive-switching mechanisms and develop low-energy functionalities. It specifically pursues switching that uses less energy and reduces externally supplied power, so the project itself develops a target-specific efficiency mechanism rather than only providing generic information. The evidence concerns device-level switching and does not establish broader energy-efficiency improvements beyond that application, but no such scale-wide outcome is required here.",The stated efficiency gains concern resistive switching in Mott-insulator devices; broader deployment and resulting energy savings are not established.,objective,OTHER,
101041677,TRANSIT-ND,Tandem Repeats Associated with Neurogenomic Somatic Instability and Neurodegeneration,3,3.4,"By 2030, reduce by one third premature mortality from non-communicable diseases through prevention and treatment and promote mental health and well-being",http://data.europa.eu/sdg/3.4,WEAK,MEDIUM,Categorical confidence derived from verifier match strength; not a calibrated probability.,INDIRECT,3,0.19495396907750212,"Preventing and treating non-communicable diseases, specifically neurodegenerative diseases, through research into their pathogenesis and potential shared targets for prevention and treatment.",objective_02; objective_05; objective_06; objective_07,"For developing better preventive and therapeutic strategies, it is essential to clarify their still largely elusive genetic basis and pathophysiology. | Here, I aim to assess the role of TRs and their somatic instability in the pathogenesis of neuronal degeneration, the defining hallmark of all neurodegenerative diseases. | To this end, I will 1) systematically identify TRs whose size or somatic instability are related to neuronal degeneration in the general population and/or disease severity in repeat expansion disorders, using an innovative approach combining """"liquid biopsy"""" of neuronal tissue, high-throughput ultra-deep long-read DNA sequencing and ultrasensitive biomarkers of neuronal degeneration, 2) delineate the neuroanatomical pathways affected by TR somatic instability through comprehensive neuroimaging analyses, and 3) disentangle the underlying molecular and cellular mechanisms, using an extensive integrative multi-omics approach with experimental validation in neuronal cell lines and post-mortem human brain tissue. | The wealth of unique insights from TRANSIT-ND could substantially increase our understanding of the pathogenesis of neuronal degeneration and provide shared targets for the prevention and treatment of a range of different neurodegenerative diseases that afflict millions of people globally.""""","The project conducts disease-focused research to clarify the pathogenesis of neuronal degeneration and identify potential shared targets for prevention and treatment. This is a substantial research contribution, but the project does not itself develop or deliver preventive or therapeutic interventions; distinct downstream work is needed to turn its findings into those interventions.",The project does not itself deliver preventive or therapeutic interventions or demonstrate reduced premature mortality. | The proposed contribution to future prevention and treatment depends on downstream use of the research findings.,objective,OTHER,
101041677,TRANSIT-ND,Tandem Repeats Associated with Neurogenomic Somatic Instability and Neurodegeneration,9,9.5,"Enhance scientific research, upgrade the technological capabilities of industrial sectors in all countries, in particular developing countries, including, by 2030, encouraging innovation and substantially increasing the number of research and development workers per 1 million people and public and private research and development spending",http://data.europa.eu/sdg/9.5,STRONG,HIGH,Categorical confidence derived from verifier match strength; not a calibrated probability.,DIRECT,9,0.16279530872684977,Enhance scientific research,objective_03; objective_05; objective_06,"Emerging insights from the study of rare hereditary repeat expansion disorders caused by elongations of repetitive DNA sequences (""""tandem repeats"""" (TRs)) indicate that TRs could induce instability of neuronal DNA (""""neurogenomic somatic instability""""), and thereby instigate molecular changes that lead to neuronal degeneration. | Here, I aim to assess the role of TRs and their somatic instability in the pathogenesis of neuronal degeneration, the defining hallmark of all neurodegenerative diseases. | To this end, I will 1) systematically identify TRs whose size or somatic instability are related to neuronal degeneration in the general population and/or disease severity in repeat expansion disorders, using an innovative approach combining """"liquid biopsy"""" of neuronal tissue, high-throughput ultra-deep long-read DNA sequencing and ultrasensitive biomarkers of neuronal degeneration, 2) delineate the neuroanatomical pathways affected by TR somatic instability through comprehensive neuroimaging analyses, and 3) disentangle the underlying molecular and cellular mechanisms, using an extensive integrative multi-omics approach with experimental validation in neuronal cell lines and post-mortem human brain tissue.","The project directly conducts original scientific research into tandem-repeat variation and instability as factors in neuronal degeneration, using sequencing, neuroimaging, multi-omics, and experimental validation. Scientific research is itself the claimed target component, so the project's work constitutes project-scale realization rather than merely an upstream input. The evidence explicitly establishes this research activity; it does not need to demonstrate subsequent treatment development or population-level health outcomes.",The project investigates disease mechanisms and does not itself deliver preventive or therapeutic strategies. | No economy-wide or population-level research outcome is stated.,objective,OTHER,
101056784,HELENUS,High Efficiency Low Emission Nautical Solid Oxide Fuel Cell,7,7.3,"By 2030, double the global rate of improvement in energy efficiency",http://data.europa.eu/sdg/7.3,WEAK,MEDIUM,Categorical confidence derived from verifier match strength; not a calibrated probability.,DIRECT,5,0.37974041885358983,Improve energy efficiency through high-efficiency solid oxide fuel cell cogeneration for maritime power and heat,objective_01; objective_03; objective_04; objective_06; objective_08,"The HELENUS project will develop a 200 kW solid oxide fuel cell (SOFC) system operating in cogeneration (combined heat and power) mode, and demonstrate it on a research vessel operated by DLR. | SOFCs are the most efficient chemical energy converters available today and are also highly fuel-flexible- thereby remaining highly relevant for the future of waterborne transport. | The HELENUS demonstrator will achieve a TRL of 7 at the end of the project. | This can unlock over 23% total fuel savings (assuming a hybrid 20MW SOFC+60MW ICE energy system) over a state-of-the-art energy system with only ICEs. | HELENUS will also undertake extensive simulation, experimental and analytical efforts to demonstrate the applicability of the developed SOFC solution (i) upon significant scale-up (10 MW and beyond), (ii) over duty cycles of alternate applications such as dredging and offshore vessels, and (iii) using carbon-¬neutral fuels with potential for future maritime uptake.","HELENUS develops and demonstrates a 200 kW SOFC cogeneration system on a research vessel, with high conversion efficiency and projected fuel savings compared with an ICE-only system. This is a concrete, target-specific energy-efficiency mechanism tested at project scale; later upscaling is not required to count as project-level realization. Its maritime system application is explicit, though the target's global rate improvement is not measured.","The projected fuel savings are comparative estimates, not evidence of realized fleet-wide savings. | The demonstrator and efficiency pathway concern maritime applications, not the global energy system.",objective,HORIZON_EUROPE,
101056883,INCHILDHEALTH,IDENTIFYING DETERMINANTS FOR INDOOR AIR QUALITY AND THEIR HEALTH IMPACT IN ENVIRONMENTS FOR CHILDREN: MEASURES TO IMPROVE INDOOR AIR QUALITY AND REDUCE DISEASE BURDENS.,12,12.4,"By 2020, achieve the environmentally sound management of chemicals and all wastes throughout their life cycle, in accordance with agreed international frameworks, and significantly reduce their release to air, water and soil in order to minimize their adverse impacts on human health and the environment",http://data.europa.eu/sdg/12.4,WEAK,MEDIUM,Categorical confidence derived from verifier match strength; not a calibrated probability.,INDIRECT,1,0.4208652571612317,"Significantly reduce releases of chemicals to air, water, or soil to minimize adverse impacts on human health and the environment.",objective_02; objective_04; objective_06; objective_07; objective_10,"We will focus on chemicals, particle concentrations, microorganisms and physical parameters in schools, homes, sports halls and transport. | An environmental epidemiological study and controlled interventions conducted in schools in three European cities will assess the health effects of multipollutant airborne exposures on respiratory infections, allergies, and neurological and cognitional symptoms. | The InChildHealth consortium will cover an impressive variety of geographical and cultural diversity, with targeted exposure measurement campaigns and citizen involvement in seven European countries from Northern, Central and Southern Europe and interventions in Australia.All project?s results will converge in the InChildHealth Integrated Risk Assessment Tool, which will provide information on the interactions between the sources, emissions, concentrations, exposure, doses and disease for children. | Besides, we will develop user-friendly and low-cost monitoring technologies and strategies (technical and behavioural) to improve IAQ and reduce disease burdens. | Such material will support the IAQ regulatory framework in schools, facilitate IAQ management, and broadly promote healthier indoors","The project centrally studies chemical and multipollutant exposure in children's environments, develops monitoring technologies and strategies, and produces guidance to support indoor-air-quality management. These provide a specific pathway and useful capacity for identifying and addressing harmful airborne exposures, but the evidence does not establish that the project itself implements release-reduction measures or otherwise performs the governing action of significantly reducing releases. A distinct downstream management or intervention action remains necessary. The mapping is specific to airborne exposures and children's indoor environments, while other release media and broader target contexts are not covered; this is a meaningful but nonblocking scope limitation.","The evidence does not show that the project directly reduces chemical releases. | The project focuses on indoor airborne exposures in children's environments, not releases to water or soil.",objective,HORIZON_EUROPE,
101056883,INCHILDHEALTH,IDENTIFYING DETERMINANTS FOR INDOOR AIR QUALITY AND THEIR HEALTH IMPACT IN ENVIRONMENTS FOR CHILDREN: MEASURES TO IMPROVE INDOOR AIR QUALITY AND REDUCE DISEASE BURDENS.,3,3.9,"By 2030, substantially reduce the number of deaths and illnesses from hazardous chemicals and air, water and soil pollution and contamination",http://data.europa.eu/sdg/3.9,WEAK,MEDIUM,Categorical confidence derived from verifier match strength; not a calibrated probability.,DIRECT,2,0.4139037639662675,"Reduce illnesses from indoor air pollution and contamination, through improved indoor air quality in environments occupied by children.",objective_02; objective_03; objective_04; objective_06; objective_07; objective_10,"We will focus on chemicals, particle concentrations, microorganisms and physical parameters in schools, homes, sports halls and transport. | The IAQ of these environments determines the dose received by the children and may directly influence their health and well-being. | An environmental epidemiological study and controlled interventions conducted in schools in three European cities will assess the health effects of multipollutant airborne exposures on respiratory infections, allergies, and neurological and cognitional symptoms. | The InChildHealth consortium will cover an impressive variety of geographical and cultural diversity, with targeted exposure measurement campaigns and citizen involvement in seven European countries from Northern, Central and Southern Europe and interventions in Australia.All project?s results will converge in the InChildHealth Integrated Risk Assessment Tool, which will provide information on the interactions between the sources, emissions, concentrations, exposure, doses and disease for children. | Besides, we will develop user-friendly and low-cost monitoring technologies and strategies (technical and behavioural) to improve IAQ and reduce disease burdens. | Such material will support the IAQ regulatory framework in schools, facilitate IAQ management, and broadly promote healthier indoors","The project directly studies health effects of airborne pollution in children's environments and develops monitoring technologies and practical strategies to improve indoor air quality and reduce disease burdens. These are substantive project-scale mechanisms advancing the claimed component; no population-wide health outcome is required. Its assessments, tools, and guidance support IAQ management but do not establish that the project itself implements comprehensive pollution control or achieves measured reductions in illness.","No quantified reduction in illnesses or pollution is established. | The evidence describes monitoring, strategies, assessment, and guidance, rather than comprehensive implementation of indoor pollution controls.",objective,HORIZON_EUROPE,
101056883,INCHILDHEALTH,IDENTIFYING DETERMINANTS FOR INDOOR AIR QUALITY AND THEIR HEALTH IMPACT IN ENVIRONMENTS FOR CHILDREN: MEASURES TO IMPROVE INDOOR AIR QUALITY AND REDUCE DISEASE BURDENS.,11,11.6,"By 2030, reduce the adverse per capita environmental impact of cities, including by paying special attention to air quality and municipal and other waste management",http://data.europa.eu/sdg/11.6,STRONG,HIGH,Categorical confidence derived from verifier match strength; not a calibrated probability.,DIRECT,4,0.371105274708311,"Reduce the adverse per capita environmental impact of cities through improved air quality, specifically indoor air quality in child-occupied settings.",objective_01; objective_04; objective_07; objective_10,"InChildHealth will integrate health, environmental, technical and social sciences research to identify determinants for Indoor Air Quality (IAQ) and evaluate their impact in environments occupied by school children. | An environmental epidemiological study and controlled interventions conducted in schools in three European cities will assess the health effects of multipollutant airborne exposures on respiratory infections, allergies, and neurological and cognitional symptoms. | Besides, we will develop user-friendly and low-cost monitoring technologies and strategies (technical and behavioural) to improve IAQ and reduce disease burdens. | Such material will support the IAQ regulatory framework in schools, facilitate IAQ management, and broadly promote healthier indoors","The project centrally conducts environmental and health research, including controlled interventions, and develops monitoring technologies and strategies intended to improve indoor air quality. These are concrete project-scale mechanisms that directly advance the air-quality component; broader implementation is not required for this assessment. The project does not address the separate waste-management branch of Target 11.6.",The work concerns indoor air quality in child-occupied settings rather than the full range of urban air-quality impacts. | Evidence does not establish city-wide or population-level reductions in adverse environmental impact. | The project does not address municipal or other waste management.,objective,HORIZON_EUROPE,
101056883,INCHILDHEALTH,IDENTIFYING DETERMINANTS FOR INDOOR AIR QUALITY AND THEIR HEALTH IMPACT IN ENVIRONMENTS FOR CHILDREN: MEASURES TO IMPROVE INDOOR AIR QUALITY AND REDUCE DISEASE BURDENS.,3,3.d,"Strengthen the capacity of all countries, in particular developing countries, for early warning, risk reduction and management of national and global health risks",http://data.europa.eu/sdg/3.d,WEAK,MEDIUM,Categorical confidence derived from verifier match strength; not a calibrated probability.,DIRECT,6,0.35527309633662946,"Strengthening capacity for early warning and risk reduction/management of health risks through child-focused indoor-air-quality monitoring, integrated risk assessment, and strategies to reduce disease burdens",objective_04; objective_06; objective_07; objective_10,"An environmental epidemiological study and controlled interventions conducted in schools in three European cities will assess the health effects of multipollutant airborne exposures on respiratory infections, allergies, and neurological and cognitional symptoms. | The InChildHealth consortium will cover an impressive variety of geographical and cultural diversity, with targeted exposure measurement campaigns and citizen involvement in seven European countries from Northern, Central and Southern Europe and interventions in Australia.All project?s results will converge in the InChildHealth Integrated Risk Assessment Tool, which will provide information on the interactions between the sources, emissions, concentrations, exposure, doses and disease for children. | Besides, we will develop user-friendly and low-cost monitoring technologies and strategies (technical and behavioural) to improve IAQ and reduce disease burdens. | Such material will support the IAQ regulatory framework in schools, facilitate IAQ management, and broadly promote healthier indoors","The project centrally conducts environmental epidemiological research and interventions, develops child-focused monitoring technologies and strategies, and produces an integrated risk assessment tool and guidance to support IAQ management. These are substantive project-scale capacities and activities for identifying and managing health risks, rather than merely generic inputs. The project does not establish implementation across all countries or fully realize the broader national and global health-risk scope, but that is a scale/breadth limitation rather than a material mismatch in the selected component.","The evidence does not show deployment of the monitoring and management capacity across all countries, particularly developing countries. | The project supports improved indoor air quality and reduced disease burdens; it does not establish population-wide health outcomes.",objective,HORIZON_EUROPE,
101058078,InVECOF,Innovative Value Chains for European Ceramic Oxide Fibres,9,9.4,"By 2030, upgrade infrastructure and retrofit industries to make them sustainable, with increased resource-use efficiency and greater adoption of clean and environmentally sound technologies and industrial processes, with all countries taking action in accordance with their respective capabilities",http://data.europa.eu/sdg/9.4,WEAK,MEDIUM,Categorical confidence derived from verifier match strength; not a calibrated probability.,DIRECT,1,0.3821502555211216,"Make industries sustainable through increased resource-use efficiency, specifically improving energy efficiency of industrial processes and plants using oxide ceramic composites with improved thermo-mechanical properties.",objective_04; objective_05; objective_06,"But as these are key components for the European manufacturing, energy and aerospace industry, there is a need to develop a European oxide fibre and O-CMC component industry, decreasing dependence on non-EU producers.The InVECOF project addresses this need and provides a substantial contribution to sustainable product innovation action through the two following key activities:1.to develop a European oxide ceramic reinforcing fibre equivalent to US fibres and to establish it among end users (ROF fibre) and 2.to develop and validate a next-generation fibre in parallel with improved thermos-mechanical properties (NGO fibre). | The ROF fibre will present an equivalent to the dominant 3M Nextel fibres with better availability, without dual-use restrictions from the US and possibly lower price is needed and the NGO fibre will have improved thermo-mechanical properties compared to the benchmark fibres in order to make processes, plants, turbines, etc. | more energy efficient through higher application temperatures.The project InVECOF Innovative Value Chains for European Ceramic Oxide Fibres covers the whole process chain beginning from fibre development and production over weaving these fibres to fabrics to O-CMC manufacturing, coupons and demonstrators for every end-user application, up to testing Ox-fibers and O-CMC components in relevant environments with project partners for every step from three countries in Europe.","The project develops and validates improved oxide fibres and ceramic-matrix-composite components, and tests them in demonstrators and relevant end-user environments. Their stated function is to enable higher operating temperatures and improve the energy efficiency of processes, plants, and turbines. This is a concrete, target-specific efficiency mechanism at project scale, although adoption in operating industrial systems would follow later.","The evidence describes component development, validation, and testing rather than demonstrated energy savings in deployed industrial plants. | The claimed efficiency benefit depends on subsequent use of the components in relevant processes and equipment.",objective,HORIZON_EUROPE,
101058078,InVECOF,Innovative Value Chains for European Ceramic Oxide Fibres,9,9.2,"Promote inclusive and sustainable industrialization and, by 2030, significantly raise industry’s share of employment and gross domestic product, in line with national circumstances, and double its share in least developed countries",http://data.europa.eu/sdg/9.2,WEAK,MEDIUM,Categorical confidence derived from verifier match strength; not a calibrated probability.,DIRECT,3,0.3236695833982984,"Promote inclusive and sustainable industrialization, through developing and establishing a European oxide-fibre and O-CMC component industry.",objective_04; objective_05; objective_06,"But as these are key components for the European manufacturing, energy and aerospace industry, there is a need to develop a European oxide fibre and O-CMC component industry, decreasing dependence on non-EU producers.The InVECOF project addresses this need and provides a substantial contribution to sustainable product innovation action through the two following key activities:1.to develop a European oxide ceramic reinforcing fibre equivalent to US fibres and to establish it among end users (ROF fibre) and 2.to develop and validate a next-generation fibre in parallel with improved thermos-mechanical properties (NGO fibre). | The ROF fibre will present an equivalent to the dominant 3M Nextel fibres with better availability, without dual-use restrictions from the US and possibly lower price is needed and the NGO fibre will have improved thermo-mechanical properties compared to the benchmark fibres in order to make processes, plants, turbines, etc. | more energy efficient through higher application temperatures.The project InVECOF Innovative Value Chains for European Ceramic Oxide Fibres covers the whole process chain beginning from fibre development and production over weaving these fibres to fabrics to O-CMC manufacturing, coupons and demonstrators for every end-user application, up to testing Ox-fibers and O-CMC components in relevant environments with project partners for every step from three countries in Europe.","The project develops and validates oxide fibres, establishes them with end users, and carries the process chain through fibre production, weaving, O-CMC manufacturing, demonstrators, and testing. This is a concrete project-scale industrial production pathway, not merely an information or generic technical input. However, the evidence centers on developing a target-specific product and industrial pathway; it does not establish broader inclusive industrialization or the full governing action beyond that constituent mechanism.",The evidence does not demonstrate inclusive industrialization or broader employment and GDP outcomes. | The project develops and validates the industrial pathway but does not establish its wider adoption or scale.,objective,HORIZON_EUROPE,
101058078,InVECOF,Innovative Value Chains for European Ceramic Oxide Fibres,8,8.4,"Improve progressively, through 2030, global resource efficiency in consumption and production and endeavour to decouple economic growth from environmental degradation, in accordance with the 10‑Year Framework of Programmes on Sustainable Consumption and Production, with developed countries taking the lead",http://data.europa.eu/sdg/8.4,WEAK,MEDIUM,Categorical confidence derived from verifier match strength; not a calibrated probability.,DIRECT,8,0.2788492933791026,"Progressively improve resource efficiency in production through higher application temperatures that make processes, plants, and turbines more energy efficient.",objective_04; objective_05; objective_06,"But as these are key components for the European manufacturing, energy and aerospace industry, there is a need to develop a European oxide fibre and O-CMC component industry, decreasing dependence on non-EU producers.The InVECOF project addresses this need and provides a substantial contribution to sustainable product innovation action through the two following key activities:1.to develop a European oxide ceramic reinforcing fibre equivalent to US fibres and to establish it among end users (ROF fibre) and 2.to develop and validate a next-generation fibre in parallel with improved thermos-mechanical properties (NGO fibre). | The ROF fibre will present an equivalent to the dominant 3M Nextel fibres with better availability, without dual-use restrictions from the US and possibly lower price is needed and the NGO fibre will have improved thermo-mechanical properties compared to the benchmark fibres in order to make processes, plants, turbines, etc. | more energy efficient through higher application temperatures.The project InVECOF Innovative Value Chains for European Ceramic Oxide Fibres covers the whole process chain beginning from fibre development and production over weaving these fibres to fabrics to O-CMC manufacturing, coupons and demonstrators for every end-user application, up to testing Ox-fibers and O-CMC components in relevant environments with project partners for every step from three countries in Europe.","The project develops, manufactures, and validates oxide fibres and O-CMC components with improved thermo-mechanical properties, including testing them in relevant environments. These are target-specific production technologies intended to enable higher operating temperatures and more energy-efficient industrial processes, plants, and turbines. This is a substantive, central project-scale mechanism; broader downstream adoption is not required. However, the project develops and tests enabling components rather than itself implementing the resulting efficiency improvements in operating processes or plants.","The evidence describes intended energy-efficiency improvements, not measured reductions in energy use or environmental degradation in operating industrial systems. | The project does not establish economy-wide resource-efficiency gains or decoupling of economic growth from environmental degradation.",objective,HORIZON_EUROPE,
101058680,Fluently,Fluently - the essence of human-robot interaction,4,4.4,"By 2030, substantially increase the number of youth and adults who have relevant skills, including technical and vocational skills, for employment, decent jobs and entrepreneurship",http://data.europa.eu/sdg/4.4,STRONG,HIGH,Categorical confidence derived from verifier match strength; not a calibrated probability.,DIRECT,9,0.24984169387495161,Relevant technical and vocational skills for employment and decent jobs,objective_01; objective_05,"Fluently leverages the latest advancements in AI-driven decision-making process to achieve true social collaboration between humans and machines while matching extremely dynamic manufacturing contexts.The project results will be: 1) Fluently Smart Interface unit and 2) the Robo-Gym.The Fluently Smart Interface unit features: 1) interpretation of speech content, speech tone and gestures, automatically translated into robot instructions, making industrial robots accessible to any skill profile; | The bond between human and robot is personalized, and it is established during a preliminary training at the Robo-Gym, the first European hub for human-robot interactive training, where human and robot learn from each other a common work practice.","The project includes a dedicated human-robot interactive training hub where workers and robots learn a common work practice, and its interface is designed to make industrial robots usable across skill profiles. This is concrete, target-specific workplace training and technical capability development, not merely an informational input. The evidence does not establish the scale of training or resulting skills gains, but those are scale and outcome limitations rather than a material mismatch in the stated activity.",The evidence does not quantify the number of youth or adults trained or demonstrate measured skills gains. | The stated training and capability-building are situated in manufacturing and do not establish broad coverage across occupations or populations.,objective,HORIZON_EUROPE,
101061179,SCIENCE GTS,Science Goes To School,9,9.5,"Enhance scientific research, upgrade the technological capabilities of industrial sectors in all countries, in particular developing countries, including, by 2030, encouraging innovation and substantially increasing the number of research and development workers per 1 million people and public and private research and development spending",http://data.europa.eu/sdg/9.5,STRONG,HIGH,Categorical confidence derived from verifier match strength; not a calibrated probability.,DIRECT,3,0.43531206871626504,"Enhance scientific research, including encouraging innovation and increasing the number of research and development workers.",objective_04; objective_05; objective_09; objective_10,"Children and young people need to have a positive image of R+D+i, feel identified with it through inclusive and balanced gender referents and know the possibilities of STEAM (Science, Technology, Engineering, Arts and Mathematics) and research careers. | Society also needs critical citizens without extreme positions not based on evidence that can weaken civic awareness and trust in democratic institutions.The main objective of Science Goes To School (SCIENCE GTS) is to implement a robust program of activities that brings research closer to society and vice versa. | RaS encourages the interaction of researchers and students, emphasizing the stimulation of scientific vocations, gender equality and inclusiveness. | ERN makes researchers and general public interact, focusing on critical thinking, scientific culture and citizen science.","The project directly conducts researcher–student and researcher–public engagement activities, including career-focused outreach that stimulates scientific vocations and introduces research careers. These are concrete project-scale activities supporting research workforce development and scientific culture, rather than merely supplying information for a separate intervention. The evidence does not establish that the project itself conducts scientific research, upgrades industrial technological capabilities, or increases measured R&D staffing or spending; the contribution is specifically through outreach and career stimulation.","No evidence that the project itself conducts scientific research or upgrades industrial technological capabilities. | No measured increase in R&D workers, R&D spending, or innovation outcomes is established.",objective,HORIZON_EUROPE,
101062190,TargetRANK,Targeting RANK receptor as a novel therapeutic strategy in triple negative breast cancer,3,3.8,"Achieve universal health coverage, including financial risk protection, access to quality essential health-care services and access to safe, effective, quality and affordable essential medicines and vaccines for all",http://data.europa.eu/sdg/3.8,WEAK,MEDIUM,Categorical confidence derived from verifier match strength; not a calibrated probability.,DIRECT,1,0.1447191675078459,Developing a targeted treatment strategy for triple-negative breast cancer as a contribution to access to quality essential health-care services.,objective_05; objective_06; objective_07,"TargetRANK is based on the innovative idea of generating novel drugs targeting RANK receptor – instead of its ligand RANKL – for the treatment of TNBC, as well as a new panel of anti-RANK human antibodies – for research and diagnostic purposes. | Small molecule inhibitors generated during the project could plausibly be positioned as a novel targeted therapy for TNBC and anti-RANK antibodies commercialized for research applications due to the lack of specific antibodies on the market. | The most important benefits of TargetRANK are based on the unmet need to improve the treatment of TNBC patients, and the economic burden for public health systems generated by standard non-selected and ineffective cancer treatments.","The project centrally develops candidate drugs targeting the RANK receptor for TNBC and a panel of anti-RANK antibodies for research and diagnostic use. This creates a target-specific treatment-development capacity for a cancer with limited targeted therapies, rather than only providing generic information or tooling. The candidates are not established as clinically effective or available to patients, so the project does not itself deliver treatment access; that remains a downstream step. Candidate therapy development is nevertheless a concrete mechanism directly advancing the component at project scale.","Clinical efficacy and safety are not established in the supplied evidence. | The evidence does not establish regulatory approval, clinical deployment, affordability, or patient access.",objective,OTHER,
101062190,TargetRANK,Targeting RANK receptor as a novel therapeutic strategy in triple negative breast cancer,3,3.4,"By 2030, reduce by one third premature mortality from non-communicable diseases through prevention and treatment and promote mental health and well-being",http://data.europa.eu/sdg/3.4,WEAK,MEDIUM,Categorical confidence derived from verifier match strength; not a calibrated probability.,DIRECT,4,0.12415930630384528,"Prevention and treatment of non-communicable diseases, specifically targeted therapy development and patient stratification for triple-negative breast cancer.",objective_05; objective_06; objective_10,"TargetRANK is based on the innovative idea of generating novel drugs targeting RANK receptor – instead of its ligand RANKL – for the treatment of TNBC, as well as a new panel of anti-RANK human antibodies – for research and diagnostic purposes. | Small molecule inhibitors generated during the project could plausibly be positioned as a novel targeted therapy for TNBC and anti-RANK antibodies commercialized for research applications due to the lack of specific antibodies on the market. | RANK antibodies will allow to stratify patients that might benefit from RANK blocking molecules, improving the existing treatments for skeletal-related events and reducing the main complications associated with life-altering morbidity affecting several types of prevalent cancers.","The project centrally develops RANK-targeting drug candidates for treating TNBC and anti-RANK antibodies for research, diagnostic, and patient-stratification uses. These are concrete, target-specific treatment and stratification mechanisms at project scale, although clinical efficacy and patient benefit are not established in the evidence.","The evidence describes candidate drugs and antibodies, not clinically validated or administered treatments. | Clinical efficacy and resulting reductions in premature mortality are not established. | The project's described cancer focus does not address the target's separate mental-health component, which is not part of the claimed mapping.",objective,OTHER,
101063420,MOLA,Mobility and Life histories in the Alps - Understanding prehistoric social strategies in mountain environment,11,11.4,Strengthen efforts to protect and safeguard the world’s cultural and natural heritage,http://data.europa.eu/sdg/11.4,WEAK,MEDIUM,Categorical confidence derived from verifier match strength; not a calibrated probability.,DIRECT,3,0.26943176505371225,Protect and safeguard cultural heritage through archaeological investigation and study of prehistoric sites and human remains.,objective_01; objective_02; objective_04; objective_06; objective_07; objective_08,"Several hundred sites dating from the 5th to the 2nd millennia BC have been identified in the eastern Italian Alps making them one of the best archaeologically-mapped regions among the European mountains. | However, despite the large amount of residential and productive prehistoric sites, only few funerary contexts have been unearthed, and even fewer human remains have been studied using state of the art bioarchaeology (e.g. | Prehistoric burials found in the eastern Italian Alps represent a unique and exceptional source of information that can provide crucial knowledge on past human mobility and life histories in mountain environment. | The MOLA project aims to integrate Alpine Landscape Archaeology with state-of-the-art bioarchaeology and spatial modelling to understand how social strategies influenced human mobility and life histories from the Neolithic to the end of the Bronze Age in mountain environment with a particular focus on the eastern Italian Alps. | To tackle this research goal an innovative methodology based on the combined analysis of strontium (87Sr/86Sr), oxygen (d18O) and sulphur (d34S) isotope ratios in prehistoric cremated (87Sr/86Sr only) and inhumed human remains from the area and period under study is used. | These are coupled with data from Alpine Landscape Archaeology on human-environment interactions (stratigraphic excavations, surveys, geomorphology, etc.) to shed light on social strategies and possible gender differences behind individual and collective mobility and life histories in the eastern Italian Alps during the Neolithic, the Chalcolithic and the Bronze Age.","The project’s central work is archaeological and bioarchaeological research on prehistoric sites and human remains in the eastern Italian Alps, using isotope analyses, landscape archaeology, and spatial modelling. It directly studies and documents cultural heritage at project scale; later adoption or broader heritage-management action is not required for this research activity to be performed. The evidence supports investigation and knowledge-building, but does not describe physical protection, conservation, or restoration of sites or remains.","No physical conservation, protection, or restoration activity is described. | The project’s contribution is focused on archaeological research and documentation rather than broader heritage safeguarding measures.",objective,HORIZON_EUROPE,
101067998,ENHANCER,Engineering Hybrid Metal Nitrides/Carbon-Atom Wire Novel Materials for high-performance Electrochemical Energy Storage,7,7.a,"By 2030, enhance international cooperation to facilitate access to clean energy research and technology, including renewable energy, energy efficiency and advanced and cleaner fossil-fuel technology, and promote investment in energy infrastructure and clean energy technology",http://data.europa.eu/sdg/7.a,WEAK,MEDIUM,Categorical confidence derived from verifier match strength; not a calibrated probability.,DIRECT,1,0.29972842798315846,Facilitate access to clean energy technology through development of advanced energy-storage technology.,objective_02; objective_05; objective_06,"Supercapacitor, also known as Electrochemical capacitor, technology steps forward as a promising solution to unlock the capacity of renewable energy exploration. | Hence, the focus of current project titled ENHANCER is committed towards ENgineering a Hybrid nANostructures for aqueous asymmetric electroChEmical capacitoR, addressing a key question in today’s energy technology: How quickly can we leapfrog in the supercapacitor technology so as to replace the current battery technology? | ENHANCER aims to - (i) develop an adaptable strategy for designing a metal nitrides/carbon-atomic wires in a single run by a single-deposition unit, (ii) establish structure-property-performance relationship, and (ii) fabricate aqueous-based solid-state asymmetric supercapacitor device with energy density and power density higher than the existing technology.","The project develops an adaptable electrode-materials strategy and fabricates a solid-state asymmetric supercapacitor with targeted performance improvements. That is a concrete, target-specific energy-storage technology mechanism, not merely generic information or an analytical input. The evidence presents it as supporting renewable-energy exploration, but does not show deployment or improved access for users; those outcomes are not required for project-scale realization of the technology-development pathway.","No evidence establishes international cooperation, investment in energy infrastructure, or deployment and user access to the developed device; these are outside the claimed component as scoped.",objective,HORIZON_EUROPE,
101067998,ENHANCER,Engineering Hybrid Metal Nitrides/Carbon-Atom Wire Novel Materials for high-performance Electrochemical Energy Storage,7,7.2,"By 2030, increase substantially the share of renewable energy in the global energy mix",http://data.europa.eu/sdg/7.2,WEAK,MEDIUM,Categorical confidence derived from verifier match strength; not a calibrated probability.,INDIRECT,3,0.26199580203610023,Increase the share of renewable energy in the global energy mix through energy storage that supports renewable energy exploration.,objective_02; objective_06,"Supercapacitor, also known as Electrochemical capacitor, technology steps forward as a promising solution to unlock the capacity of renewable energy exploration. | ENHANCER aims to - (i) develop an adaptable strategy for designing a metal nitrides/carbon-atomic wires in a single run by a single-deposition unit, (ii) establish structure-property-performance relationship, and (ii) fabricate aqueous-based solid-state asymmetric supercapacitor device with energy density and power density higher than the existing technology.","The project explicitly links supercapacitor technology to unlocking renewable energy exploration and aims to develop and fabricate an aqueous solid-state asymmetric supercapacitor with improved energy and power density. This is a substantial, target-specific energy-storage capacity, but it does not itself increase renewable energy generation or its share in the energy mix; a distinct downstream deployment and energy-system change is still required.","No renewable energy generation, installation, or use is described. | No change in the share of renewables in an energy mix is reported; that outcome depends on downstream adoption and system-level change.",objective,HORIZON_EUROPE,
101067998,ENHANCER,Engineering Hybrid Metal Nitrides/Carbon-Atom Wire Novel Materials for high-performance Electrochemical Energy Storage,9,9.5,"Enhance scientific research, upgrade the technological capabilities of industrial sectors in all countries, in particular developing countries, including, by 2030, encouraging innovation and substantially increasing the number of research and development workers per 1 million people and public and private research and development spending",http://data.europa.eu/sdg/9.5,STRONG,HIGH,Categorical confidence derived from verifier match strength; not a calibrated probability.,DIRECT,5,0.24926881132637474,Enhancing scientific research through substantive original R&D developing novel electrode materials and supercapacitor technology,objective_03; objective_04; objective_06; objective_09,"However, the major drawback of supercapacitors is the limited energy density which necessitates further research and development. | The performances and potential of supercapacitor technology strongly lies in the construction of novel electrode materials and its physico-chemical properties. | ENHANCER aims to - (i) develop an adaptable strategy for designing a metal nitrides/carbon-atomic wires in a single run by a single-deposition unit, (ii) establish structure-property-performance relationship, and (ii) fabricate aqueous-based solid-state asymmetric supercapacitor device with energy density and power density higher than the existing technology. | Results have the potential to increase the competitiveness of energy storage technologies and provide huge scope for the fundamental insights on the nanomaterials based research.","The project directly conducts research and development: it develops novel electrode materials and a design strategy, establishes structure–property–performance relationships, and aims to fabricate a higher-performance supercapacitor. These are substantive research activities at project scale, not merely an upstream input. The evidence does not establish broader industrial-sector upgrading or increases in R&D workers or spending, but those parallel aspects are outside the selected research component.","The evidence describes planned research and fabrication; it does not report completed outcomes. | No evidence establishes wider industrial-sector upgrading, increased R&D staffing, or increased R&D spending.",objective,HORIZON_EUROPE,
101068089,METASCALE,Ultrafast Laser Assembly of Metasurfaces with Large Scale Fabrication Capabilities,9,9.4,"By 2030, upgrade infrastructure and retrofit industries to make them sustainable, with increased resource-use efficiency and greater adoption of clean and environmentally sound technologies and industrial processes, with all countries taking action in accordance with their respective capabilities",http://data.europa.eu/sdg/9.4,WEAK,MEDIUM,Categorical confidence derived from verifier match strength; not a calibrated probability.,DIRECT,2,0.12218752323715285,"Adoption of clean and environmentally sound technologies and industrial processes, specifically energy-efficient nanofabrication processes suitable for industrial manufacturing.",objective_03; objective_04; objective_05,"Yet, today the realisation of MS is based on the combination of precise, but time-consuming and energy inefficient nanofabrication techniques that rely on expensive and highly specialised equipment operated in strict cleanroom environments: conditions which are beyond the capability of a vast majority of industrial entities.The main objective of METASCALE is to develop alternative fabrication techniques based on ultrafast laser processing (ULP) strategies, towards the realisation of MS operating in the visible and infrared spectrum. | Such processes will be compatible with large-scale, cost-effective and green manufacturing routines, thus appropriate for current industrial environments. | For this purpose, METASCALE will specifically focus on the physical fabrication and testing of pre-designed metasurfaces, based on ultrafast laser assembly techniques such as direct laser writing, or laser interference patterning.","The project develops and physically fabricates and tests metasurfaces using alternative ultrafast-laser processes intended to address energy-inefficient nanofabrication and be compatible with industrial manufacturing. This is a concrete, target-specific process-development activity at project scale, not merely an informational input. The evidence supports a substantive mechanism for more resource-efficient industrial processing, though it does not establish that the process is already adopted industrially or quantify resource savings.","The evidence describes development and testing, not actual adoption or routine industrial operation of the process. | No quantified energy or resource-efficiency gains are reported. | The project concerns fabrication of metasurfaces rather than upgrading or retrofitting industrial infrastructure broadly.",objective,HORIZON_EUROPE,
101068089,METASCALE,Ultrafast Laser Assembly of Metasurfaces with Large Scale Fabrication Capabilities,9,9.5,"Enhance scientific research, upgrade the technological capabilities of industrial sectors in all countries, in particular developing countries, including, by 2030, encouraging innovation and substantially increasing the number of research and development workers per 1 million people and public and private research and development spending",http://data.europa.eu/sdg/9.5,STRONG,HIGH,Categorical confidence derived from verifier match strength; not a calibrated probability.,DIRECT,3,0.11135458077307506,Enhance scientific research,objective_03; objective_05; objective_06; objective_07,"Yet, today the realisation of MS is based on the combination of precise, but time-consuming and energy inefficient nanofabrication techniques that rely on expensive and highly specialised equipment operated in strict cleanroom environments: conditions which are beyond the capability of a vast majority of industrial entities.The main objective of METASCALE is to develop alternative fabrication techniques based on ultrafast laser processing (ULP) strategies, towards the realisation of MS operating in the visible and infrared spectrum. | For this purpose, METASCALE will specifically focus on the physical fabrication and testing of pre-designed metasurfaces, based on ultrafast laser assembly techniques such as direct laser writing, or laser interference patterning. | Such ULP techniques are highly versatile and repeatable in terms of surface micro- and nano-patterning, but at the same time require a deep understanding and careful adjustment of a broad range of linear and non-linear laser-matter interaction mechanisms and their related timescales. | METASCALE is therefore an interdisciplinary and collaborative effort involving many scientific branches ranging from material science to ultrafast optics or computational physics.","The project conducts original interdisciplinary research and technological development: it develops and physically tests ultrafast-laser fabrication techniques for metasurfaces and investigates the underlying laser–matter interaction mechanisms. Research and technology development are themselves named components of the target, so project-scale performance is substantive realization; later industrial adoption or broader manufacturing scale is not required.","The evidence describes research and fabrication testing for metasurfaces, not an increase in national R&D spending or the number of R&D workers per million people. | The project does not establish adoption across industrial sectors or all countries; those broader outcomes are not required to realize the research component.",objective,HORIZON_EUROPE,
101068089,METASCALE,Ultrafast Laser Assembly of Metasurfaces with Large Scale Fabrication Capabilities,8,8.2,"Achieve higher levels of economic productivity through diversification, technological upgrading and innovation, including through a focus on high-value added and labour-intensive sectors",http://data.europa.eu/sdg/8.2,WEAK,MEDIUM,Categorical confidence derived from verifier match strength; not a calibrated probability.,DIRECT,9,0.09855572091361894,"Achieve higher economic productivity through technological upgrading and innovation, including high-value-added sectors",objective_03; objective_04; objective_05,"Yet, today the realisation of MS is based on the combination of precise, but time-consuming and energy inefficient nanofabrication techniques that rely on expensive and highly specialised equipment operated in strict cleanroom environments: conditions which are beyond the capability of a vast majority of industrial entities.The main objective of METASCALE is to develop alternative fabrication techniques based on ultrafast laser processing (ULP) strategies, towards the realisation of MS operating in the visible and infrared spectrum. | Such processes will be compatible with large-scale, cost-effective and green manufacturing routines, thus appropriate for current industrial environments. | For this purpose, METASCALE will specifically focus on the physical fabrication and testing of pre-designed metasurfaces, based on ultrafast laser assembly techniques such as direct laser writing, or laser interference patterning.","The project centrally develops and physically fabricates and tests metasurfaces using ultrafast-laser assembly, targeting manufacturing processes that are scalable, cost-effective, and suitable for industrial environments. This is a concrete project-scale technological-upgrading and innovation mechanism; broader productivity gains or industrial adoption need not already be demonstrated. The work is focused on fabrication technology and metasurface production rather than demonstrating economy-wide productivity or covering every route named in the target.","The project does not establish realized productivity gains or industrial adoption at scale. | The work addresses a specific fabrication pathway rather than the full range of diversification, upgrading, and innovation routes in the target.",objective,HORIZON_EUROPE,
101070254,CoreSense,CoreSense: A Hybrid Cognitive Architecture for Deep Understanding,9,9.5,"Enhance scientific research, upgrade the technological capabilities of industrial sectors in all countries, in particular developing countries, including, by 2030, encouraging innovation and substantially increasing the number of research and development workers per 1 million people and public and private research and development spending",http://data.europa.eu/sdg/9.5,STRONG,HIGH,Categorical confidence derived from verifier match strength; not a calibrated probability.,DIRECT,10,0.2216610646702025,Enhance scientific research,objective_09; objective_10,"This project tries to provide a solution to this need in the form of 1) a theory of understanding, 2) a theory of awareness, 3) reusable software assets to apply these theories in real robots, and 4) three demonstrations of its capability to a) augment resilience of drone teams, b) augment flexibility of manufacturing robots, and c) augment human alignment of social robots. | In summary, we will develop a cognitive architecture for autonomous robots based on a formal concept of understanding, supporting value-oriented situation understanding and self-awareness to improve robot flexibility, resilience and explainability.","The project itself develops theories of understanding and awareness, a cognitive architecture, reusable software assets, and demonstrations in real robots. These are concrete research and technology-development activities that directly advance the claimed research component at project scale; wider adoption or impacts are not required.",The evidence does not establish an increase in research and development workers per million people. | The evidence does not establish increased public or private research and development spending. | The project’s robotics research and demonstrations do not establish technological-capability upgrades across industrial sectors or countries.,objective,HORIZON_EUROPE,
101070737,BOOST,Boosting Smart Regional Innovation Ecosystems,17,17.6,"Enhance North-South, South-South and triangular regional and international cooperation on and access to science, technology and innovation and enhance knowledge-sharing on mutually agreed terms, including through improved coordination among existing mechanisms, in particular at the United Nations level, and through a global technology facilitation mechanism",http://data.europa.eu/sdg/17.6,STRONG,HIGH,Categorical confidence derived from verifier match strength; not a calibrated probability.,DIRECT,1,0.572963569521252,"Enhancing regional and international cooperation on science, technology and innovation among regions and innovation ecosystems.",objective_04; objective_05,"The main aim of BOOST project is to increase the scope and efficiency of interregional collaboration among project partners and their regional innovation ecosystems, in the following thematic areas: Industry 4.0, Cleantech and Green Transition, Health & Well-being, and ICT & Digital Transformation, by designing a structural (multi-dimensional) Interregional Collaboration Framework (ICF), develop tools and mechanisms that enable and support the operationalization and scale up of the ICF among Smart Regions, and contribute to the transition towards Green and Digital Regional development models and policies in Europe.BOOST proposes a two-phase implementation process: (1) first the co-design and co-development of project’s core concepts: Vision, mission, ICF and Unique Selling Proposition, and initiating the BOOST community and collaboration Corridor; | and (2) second to set up and mature the ICF among Smart Regions by developing a joint 5-year Innovation Action Plan, aligned with regional/national/EU innovation policies and synchronized with innovation funding mechanisms across partner regions and EU.The consortium brings together 4 partners (TIT, NWRDA, BBF and CLDI) from 3 modest and moderate innovator countries Bulgaria, Romania, and Spain, and 2 partners (VK and TSP) from 2 lead innovator countries Denmark and Estonia, enhancing exchange of innovation and boost best practices at the level of public and private stakeholders.","The project makes interregional cooperation on innovation a central objective and substantively develops and operationalizes a collaboration framework among Smart Regions, including a joint innovation action plan and exchanges of innovation practices. These are concrete cooperation mechanisms directly advancing the claimed component; the project need not achieve wider-scale adoption or the target’s separate knowledge-sharing and coordination clauses.",The described cooperation is among participating Smart Regions and their ecosystems; the evidence does not establish that it covers every cooperation modality or the target’s separate knowledge-sharing and global coordination mechanisms.,objective,HORIZON_EUROPE,
101075733,EarlyMicroAbs,Deciphering the antibody-microbiota axis in early life,3,3.8,"Achieve universal health coverage, including financial risk protection, access to quality essential health-care services and access to safe, effective, quality and affordable essential medicines and vaccines for all",http://data.europa.eu/sdg/3.8,WEAK,MEDIUM,Categorical confidence derived from verifier match strength; not a calibrated probability.,INDIRECT,1,0.23804830739970845,Access to quality essential health-care services,objective_02; objective_03; objective_05; objective_07; objective_09,"Yet, the antigen binding profiles of these Igs are vastly unknown, and it is incompletely understood how early misguided immune education contributes to the development of allergies or asthma. | On an even more fundamental level, it is also unclear if or how B cell receptor (BCR) sequences of different individuals converge to binding similar microbiota antigens and how such responses form in early life.Here, we will leverage phage display as well as novel approaches to study BCR sequence/Ig function relationships, focusing on the following objectives & research questions:a) How do immune exposures in early life shape Ig repertoires and influence health later on?We hypothesize that Ig repertoire development depends on the birth mode, duration of breast feeding, & antibiotics treatments. | We will also study the immune repertoires of children with allergies and mine these data sets for associations with early life Ig data sets.b) Do BCR sequences of different individuals converge to binding similar antigens? | We will apply state of the art and novel proprietary methodologies to link BCR sequences with Ig binding in adults & infants.Linking BCR sequence information with the actual antigen targets, will contribute to understanding the sequence-function relationship of Ig binding and their formation in early life. | By comparing these datasets with allergic children may also reveal links between early immune education & lasting impacts on health.","The project conducts original research on early-life immune development and its relationship to allergies, asthma, and later health. This is relevant research input, but the project does not itself deliver or develop a health-care service, access mechanism, or service capacity; distinct downstream work would be needed to translate findings into such services.",No health-care services are delivered or operationalized in the project. | The evidence does not establish improved access to quality essential health-care services for a defined beneficiary group.,objective,OTHER,
101079116,DCitizens,Fostering Digital Civics Research and Innovation in Lisbon,9,9.5,"Enhance scientific research, upgrade the technological capabilities of industrial sectors in all countries, in particular developing countries, including, by 2030, encouraging innovation and substantially increasing the number of research and development workers per 1 million people and public and private research and development spending",http://data.europa.eu/sdg/9.5,STRONG,HIGH,Categorical confidence derived from verifier match strength; not a calibrated probability.,DIRECT,1,0.45190677519533917,Enhance scientific research,objective_03; objective_04; objective_07; objective_09; objective_10,"DCitizens builds on those principles to achieve 5 main objectives: O1) Enhance ITI research profile and innovation competence in Digital Civics; | O2) Provide training to Staff and Early Stage Researchers to build critical mass at the interface of research, local government, and the private/third sectors; | and O5) Establish a Digital Civics Research and Innovation Agenda in line with the SMART Specialization Strategy for Lisbon. | The Strategic Areas are: 1) Community-based Research Methods, 2) Emerging Technologies, 3) Design Justice, and 4) Civics, Policy, and Economic Models. | Based on these areas, the projects work plan includes a staff-exchange programme, organisation of joint scientific/training events, activities to enhance the profile of young researchers, training of research management staff, and a small citizen-led research project.","The project’s central activities directly strengthen scientific research in Digital Civics: it builds research and innovation competence, trains staff and early-stage researchers, develops a research agenda, and includes a citizen-led research project. These are substantive research and research-capacity activities at project scale, rather than merely generic inputs awaiting a separate research mechanism. The evidence is specific to the research component, although it does not establish broader industrial-sector technology upgrading or increased R&D spending or workforce numbers.",The evidence does not establish upgrading technological capabilities across industrial sectors. | The evidence does not report increased R&D spending or R&D workers per million people.,objective,HORIZON_EUROPE,
101079116,DCitizens,Fostering Digital Civics Research and Innovation in Lisbon,17,17.17,"Encourage and promote effective public, public-private and civil society partnerships, building on the experience and resourcing strategies of partnerships",http://data.europa.eu/sdg/17.17,WEAK,MEDIUM,Categorical confidence derived from verifier match strength; not a calibrated probability.,INDIRECT,2,0.4507500159697264,"Encourage and promote effective partnerships among public, public-private, and civil society actors.",objective_01; objective_02; objective_04; objective_06; objective_10; objective_11,"While governments act as transactional providers of uniform and static services, the challenges of contemporary society require different models of service design and delivery that are built on long-term engagement, participation, and co-creation with local communities and citizens. | Digital Civics posits the use of technology in the provision of relational models of public services by empowering citizens and non-state actors to co-create, take an active role in shaping agendas, making decisions about service provision, and making such provisions sustainable and resilient. | O2) Provide training to Staff and Early Stage Researchers to build critical mass at the interface of research, local government, and the private/third sectors; | O4) Strengthen and expand the collaborative network between the Twinning partners; | Based on these areas, the projects work plan includes a staff-exchange programme, organisation of joint scientific/training events, activities to enhance the profile of young researchers, training of research management staff, and a small citizen-led research project. | The consortium includes partners from one widening country (ITI - Portugal), and three leading institutions in the field: IIT (Italy), University of Siegen (Germany), and University of Northumbria (UK).","The project builds relevant relationships and capacity through training, partner collaboration, and citizen-led research, and its stated model promotes citizen and non-state actor participation in public-service design. However, the evidence primarily describes research, training, and collaboration that enable effective partnerships rather than establishing or operating a substantive public, public-private, or civil-society partnership as the governing target action.","Evidence does not establish that the project itself creates or operates a formal, effective partnership among the specified actor groups. | The project advances partnership capacity and co-creation practices, but downstream implementation in public-service partnerships remains necessary.",objective,HORIZON_EUROPE,
101079116,DCitizens,Fostering Digital Civics Research and Innovation in Lisbon,17,17.6,"Enhance North-South, South-South and triangular regional and international cooperation on and access to science, technology and innovation and enhance knowledge-sharing on mutually agreed terms, including through improved coordination among existing mechanisms, in particular at the United Nations level, and through a global technology facilitation mechanism",http://data.europa.eu/sdg/17.6,STRONG,HIGH,Categorical confidence derived from verifier match strength; not a calibrated probability.,DIRECT,3,0.43548236865109796,"Enhancing North-South cooperation on science, technology and innovation through collaboration between Portugal, Italy, Germany, and the UK.",objective_06; objective_10; objective_11,"O4) Strengthen and expand the collaborative network between the Twinning partners; | Based on these areas, the projects work plan includes a staff-exchange programme, organisation of joint scientific/training events, activities to enhance the profile of young researchers, training of research management staff, and a small citizen-led research project. | The consortium includes partners from one widening country (ITI - Portugal), and three leading institutions in the field: IIT (Italy), University of Siegen (Germany), and University of Northumbria (UK).","The project directly organizes collaboration among its international research partners through a collaborative network, staff exchanges, and joint scientific and training events. These activities instantiate cooperation on research and innovation at project scale. The evidence does not establish the broader access-to-science or knowledge-sharing provisions of the full target, but those are outside the selected component.","The evidence describes cooperation among consortium partners, not improved coordination among existing mechanisms or cooperation through the global technology facilitation mechanism. | No broader or population-wide access to science, technology, and innovation is demonstrated.",objective,HORIZON_EUROPE,
101079116,DCitizens,Fostering Digital Civics Research and Innovation in Lisbon,17,17.16,"Enhance the Global Partnership for Sustainable Development, complemented by multi-stakeholder partnerships that mobilize and share knowledge, expertise, technology and financial resources, to support the achievement of the Sustainable Development Goals in all countries, in particular developing countries",http://data.europa.eu/sdg/17.16,STRONG,HIGH,Categorical confidence derived from verifier match strength; not a calibrated probability.,DIRECT,8,0.3915642544783701,Multi-stakeholder partnerships that mobilize and share knowledge and expertise to support the SDGs,objective_04; objective_06; objective_10; objective_11,"O2) Provide training to Staff and Early Stage Researchers to build critical mass at the interface of research, local government, and the private/third sectors; | O4) Strengthen and expand the collaborative network between the Twinning partners; | Based on these areas, the projects work plan includes a staff-exchange programme, organisation of joint scientific/training events, activities to enhance the profile of young researchers, training of research management staff, and a small citizen-led research project. | The consortium includes partners from one widening country (ITI - Portugal), and three leading institutions in the field: IIT (Italy), University of Siegen (Germany), and University of Northumbria (UK).","The project directly operates a cross-institutional partnership through staff exchanges, joint scientific and training events, and research-management training. These activities substantively share expertise and knowledge among partners, rather than merely supplying an upstream input. The evidence does not show financial-resource mobilization or partnership activity across all countries, but those are not necessary to perform this selected component at project scale.","The described partnership focuses on the participating research institutions and does not establish broader multi-stakeholder participation across government, civil society, or other sectors. | No financial resources are identified as being mobilized or shared.",objective,HORIZON_EUROPE,
101080229,DREAMS,Drug REpurposing with Artificial intelligence for Muscular disorderS,9,9.5,"Enhance scientific research, upgrade the technological capabilities of industrial sectors in all countries, in particular developing countries, including, by 2030, encouraging innovation and substantially increasing the number of research and development workers per 1 million people and public and private research and development spending",http://data.europa.eu/sdg/9.5,STRONG,HIGH,Categorical confidence derived from verifier match strength; not a calibrated probability.,DIRECT,1,0.23140738233547287,Enhance scientific research,objective_04; objective_05; objective_06; objective_08; objective_10,"Using skeletal muscle cells derived from induced pluripotent stem cells (skMC-iPSC), DREAMS will i) identify shared biomarkers of the 5 diseases and ii) perform a high throughput drug screen on all 5 diseases. | Through a first Artificial Intelligence (AI) based solution, the output of the drug screening will be used to find drug targets shared between the diseases. | A second AI based solution will be used to find drug candidates (repurposable drugs and new molecular entities) for these shared drug targets. | Following their discoveries, the promising drug candidates will be tested for efficacy and safety in both iPSC and mouse models of the 5 NMDs and additional diseases. | Together, these technological and conceptual innovations will allow the DREAMS consortium to i) develop therapies to treat multiple NMDs and related diseases, ii) to create a novel clinical design that generates a regulatory pathway for drugs that treat heterogeneous groups of patients suffering from RDs iii) to further the scientific understanding of commonalities in RDs, and iv) to create a reusable drug development platform to discover safe and effective treatments for RDs in general.","The project itself conducts original scientific research: it identifies biomarkers, screens drugs, uses AI to discover shared targets and candidates, and tests candidate efficacy and safety in disease models. These are substantive research activities at project scale, not merely upstream information or generic tools. The evidence explicitly establishes the research activity, though it does not establish research-worker or R&D-spending increases or technological upgrading across industrial sectors.",No evidence establishes increased R&D workers per million people or public and private R&D spending. | The project focuses on rare neuromuscular disease research; it does not address the target's broader industrial-sector technological-capability dimension.,objective,HORIZON_EUROPE,
101080229,DREAMS,Drug REpurposing with Artificial intelligence for Muscular disorderS,3,3.8,"Achieve universal health coverage, including financial risk protection, access to quality essential health-care services and access to safe, effective, quality and affordable essential medicines and vaccines for all",http://data.europa.eu/sdg/3.8,WEAK,MEDIUM,Categorical confidence derived from verifier match strength; not a calibrated probability.,DIRECT,4,0.19500308159834814,"Access to quality essential health-care services, specifically developing and testing treatments for rare neuromuscular disorders.",objective_01; objective_02; objective_04; objective_06; objective_08; objective_09; objective_10,"According to World Health Organization, to date, fewer than 6% of rare diseases (RDs) have an approved treatment option. | In the light of this observation, it appears crucial to develop disruptive approaches that allow to find treatments for multiple RDs. | Using skeletal muscle cells derived from induced pluripotent stem cells (skMC-iPSC), DREAMS will i) identify shared biomarkers of the 5 diseases and ii) perform a high throughput drug screen on all 5 diseases. | A second AI based solution will be used to find drug candidates (repurposable drugs and new molecular entities) for these shared drug targets. | Following their discoveries, the promising drug candidates will be tested for efficacy and safety in both iPSC and mouse models of the 5 NMDs and additional diseases. | In parallel, DREAMS will design an adaptive clinical trial to prepare the final stages of drug development of these novel drug candidates with multiple indications. | Together, these technological and conceptual innovations will allow the DREAMS consortium to i) develop therapies to treat multiple NMDs and related diseases, ii) to create a novel clinical design that generates a regulatory pathway for drugs that treat heterogeneous groups of patients suffering from RDs iii) to further the scientific understanding of commonalities in RDs, and iv) to create a reusable drug development platform to discover safe and effective treatments for RDs in general.","The project centrally develops candidate treatments for rare neuromuscular disorders, screens for drug targets and candidates, tests candidates for efficacy and safety in cellular and mouse models, and designs an adaptive clinical trial. These are substantive treatment-development and testing activities at project scale, directly advancing the specified health-care-services component. Clinical-trial execution, regulatory approval, and patient access remain later steps, but are not required to count the project’s own development and testing work as an immediate target mechanism.","No clinical trial is reported as conducted; the project designs one. | No approved treatment or patient-level access to treatment is reported. | Universal coverage, affordability, and financial risk protection are not addressed by the described work.",objective,HORIZON_EUROPE,
101080229,DREAMS,Drug REpurposing with Artificial intelligence for Muscular disorderS,3,3.4,"By 2030, reduce by one third premature mortality from non-communicable diseases through prevention and treatment and promote mental health and well-being",http://data.europa.eu/sdg/3.4,STRONG,HIGH,Categorical confidence derived from verifier match strength; not a calibrated probability.,DIRECT,5,0.18657065315677326,"Prevention and treatment of non-communicable diseases, through development and testing of treatments for rare neuromuscular disorders.",objective_03; objective_04; objective_06; objective_08; objective_10,"To achieve this goal, DREAMS will start from 5 rare neuromuscular disorders (NMD) that share common pathophysiological characteristics related to dysfunctions of autophagy and desmin disorganization. | Using skeletal muscle cells derived from induced pluripotent stem cells (skMC-iPSC), DREAMS will i) identify shared biomarkers of the 5 diseases and ii) perform a high throughput drug screen on all 5 diseases. | A second AI based solution will be used to find drug candidates (repurposable drugs and new molecular entities) for these shared drug targets. | Following their discoveries, the promising drug candidates will be tested for efficacy and safety in both iPSC and mouse models of the 5 NMDs and additional diseases. | Together, these technological and conceptual innovations will allow the DREAMS consortium to i) develop therapies to treat multiple NMDs and related diseases, ii) to create a novel clinical design that generates a regulatory pathway for drugs that treat heterogeneous groups of patients suffering from RDs iii) to further the scientific understanding of commonalities in RDs, and iv) to create a reusable drug development platform to discover safe and effective treatments for RDs in general.","The project centrally conducts disease-specific drug screening, identifies candidate treatments, and tests them for efficacy and safety in cellular and mouse models. These are concrete treatment-development and testing activities at project scale, directly advancing the target’s treatment component. The evidence does not establish approved therapies or clinical treatment delivered to patients, but those are not necessary to recognize the project’s own substantive research and testing activity.",No evidence that candidate drugs have obtained regulatory approval or reached patients. | No demonstrated reduction in premature mortality or population-level improvement in mental health or well-being.,objective,HORIZON_EUROPE,
101082633,ASAP,Automatics in Space Exploration,9,9.5,"Enhance scientific research, upgrade the technological capabilities of industrial sectors in all countries, in particular developing countries, including, by 2030, encouraging innovation and substantially increasing the number of research and development workers per 1 million people and public and private research and development spending",http://data.europa.eu/sdg/9.5,STRONG,HIGH,Categorical confidence derived from verifier match strength; not a calibrated probability.,DIRECT,3,0.2072499048427038,Enhance scientific research through substantive development and validation of a space-capable AI computing platform and algorithms for space science and exploration.,objective_05; objective_06; objective_08; objective_09; objective_10; objective_12,ASAP takes on the task of using processors that can sustain the radiation environment of space to transfer to space operation AI algorithms that so far could only be run on the ground. | ASAP will use the most advanced space-hardiness proven processors and develop the software needed to run AI algorithms on them. | ASAP focuses on five goals: 1) Working towards the identification and implementation of Machine Learning algorithms for the next generation space applications: a suite of candidate algorithms has been identified and will be evaluated during the project for their possible deployment to space; | 2) Identification and development of a computing platform for ML algorithms producing a prototype hardware using only components that can operate under space conditions; | 3) Definition of a validation plan and its execution in a laboratory validation campaign reaching TRL-4; | 5) Transforming the future development of technologies and scientific instrumentation for space science and exploration missions bringing artificial intelligence to space missions.,"The project itself develops space-capable computing hardware and software, evaluates machine-learning algorithms for space applications, and validates a prototype. These are substantive research and technology-development activities that directly advance scientific research capability at project scale. The work does not establish full deployment on space missions or broad effects on research capacity, but later deployment and scale are not required for this component.","The evidence describes prototype development and laboratory validation to TRL-4, not operational deployment on space missions. | The evidence does not quantify resulting increases in research and development workers or spending.",objective,HORIZON_EUROPE,
101083038,Nekoka,Realizing the Promise of Higher-Order SMT and Superposition for Interactive Verification,9,9.5,"Enhance scientific research, upgrade the technological capabilities of industrial sectors in all countries, in particular developing countries, including, by 2030, encouraging innovation and substantially increasing the number of research and development workers per 1 million people and public and private research and development spending",http://data.europa.eu/sdg/9.5,STRONG,HIGH,Categorical confidence derived from verifier match strength; not a calibrated probability.,DIRECT,1,0.22027737947609297,Enhance scientific research through substantive development of higher-order automated reasoning methods and tools.,objective_05; objective_09,"We will start by extending higher-order SMT and -superposition and implementing them in automatic provers to provide push-button proof automation for lemmas expressed in higher-order logics. | In terms of scientific impact, the improved higher-order SMT and -superposition calculi will substantially advance the art of higher-order automation and help reorient research in automated reasoning towards the needs of end users, whether computer scientists or mathematicians.","The project develops and implements higher-order automated proof methods and explicitly aims to advance research in higher-order automation. Scientific research is itself part of the operative target component, so this is project-scale realization rather than merely an upstream input. The evidence does not establish that it upgrades technological capabilities of industrial sectors or addresses the target’s other parallel clauses, but those are outside the selected research component.","The evidence centers on automated reasoning research and tools, not technological capability upgrades in industrial sectors. | No evidence establishes increased R&D worker numbers or R&D spending.",objective,OTHER,
101083936,JustWind4All,Just and effective governance for accelerating wind energy,7,7.2,"By 2030, increase substantially the share of renewable energy in the global energy mix",http://data.europa.eu/sdg/7.2,WEAK,MEDIUM,Categorical confidence derived from verifier match strength; not a calibrated probability.,INDIRECT,1,0.49222570729481585,Increase the share of renewable energy in the global energy mix through accelerating on- and offshore wind energy deployment.,objective_01; objective_02; objective_03; objective_08,"JustWind4All aims to support the acceleration of on- and offshore wind energy through just and effective governance, i.e., the creation of synergies among people and organisations to coordinate and participate in actions around wind energy strategies and deployment. | To this end, JustWind4All develops knowledge, practical guidelines, instruments, strategies, and trainings for just and effective decision-making in on- and offshore wind energy governance. | This move towards more effective and just decision-making processes and structures is crucial in the context of ambitious EU renewable energy targets, which require installing more and larger on- and offshore wind farms, speeding up the planning and deployment processes whilst ensuring no one is left behind. | A cutting-edge Wind Forum network enables knowledge exchange and dialogue between multiple stakeholders across policy, community, market and third sector – it ensures that JustWind4All’s knowledge, practical guidelines, instruments, strategies, and training activities have maximum impact.","The project focuses on governance: it develops knowledge, guidelines, instruments, strategies, and training to improve decision-making and accelerate wind-energy planning and deployment. These are targeted supports for renewable energy expansion, but the project does not itself install or operate wind capacity or increase renewable generation. A distinct downstream deployment action is needed.",No wind farms are installed or operated by the project. | The project does not itself demonstrate an increased renewable-energy share; that depends on subsequent planning and deployment.,objective,HORIZON_EUROPE,
101083936,JustWind4All,Just and effective governance for accelerating wind energy,7,7.a,"By 2030, enhance international cooperation to facilitate access to clean energy research and technology, including renewable energy, energy efficiency and advanced and cleaner fossil-fuel technology, and promote investment in energy infrastructure and clean energy technology",http://data.europa.eu/sdg/7.a,WEAK,MEDIUM,Categorical confidence derived from verifier match strength; not a calibrated probability.,INDIRECT,7,0.4303956363063599,Facilitate access to renewable energy research and technology through international cooperation.,objective_01; objective_02; objective_07; objective_08,"JustWind4All aims to support the acceleration of on- and offshore wind energy through just and effective governance, i.e., the creation of synergies among people and organisations to coordinate and participate in actions around wind energy strategies and deployment. | To this end, JustWind4All develops knowledge, practical guidelines, instruments, strategies, and trainings for just and effective decision-making in on- and offshore wind energy governance. | Through transdisciplinary knowledge co-production in Wind Labs, JustWind4All makes the most out of novel resources i.e., practices (repowering), technologies (airborne, floating) and regions (e.g., Bulgaria) and engages in knowledge co-production with wind energy governance actors for fit-for-purpose outcomes. | A cutting-edge Wind Forum network enables knowledge exchange and dialogue between multiple stakeholders across policy, community, market and third sector – it ensures that JustWind4All’s knowledge, practical guidelines, instruments, strategies, and training activities have maximum impact.","The project is centrally focused on wind-energy governance and creates practical guidelines, instruments, strategies, training, and stakeholder knowledge-exchange arrangements through transdisciplinary co-production. These are substantial, target-specific capacities supporting access to and deployment of renewable-energy technology, but the project does not itself provide or implement that access; downstream governance and deployment actions remain necessary.","The evidence describes governance support and knowledge exchange, not direct provision or implementation of access to renewable-energy research or technology. | The project supports wind-energy strategy and deployment, while actual downstream deployment depends on other actions and actors.",objective,HORIZON_EUROPE,
101083936,JustWind4All,Just and effective governance for accelerating wind energy,13,13.2,"Integrate climate change measures into national policies, strategies and planning",http://data.europa.eu/sdg/13.2,WEAK,MEDIUM,Categorical confidence derived from verifier match strength; not a calibrated probability.,INDIRECT,9,0.4173816171665722,"Integrating climate change measures into policies, strategies and planning, through governance and decision-making for wind energy strategies and deployment.",objective_01; objective_02; objective_03; objective_05; objective_06; objective_07; objective_08,"JustWind4All aims to support the acceleration of on- and offshore wind energy through just and effective governance, i.e., the creation of synergies among people and organisations to coordinate and participate in actions around wind energy strategies and deployment. | To this end, JustWind4All develops knowledge, practical guidelines, instruments, strategies, and trainings for just and effective decision-making in on- and offshore wind energy governance. | This move towards more effective and just decision-making processes and structures is crucial in the context of ambitious EU renewable energy targets, which require installing more and larger on- and offshore wind farms, speeding up the planning and deployment processes whilst ensuring no one is left behind. | It combines holistic impact assessment based on a social-ecological approach with techno-economic modelling to assess a variety of social, environmental, technical, and economic impacts and/or benefits to improve decision-making. | Qualitative and quantitative methodologies (e.g., case studies, multicriteria mapping) help to investigate ways to foster wind energy citizenship with a particular focus on participation, energy justice and social innovation. | Through transdisciplinary knowledge co-production in Wind Labs, JustWind4All makes the most out of novel resources i.e., practices (repowering), technologies (airborne, floating) and regions (e.g., Bulgaria) and engages in knowledge co-production with wind energy governance actors for fit-for-purpose outcomes. | A cutting-edge Wind Forum network enables knowledge exchange and dialogue between multiple stakeholders across policy, community, market and third sector – it ensures that JustWind4All’s knowledge, practical guidelines, instruments, strategies, and training activities have maximum impact.","The project’s central work develops guidance, instruments, strategies, research, and stakeholder processes to improve wind-energy governance and decision-making. These are target-specific contributions, but the project does not itself integrate climate measures into policies or carry out wind-energy planning; those substantive policy and planning actions remain downstream. The evidence explicitly links its outputs to wind-energy governance and strategy, while the climate-measure connection is made through the renewable-energy context.","The evidence describes support for governance, decision-making, and deployment, not the project’s adoption of measures in national policies, strategies, or plans.",objective,HORIZON_EUROPE,
101087257,METACITIES,MetaCities Excellence Hub in South-Eastern Europe,9,9.5,"Enhance scientific research, upgrade the technological capabilities of industrial sectors in all countries, in particular developing countries, including, by 2030, encouraging innovation and substantially increasing the number of research and development workers per 1 million people and public and private research and development spending",http://data.europa.eu/sdg/9.5,STRONG,HIGH,Categorical confidence derived from verifier match strength; not a calibrated probability.,DIRECT,3,0.48635917810915597,Enhance scientific research,objective_02; objective_03; objective_11,"The METACITIES Excellence Hub is a sustainable network that offers a common platform for collaboration, cross-fertilization, and best practices sharing across borders, sectors and disciplines on knowledge production, circulation and use. | Founded upon a joint R&I strategy, a nexus of collaborative links across sectors, joint research, innovation and outreach activities as well as business modelling and sustainability plans, the collaboration aims to benefit citizens, stakeholders, regional ecosystems and the whole SEE region. | Common investment plans for R&I, infrastructures and support for real-life experimentation, aim to leverage national, regional and European funds as well as crowd funds and private capital in a synergetic manner.","The Hub is a central, target-specific cross-border platform for knowledge production and circulation, built around a joint R&I strategy and collaborative research activities. It also plans R&I infrastructure and support for real-life experimentation. These are substantive research mechanisms at project scale, not merely generic information inputs. The evidence does not establish that all planned infrastructure or experimentation is already operational, but later implementation or wider uptake does not negate the research activity and capacity the project itself establishes.","The evidence describes planned R&I infrastructure and support for real-life experimentation, rather than confirming their completed deployment. | No claim is made that the Hub increases R&D workers per million people or spending, or achieves research-system effects at regional or national scale.",objective,HORIZON_EUROPE,
101088285,SupraValent,Supramolecular & Covalent Bonds for Engineering Spatiotemporal Complexity in Hydrogel Biomaterials,9,9.5,"Enhance scientific research, upgrade the technological capabilities of industrial sectors in all countries, in particular developing countries, including, by 2030, encouraging innovation and substantially increasing the number of research and development workers per 1 million people and public and private research and development spending",http://data.europa.eu/sdg/9.5,STRONG,HIGH,Categorical confidence derived from verifier match strength; not a calibrated probability.,DIRECT,3,0.21400678912148172,Enhance scientific research through original research developing and exploring spatiotemporally complex supramolecular hydrogel biomaterials.,objective_05; objective_07; objective_08; objective_09; objective_10; objective_11,"I hypothesize that strategic combinations of dynamic supramolecular assemblies with reversible/degradable covalent bonds can lead to tough, hierarchical, and spatiotemporally complex hydrogels. | In SupraValent, I will test my hypothesis with the design and exploration of spatiotemporal changes to hydrogel properties via covalent modification of 1D supramolecular polymers. | SupraValent will first create structure/dynamics/property relationships of supramolecular assemblies between solution-phase studies and hydrogel materials. | I will leverage this information to create tough supramolecular biomaterials and bioinks, which allow for the introduction of spatiotemporal gradients and cell-mediated changes (via degradation) to the material’s properties. | Then, I will introduce innovative cell/material constructs where the cells create covalent bonds on the materials over the lifetime of culture. | Here, genetically modified bacteria will introduce the spatiotemporal complexity into the construct, moving towards living material’s modifications.","The project itself conducts original scientific research: it tests a hypothesis, investigates structure/dynamics/property relationships, and develops hydrogel biomaterials with controlled spatiotemporal properties. This directly performs the research action named in the claimed component; later applications or broader uptake are not required for project-scale realization. The evidence is explicit about the research activity and its subject matter. The claimed component is the scientific-research clause, so the absence of evidence about industrial-sector technology upgrades or R&D workforce and spending does not create a material gap in this component.",The evidence does not establish upgrading technological capabilities across industrial sectors or countries. | The evidence does not address increasing R&D workers per million people or public and private R&D spending.,objective,OTHER,
101088366,HighEntropy2D,Two-dimensional high entropy alloys and ceramics,9,9.5,"Enhance scientific research, upgrade the technological capabilities of industrial sectors in all countries, in particular developing countries, including, by 2030, encouraging innovation and substantially increasing the number of research and development workers per 1 million people and public and private research and development spending",http://data.europa.eu/sdg/9.5,STRONG,HIGH,Categorical confidence derived from verifier match strength; not a calibrated probability.,DIRECT,1,0.09810538180233716,Enhance scientific research through original research developing and investigating two-dimensional high-entropy materials and their properties.,objective_01; objective_02; objective_04; objective_05; objective_06,"“Entropy engineering” recently had exceptional impact on bulk materials science by invention of bul“Entropy engineering” recently had exceptional impact on bulk materials science by invention of bulk high entropy alloys and ceramics. | The underlying idea is that by equiatomically adding ≥5 principal elements to alloys/compounds, the much increased configurational entropy stabilizes otherwise non-accessible single “high entropy” phases with an unique random elemental occupancy on a crystalline lattice and hence novel functional properties. | Despite these exciting individual prospects of “entropy engineering” and “2D materials”, combination of these two concepts to synergetically create novel 2D high entropy materials (2D HEMs) as a novel materials class with novel functional properties with possible applications in electronics and catalysis remains lacking. | In “HighEntropy2d” we will fabricate unprecedented 2D HEMs (2D high entropy alloys, oxides and sulfides) using for the first time scalable vapour deposition and a 2D template/2D confinement approach for both 2D film and 2D nanoflake form, asses their novel properties and perform first tests of their applicability for electronic devices and catalysis. | Reducing HEM dimensionality to 2D will also create a unique opportunity to for the first time study in situ and at the atomic scale currently unknown fundamental diffusion, crystallisation, phase transition and separation mechanisms in HEMs (using a globally unique (scanning) transmission electron microscopy ((S)TEM) setup), to obtain fundamental insights relevant to HEMs even beyond the here newly introduced 2D HEMs.","The project itself conducts original materials-science research: it fabricates a new class of two-dimensional high-entropy materials, assesses their properties and applicability, and investigates previously unknown mechanisms at atomic scale. These are substantive research activities named by the claimed component, not merely an upstream input awaiting a distinct downstream research action.",The stated work is focused on a novel materials class and does not establish broader enhancement of research across industrial sectors or countries. | Potential applications in electronics and catalysis are tested at project scale; wider industrial uptake or technological-capability improvements are not established.,objective,OTHER,
101089009,Smart Nanoparticles,4D Brain-Targeting Nanomedicines for Treating Neurodegeneration,3,3.4,"By 2030, reduce by one third premature mortality from non-communicable diseases through prevention and treatment and promote mental health and well-being",http://data.europa.eu/sdg/3.4,WEAK,MEDIUM,Categorical confidence derived from verifier match strength; not a calibrated probability.,DIRECT,1,0.2020564400624137,Treating neurodegenerative brain conditions through treatment of non-communicable diseases,objective_05; objective_08; objective_09; objective_10; objective_12,"In this research program, we aim to advance far beyond the state-of-the-art and elucidate the molecular and structural characteristics for designing nanotechnology drugs that target and treat brain neurodegeneration. | To address this fundamental gap, we will use advanced computation and engineering concepts to develop 4D-brain-targeting nanoparticles, that cross the BBB intact to target specific neuronal populations and brain regions. | Robotic synthesis, coupled with active learning algorithms will be used to construct nanoparticles with combinations of targeting moieties on their surface and evaluate their neuronal specificity. | Supported microfluidic BBB apparatus will be used to screen the nanoparticles ability to target and cross the BBB. | To connect our findings to future clinical implementation, fMRI will be used to record the therapeutic activity of the nanoparticles in the brain.","The project centrally develops and evaluates brain-targeting nanomedicines explicitly intended to treat neurodegeneration, including testing their targeting and BBB crossing and assessing therapeutic activity. This is a concrete project-scale treatment-development mechanism; later clinical implementation and wider use do not make the research merely an upstream input. The evidence does not establish that patients receive treatment or that mortality is reduced, but those population-level outcomes are not required at project scale.",The project develops and evaluates therapeutic nanoparticles rather than demonstrating clinical treatment of patients. | No reduction in premature mortality or population-level health outcome is reported.,objective,OTHER,
101089009,Smart Nanoparticles,4D Brain-Targeting Nanomedicines for Treating Neurodegeneration,9,9.5,"Enhance scientific research, upgrade the technological capabilities of industrial sectors in all countries, in particular developing countries, including, by 2030, encouraging innovation and substantially increasing the number of research and development workers per 1 million people and public and private research and development spending",http://data.europa.eu/sdg/9.5,STRONG,HIGH,Categorical confidence derived from verifier match strength; not a calibrated probability.,DIRECT,2,0.18605217288182238,Enhance scientific research through original R&D developing and evaluating 4D brain-targeting nanoparticles for neurodegeneration.,objective_05; objective_08; objective_09; objective_10; objective_12,"In this research program, we aim to advance far beyond the state-of-the-art and elucidate the molecular and structural characteristics for designing nanotechnology drugs that target and treat brain neurodegeneration. | To address this fundamental gap, we will use advanced computation and engineering concepts to develop 4D-brain-targeting nanoparticles, that cross the BBB intact to target specific neuronal populations and brain regions. | Robotic synthesis, coupled with active learning algorithms will be used to construct nanoparticles with combinations of targeting moieties on their surface and evaluate their neuronal specificity. | Supported microfluidic BBB apparatus will be used to screen the nanoparticles ability to target and cross the BBB. | To connect our findings to future clinical implementation, fMRI will be used to record the therapeutic activity of the nanoparticles in the brain.","The project directly conducts original scientific R&D: it develops 4D brain-targeting nanoparticles and evaluates their targeting, BBB crossing, and therapeutic activity. Scientific research is itself an operative component of Target 9.5, so the work instantiates that component at project scale; it need not deliver later clinical implementation or wider industrial adoption.","The evidence describes research and evaluation, not clinical treatment delivery or established therapeutic efficacy. | The project does not show economy-wide upgrading of industrial technological capabilities or increased R&D spending or workforce.",objective,OTHER,
101089233,DIGINEQ,"Digital Time Use, Adolescent Well-Being and Social Inequalities",3,3.4,"By 2030, reduce by one third premature mortality from non-communicable diseases through prevention and treatment and promote mental health and well-being",http://data.europa.eu/sdg/3.4,STRONG,HIGH,Categorical confidence derived from verifier match strength; not a calibrated probability.,DIRECT,9,0.3389502832457527,Promote mental health and well-being through research and digital interventions addressing adolescents’ well-being and healthy digital engagement.,objective_09; objective_11; objective_12,"To establish if digital interventions can promote adolescents’ healthy digital engagement and improve well-being outcomes, while reducing socioeconomic gaps in these areas. | (2) it implements a novel mixed-method digital intervention to show if digital self-efficacy programmes can promote adolescents’ healthy digital engagement and improve well-being outcomes, while reducing related socioeconomic gaps; | (3) it merges existing high-quality longitudinal time-diary data from three largescale surveys in Australia, Ireland, and the United States to illustrate how adolescents’ digital time use explains socioeconomic gaps in well-being from childhood to late adolescence.",The project directly conducts research on adolescent well-being and implements a mixed-method digital self-efficacy intervention intended to support healthy digital engagement and improve well-being. These are project-scale mechanisms relevant to promoting well-being; the evidence does not establish that the intervention achieves improved outcomes or reduces socioeconomic gaps.,"The evidence describes the intervention's intended effects, not demonstrated improvements in well-being or reductions in socioeconomic gaps. | The research and intervention concern adolescents and digital engagement, rather than the target’s full population and scope.",objective,OTHER,
101093865,CLIMAREST,Coastal Climate Resilience and Marine Restoration Tools for the Arctic Atlantic basin,14,14.2,"By 2020, sustainably manage and protect marine and coastal ecosystems to avoid significant adverse impacts, including by strengthening their resilience, and take action for their restoration in order to achieve healthy and productive oceans",http://data.europa.eu/sdg/14.2,WEAK,MEDIUM,Categorical confidence derived from verifier match strength; not a calibrated probability.,DIRECT,1,0.6427763975557054,Take action for the restoration of marine and coastal ecosystems.,objective_02; objective_03; objective_06,"The concept is to develop, test and optimise a modular toolbox that integrates expert knowledge, scientific information, multilevel stakeholder and community involvement, ecosystem service improvement analysis, cost-benefit analysis, priority of actions, and custom designed protocols for restoring and monitoring multiple coastal habitats. | The toolbox framework will have common and specific tools that will be tested, optimised and demonstrated in five different ecosystems, across a latitudinal gradient of the Arctic-Atlantic basin, ranging from the high-Arctic Svalbard (79° N) in the North to the Madeira archipelago (33° N) in the South. | Ecosystem-specific innovations in nature-based solutions for habitat restoration that improve local climate resilience will also be developed, tested, and integrated into a general toolbox framework, establishing guidelines and innovative workflows.","The project develops, tests, and optimises restoration protocols and habitat-restoration solutions across multiple coastal demonstration ecosystems. These are substantial, target-specific restoration mechanisms and research activities performed by the project, not merely generic information inputs. The evidence establishes restoration tools and nature-based solutions, but does not say the project itself carries out habitat restoration on the ground; the governing restoration action is therefore not fully instantiated.","The evidence describes developing and testing restoration tools and solutions, rather than completed on-the-ground restoration. | The broader healthy and productive oceans outcome is not established at project scale.",objective,HORIZON_EUROPE,
101093865,CLIMAREST,Coastal Climate Resilience and Marine Restoration Tools for the Arctic Atlantic basin,15,15.5,"Take urgent and significant action to reduce the degradation of natural habitats, halt the loss of biodiversity and, by 2020, protect and prevent the extinction of threatened species",http://data.europa.eu/sdg/15.5,WEAK,MEDIUM,Categorical confidence derived from verifier match strength; not a calibrated probability.,DIRECT,4,0.5378163934649042,"Take action to reduce degradation of natural habitats and halt biodiversity loss, through restoration of coastal habitats.",objective_02; objective_03; objective_04; objective_06,"The concept is to develop, test and optimise a modular toolbox that integrates expert knowledge, scientific information, multilevel stakeholder and community involvement, ecosystem service improvement analysis, cost-benefit analysis, priority of actions, and custom designed protocols for restoring and monitoring multiple coastal habitats. | The toolbox framework will have common and specific tools that will be tested, optimised and demonstrated in five different ecosystems, across a latitudinal gradient of the Arctic-Atlantic basin, ranging from the high-Arctic Svalbard (79° N) in the North to the Madeira archipelago (33° N) in the South. | The variety of environmental conditions and restoration needs of the five demonstration sites will provide different restoration scenarios with particular specificities in terms of biodiversity, pressures and threats, ecosystems services and stakeholders. | Ecosystem-specific innovations in nature-based solutions for habitat restoration that improve local climate resilience will also be developed, tested, and integrated into a general toolbox framework, establishing guidelines and innovative workflows.","The project’s central work develops, tests, and demonstrates habitat-restoration tools and ecosystem-specific nature-based solutions across five coastal demonstration ecosystems. These are concrete, target-specific restoration mechanisms, not merely generic information or evidence. The evidence does not establish that the project itself carries out habitat restoration on the ground, so the operative activity is best characterized as developing and testing constituent restoration mechanisms rather than performing the governing restoration action itself.","The evidence describes developing, testing, and demonstrating restoration tools and solutions, but does not establish completed on-the-ground restoration outcomes or measured reductions in habitat degradation or biodiversity loss.",objective,HORIZON_EUROPE,
101093865,CLIMAREST,Coastal Climate Resilience and Marine Restoration Tools for the Arctic Atlantic basin,13,13.1,Strengthen resilience and adaptive capacity to climate-related hazards and natural disasters in all countries,http://data.europa.eu/sdg/13.1,WEAK,MEDIUM,Categorical confidence derived from verifier match strength; not a calibrated probability.,DIRECT,7,0.5186106051377135,"Strengthening climate resilience and adaptive capacity to climate-related hazards and natural disasters, specifically coastal community climate resilience.",objective_01; objective_02; objective_03; objective_06; objective_07,"The CLIMAREST project - Coastal Climate Resilience and Marine Restoration Tools for the Arctic Atlantic basin - integrates multiple expertise into a holistic approach, to develop a toolbox designed to establish guidelines for ecosystem restoration and to enhance climate resilience in coastal communities. | The concept is to develop, test and optimise a modular toolbox that integrates expert knowledge, scientific information, multilevel stakeholder and community involvement, ecosystem service improvement analysis, cost-benefit analysis, priority of actions, and custom designed protocols for restoring and monitoring multiple coastal habitats. | The toolbox framework will have common and specific tools that will be tested, optimised and demonstrated in five different ecosystems, across a latitudinal gradient of the Arctic-Atlantic basin, ranging from the high-Arctic Svalbard (79° N) in the North to the Madeira archipelago (33° N) in the South. | Ecosystem-specific innovations in nature-based solutions for habitat restoration that improve local climate resilience will also be developed, tested, and integrated into a general toolbox framework, establishing guidelines and innovative workflows. | The toolbox and tools developed in each demonstration site, for different restoration scenarios, will be made available and tested for replication and upscaling in comparable ecosystems and similar communities, with particular emphasis in promoting stakeholder involvement.","The project makes coastal climate resilience a stated objective and develops, tests, and demonstrates restoration tools and nature-based solutions explicitly intended to improve local resilience. Those tools and workflows are a substantive, target-specific capacity at project scale, not merely generic information. However, the project primarily develops mechanisms and guidance for resilience; it does not itself establish that coastal communities have implemented them or directly strengthened their resilience. Thus, the contribution is a constituent mechanism rather than performance of the governing action as framed.","The evidence establishes development and testing of tools and solutions intended to improve resilience, not realized resilience outcomes in coastal communities. | Replication and upscaling in comparable ecosystems and communities are prospective.",objective,HORIZON_EUROPE,
101093865,CLIMAREST,Coastal Climate Resilience and Marine Restoration Tools for the Arctic Atlantic basin,14,14.a,"Increase scientific knowledge, develop research capacity and transfer marine technology, taking into account the Intergovernmental Oceanographic Commission Criteria and Guidelines on the Transfer of Marine Technology, in order to improve ocean health and to enhance the contribution of marine biodiversity to the development of developing countries, in particular small island developing States and least developed countries",http://data.europa.eu/sdg/14.a,STRONG,HIGH,Categorical confidence derived from verifier match strength; not a calibrated probability.,DIRECT,8,0.5178570628179122,Increase scientific knowledge and develop research capacity concerning marine ecosystems and restoration,objective_02; objective_03; objective_04; objective_06,"The concept is to develop, test and optimise a modular toolbox that integrates expert knowledge, scientific information, multilevel stakeholder and community involvement, ecosystem service improvement analysis, cost-benefit analysis, priority of actions, and custom designed protocols for restoring and monitoring multiple coastal habitats. | The toolbox framework will have common and specific tools that will be tested, optimised and demonstrated in five different ecosystems, across a latitudinal gradient of the Arctic-Atlantic basin, ranging from the high-Arctic Svalbard (79° N) in the North to the Madeira archipelago (33° N) in the South. | The variety of environmental conditions and restoration needs of the five demonstration sites will provide different restoration scenarios with particular specificities in terms of biodiversity, pressures and threats, ecosystems services and stakeholders. | Ecosystem-specific innovations in nature-based solutions for habitat restoration that improve local climate resilience will also be developed, tested, and integrated into a general toolbox framework, establishing guidelines and innovative workflows.","The project centrally develops, tests, optimises, and demonstrates a marine/coastal restoration toolbox and ecosystem-specific innovations across multiple sites. These activities generate scientific knowledge and research capacity at project scale; the contribution does not depend solely on later deployment or scaling. Its operative work is specifically research and tool development relevant to marine restoration, though evidence does not establish technology transfer or the target’s developing-country purpose.","The evidence does not establish transfer of marine technology in accordance with IOC criteria and guidelines. | The evidence does not establish a specific focus on developing countries, small island developing States, or least developed countries. | Broader effects on ocean health and marine biodiversity’s contribution to developing-country development are not demonstrated.",objective,HORIZON_EUROPE,
101096306,HEFT,"Novel concept of a low cost, high power density and highly efficient recyclable motor for next generation mass produced electric vehicles",9,9.4,"By 2030, upgrade infrastructure and retrofit industries to make them sustainable, with increased resource-use efficiency and greater adoption of clean and environmentally sound technologies and industrial processes, with all countries taking action in accordance with their respective capabilities",http://data.europa.eu/sdg/9.4,WEAK,MEDIUM,Categorical confidence derived from verifier match strength; not a calibrated probability.,DIRECT,1,0.374429255535075,"Increase resource-use efficiency in industrial processes, through improved material efficiency and rare-earth recovery and recyclability in electric-vehicle motor production.",objective_01,"HEFT considers that an energy efficient rare-earth synchronous motor is the best option for next generation high-power primary axle traction EVs and proposes a set of innovation challenges on electric synchronous motor configuration based on SiC inverters (direct cooling of rotor and stator, advance insulation for high voltage, multibarrier rotor topology, wave windings) and advanced materials (advanced GBD magnets, epoxy for magnet fixation, composite for motor housing, insulation resin).These innovations will result in a high-efficient and low-cost solution that will be validated on 2 motor topologies, which compared to two main reference automotive IPM commercial motors in Europe (VW ID.3 and FIAT500) will lead to next impacts: >800V, 20% reduction losses, >7 KW/kg and 42kW/l power density, 28% cheaper, 50-66% material savings, including 60% reduction of REE content and >80% REE recyclability rate.As this solution is still dependent on REE from China, HEFT will be aligned with the ERMA action plan towards a circular economy market of rare earth permanent magnets and suggests: one alternative magnet route (Ce based) and two REE recycled routes together with policies promotion towards the foundation of a European rare earths industry, capable of delivering 20% of EU demand by 2030.HEFT plans 8 WPs to implement these concepts, where 5 research partners will be essential for developing innovative ideas around the design-to-x approach, while strong companies (GKN, MAGNETI, VYNCOLIT) will ensure that HEFT results have a clear market orientation and fulfil the industry needs.HEFT plans to organise OEM workshops to ensure wide adoption of HEFT solutions, but also with policymakers to promote regulations towards the EU circular market that would help maintaining the leadership of EU companies, while increasing their competitiveness and job opportunities linked to the new circular business models.","The project develops and validates electric-motor designs that reduce material use, and develops recycled rare-earth routes. These are concrete, target-specific mechanisms for improving resource-use efficiency in industrial processes. The project performs this research and validation at project scale; later adoption or wider industrial deployment is not required for realization. Its design and recycling work is central to the project. The evidence specifically identifies material savings and rare-earth recyclability, although it does not establish that the project itself implements those processes in full-scale production.",The evidence does not establish full-scale industrial production or deployment of the motor designs or recycled rare-earth routes. | The stated material savings and recyclability are project objectives and design outcomes; the evidence does not demonstrate economy-wide adoption or resulting aggregate resource-use reductions.,objective,HORIZON_EUROPE,
101096306,HEFT,"Novel concept of a low cost, high power density and highly efficient recyclable motor for next generation mass produced electric vehicles",7,7.3,"By 2030, double the global rate of improvement in energy efficiency",http://data.europa.eu/sdg/7.3,WEAK,MEDIUM,Categorical confidence derived from verifier match strength; not a calibrated probability.,DIRECT,2,0.3545487352203329,Improving energy efficiency through reduced losses in electric-vehicle traction motors,objective_01; title_01,"HEFT considers that an energy efficient rare-earth synchronous motor is the best option for next generation high-power primary axle traction EVs and proposes a set of innovation challenges on electric synchronous motor configuration based on SiC inverters (direct cooling of rotor and stator, advance insulation for high voltage, multibarrier rotor topology, wave windings) and advanced materials (advanced GBD magnets, epoxy for magnet fixation, composite for motor housing, insulation resin).These innovations will result in a high-efficient and low-cost solution that will be validated on 2 motor topologies, which compared to two main reference automotive IPM commercial motors in Europe (VW ID.3 and FIAT500) will lead to next impacts: >800V, 20% reduction losses, >7 KW/kg and 42kW/l power density, 28% cheaper, 50-66% material savings, including 60% reduction of REE content and >80% REE recyclability rate.As this solution is still dependent on REE from China, HEFT will be aligned with the ERMA action plan towards a circular economy market of rare earth permanent magnets and suggests: one alternative magnet route (Ce based) and two REE recycled routes together with policies promotion towards the foundation of a European rare earths industry, capable of delivering 20% of EU demand by 2030.HEFT plans 8 WPs to implement these concepts, where 5 research partners will be essential for developing innovative ideas around the design-to-x approach, while strong companies (GKN, MAGNETI, VYNCOLIT) will ensure that HEFT results have a clear market orientation and fulfil the industry needs.HEFT plans to organise OEM workshops to ensure wide adoption of HEFT solutions, but also with policymakers to promote regulations towards the EU circular market that would help maintaining the leadership of EU companies, while increasing their competitiveness and job opportunities linked to the new circular business models. | Novel concept of a low cost, high power density and highly efficient recyclable motor for next generation mass produced electric vehicles","The project’s central work is to develop and validate high-efficiency electric-vehicle traction motors, with an explicit target of reducing losses by 20% against commercial reference motors. This is a concrete, project-scale efficiency mechanism, not merely information or a generic enabling tool. The project does not itself double the global rate of energy-efficiency improvement, but that global outcome is not required for this component-level assessment.","The project targets efficiency improvements in EV traction motors; it does not establish economy-wide or global energy-efficiency gains. | Planned workshops and policy promotion may support later adoption, but project-scale motor development and validation are the stated contribution.",objective; title,HORIZON_EUROPE,
101096306,HEFT,"Novel concept of a low cost, high power density and highly efficient recyclable motor for next generation mass produced electric vehicles",12,12.5,"By 2030, substantially reduce waste generation through prevention, reduction, recycling and reuse",http://data.europa.eu/sdg/12.5,STRONG,HIGH,Categorical confidence derived from verifier match strength; not a calibrated probability.,DIRECT,5,0.3325001760574035,"Reduce waste generation through prevention, reduction, recycling and reuse, specifically by developing recycled rare-earth magnet routes and increasing rare-earth recyclability in electric-vehicle motors.",objective_01; title_01,"HEFT considers that an energy efficient rare-earth synchronous motor is the best option for next generation high-power primary axle traction EVs and proposes a set of innovation challenges on electric synchronous motor configuration based on SiC inverters (direct cooling of rotor and stator, advance insulation for high voltage, multibarrier rotor topology, wave windings) and advanced materials (advanced GBD magnets, epoxy for magnet fixation, composite for motor housing, insulation resin).These innovations will result in a high-efficient and low-cost solution that will be validated on 2 motor topologies, which compared to two main reference automotive IPM commercial motors in Europe (VW ID.3 and FIAT500) will lead to next impacts: >800V, 20% reduction losses, >7 KW/kg and 42kW/l power density, 28% cheaper, 50-66% material savings, including 60% reduction of REE content and >80% REE recyclability rate.As this solution is still dependent on REE from China, HEFT will be aligned with the ERMA action plan towards a circular economy market of rare earth permanent magnets and suggests: one alternative magnet route (Ce based) and two REE recycled routes together with policies promotion towards the foundation of a European rare earths industry, capable of delivering 20% of EU demand by 2030.HEFT plans 8 WPs to implement these concepts, where 5 research partners will be essential for developing innovative ideas around the design-to-x approach, while strong companies (GKN, MAGNETI, VYNCOLIT) will ensure that HEFT results have a clear market orientation and fulfil the industry needs.HEFT plans to organise OEM workshops to ensure wide adoption of HEFT solutions, but also with policymakers to promote regulations towards the EU circular market that would help maintaining the leadership of EU companies, while increasing their competitiveness and job opportunities linked to the new circular business models. | Novel concept of a low cost, high power density and highly efficient recyclable motor for next generation mass produced electric vehicles","The project makes rare-earth recycling and recyclability a substantive part of its work: it develops two recycled rare-earth routes and validates motor designs targeting an over-80% rare-earth recyclability rate. These are project-scale recycling mechanisms, not merely general efficiency improvements or information supplied for another actor to turn into a mechanism. The contribution is specifically focused on rare-earth materials in EV motors rather than waste prevention, reduction, recycling, or reuse across broader waste streams.","The project targets recyclability and develops recycled-material routes; evidence does not establish that it operates a full-scale recycling system or achieves the stated recyclability rate in deployed vehicles. | The contribution is limited to rare-earth materials and electric-vehicle motors, rather than the broader waste-generation outcome.",objective; title,HORIZON_EUROPE,
101102013,HE-ART,Hybrid Electric propulsion system for regional AiRcrafT,7,7.3,"By 2030, double the global rate of improvement in energy efficiency",http://data.europa.eu/sdg/7.3,WEAK,MEDIUM,Categorical confidence derived from verifier match strength; not a calibrated probability.,DIRECT,1,0.3617315163068803,Double the global rate of improvement in energy efficiency,objective_04; objective_06,"Hybridization of the propulsion system enables combining the technical components benefits, thereby achieving an overall efficiency improvement. | This will be accomplished by achieving a strategic global objective of demonstrating, within 36 months, the viability of a hybrid electric thermal turboprop (e-TP) within the scope of a dedicated integrated ground test demonstrator.HE-ART will build on existing state of the art integrating the following technologies into the demonstrator:•Core thermal engine•Electric motor and power electronics•Gearbox•Propeller•Nacelle and heat exchangerThis will be executed in conjunction with the Top-Level Aircraft Requirements that will be defined in parallel Clean Aviation research projects.","The project develops and tests an integrated hybrid-electric thermal turboprop demonstrator, and explicitly links propulsion hybridization to overall efficiency improvement. This is a concrete, project-scale energy-efficiency technology pathway; global scaling is not required. The demonstrator does not itself establish a measured improvement in aircraft energy efficiency or perform the global rate-doubling outcome, but those are broader outcomes rather than material gaps in the project’s target-specific mechanism.","The evidence describes a ground-test demonstrator intended to demonstrate viability, not an operational aircraft or measured in-service energy-efficiency gains. | No quantified efficiency result or contribution to doubling the global improvement rate is reported.",objective,HORIZON_EUROPE,
101102013,HE-ART,Hybrid Electric propulsion system for regional AiRcrafT,9,9.4,"By 2030, upgrade infrastructure and retrofit industries to make them sustainable, with increased resource-use efficiency and greater adoption of clean and environmentally sound technologies and industrial processes, with all countries taking action in accordance with their respective capabilities",http://data.europa.eu/sdg/9.4,WEAK,MEDIUM,Categorical confidence derived from verifier match strength; not a calibrated probability.,DIRECT,6,0.2891477799725882,Upgrade infrastructure and retrofit industries to make them sustainable through increased resource-use efficiency and greater adoption of clean and environmentally sound technologies and industrial processes.,objective_04; objective_05; objective_06,"Hybridization of the propulsion system enables combining the technical components benefits, thereby achieving an overall efficiency improvement. | It is a concept well understood by the general public, due to the hybridization of automobiles, and can bring a real impact on the reduction of GHG emissions.While enabling rather than limiting new sources of energy in aviation, an ambitious path to reduction of greenhouse gases and the pathway to a cleaner and greener aviation for regional flights is built upon three pillars:•Electric hybridization•An ultra-efficient turboprop thermal engine•100% SAF compatibilityHE-ART will be a first step on the path to hybridization of regional aircraft and a reduction of up to XX% of GHG. | This will be accomplished by achieving a strategic global objective of demonstrating, within 36 months, the viability of a hybrid electric thermal turboprop (e-TP) within the scope of a dedicated integrated ground test demonstrator.HE-ART will build on existing state of the art integrating the following technologies into the demonstrator:•Core thermal engine•Electric motor and power electronics•Gearbox•Propeller•Nacelle and heat exchangerThis will be executed in conjunction with the Top-Level Aircraft Requirements that will be defined in parallel Clean Aviation research projects.","The project develops and tests an integrated hybrid-electric turboprop propulsion demonstrator, with stated efficiency improvement and greenhouse-gas reduction aims. This is a concrete, target-specific clean-technology development activity at project scale; later aircraft deployment is not required to count that activity as substantive progress. However, the project does not itself retrofit aircraft or implement industry-wide adoption, so its output is a constituent mechanism rather than the broader governing upgrade and retrofit action.",The project demonstrates viability in an integrated ground-test demonstrator rather than retrofitting aircraft or operational infrastructure. | The stated emissions reduction is an aim; the supplied evidence does not report a measured reduction or subsequent adoption.,objective,HORIZON_EUROPE,
101102013,HE-ART,Hybrid Electric propulsion system for regional AiRcrafT,8,8.2,"Achieve higher levels of economic productivity through diversification, technological upgrading and innovation, including through a focus on high-value added and labour-intensive sectors",http://data.europa.eu/sdg/8.2,WEAK,MEDIUM,Categorical confidence derived from verifier match strength; not a calibrated probability.,DIRECT,7,0.2727055293794713,"Achieve higher economic productivity through technological upgrading and innovation, including in high-value-added and labour-intensive sectors.",objective_04; objective_05; objective_06; objective_07,"Hybridization of the propulsion system enables combining the technical components benefits, thereby achieving an overall efficiency improvement. | It is a concept well understood by the general public, due to the hybridization of automobiles, and can bring a real impact on the reduction of GHG emissions.While enabling rather than limiting new sources of energy in aviation, an ambitious path to reduction of greenhouse gases and the pathway to a cleaner and greener aviation for regional flights is built upon three pillars:•Electric hybridization•An ultra-efficient turboprop thermal engine•100% SAF compatibilityHE-ART will be a first step on the path to hybridization of regional aircraft and a reduction of up to XX% of GHG. | This will be accomplished by achieving a strategic global objective of demonstrating, within 36 months, the viability of a hybrid electric thermal turboprop (e-TP) within the scope of a dedicated integrated ground test demonstrator.HE-ART will build on existing state of the art integrating the following technologies into the demonstrator:•Core thermal engine•Electric motor and power electronics•Gearbox•Propeller•Nacelle and heat exchangerThis will be executed in conjunction with the Top-Level Aircraft Requirements that will be defined in parallel Clean Aviation research projects. | To ensure that these requirements are met in full, HE-ART brings together the leading engine manufacturers, Rolls Royce and Safran with leading airframers, ATR, Airbus and Leonardo along with key manufacturers and research organisations.","The project centrally integrates hybrid-electric propulsion technologies and builds an integrated ground-test demonstrator to test the viability of a hybrid-electric thermal turboprop. This is a concrete, target-specific technological upgrading and innovation activity in regional aircraft propulsion, performed at project scale. The contribution is immediate for the technology-development component; broader productivity gains or commercial deployment are not demonstrated but are not required for project-scale realization.","The evidence establishes a demonstrator and intended efficiency and emissions improvements, not measured productivity gains or economy-wide effects. | Commercial deployment and wider adoption are not established.",objective,HORIZON_EUROPE,
101102013,HE-ART,Hybrid Electric propulsion system for regional AiRcrafT,8,8.4,"Improve progressively, through 2030, global resource efficiency in consumption and production and endeavour to decouple economic growth from environmental degradation, in accordance with the 10‑Year Framework of Programmes on Sustainable Consumption and Production, with developed countries taking the lead",http://data.europa.eu/sdg/8.4,WEAK,MEDIUM,Categorical confidence derived from verifier match strength; not a calibrated probability.,DIRECT,8,0.2701561696400336,"Progressively improve global resource efficiency in consumption and production, through a more resource-efficient aircraft propulsion system that reduces fuel use and greenhouse-gas emissions.",objective_04; objective_05; objective_06,"Hybridization of the propulsion system enables combining the technical components benefits, thereby achieving an overall efficiency improvement. | It is a concept well understood by the general public, due to the hybridization of automobiles, and can bring a real impact on the reduction of GHG emissions.While enabling rather than limiting new sources of energy in aviation, an ambitious path to reduction of greenhouse gases and the pathway to a cleaner and greener aviation for regional flights is built upon three pillars:•Electric hybridization•An ultra-efficient turboprop thermal engine•100% SAF compatibilityHE-ART will be a first step on the path to hybridization of regional aircraft and a reduction of up to XX% of GHG. | This will be accomplished by achieving a strategic global objective of demonstrating, within 36 months, the viability of a hybrid electric thermal turboprop (e-TP) within the scope of a dedicated integrated ground test demonstrator.HE-ART will build on existing state of the art integrating the following technologies into the demonstrator:•Core thermal engine•Electric motor and power electronics•Gearbox•Propeller•Nacelle and heat exchangerThis will be executed in conjunction with the Top-Level Aircraft Requirements that will be defined in parallel Clean Aviation research projects.","The project integrates and tests a hybrid-electric turboprop demonstrator, and states that hybridization improves overall efficiency and can reduce greenhouse-gas emissions. This is a concrete production-side efficiency mechanism at project scale; broader aircraft deployment and emissions reductions are not required to recognize that mechanism. The project develops and tests a propulsion technology rather than itself carrying out the broader governing action of improving resource efficiency across production, so alignment is constituent-mechanism-only.","The evidence describes a dedicated integrated ground-test demonstrator, not aircraft-wide operational deployment. | The project states a pathway to reduced greenhouse-gas emissions, but does not establish realized fuel or emissions savings in service.",objective,HORIZON_EUROPE,
101102013,HE-ART,Hybrid Electric propulsion system for regional AiRcrafT,12,12.1,"Implement the 10‑Year Framework of Programmes on Sustainable Consumption and Production Patterns, all countries taking action, with developed countries taking the lead, taking into account the development and capabilities of developing countries",http://data.europa.eu/sdg/12.1,WEAK,MEDIUM,Categorical confidence derived from verifier match strength; not a calibrated probability.,DIRECT,9,0.26633535893263904,Implementing sustainable consumption and production patterns through lower-GHG regional aviation propulsion.,objective_03; objective_04; objective_05; objective_06,"One major issue is the perception of the high CO2 and greenhouse gas (GHG) emissions by planes for these short journeys. | Hybridization of the propulsion system enables combining the technical components benefits, thereby achieving an overall efficiency improvement. | It is a concept well understood by the general public, due to the hybridization of automobiles, and can bring a real impact on the reduction of GHG emissions.While enabling rather than limiting new sources of energy in aviation, an ambitious path to reduction of greenhouse gases and the pathway to a cleaner and greener aviation for regional flights is built upon three pillars:•Electric hybridization•An ultra-efficient turboprop thermal engine•100% SAF compatibilityHE-ART will be a first step on the path to hybridization of regional aircraft and a reduction of up to XX% of GHG. | This will be accomplished by achieving a strategic global objective of demonstrating, within 36 months, the viability of a hybrid electric thermal turboprop (e-TP) within the scope of a dedicated integrated ground test demonstrator.HE-ART will build on existing state of the art integrating the following technologies into the demonstrator:•Core thermal engine•Electric motor and power electronics•Gearbox•Propeller•Nacelle and heat exchangerThis will be executed in conjunction with the Top-Level Aircraft Requirements that will be defined in parallel Clean Aviation research projects.","The project centrally develops and tests a hybrid-electric turboprop propulsion demonstrator, explicitly aiming to improve efficiency and reduce GHG emissions from regional aviation. This is a concrete, target-specific cleaner-production mechanism at project scale; later aircraft deployment or broader adoption is not needed to establish that capacity. The project does not itself implement the 10-Year Framework or establish country-level consumption and production patterns, but those broader conditions are not required for this project-scale component.","The project demonstrates propulsion-system viability in an integrated ground demonstrator, rather than operating aircraft in service. | No measured emissions reduction or broad adoption is reported. | The project does not implement the 10-Year Framework across countries or establish developed-country leadership.",objective,HORIZON_EUROPE,
101104432,4P-CAN,Personalized CANcer Primary Prevention research through Citizen Participation and digitally enabled social innovation,3,3.d,"Strengthen the capacity of all countries, in particular developing countries, for early warning, risk reduction and management of national and global health risks",http://data.europa.eu/sdg/3.d,WEAK,MEDIUM,Categorical confidence derived from verifier match strength; not a calibrated probability.,DIRECT,2,0.48948808945945566,"Strengthening capacity for early warning, risk reduction and management of national and global health risks, through cancer primary-risk prevention.",objective_02; objective_03; objective_04,"Following the European Code Against Cancer recommendations as a narrative reference and combining implementation research (including economic sciences), social sciences and humanities (SSH), together with behavioral sciences, and innovative technological approaches, 4P-CAN ultimately delivers new personalized tools for primary prevention of cancer in Central and Eastern European countries from the consortium. | The co-created knowledge is then used to personalize the primary prevention interventions through Living-labs and implement personalized communication campaigns on cancer prevention. | The project will focus on some of the main modifiable risk factors for cancer occurrence: smoking, alcohol consumption, physical inactivity, excess body weight (overweight and obesity), HPV and HBV infections preventable through vaccination, as well as environmental pollution (including radon), and the understanding of the barriers in front of the policy implementation and individual adherence to healthy behaviors in countries from Eastern Europe (Romania, Bulgaria, Republic of Moldova, North Macedonia, Montenegro, Ukraine), to improve as a consequence the primary prevention activities and reduce the inequalities.","The project develops personalized primary-prevention tools and implements prevention interventions and communication addressing specified cancer risk factors. These are concrete, project-scale risk-reduction mechanisms and capacities, not merely an evidence input awaiting a distinct intervention. The evidence does not establish early-warning activity or comprehensive management of national and global health risks, but those omissions do not displace the eligible risk-reduction component.","The project addresses selected cancer risk factors rather than the full range of national and global health risks. | The evidence does not describe early-warning activities or comprehensive health-risk management. | Implementation is described in participating Central and Eastern European countries, not across all countries.",objective,HORIZON_EUROPE,
101104432,4P-CAN,Personalized CANcer Primary Prevention research through Citizen Participation and digitally enabled social innovation,3,3.9,"By 2030, substantially reduce the number of deaths and illnesses from hazardous chemicals and air, water and soil pollution and contamination",http://data.europa.eu/sdg/3.9,STRONG,HIGH,Categorical confidence derived from verifier match strength; not a calibrated probability.,DIRECT,5,0.4146717096222833,"Reduce illnesses from hazardous chemicals and air, water and soil pollution and contamination, through primary cancer prevention addressing environmental pollution (including radon).",objective_02; objective_03; objective_04,"Following the European Code Against Cancer recommendations as a narrative reference and combining implementation research (including economic sciences), social sciences and humanities (SSH), together with behavioral sciences, and innovative technological approaches, 4P-CAN ultimately delivers new personalized tools for primary prevention of cancer in Central and Eastern European countries from the consortium. | The co-created knowledge is then used to personalize the primary prevention interventions through Living-labs and implement personalized communication campaigns on cancer prevention. | The project will focus on some of the main modifiable risk factors for cancer occurrence: smoking, alcohol consumption, physical inactivity, excess body weight (overweight and obesity), HPV and HBV infections preventable through vaccination, as well as environmental pollution (including radon), and the understanding of the barriers in front of the policy implementation and individual adherence to healthy behaviors in countries from Eastern Europe (Romania, Bulgaria, Republic of Moldova, North Macedonia, Montenegro, Ukraine), to improve as a consequence the primary prevention activities and reduce the inequalities.","The project develops and implements personalized primary cancer-prevention interventions and communication campaigns, explicitly addressing environmental pollution including radon as a cancer risk factor. These are concrete prevention mechanisms performed by the project at its stated scope; no measured population-level reduction in illness is required. The evidence does not show that the project reduces pollution itself or covers all pollution-related illnesses, but those are not necessary to the selected prevention pathway.","No measured reduction in pollution-related illness is stated. | Environmental pollution, including radon, is one among several risk factors addressed; the project does not cover the full range of hazardous chemicals and air, water and soil pollution.",objective,HORIZON_EUROPE,
101104432,4P-CAN,Personalized CANcer Primary Prevention research through Citizen Participation and digitally enabled social innovation,3,3.3,"By 2030, end the epidemics of AIDS, tuberculosis, malaria and neglected tropical diseases and combat hepatitis, water-borne diseases and other communicable diseases",http://data.europa.eu/sdg/3.3,WEAK,MEDIUM,Categorical confidence derived from verifier match strength; not a calibrated probability.,DIRECT,6,0.41301578314103454,"Combat hepatitis and other communicable diseases, through prevention of HBV infection by vaccination.",objective_02; objective_03; objective_04,"Following the European Code Against Cancer recommendations as a narrative reference and combining implementation research (including economic sciences), social sciences and humanities (SSH), together with behavioral sciences, and innovative technological approaches, 4P-CAN ultimately delivers new personalized tools for primary prevention of cancer in Central and Eastern European countries from the consortium. | The co-created knowledge is then used to personalize the primary prevention interventions through Living-labs and implement personalized communication campaigns on cancer prevention. | The project will focus on some of the main modifiable risk factors for cancer occurrence: smoking, alcohol consumption, physical inactivity, excess body weight (overweight and obesity), HPV and HBV infections preventable through vaccination, as well as environmental pollution (including radon), and the understanding of the barriers in front of the policy implementation and individual adherence to healthy behaviors in countries from Eastern Europe (Romania, Bulgaria, Republic of Moldova, North Macedonia, Montenegro, Ukraine), to improve as a consequence the primary prevention activities and reduce the inequalities.","The project centrally develops and implements personalized primary-prevention interventions and communication campaigns addressing HBV infections preventable through vaccination. These are concrete prevention activities at project scale, not merely an evidence or generic-tool input. However, the evidence describes prevention interventions and campaigns, not vaccine delivery or administration itself, leaving a meaningful part of the vaccination pathway outside the project.",No evidence states that the project administers vaccines or directly delivers vaccination services. | No measured reduction in HBV incidence or disease burden is reported.,objective,HORIZON_EUROPE,
101104432,4P-CAN,Personalized CANcer Primary Prevention research through Citizen Participation and digitally enabled social innovation,3,3.4,"By 2030, reduce by one third premature mortality from non-communicable diseases through prevention and treatment and promote mental health and well-being",http://data.europa.eu/sdg/3.4,STRONG,HIGH,Categorical confidence derived from verifier match strength; not a calibrated probability.,DIRECT,7,0.4120344917383989,"Prevention of non-communicable diseases, specifically primary prevention of cancer through interventions addressing modifiable cancer risk factors.",objective_02; objective_03; objective_04,"Following the European Code Against Cancer recommendations as a narrative reference and combining implementation research (including economic sciences), social sciences and humanities (SSH), together with behavioral sciences, and innovative technological approaches, 4P-CAN ultimately delivers new personalized tools for primary prevention of cancer in Central and Eastern European countries from the consortium. | The co-created knowledge is then used to personalize the primary prevention interventions through Living-labs and implement personalized communication campaigns on cancer prevention. | The project will focus on some of the main modifiable risk factors for cancer occurrence: smoking, alcohol consumption, physical inactivity, excess body weight (overweight and obesity), HPV and HBV infections preventable through vaccination, as well as environmental pollution (including radon), and the understanding of the barriers in front of the policy implementation and individual adherence to healthy behaviors in countries from Eastern Europe (Romania, Bulgaria, Republic of Moldova, North Macedonia, Montenegro, Ukraine), to improve as a consequence the primary prevention activities and reduce the inequalities.","The project develops personalized cancer-prevention tools, co-creates and personalizes prevention interventions, and implements prevention communication campaigns addressing specified modifiable risk factors. These are project-scale prevention mechanisms, not merely generic information inputs. The project does not need to demonstrate population-level reductions in premature mortality to instantiate this component.","The evidence does not establish that the project achieves a measured reduction in premature mortality. | The stated work concerns selected cancer risk factors and participating Central and Eastern European settings, rather than all non-communicable diseases or populations.",objective,HORIZON_EUROPE,
101105041,WAC-mTOR-OC,Targeting R2TP/TTT/WAC/mTOR complex in ovarian cancer.,3,3.4,"By 2030, reduce by one third premature mortality from non-communicable diseases through prevention and treatment and promote mental health and well-being",http://data.europa.eu/sdg/3.4,WEAK,MEDIUM,Categorical confidence derived from verifier match strength; not a calibrated probability.,INDIRECT,10,0.16156803870325173,"Prevention and treatment of non-communicable diseases, specifically developing therapeutic strategies for ovarian cancer.",objective_06; objective_07; objective_08,"Thus, our hypothesis is that WAC regulates an mTOR activation pathway that influences OC progression and response to chemotherapy and that targeting this complex is a potential therapeutic prospect for the treatment of OC. | In particular, we propose to (i) establish the mechanism and role of the R2TP/TTT/WAC/mTOR complex in OC and (ii) to identify new therapeutic strategies targeting this complex for the treatment of OC.We have envisioned this project as a diverse node of cancer signaling and protein experts, with a predicted outcome highly transferable to society. | The translational character of this proposal, from molecular mechanism to therapeutics, relies on the integration of an interdisciplinary team formed by the host group proficiency in Structural Biology and my expertise in Molecular Biology and Drug Discovery, together with scientific experts on Experimental Therapeutics and Bioinformatics from the host institution and collaborators.","The project’s major work is to establish the role of a molecular complex in ovarian cancer and identify strategies that target it. This is specific therapeutic research, but the evidence describes candidate strategy development rather than delivering or testing a treatment; a distinct downstream step is needed to instantiate treatment. The project performs research on the disease and treatment pathway, with no material mismatch in the claimed component, but its immediate contribution is upstream of treatment.",No treatment is shown to have been clinically tested or delivered. | No reduction in premature mortality or population-level outcome is reported.,objective,HORIZON_EUROPE,
101107228,Filcellstress,"How mechanical and electrical stimuli affect bacteria filamentation, a major cell stress response",9,9.5,"Enhance scientific research, upgrade the technological capabilities of industrial sectors in all countries, in particular developing countries, including, by 2030, encouraging innovation and substantially increasing the number of research and development workers per 1 million people and public and private research and development spending",http://data.europa.eu/sdg/9.5,STRONG,HIGH,Categorical confidence derived from verifier match strength; not a calibrated probability.,DIRECT,7,0.09659182353664597,Enhance scientific research,objective_02; objective_03; objective_09; objective_10; objective_11,"One of the characteristic bacteria phenotypes of antibiotic resistance (and more generally of a stress response) is filamentation, which has been linked to survival strategies and virulence and is present in the most common form of bacteria in nature: biofilms. | Thus, characterizing the filamentation phenotype opens the door to understanding the physiology and adaptation of bacterial cells under stress and during colonization processes.Filamentation results from a coordination of growth and division which are driven by the assembly machinery of the Fts system, the Min oscillatory system, and the nuclear occlusion system. | In this context, we hypothesize that the interplay between mechanical cues (e.g., filament bending) and changes in the bacteria membrane potential play a key role to regulate bacterial filamentation. | Thus, the main objective of this project is determining how mechanosensitive and electrical properties of the division/growth machinery in E. | coli regulate its filamentation.","The project conducts original research into bacterial filamentation, specifically investigating how mechanical and electrical properties regulate it. Scientific research itself is the operative action in the claimed component, so the project performs that action at project scale; broader industrial uptake or societal impact is not required. The evidence specifically establishes the research question and biological subject, although it does not describe all research methods or outputs.","The evidence does not establish upgrading industrial-sector technological capabilities or increasing R&D workers or spending; those are parallel elements of the broader target, not the claimed component being evaluated. | No broader application or downstream impact of the findings is described.",objective,HORIZON_EUROPE,
101110216,Den-LLZO,Understanding the origins of dendrite formation and growth in LLZO solid electrolytes,7,7.2,"By 2030, increase substantially the share of renewable energy in the global energy mix",http://data.europa.eu/sdg/7.2,WEAK,MEDIUM,Categorical confidence derived from verifier match strength; not a calibrated probability.,INDIRECT,2,0.165268908811661,Increase the share of renewable energy in the global energy mix through improved energy storage batteries.,objective_01; objective_02; objective_03; objective_06; objective_07; objective_08; objective_09; objective_10,"Rechargeable lithium-ion batteries have gained crucial importance for energy storage systems due to their high energy and power density, reliability and cyclability. | Solid-state electrolytes provide a promising alternative for highly flammable conventional liquid electrolytes, as they offer high thermal stability, high conductivity and improved safety. | Dendrite formation and growth through solid electrolyte is one of the main challenges, critically reducing the performance of Li batteries due to battery short circuit. | The objective of Den-LLZO project is to obtain a fundamental understanding the origin of dendrite formation and growth in the vicinity of the microstructural features. | Den-LLZO project aims to use atomic scale simulations to establish a mechanism map for dendrite formation in the presence of microstructural defects and to develop continuum models to predict the dendrite nucleation and growth rate in solid electrolytes. | In the first phase, we perform first-principle and molecular dynamics simulations to identify when, how and to what extent different internal defects trigger dendrite formation and growth. | The second phase seeks to develop predictive continuum models, informed through atomic scale simulations, for monitoring dendrite nucleation and growth in solid electrolytes. | The ambitious goal of Den-LLZO project is to propose design principles for suppressing dendrite formation in solid electrolytes, resulting in improved lithium-ion battery performance and lifetime, and hence facilitated transition toward renewable energy.","The project’s core work is scientific research and model development on dendrite formation in solid-state electrolytes, with design principles intended to improve lithium-ion battery performance and lifetime and thereby facilitate renewable-energy transition. It does not itself perform the governing action of increasing renewable energy’s share; battery development and deployment, and renewable-energy uptake, remain downstream. Its battery-specific research is more than generic information, but it is an upstream input to the claimed energy-mix outcome.","No evidence that the project builds, deploys, or operates batteries. | No evidence that the project increases renewable generation or its share in the energy mix.",objective,HORIZON_EUROPE,
101110216,Den-LLZO,Understanding the origins of dendrite formation and growth in LLZO solid electrolytes,9,9.5,"Enhance scientific research, upgrade the technological capabilities of industrial sectors in all countries, in particular developing countries, including, by 2030, encouraging innovation and substantially increasing the number of research and development workers per 1 million people and public and private research and development spending",http://data.europa.eu/sdg/9.5,STRONG,HIGH,Categorical confidence derived from verifier match strength; not a calibrated probability.,DIRECT,5,0.13187058020152598,Enhance scientific research,objective_06; objective_07; objective_08; objective_09,"The objective of Den-LLZO project is to obtain a fundamental understanding the origin of dendrite formation and growth in the vicinity of the microstructural features. | Den-LLZO project aims to use atomic scale simulations to establish a mechanism map for dendrite formation in the presence of microstructural defects and to develop continuum models to predict the dendrite nucleation and growth rate in solid electrolytes. | In the first phase, we perform first-principle and molecular dynamics simulations to identify when, how and to what extent different internal defects trigger dendrite formation and growth. | The second phase seeks to develop predictive continuum models, informed through atomic scale simulations, for monitoring dendrite nucleation and growth in solid electrolytes.","The project centrally conducts original scientific research into dendrite formation in solid electrolytes, using atomic-scale simulations and developing predictive continuum models. Research itself is the claimed component’s governing action, so this project-scale activity directly instantiates it. The evidence specifically identifies the research question, methods, and model development; no material mismatch remains for this component.",The evidence does not establish that the project upgrades industrial-sector technological capabilities or increases R&D workers or spending; those are other aspects of the broader target.,objective,HORIZON_EUROPE,
101113180,MAG.NET,Magnetic neural Network for predictive maintenance,9,9.5,"Enhance scientific research, upgrade the technological capabilities of industrial sectors in all countries, in particular developing countries, including, by 2030, encouraging innovation and substantially increasing the number of research and development workers per 1 million people and public and private research and development spending",http://data.europa.eu/sdg/9.5,STRONG,HIGH,Categorical confidence derived from verifier match strength; not a calibrated probability.,DIRECT,4,0.19491808936090405,Development of magnetic neural-network technology that upgrades technological capabilities for predictive maintenance in manufacturing.,objective_01; objective_02; objective_05,"Golana Computing is a new start-up company, spin-off from Spintec-CNRS, exploiting a recent scientific and technological breakthrough in the design and fabrication of bio-mimicking magnetic neurons.Breakthrough: Studying new magnetization reversal schemes, we have inadvertently discovered that domain wall depinning from geometrical traps imitates in many regards the spiking of biological neurons. | Based on this, we designed, fabricated and tested magnetic neurons able to complete bio-mimicking tasks. | Our Goal is to develop a technology and fabricate a prototype that extends this unique ability to other types of analog signals, and apply it for predictive maintenance in the manufacturing industry.","The project studies a novel magnetic-neuron mechanism, designs, fabricates, and tests magnetic neurons, and aims to develop the technology and fabricate a prototype for predictive maintenance in manufacturing. This is a concrete, project-scale technological capability specific to an industrial application. Its technological development is itself an operative contribution to upgrading industrial technological capabilities; later market readiness or broader industrial adoption is not required for this project-scale realization.","Evidence describes a planned prototype and intended manufacturing application, not demonstrated deployment or measured maintenance outcomes across industry. | The evidence does not establish a quantified increase in research and development workers or spending.",objective,HORIZON_EUROPE,
101113180,MAG.NET,Magnetic neural Network for predictive maintenance,7,7.3,"By 2030, double the global rate of improvement in energy efficiency",http://data.europa.eu/sdg/7.3,WEAK,MEDIUM,Categorical confidence derived from verifier match strength; not a calibrated probability.,DIRECT,5,0.18731342725469022,Improve energy efficiency through lower energy consumption for computation and data transfer in the proposed device.,objective_09; objective_11,"On the long term, our technology could be adapted for a variety of AI applications requiring low energy consumption or full privacy.The EIC Transition call corresponds exactly to our present needs: accelerate the development and the market readiness of our technology. | By working “on the edge”, our device reduces the energy and resources required for data transfer and, by imitating the biological neurons, it also reduces the energy required for the computation.","The project explicitly develops a device intended to reduce energy required for computation and data transfer. That device-level efficiency mechanism is a concrete, target-specific contribution at project scale; later market deployment or broader adoption is not required to count it as such. The evidence describes energy reductions but does not quantify them or establish measured performance at wider scale.",The stated energy reductions are not quantified in the supplied evidence. | The device is being developed toward a prototype and market readiness; the evidence does not establish broader deployment or a measured contribution to the global rate of energy-efficiency improvement.,objective,HORIZON_EUROPE,
101113961,AIIPDD,AI-driven IP Intelligence Engine for Drug Discovery,9,9.5,"Enhance scientific research, upgrade the technological capabilities of industrial sectors in all countries, in particular developing countries, including, by 2030, encouraging innovation and substantially increasing the number of research and development workers per 1 million people and public and private research and development spending",http://data.europa.eu/sdg/9.5,WEAK,MEDIUM,Categorical confidence derived from verifier match strength; not a calibrated probability.,INDIRECT,2,0.2761036048915709,Enhance scientific research through an AI-driven tool for searching and analyzing chemical-biological knowledge to establish novelty and state of the art in drug discovery.,objective_03; objective_04; objective_06; objective_07; objective_09,"While AI technologies help to identify thousands ofnew molecules that could be turned into potential medicines, it`s crucial to quickly establish the novelty of the most promisingcandidates. | Therefore, more than 135 million patents, 70 million journal articles, and 4 billion web pages are published creating a vastcorpus, Big Data of information that potentially needs to be searched to establish, for example, the novelty of a product, the state ofthe art in the field of interest or the variety of components within complex compositions. | It leads to the main challenge: there issimply way too much data for any human to read, analyze and understand.Semantic Intelligence develops an AI-driven IP intelligence Engine enabling users to search, analyze and extract complex knowledgeon chemical-biological interactions in patents. | Our proprietary State-of-the-art technology combines Natural Language Processing +Machine Learning + Full linguistic data analysis + Chemical structure processing and Image Recognition, delivering novel ways byintegrating two languages: chemical structure and words, into a single semantic meaning. | Weare aiming to disrupt the life science industry by delivering a low-cost solution to enable small & medium market players to create value by protecting their IP.","The project develops a specialized AI engine that searches and analyzes scientific and patent information, including chemical-biological interactions, to help identify promising drug candidates and assess novelty and the state of the art. This is a target-specific research-support tool, but the evidence describes enabling researchers and companies rather than the project itself conducting drug-discovery research or establishing research outputs.",The evidence does not show the project itself conducting drug-discovery research or validating drug candidates. | The claimed benefit depends on users applying the engine's analyses in subsequent research.,objective,HORIZON_EUROPE,
101114249,ReTeWa,Textile Change - Recycling Textile Waste,12,12.5,"By 2030, substantially reduce waste generation through prevention, reduction, recycling and reuse",http://data.europa.eu/sdg/12.5,WEAK,MEDIUM,Categorical confidence derived from verifier match strength; not a calibrated probability.,DIRECT,1,0.5145707642961909,"Reduce waste generation through recycling and reuse, specifically fiber-to-fiber recycling of textile waste.",title_01; objective_01; objective_02; objective_03; objective_04,"Textile Change - Recycling Textile Waste | Textile Change is a Danish start-up company developing a promising and patent pending chemical recycling technology for fiber-to-fiber recycling of textile waste. | The technology can be used for blended textiles including any combination of polyester, natural fibers (cotton, hemp etc.) and regenerated cellulose fibers (viscose, lyocell, etc.). | The new EU Strategy for Sustainable and Circular Textiles tackles aims to ensure that by 2030 textile products placed on the EU market are made as much as possible of recycled fibers, but to reach this goal scalable recycling solutions for fiber-to-fiber recycling is needed. | At Textile Change we are developing a scalable solution that can support the EU strategy and ensure fiber-to-fiber recycling for blended textiles.Two of three founders of Textile Change are women, and our focus in the WomenTech programme will be on market validation and product optimization.","The project develops a chemical recycling technology specifically for fiber-to-fiber recycling of textile waste, including blended textiles. Developing this target-specific recycling process is a concrete project-scale mechanism that directly advances the recycling pathway; later validation, optimization, or scaling does not make it merely an upstream input. The project does not establish that it has already operated the process or achieved waste reduction, but that is not required to recognize the technology development as a substantive target-specific capacity.","Evidence describes technology development, not completed recycling operations or measured waste reduction. | Market validation, product optimization, and broader scaling remain future work.",title; objective,HORIZON_EUROPE,
101114249,ReTeWa,Textile Change - Recycling Textile Waste,12,12.4,"By 2020, achieve the environmentally sound management of chemicals and all wastes throughout their life cycle, in accordance with agreed international frameworks, and significantly reduce their release to air, water and soil in order to minimize their adverse impacts on human health and the environment",http://data.europa.eu/sdg/12.4,WEAK,MEDIUM,Categorical confidence derived from verifier match strength; not a calibrated probability.,DIRECT,2,0.44551534015361227,"Environmentally sound management of waste throughout its life cycle, including textile waste recycling",title_01; objective_01; objective_02; objective_04,"Textile Change - Recycling Textile Waste | Textile Change is a Danish start-up company developing a promising and patent pending chemical recycling technology for fiber-to-fiber recycling of textile waste. | The technology can be used for blended textiles including any combination of polyester, natural fibers (cotton, hemp etc.) and regenerated cellulose fibers (viscose, lyocell, etc.). | At Textile Change we are developing a scalable solution that can support the EU strategy and ensure fiber-to-fiber recycling for blended textiles.Two of three founders of Textile Change are women, and our focus in the WomenTech programme will be on market validation and product optimization.","The project centrally develops a specific chemical fiber-to-fiber recycling technology for textile waste, including blended textiles. That is a concrete, target-specific recycling mechanism and substantive project-scale progress; later commercial deployment or broader scaling is not required for immediate advancement. However, the project describes developing the technology rather than itself carrying out textile-waste recycling, so it does not perform the governing waste-management action as framed. It does not establish comprehensive life-cycle management or significant reductions in releases.","Evidence describes technology development, not operational recycling of waste. | No comprehensive life-cycle management or reduction in releases to air, water, or soil is reported.",title; objective,HORIZON_EUROPE,
101114249,ReTeWa,Textile Change - Recycling Textile Waste,9,9.4,"By 2030, upgrade infrastructure and retrofit industries to make them sustainable, with increased resource-use efficiency and greater adoption of clean and environmentally sound technologies and industrial processes, with all countries taking action in accordance with their respective capabilities",http://data.europa.eu/sdg/9.4,WEAK,MEDIUM,Categorical confidence derived from verifier match strength; not a calibrated probability.,DIRECT,3,0.4278205622820471,Greater adoption of clean and environmentally sound technologies and industrial processes through chemical fiber-to-fiber recycling of textile waste.,objective_01; objective_02; objective_03; objective_04,"Textile Change is a Danish start-up company developing a promising and patent pending chemical recycling technology for fiber-to-fiber recycling of textile waste. | The technology can be used for blended textiles including any combination of polyester, natural fibers (cotton, hemp etc.) and regenerated cellulose fibers (viscose, lyocell, etc.). | The new EU Strategy for Sustainable and Circular Textiles tackles aims to ensure that by 2030 textile products placed on the EU market are made as much as possible of recycled fibers, but to reach this goal scalable recycling solutions for fiber-to-fiber recycling is needed. | At Textile Change we are developing a scalable solution that can support the EU strategy and ensure fiber-to-fiber recycling for blended textiles.Two of three founders of Textile Change are women, and our focus in the WomenTech programme will be on market validation and product optimization.","The project centrally develops and optimizes a scalable chemical fiber-to-fiber recycling technology for textile waste, including blended textiles. This is a concrete, target-specific industrial process mechanism rather than merely generic research or information. Its development itself advances the target component; later market adoption and broader scaling do not make it merely upstream. The project develops the recycling process but does not establish that textile infrastructure is upgraded or that the process has already been adopted at market scale.","The evidence describes technology development and planned market validation and product optimization, not demonstrated commercial adoption or broad-scale operation. | The project does not establish wider retrofitting of textile industry infrastructure.",objective,HORIZON_EUROPE,
101114249,ReTeWa,Textile Change - Recycling Textile Waste,12,12.2,"By 2030, achieve the sustainable management and efficient use of natural resources",http://data.europa.eu/sdg/12.2,WEAK,MEDIUM,Categorical confidence derived from verifier match strength; not a calibrated probability.,DIRECT,8,0.3506647663241563,Sustainable management and efficient use of natural resources through fiber-to-fiber recycling of textile waste,objective_01; objective_02; objective_04,"Textile Change is a Danish start-up company developing a promising and patent pending chemical recycling technology for fiber-to-fiber recycling of textile waste. | The technology can be used for blended textiles including any combination of polyester, natural fibers (cotton, hemp etc.) and regenerated cellulose fibers (viscose, lyocell, etc.). | At Textile Change we are developing a scalable solution that can support the EU strategy and ensure fiber-to-fiber recycling for blended textiles.Two of three founders of Textile Change are women, and our focus in the WomenTech programme will be on market validation and product optimization.","Developing chemical technology specifically for fiber-to-fiber recycling of textile waste is a concrete, target-specific recycling mechanism. The project is not merely supplying generic information or an unrelated technical input. However, the evidence describes technology development rather than actual operation of a recycling process, so the contribution is a substantial capacity rather than completed recycling.","The evidence establishes development of a recycling technology, not operation of a recycling facility or completed recovery of textile waste. | The project is developing a scalable solution; implementation at broader scale is not established.",objective,HORIZON_EUROPE,
101114249,ReTeWa,Textile Change - Recycling Textile Waste,8,8.4,"Improve progressively, through 2030, global resource efficiency in consumption and production and endeavour to decouple economic growth from environmental degradation, in accordance with the 10‑Year Framework of Programmes on Sustainable Consumption and Production, with developed countries taking the lead",http://data.europa.eu/sdg/8.4,WEAK,MEDIUM,Categorical confidence derived from verifier match strength; not a calibrated probability.,DIRECT,9,0.34886675172843523,Improve resource efficiency in consumption and production through textile-waste recycling and reuse of fibers in production,objective_01; objective_02; objective_03; objective_04,"Textile Change is a Danish start-up company developing a promising and patent pending chemical recycling technology for fiber-to-fiber recycling of textile waste. | The technology can be used for blended textiles including any combination of polyester, natural fibers (cotton, hemp etc.) and regenerated cellulose fibers (viscose, lyocell, etc.). | The new EU Strategy for Sustainable and Circular Textiles tackles aims to ensure that by 2030 textile products placed on the EU market are made as much as possible of recycled fibers, but to reach this goal scalable recycling solutions for fiber-to-fiber recycling is needed. | At Textile Change we are developing a scalable solution that can support the EU strategy and ensure fiber-to-fiber recycling for blended textiles.Two of three founders of Textile Change are women, and our focus in the WomenTech programme will be on market validation and product optimization.","The project centrally develops a chemical process specifically for fiber-to-fiber recycling of textile waste, including blended textiles. This is a concrete, target-specific recycling mechanism that can return waste fibers to production. The project is developing and optimizing the technology rather than documenting operation of a commercial recycling system, but project scale and later adoption do not negate its substantive contribution. The evidence directly identifies the recycling activity and its production pathway; it does not establish the broader resource-efficiency outcome at scale.","The evidence describes technology development and planned market validation and product optimization, not demonstrated routine processing of textile waste at scale. | The contribution is specific to textile-waste recycling and does not establish economy-wide resource efficiency or decoupling of economic growth from environmental degradation.",objective,HORIZON_EUROPE,
101121134,B-prepared,"Building PREPAREDness with Collaborative Knowledge Platform, Gamification and Serious Game in Virtual Reality",13,13.1,Strengthen resilience and adaptive capacity to climate-related hazards and natural disasters in all countries,http://data.europa.eu/sdg/13.1,STRONG,HIGH,Categorical confidence derived from verifier match strength; not a calibrated probability.,DIRECT,2,0.4045565165399899,"Strengthen resilience and adaptive capacity to climate-related hazards and natural disasters through citizen disaster preparedness, including understanding alerts and responding appropriately during disaster situations.",objective_01; objective_02; objective_03; objective_04; objective_05,"Recent disaster events, like the 2021 flood in Germany showed clearly, that even the best alert systems and top first responder organisations can not prevent fatalities and serious damage on property without having prepared the citizens how to act and react during disaster situations and crises, understand alerts and follow instructions. | B-prepared offers a cost-effective solution for building a culture of disaster preparedness with a multi-actor approach in realistic historical scenarios. | B-prepared builds on a freely accessible massive collaborative knowledge base and data hub, demonstrating its usefulness via three demonstrator applications: a cooperative multiplayer VR serious game, simulating real disaster scenarios for the safest near-real experience; | an interactive gamified mobile app with age-appropriate content and enhanced accessibility to people with specific functional needs for the widest possible reach; | and an LMS system to effectively and comparably measure preparedness levels achieved by VR and/or mobile users on a unified scale.","The project’s central work builds and assesses citizen disaster preparedness through realistic scenario-based training, accessible applications, and a system for measuring preparedness. These are concrete, target-specific preparedness mechanisms performed at project scale, rather than merely information or a generic tool awaiting a distinct intervention. The evidence does not establish actual improvements in real-world response or reduced disaster losses, but those outcomes are not required to recognize the project’s preparedness activity.","The evidence describes preparedness training and measurement, but does not establish resulting behavior change during actual disasters or reduced fatalities and property damage. | The project’s stated focus is citizen preparedness; it does not address every dimension of resilience or adaptive capacity.",objective,HORIZON_EUROPE,
101121134,B-prepared,"Building PREPAREDness with Collaborative Knowledge Platform, Gamification and Serious Game in Virtual Reality",11,11.5,"By 2030, significantly reduce the number of deaths and the number of people affected and substantially decrease the direct economic losses relative to global gross domestic product caused by disasters, including water-related disasters, with a focus on protecting the poor and people in vulnerable situations",http://data.europa.eu/sdg/11.5,WEAK,MEDIUM,Categorical confidence derived from verifier match strength; not a calibrated probability.,DIRECT,3,0.401720540688459,Reduce disaster-related deaths and people affected through improved citizen preparedness to understand alerts and follow instructions and act during disasters.,objective_01; objective_02; objective_03; objective_04; objective_05,"Recent disaster events, like the 2021 flood in Germany showed clearly, that even the best alert systems and top first responder organisations can not prevent fatalities and serious damage on property without having prepared the citizens how to act and react during disaster situations and crises, understand alerts and follow instructions. | B-prepared offers a cost-effective solution for building a culture of disaster preparedness with a multi-actor approach in realistic historical scenarios. | B-prepared builds on a freely accessible massive collaborative knowledge base and data hub, demonstrating its usefulness via three demonstrator applications: a cooperative multiplayer VR serious game, simulating real disaster scenarios for the safest near-real experience; | an interactive gamified mobile app with age-appropriate content and enhanced accessibility to people with specific functional needs for the widest possible reach; | and an LMS system to effectively and comparably measure preparedness levels achieved by VR and/or mobile users on a unified scale.","The project creates and demonstrates scenario-based preparedness tools, including VR and mobile learning applications, accessible content, and an LMS that assesses users’ preparedness. These are concrete, target-specific mechanisms for building citizen preparedness at project scale, rather than merely supplying generic information. The project does not itself prevent disaster deaths or damages, but the claimed component is framed around preparedness as the route to reducing harm; subsequent disaster outcomes and population-wide effects are not required for realization at project scale.","The evidence describes preparedness tools and assessment, but does not report measured reductions in deaths, affected people, or economic losses. | The stated accessibility for people with specific functional needs supports vulnerable users, but the evidence does not establish a particular reach among poor or disaster-vulnerable populations.",objective,HORIZON_EUROPE,
101121134,B-prepared,"Building PREPAREDness with Collaborative Knowledge Platform, Gamification and Serious Game in Virtual Reality",3,3.d,"Strengthen the capacity of all countries, in particular developing countries, for early warning, risk reduction and management of national and global health risks",http://data.europa.eu/sdg/3.d,WEAK,MEDIUM,Categorical confidence derived from verifier match strength; not a calibrated probability.,DIRECT,5,0.3128044350179225,Strengthening capacity for risk reduction and management of disaster-related health risks through citizen preparedness.,objective_01; objective_02; objective_03; objective_04; objective_05; objective_07,"Recent disaster events, like the 2021 flood in Germany showed clearly, that even the best alert systems and top first responder organisations can not prevent fatalities and serious damage on property without having prepared the citizens how to act and react during disaster situations and crises, understand alerts and follow instructions. | B-prepared offers a cost-effective solution for building a culture of disaster preparedness with a multi-actor approach in realistic historical scenarios. | B-prepared builds on a freely accessible massive collaborative knowledge base and data hub, demonstrating its usefulness via three demonstrator applications: a cooperative multiplayer VR serious game, simulating real disaster scenarios for the safest near-real experience; | an interactive gamified mobile app with age-appropriate content and enhanced accessibility to people with specific functional needs for the widest possible reach; | and an LMS system to effectively and comparably measure preparedness levels achieved by VR and/or mobile users on a unified scale. | Teamplay, collaboration and communication are keys to survival, strengthening the culture of mutual assistance and cooperation in danger.","The project directly develops and provides scenario-based citizen preparedness tools, including accessible mobile and VR applications, and measures users’ preparedness. These are concrete, target-specific mechanisms for improving how citizens understand alerts, follow instructions, and act during disasters. Although the project does not operate warning systems or manage disasters, those are not required to recognize its preparedness capacity as an immediate constituent mechanism at project scale.",The project builds citizen preparedness capacity but does not itself provide early-warning systems or carry out disaster response and management. | Evidence describes disaster preparedness generally rather than specifying health-risk outcomes.,objective,HORIZON_EUROPE,
101131175,FarmEVs,Plant EV farming,2,2.a,"Increase investment, including through enhanced international cooperation, in rural infrastructure, agricultural research and extension services, technology development and plant and livestock gene banks in order to enhance agricultural productive capacity in developing countries, in particular least developed countries",http://data.europa.eu/sdg/2.a,STRONG,HIGH,Categorical confidence derived from verifier match strength; not a calibrated probability.,DIRECT,1,0.49682073619082134,"Agricultural research and technology development to enhance agricultural productive capacity in developing countries, particularly least developed countries",objective_06; objective_07,"Plant derived-vesicles will be exploited for sustainable agriculture with the help of an organic farm in Finland and an agricultural university in Egypt. | Moreover, we will setup plant cell cultures for EV farming and by applying emerging biotechnology we will develop EV-based solutions to increase the viral resistance of plants and the pro-symbiotic activities in legume crops.To achieve the goals, a multidisciplinary consortium with the participation of 8 partners from universities, research centres, an SME and an organic farm from 6 countries has been created with the integration of a broad expertise ranging from EV research, biomembrane modelling, plant genetics, plant physiology, virology, molecular farming, engineering and agriculture.","The project directly conducts agricultural research and biotechnology development: it establishes EV-producing plant cell cultures and develops EV-based solutions intended to improve plant viral resistance and legume pro-symbiotic activity, with an organic farm in Finland and an agricultural university in Egypt involved. These are project-scale research and technology-development activities that substantively instantiate the claimed component; later wider adoption or scaling is not required. The stated aims and methods are specific to agricultural applications, though the evidence does not establish measured improvements in productive capacity or the extent of implementation in Egypt.","The evidence describes intended solutions and activities, not demonstrated gains in agricultural productivity. | The evidence does not specify the scale or direct beneficiaries of agricultural implementation in Egypt.",objective,HORIZON_EUROPE,
101131175,FarmEVs,Plant EV farming,2,2.4,"By 2030, ensure sustainable food production systems and implement resilient agricultural practices that increase productivity and production, that help maintain ecosystems, that strengthen capacity for adaptation to climate change, extreme weather, drought, flooding and other disasters and that progressively improve land and soil quality",http://data.europa.eu/sdg/2.4,WEAK,MEDIUM,Categorical confidence derived from verifier match strength; not a calibrated probability.,DIRECT,3,0.4374105597269919,"Develop plant-based agricultural solutions that increase viral resistance in plants and support pro-symbiotic activity in legume crops, advancing resilient agricultural practices.",objective_06; objective_07,"Plant derived-vesicles will be exploited for sustainable agriculture with the help of an organic farm in Finland and an agricultural university in Egypt. | Moreover, we will setup plant cell cultures for EV farming and by applying emerging biotechnology we will develop EV-based solutions to increase the viral resistance of plants and the pro-symbiotic activities in legume crops.To achieve the goals, a multidisciplinary consortium with the participation of 8 partners from universities, research centres, an SME and an organic farm from 6 countries has been created with the integration of a broad expertise ranging from EV research, biomembrane modelling, plant genetics, plant physiology, virology, molecular farming, engineering and agriculture.","The project develops EV-based agricultural solutions aimed at increasing plant viral resistance and promoting pro-symbiotic activity in legume crops. These are concrete, target-specific mechanisms for resilient agricultural practices, although the evidence describes development rather than demonstrated field implementation or resulting productivity, ecosystem, or soil-quality outcomes.","The evidence describes developing solutions; it does not establish field deployment or adoption. | No resulting increase in productivity or production, ecosystem maintenance, or improvement in land and soil quality is reported.",objective,HORIZON_EUROPE,
101131175,FarmEVs,Plant EV farming,9,9.5,"Enhance scientific research, upgrade the technological capabilities of industrial sectors in all countries, in particular developing countries, including, by 2030, encouraging innovation and substantially increasing the number of research and development workers per 1 million people and public and private research and development spending",http://data.europa.eu/sdg/9.5,STRONG,HIGH,Categorical confidence derived from verifier match strength; not a calibrated probability.,DIRECT,6,0.3647710823566621,Enhance scientific research through original research and development of plant-derived extracellular-vesicle production and EV-based solutions for plant and human health.,objective_04; objective_05; objective_07; objective_09,"Going beyond the state-of-the-art and relying on a highly interconnected approach, FarmEVs project will setup a vegetable-based system for the massive production of vesicles and explore them as high-value ingredients for plant and human health. | This will be achieved through the isolation and engineerization of EV-like nanovesicles from organically grown crops. | Moreover, we will setup plant cell cultures for EV farming and by applying emerging biotechnology we will develop EV-based solutions to increase the viral resistance of plants and the pro-symbiotic activities in legume crops.To achieve the goals, a multidisciplinary consortium with the participation of 8 partners from universities, research centres, an SME and an organic farm from 6 countries has been created with the integration of a broad expertise ranging from EV research, biomembrane modelling, plant genetics, plant physiology, virology, molecular farming, engineering and agriculture. | An ambitious staff exchange programme for the transfer of scientific and transferable skills, dissemination and outreach activities was implemented into the scientific plan.","The project itself conducts scientific research and development: it establishes a vegetable-based vesicle production system, isolates and engineers vesicles, and develops EV-based solutions. These are substantive project-scale research activities named by the claimed component, not merely inputs awaiting a distinct downstream research action. The described work is specific to plant-derived vesicles and related health applications, though it does not address the target’s separate emphasis on industrial technological capabilities or R&D spending and workforce.","The evidence does not establish effects on industrial-sector technological capabilities, R&D spending, or R&D workers per million people. | The project describes research and development outputs but does not establish wider uptake or scaled deployment.",objective,HORIZON_EUROPE,
101131435,iSAS,Innovate for Sustainable Accelerating Systems,7,7.3,"By 2030, double the global rate of improvement in energy efficiency",http://data.europa.eu/sdg/7.3,WEAK,MEDIUM,Categorical confidence derived from verifier match strength; not a calibrated probability.,DIRECT,1,0.45874581587406016,"Improve the energy efficiency of particle-accelerator technologies, specifically superconducting RF accelerating systems.",objective_05; objective_07; objective_09,"With the ambition to maintain the attractiveness and competitiveness of European RIs and to enable Europe’s Green Deal, we propose to Innovate for Sustainable Accelerating Systems (iSAS) by establishing enhanced collaboration in the field to broaden, expedite and amplify the development and impact of novel energy-saving technologies to accelerate particles. | iSAS will innovate those technologies that have been identified as being a common core of SRF accelerating systems and that have the largest leverage for energy savings to minimize the intrinsic energy consumption in all phases of operation. | The iSAS project has a complementary focus on the energy efficiency of the SRF accelerating technologies.","The project centrally develops energy-saving technologies for SRF accelerating systems, which it identifies as a high-leverage area for reducing accelerator energy consumption. Developing these target-specific technologies is substantive project-scale progress on energy efficiency; later adoption or scaling is not required for that capacity to be realized. The evidence describes technology development rather than measuring realized energy savings or achieving the target’s global rate of improvement.","No quantified energy-efficiency improvement or realized energy savings are reported. | The project addresses SRF accelerating technologies, not the global rate of improvement across all energy uses.",objective,HORIZON_EUROPE,
101131435,iSAS,Innovate for Sustainable Accelerating Systems,7,7.a,"By 2030, enhance international cooperation to facilitate access to clean energy research and technology, including renewable energy, energy efficiency and advanced and cleaner fossil-fuel technology, and promote investment in energy infrastructure and clean energy technology",http://data.europa.eu/sdg/7.a,STRONG,HIGH,Categorical confidence derived from verifier match strength; not a calibrated probability.,DIRECT,2,0.4518326529853527,"Enhance international cooperation to facilitate access to clean energy research and technology, specifically energy-efficient accelerator technology.",objective_05; objective_07; objective_09,"With the ambition to maintain the attractiveness and competitiveness of European RIs and to enable Europe’s Green Deal, we propose to Innovate for Sustainable Accelerating Systems (iSAS) by establishing enhanced collaboration in the field to broaden, expedite and amplify the development and impact of novel energy-saving technologies to accelerate particles. | iSAS will innovate those technologies that have been identified as being a common core of SRF accelerating systems and that have the largest leverage for energy savings to minimize the intrinsic energy consumption in all phases of operation. | The iSAS project has a complementary focus on the energy efficiency of the SRF accelerating technologies.","The project establishes enhanced collaboration and develops energy-saving technologies focused on SRF accelerator efficiency. Those activities substantively advance the claimed cooperation and energy-efficiency technology pathway at project scale; no later deployment or economy-wide outcome is required. The evidence does not establish the target’s separate investment-promotion component, which is not claimed here.","Evidence is specific to energy efficiency in SRF accelerator technologies; it does not establish renewable-energy technology or advanced and cleaner fossil-fuel technology work. | No separate promotion of investment in energy infrastructure or clean-energy technology is evidenced, outside the selected claimed component.",objective,HORIZON_EUROPE,
101131435,iSAS,Innovate for Sustainable Accelerating Systems,9,9.4,"By 2030, upgrade infrastructure and retrofit industries to make them sustainable, with increased resource-use efficiency and greater adoption of clean and environmentally sound technologies and industrial processes, with all countries taking action in accordance with their respective capabilities",http://data.europa.eu/sdg/9.4,WEAK,MEDIUM,Categorical confidence derived from verifier match strength; not a calibrated probability.,DIRECT,4,0.421026470260198,Increase resource-use efficiency in infrastructure and industrial processes by reducing energy consumption in accelerator-driven research infrastructures and their superconducting RF accelerating technologies.,objective_03; objective_05; objective_07; objective_09,"In a society where energy sustainability is critical, keeping energy consumption as low as reasonable possible is an unavoidable challenge for both research infrastructures (RIs) and industry, which collectively operate over 40,000 accelerators. | With the ambition to maintain the attractiveness and competitiveness of European RIs and to enable Europe’s Green Deal, we propose to Innovate for Sustainable Accelerating Systems (iSAS) by establishing enhanced collaboration in the field to broaden, expedite and amplify the development and impact of novel energy-saving technologies to accelerate particles. | iSAS will innovate those technologies that have been identified as being a common core of SRF accelerating systems and that have the largest leverage for energy savings to minimize the intrinsic energy consumption in all phases of operation. | The iSAS project has a complementary focus on the energy efficiency of the SRF accelerating technologies.","Energy efficiency is a central project focus: iSAS develops energy-saving technologies for superconducting RF accelerating systems to reduce their intrinsic energy consumption. These technologies are a concrete, target-specific efficiency mechanism, rather than generic research input. The project does not upgrade or retrofit entire facilities or industries, but that broader implementation is not necessary to recognize its project-scale contribution to resource-use efficiency.","The evidence describes developing energy-saving technologies, not upgrading or retrofitting complete accelerator facilities or industries. | The project does not establish realized energy savings or facility-wide adoption.",objective,HORIZON_EUROPE,
101131435,iSAS,Innovate for Sustainable Accelerating Systems,9,9.5,"Enhance scientific research, upgrade the technological capabilities of industrial sectors in all countries, in particular developing countries, including, by 2030, encouraging innovation and substantially increasing the number of research and development workers per 1 million people and public and private research and development spending",http://data.europa.eu/sdg/9.5,WEAK,MEDIUM,Categorical confidence derived from verifier match strength; not a calibrated probability.,DIRECT,5,0.4095438499067575,Enhance scientific research,objective_05; objective_07; objective_09,"With the ambition to maintain the attractiveness and competitiveness of European RIs and to enable Europe’s Green Deal, we propose to Innovate for Sustainable Accelerating Systems (iSAS) by establishing enhanced collaboration in the field to broaden, expedite and amplify the development and impact of novel energy-saving technologies to accelerate particles. | iSAS will innovate those technologies that have been identified as being a common core of SRF accelerating systems and that have the largest leverage for energy savings to minimize the intrinsic energy consumption in all phases of operation. | The iSAS project has a complementary focus on the energy efficiency of the SRF accelerating technologies.","The project centrally develops and improves energy-saving SRF accelerator technologies used by research infrastructures. This is a concrete, target-specific technological R&D mechanism that directly advances accelerator-based research capability; project-scale work is sufficient without requiring later broad deployment. It does not itself conduct scientific research, but technology development is a constituent mechanism of enhancing research capability.","Evidence focuses on energy efficiency of SRF accelerating technologies, rather than conducting scientific research itself. | No evidence establishes deployment across all research infrastructures or countries.",objective,HORIZON_EUROPE,
101131809,INTEGRATE-LMedC,"Concept development for a research infrastructure to manage, integrate and sustain large medical cohort studies",9,9.5,"Enhance scientific research, upgrade the technological capabilities of industrial sectors in all countries, in particular developing countries, including, by 2030, encouraging innovation and substantially increasing the number of research and development workers per 1 million people and public and private research and development spending",http://data.europa.eu/sdg/9.5,WEAK,MEDIUM,Categorical confidence derived from verifier match strength; not a calibrated probability.,INDIRECT,2,0.331777029841559,Enhance scientific research through development of a research infrastructure concept for large medical cohort studies.,title_01; objective_01; objective_04; objective_06; objective_07,"Concept development for a research infrastructure to manage, integrate and sustain large medical cohort studies | The INTEGRATE-LMedC consortium will develop a new concept to guide and support decision-making for the next-generation research infrastructure (RI) to facilitate efficient utilization and harmonization of large medical cohorts (LMedC), and to accelerate scientific and medical breakthroughs in Europe and beyond. | To identify IT technologies and architecture for suitable data stewardship and long-term availability of European RIs, the partners will prepare for a feasibility study for federated data analysis of LMedC. | To ensure availability of data and samples related to existing and future LMedC studies and their re-use for secondary research, the partners will develop a concept outline including a governance plan and guiding principles for data access policies and data protection policy, whilst considering the FAIR principles and ELSI issues. | An overarching RI concept to manage, integrate, and sustain LMedC studies will be developed, including an initial financial and operational plan for the implementation of the new RI outlining new services and access opportunities for the research community.","The project’s central work is to develop a concept and plans for a future research infrastructure, including data stewardship, access, and federated analysis. This is specifically directed at supporting scientific research, but the project does not itself implement or operate the infrastructure or conduct the downstream cohort research. A later implementation step is therefore needed before that research capacity is operational.",The project develops an infrastructure concept and implementation planning rather than establishing and operating the research infrastructure. | The evidence does not show that cohort data or samples are actually made available for secondary research during the project.,title; objective,HORIZON_EUROPE,
101131809,INTEGRATE-LMedC,"Concept development for a research infrastructure to manage, integrate and sustain large medical cohort studies",9,9.1,"Develop quality, reliable, sustainable and resilient infrastructure, including regional and transborder infrastructure, to support economic development and human well-being, with a focus on affordable and equitable access for all",http://data.europa.eu/sdg/9.1,WEAK,MEDIUM,Categorical confidence derived from verifier match strength; not a calibrated probability.,INDIRECT,7,0.3027007607380051,"Develop quality, reliable, sustainable and resilient infrastructure to support economic development and human well-being",title_01; objective_01; objective_03; objective_04; objective_06; objective_07,"Concept development for a research infrastructure to manage, integrate and sustain large medical cohort studies | The INTEGRATE-LMedC consortium will develop a new concept to guide and support decision-making for the next-generation research infrastructure (RI) to facilitate efficient utilization and harmonization of large medical cohorts (LMedC), and to accelerate scientific and medical breakthroughs in Europe and beyond. | The partners will generate a gap analysis to identify what is missing of cohort data and samples, RI tools and services, quality measures, governance models, user needs and the barriers for efficient utilization of these cohorts and RI, including ethical and legal frameworks. | To identify IT technologies and architecture for suitable data stewardship and long-term availability of European RIs, the partners will prepare for a feasibility study for federated data analysis of LMedC. | To ensure availability of data and samples related to existing and future LMedC studies and their re-use for secondary research, the partners will develop a concept outline including a governance plan and guiding principles for data access policies and data protection policy, whilst considering the FAIR principles and ELSI issues. | An overarching RI concept to manage, integrate, and sustain LMedC studies will be developed, including an initial financial and operational plan for the implementation of the new RI outlining new services and access opportunities for the research community.","The project centrally develops a target-specific concept for a medical cohort research infrastructure, including governance, data stewardship, quality measures, access policies, and an initial implementation plan. This is substantial and specifically functional capacity for infrastructure development, not merely a generic tool. However, the project develops the concept and prepares a feasibility study; the infrastructure itself and its services are still to be implemented, so the contribution remains upstream of the operative infrastructure.",The project develops a concept and initial implementation plan rather than implementing or operating the research infrastructure itself. | The evidence does not establish the infrastructure's completed service delivery or realized reliability and sustainability outcomes.,title; objective,HORIZON_EUROPE,
101132327,CIDAPE,"Climate, Inequality, and Democratic Action: The Force of Political Emotions",16,16.7,"Ensure responsive, inclusive, participatory and representative decision-making at all levels",http://data.europa.eu/sdg/16.7,WEAK,MEDIUM,Categorical confidence derived from verifier match strength; not a calibrated probability.,INDIRECT,3,0.465598856742123,"Responsive, inclusive, participatory and representative decision-making at all levels",objective_04; objective_07,"The project's WPs delve into emotions in the political sphere, media, everyday life, global-local entanglements, social movements, and citizen engagement showing how emotions shape people's rational argumentation, engagement, and ultimately, who and what they care about.CIDAPE seeks to uncover the core mechanisms and processes at the heart of political action - at the policy, polity, and politics levels - and proposes participatory tools, policy instruments, and methodological guides to address these challenges. | It has a strong dissemination strategy, aiming at diverse citizen groups at local, national, and supranational levels of democratic engagement.","The project investigates political emotions and citizen engagement and proposes participatory tools and policy instruments, with dissemination to citizen groups across levels. These activities can inform more participatory decision-making, but the evidence does not establish that the project itself implements or operates decision-making processes.","No evidence that the proposed tools or policy instruments are implemented in decision-making processes. | No explicit evidence that decision-making becomes responsive, inclusive, or representative as a result of the project.",objective,HORIZON_EUROPE,
101135576,INTEND,Intent-based data operation in the computing continuum,9,9.5,"Enhance scientific research, upgrade the technological capabilities of industrial sectors in all countries, in particular developing countries, including, by 2030, encouraging innovation and substantially increasing the number of research and development workers per 1 million people and public and private research and development spending",http://data.europa.eu/sdg/9.5,WEAK,MEDIUM,Categorical confidence derived from verifier match strength; not a calibrated probability.,DIRECT,8,0.2293614199517482,"Upgrade the technological capabilities of industrial sectors, specifically data-processing and computing-continuum capabilities.",objective_05; objective_07; objective_08; objective_09,"INTEND aims at bringing such human-like intelligence into the cognitive continuum, to achieve the novel concept of intent-based data operation, which is capable of: (1) continually learning how to manage and adapt heterogeneous cloud/edge resources for more efficient data processing, (2) strategic decision making across the decentralized continuum for end-to-end data security and sustainability, and (3) human-friendly interaction with data stakeholders in natural language, for effective and trustworthy human-entric data operation. | The project will deliver 11 novel software tools, which integrate into an INTEND toolbox. | The approach and the tools will be tested and validated on 5 vertical domains, to achieve the novel intent-based data operation for video streaming pipelines, machine data platform, 5G data infrastructure, urban data space, and robotic AI applications. | An open platform will be provided to support the extension with new hardware, management tools and AI models into the cognitive continuum.","The project develops an AI-based approach and 11 software tools for managing and operating cloud-edge-IoT resources, tests and validates them across five application domains, and provides an extensible platform. These are concrete, target-specific technical capabilities in the computing sector, rather than merely general information or a generic research input. The project does not itself migrate the broader data industry or establish economy-wide adoption, but that is a scaling outcome rather than a missing project-scale mechanism.","The evidence describes tools, platform development, testing, and validation, but does not establish wider industrial adoption or sector-wide technological upgrading.",objective,HORIZON_EUROPE,
101135707,FORTIS,Multi-Modal and Multi-Aspect Holistic Human-Robot Interaction,9,9.5,"Enhance scientific research, upgrade the technological capabilities of industrial sectors in all countries, in particular developing countries, including, by 2030, encouraging innovation and substantially increasing the number of research and development workers per 1 million people and public and private research and development spending",http://data.europa.eu/sdg/9.5,STRONG,HIGH,Categorical confidence derived from verifier match strength; not a calibrated probability.,DIRECT,6,0.3136611428863201,Enhance scientific research and upgrade technological capabilities of industrial sectors,objective_02; objective_03; objective_04; objective_05; objective_06,"To improve overall life standards and welfare, the EU's Horizon Europe programme is investing in emerging technology such as robotics and AI.FORTIS specifically focuses on providing a complete Human-Robot Interaction (HRI) solution that includes multi-modal communication and multi-aspect interaction. | The goal is to develop a human-centric solution that addresses the needs of both the human workforce and the robots, allowing them to work together efficiently and safely. | With cutting-edge research and advanced technology, this solution can help to mitigate the negative effects of an aging workforce on employment, working conditions, and welfare in the EU.The project will conduct three main pilots in the sectors of construction, infrastructure services, and manufacturing. | These pilots will provide a total of 5 use cases to demonstrate the effectiveness and safety of the Human-Robot Interaction.Moreover, FORTIS will allocate a portion of the budget to finance pilots that allow civilians to interact with the robots in different settings, such as healthcare, public events, shopping centres, and grocery stores. | This will provide an opportunity to evaluate the performance of the HRI solution in various real-world scenarios","The project conducts research and develops a human-centric human-robot interaction solution, then tests it through pilots and real-world use cases in industrial sectors including construction and manufacturing. These are concrete research and technology-development activities that directly advance the claimed component at project scale. The project’s focus is specific to industrial HRI, though it does not establish broader sector-wide technological upgrading or address the target’s R&D workforce and spending dimensions.","The evidence establishes pilots and evaluation, not economy-wide or sector-wide adoption or technological upgrading. | The project addresses selected industrial sectors and does not establish increases in R&D workers or R&D spending.",objective,HORIZON_EUROPE,
101136302,CSA BrainHealth,Designing a European Brain Health Landscape,17,17.6,"Enhance North-South, South-South and triangular regional and international cooperation on and access to science, technology and innovation and enhance knowledge-sharing on mutually agreed terms, including through improved coordination among existing mechanisms, in particular at the United Nations level, and through a global technology facilitation mechanism",http://data.europa.eu/sdg/17.6,STRONG,HIGH,Categorical confidence derived from verifier match strength; not a calibrated probability.,DIRECT,1,0.42011322556327463,"Enhance regional and international cooperation on science, technology and innovation, including coordination among existing mechanisms.",objective_02; objective_04; objective_05; objective_06; objective_08; objective_09,"Twenty participants from 11 Member and Associated States and Third countries will jointly pursue the work plan. | Specifically, the project aims to design a collaboration framework for the EP as an umbrella for existing initiatives and stakeholder communities in this area. | The CSA will create a common understanding of achievements, gaps and future developments in European research into brain health, and derive from them priorities and opportunities in a Strategic Research and Innovation Agenda (SRIA). | Intense consultation with representatives of Member and Associated States is expected to lead to adoption of the SRIA and development of an implementation plan that will allow for strategic alignment of regional and national research programmes and commitments to the EP. | For highest possible impact, the CSA will reach out to the most relevant globally acting initiatives and their brain research strategies and policies. | Synergies will be identified to shape the international landscape and establish new while maintaining existing collaboration.","The project itself convenes participants from multiple countries, designs a collaboration framework for existing initiatives, develops shared research priorities, and plans alignment of regional and national research programmes. These are concrete cooperation and coordination mechanisms for brain-health research, rather than only information supplied for a separate downstream activity. The evidence does not establish all target modalities or the global technology facilitation mechanism, but those omissions do not negate the project-scale cooperation activity.","Cooperation is focused on brain health rather than STI generally. | The evidence does not show implementation of every target modality, such as the global technology facilitation mechanism.",objective,HORIZON_EUROPE,
101136302,CSA BrainHealth,Designing a European Brain Health Landscape,9,9.5,"Enhance scientific research, upgrade the technological capabilities of industrial sectors in all countries, in particular developing countries, including, by 2030, encouraging innovation and substantially increasing the number of research and development workers per 1 million people and public and private research and development spending",http://data.europa.eu/sdg/9.5,STRONG,HIGH,Categorical confidence derived from verifier match strength; not a calibrated probability.,DIRECT,2,0.3788377241040068,"Enhance scientific research, including research into brain health.",objective_05; objective_06; objective_07; objective_08; objective_09,"The CSA will create a common understanding of achievements, gaps and future developments in European research into brain health, and derive from them priorities and opportunities in a Strategic Research and Innovation Agenda (SRIA). | Intense consultation with representatives of Member and Associated States is expected to lead to adoption of the SRIA and development of an implementation plan that will allow for strategic alignment of regional and national research programmes and commitments to the EP. | Research infrastructures and platforms will be analysed regarding their service opportunities, and solutions will be developed to facilitate data and material sharing in the area of brain health. | For highest possible impact, the CSA will reach out to the most relevant globally acting initiatives and their brain research strategies and policies. | Synergies will be identified to shape the international landscape and establish new while maintaining existing collaboration.","The project centrally conducts target-specific research-capacity work: it assesses achievements and gaps in brain-health research, develops a Strategic Research and Innovation Agenda and implementation plan, analyzes research infrastructure, and develops data- and material-sharing solutions. These are substantive mechanisms for enhancing scientific research, even though the project does not itself conduct brain-health experiments or deliver the later research programmes.",The project focuses on brain-health research rather than scientific research broadly. | Research agenda implementation and alignment of regional and national programmes are planned downstream.,objective,HORIZON_EUROPE,
101136302,CSA BrainHealth,Designing a European Brain Health Landscape,17,17.17,"Encourage and promote effective public, public-private and civil society partnerships, building on the experience and resourcing strategies of partnerships",http://data.europa.eu/sdg/17.17,STRONG,HIGH,Categorical confidence derived from verifier match strength; not a calibrated probability.,DIRECT,3,0.3759271179401687,"Encouraging and promoting effective public, public-private, and civil society partnerships, including a collaboration framework and coordinated commitments among participating states and initiatives.",objective_01; objective_02; objective_04; objective_06; objective_09,"The Coordination and Support Action (CSA) BrainHealth will lay the ground for an envisaged ‘European Partnership (EP) on Brain Health’. | Twenty participants from 11 Member and Associated States and Third countries will jointly pursue the work plan. | Specifically, the project aims to design a collaboration framework for the EP as an umbrella for existing initiatives and stakeholder communities in this area. | Intense consultation with representatives of Member and Associated States is expected to lead to adoption of the SRIA and development of an implementation plan that will allow for strategic alignment of regional and national research programmes and commitments to the EP. | Synergies will be identified to shape the international landscape and establish new while maintaining existing collaboration.","The project centrally designs a collaboration framework for an envisaged European Partnership and conducts joint work, consultation, and planning intended to align commitments and establish or maintain collaboration. These are project-scale partnership-building activities, not merely generic information inputs. The evidence supports this specific partnership mechanism, although it does not establish every partnership type named in the target.",The partnership is envisaged rather than shown as fully established or operational. | Evidence does not establish coverage of every partnership type named in the target.,objective,HORIZON_EUROPE,
101136302,CSA BrainHealth,Designing a European Brain Health Landscape,17,17.16,"Enhance the Global Partnership for Sustainable Development, complemented by multi-stakeholder partnerships that mobilize and share knowledge, expertise, technology and financial resources, to support the achievement of the Sustainable Development Goals in all countries, in particular developing countries",http://data.europa.eu/sdg/17.16,STRONG,HIGH,Categorical confidence derived from verifier match strength; not a calibrated probability.,DIRECT,5,0.36229426409200677,"Multi-stakeholder partnerships that mobilize and share knowledge, expertise, and technology to support achievement of the SDGs",objective_01; objective_02; objective_04; objective_05; objective_06; objective_07; objective_08; objective_09,"The Coordination and Support Action (CSA) BrainHealth will lay the ground for an envisaged ‘European Partnership (EP) on Brain Health’. | Twenty participants from 11 Member and Associated States and Third countries will jointly pursue the work plan. | Specifically, the project aims to design a collaboration framework for the EP as an umbrella for existing initiatives and stakeholder communities in this area. | The CSA will create a common understanding of achievements, gaps and future developments in European research into brain health, and derive from them priorities and opportunities in a Strategic Research and Innovation Agenda (SRIA). | Intense consultation with representatives of Member and Associated States is expected to lead to adoption of the SRIA and development of an implementation plan that will allow for strategic alignment of regional and national research programmes and commitments to the EP. | Research infrastructures and platforms will be analysed regarding their service opportunities, and solutions will be developed to facilitate data and material sharing in the area of brain health. | For highest possible impact, the CSA will reach out to the most relevant globally acting initiatives and their brain research strategies and policies. | Synergies will be identified to shape the international landscape and establish new while maintaining existing collaboration.","The project directly develops a cross-country partnership framework and conducts substantive partnership work: establishing shared priorities, aligning research programmes, facilitating data and material sharing, and building international collaboration. These activities themselves instantiate the partnership and knowledge-mobilization mechanism; broader health outcomes or subsequent implementation of the agenda are not required at project scale.",The project focuses on brain health and research coordination rather than partnerships across all SDG areas. | The evidence describes designing and preparing the European Partnership; it does not establish that the envisaged partnership has already been formally launched or that its agenda has been implemented.,objective,HORIZON_EUROPE,
101136302,CSA BrainHealth,Designing a European Brain Health Landscape,3,3.d,"Strengthen the capacity of all countries, in particular developing countries, for early warning, risk reduction and management of national and global health risks",http://data.europa.eu/sdg/3.d,WEAK,MEDIUM,Categorical confidence derived from verifier match strength; not a calibrated probability.,INDIRECT,6,0.34960463090208604,"Strengthen capacity for early warning, risk reduction and management of national and global health risks, through the brain-health research coordination and preparedness pathway.",objective_04; objective_05; objective_06; objective_07; objective_08; objective_09,"Specifically, the project aims to design a collaboration framework for the EP as an umbrella for existing initiatives and stakeholder communities in this area. | The CSA will create a common understanding of achievements, gaps and future developments in European research into brain health, and derive from them priorities and opportunities in a Strategic Research and Innovation Agenda (SRIA). | Intense consultation with representatives of Member and Associated States is expected to lead to adoption of the SRIA and development of an implementation plan that will allow for strategic alignment of regional and national research programmes and commitments to the EP. | Research infrastructures and platforms will be analysed regarding their service opportunities, and solutions will be developed to facilitate data and material sharing in the area of brain health. | For highest possible impact, the CSA will reach out to the most relevant globally acting initiatives and their brain research strategies and policies. | Synergies will be identified to shape the international landscape and establish new while maintaining existing collaboration.","The project centrally develops a brain-health partnership framework, identifies research priorities and gaps, supports alignment of research programmes, and facilitates sharing of data and materials. These are target-relevant coordination and research-capacity inputs, but the project does not itself establish or operate an early-warning, risk-reduction, or health-risk-management mechanism; distinct downstream action is needed.","The stated work concerns brain-health research coordination and capacity rather than directly implementing early warning, risk reduction, or management of health risks. | The project lays groundwork for a future partnership and implementation plan; subsequent adoption and action are not evidenced.",objective,HORIZON_EUROPE,
101136302,CSA BrainHealth,Designing a European Brain Health Landscape,3,3.4,"By 2030, reduce by one third premature mortality from non-communicable diseases through prevention and treatment and promote mental health and well-being",http://data.europa.eu/sdg/3.4,WEAK,MEDIUM,Categorical confidence derived from verifier match strength; not a calibrated probability.,INDIRECT,10,0.34262297673897035,Promote mental health and well-being through a brain-health research and collaboration agenda,objective_03; objective_04; objective_05; objective_06; objective_07,"The overall objective of the CSA is to sizeably contribute to maintenance and restoration of brain health for citizens in Europe and worldwide. | Specifically, the project aims to design a collaboration framework for the EP as an umbrella for existing initiatives and stakeholder communities in this area. | The CSA will create a common understanding of achievements, gaps and future developments in European research into brain health, and derive from them priorities and opportunities in a Strategic Research and Innovation Agenda (SRIA). | Intense consultation with representatives of Member and Associated States is expected to lead to adoption of the SRIA and development of an implementation plan that will allow for strategic alignment of regional and national research programmes and commitments to the EP. | Research infrastructures and platforms will be analysed regarding their service opportunities, and solutions will be developed to facilitate data and material sharing in the area of brain health.","The project centrally develops a collaboration framework, identifies brain-health research gaps and priorities, and plans strategic alignment of research programmes. These are substantial, target-specific research and coordination capacities, but they are preparatory inputs to maintaining or restoring brain health rather than direct delivery of prevention, treatment, or mental-health services. The project itself conducts no stated brain-health research or direct intervention.","No direct prevention, treatment, or mental-health service delivery is described. | The collaboration framework and research agenda are intended to support later research and implementation.",objective,HORIZON_EUROPE,
101139232,6G-GOALS,6G Goal-Oriented AI-enabled Learning and Semantic Communication Networks,7,7.3,"By 2030, double the global rate of improvement in energy efficiency",http://data.europa.eu/sdg/7.3,WEAK,MEDIUM,Categorical confidence derived from verifier match strength; not a calibrated probability.,DIRECT,6,0.2863828675432888,Double the rate of improvement in energy efficiency through wireless technologies for sustainability in energy efficiency.,objective_06; objective_07; objective_10,"These trends underpin the two main objectives of 6G-GOALS: (1) to reduce data traffic by conveying only the most relevant information; | (2) to design data-efficient, robust, and resilient protocols that can adapt to network conditions and communication objectives using modern AI/ML techniques. | Finally, 6G-GOALS will introduce wireless technologies for sustainability in energy efficiency, EMF exposure, and spectrum management, by defining the concept of semantic cognitive radio.","The project centrally develops wireless communication technologies and protocols intended to reduce data traffic and improve energy efficiency. This is a concrete, target-specific technical mechanism at project scale, but the evidence does not show that the project itself achieves the governing global rate-doubling outcome. The technology's development is immediate to the component; subsequent adoption or scaling is not required to treat that development as a constituent mechanism. Its contribution is limited to wireless technologies and does not establish broader energy-efficiency improvements across other sectors.",No evidence that the project doubles the global rate of improvement in energy efficiency. | The stated energy-efficiency pathway is specific to wireless technologies; broader economy-wide efficiency improvements are not covered.,objective,HORIZON_EUROPE,
101140447,UBICODEWRITERS,(Re-)Writing the Ubiquitin Code – Manipulating Polyubiquitin Chain Linkage to Investigate Ubiquitin Signalling in Genome Maintenance and Beyond,9,9.5,"Enhance scientific research, upgrade the technological capabilities of industrial sectors in all countries, in particular developing countries, including, by 2030, encouraging innovation and substantially increasing the number of research and development workers per 1 million people and public and private research and development spending",http://data.europa.eu/sdg/9.5,STRONG,HIGH,Categorical confidence derived from verifier match strength; not a calibrated probability.,DIRECT,2,0.17469617104455384,Enhance scientific research,objective_03; objective_04; objective_05; objective_06; objective_07; objective_08,"Although many analytical and inhibitory ubiquitin-specific reagents exist, we lack the tools to create polyubiquitin chains of defined linkage on a protein of interest in cells to investigate their signalling functions. | We recently established a method to induce substrate-specific polyubiquitylation via three major linkages, M1, K48, and K63. | Based on this technology, we now propose to develop a new generation of research tools for the scientific community. | This will include the identification and design of custom enzymes for assembling the rarer, still poorly characterised non-canonical linkages and a functionalisation with modules for chain editing, branching, and the identification of effectors. | In a combination of biochemical, cell biological, and proteomic approaches, we will then apply these tools to major genome maintenance pathways with prominent roles in the defence against disorders such as cancer and premature ageing. | Specifically, we will analyse the significance of non-canonical polyubiquitylation in the response to DNA double-strand breaks and the interplay between degradative and non-degradative ubiquitylation in the regulation of essential DNA replication and repair factors.","The project directly conducts scientific investigation using biochemical, cell-biological, and proteomic approaches, while also developing research tools for the scientific community. These are substantive research activities at project scale, not merely an upstream input awaiting a distinct research action. The contribution is specific to scientific research, although it does not address the target’s broader industrial-capability or R&D workforce and spending clauses.","The project’s scope is focused on ubiquitin signalling and genome maintenance rather than the broader range of scientific research. | The evidence does not establish upgrades to industrial sectors, increased R&D worker numbers, or increased public and private R&D spending.",objective,OTHER,
101147064,DENOVO,Towards an Integrative Model of the Relationship Between Episodic Memory and Novelty Detection Through a Behavioural and Neuropsychological Approach,3,3.4,"By 2030, reduce by one third premature mortality from non-communicable diseases through prevention and treatment and promote mental health and well-being",http://data.europa.eu/sdg/3.4,STRONG,HIGH,Categorical confidence derived from verifier match strength; not a calibrated probability.,DIRECT,3,0.12304014877899964,Promote mental health and well-being through research on memory function and memory disorders relevant to Alzheimer’s disease and mild cognitive impairment.,objective_07; objective_08; objective_09,"I will design innovative tasks and use complementary approaches of neuroimaging, neuropsychology, and cognitive psychology in 3 work packages—(i) a correlational study in volunteers aged >55 to examine the relationship between novelty and memory, (ii) a neuropsychological study with memory-impaired patients (probable Alzheimer’s disease (AD) and amnestic Mild Cognitive Impairment) to probe the impact of underlying brains network dysfunction and to characterize the patterns of impairments across novelty types at AD stages, and (iii) analysis of longitudinal data from a cohort of subjects aged >60 to study the temporality of changes in novelty types in relation to memory decline and brain regions atrophy. | Beyond ground-breaking advances in understanding memory function, the insights will be of great interest to clinicians for both diagnosis and rehabilitation of memory disorders. | Altered precociously in AD, absolute novelty may be an early diagnosis marker while contextual novelty, which boosts memory encoding, may be a compensation strategy.","The project directly conducts neuropsychological and cognitive research on memory impairment, novelty detection, and longitudinal changes in people with Alzheimer’s disease or mild cognitive impairment. Its findings may inform diagnosis and rehabilitation, but those downstream clinical applications are not themselves implemented by the project. The research activity is nevertheless a substantive target-specific mechanism at project scale.","The project does not itself deliver diagnosis, treatment, or rehabilitation; these are potential downstream applications of its findings. | The project studies memory-related mechanisms and disorders rather than directly measuring improvements in mental health or well-being.",objective,HORIZON_EUROPE,
101147064,DENOVO,Towards an Integrative Model of the Relationship Between Episodic Memory and Novelty Detection Through a Behavioural and Neuropsychological Approach,9,9.5,"Enhance scientific research, upgrade the technological capabilities of industrial sectors in all countries, in particular developing countries, including, by 2030, encouraging innovation and substantially increasing the number of research and development workers per 1 million people and public and private research and development spending",http://data.europa.eu/sdg/9.5,STRONG,HIGH,Categorical confidence derived from verifier match strength; not a calibrated probability.,DIRECT,9,0.07641858486692528,Enhance scientific research,objective_04; objective_07; objective_10,"The ultimate goal of the MSCA """"DENOVO"""" project is to develop an integrative model of the relationships between episodic memory and these novelty types. | I will design innovative tasks and use complementary approaches of neuroimaging, neuropsychology, and cognitive psychology in 3 work packages—(i) a correlational study in volunteers aged >55 to examine the relationship between novelty and memory, (ii) a neuropsychological study with memory-impaired patients (probable Alzheimer’s disease (AD) and amnestic Mild Cognitive Impairment) to probe the impact of underlying brains network dysfunction and to characterize the patterns of impairments across novelty types at AD stages, and (iii) analysis of longitudinal data from a cohort of subjects aged >60 to study the temporality of changes in novelty types in relation to memory decline and brain regions atrophy. | Personally, thanks to the expertise of my host and secondment labs, DENOVO will equip me with essential technical and clinical skills, advancing my long-term career goal of conducting research using neuropsychological approaches to study episodic memory function.""""","The project directly conducts scientific research: it develops an integrative model and carries out three empirical work packages using neuroimaging, neuropsychological, and cognitive-psychology approaches. Research is the operative component, so the project need not also upgrade industrial-sector technology or increase R&D spending or staffing to realize this component.","The evidence does not establish effects on industrial technological capabilities, R&D workforce numbers, or R&D spending; these are other clauses of the target, not requirements for the selected component.",objective,HORIZON_EUROPE,
101149010,FLORISH,"Fiction, Literature, Indigenous Storytelling and History",11,11.4,Strengthen efforts to protect and safeguard the world’s cultural and natural heritage,http://data.europa.eu/sdg/11.4,WEAK,MEDIUM,Categorical confidence derived from verifier match strength; not a calibrated probability.,DIRECT,1,0.3254053901970726,"Protect and safeguard Indigenous cultural heritage, particularly oral histories and ecocultures, through collaborative historical fiction and representation.",objective_04; objective_07; objective_08,"Indigenous ethnic groups, on the other hand, tend to pass ontheir histories orally, so their ecocultures and resistance to colonialism fall outside the lens of prevalent epistemology. | (3) to develop a method ofcollective writing with Indigenous authors that allows us to co-create representations of their pasts and ecocultures. | The projectdraws on Decolonial Studies, Theory of History and Literary Theory, and combines methods of discourse and intertextual analysis,qualitative interviews and collaborative writing with Indigenous writers from Brazil.","The project conducts collaborative writing with Indigenous authors and develops a method for co-creating representations of Indigenous pasts and ecocultures, including histories transmitted orally. This is a concrete, project-scale cultural-heritage safeguarding mechanism, not merely generic information or analysis. Its focus on representation and historical fiction is narrower than the full range of heritage protection and safeguarding efforts, but that does not displace the stated component.",The project develops collaborative representations and a writing method; the evidence does not establish broader protection measures for Indigenous heritage. | The evidence does not report completed outputs or outcomes from the collaborative writing activity.,objective,HORIZON_EUROPE,
101149010,FLORISH,"Fiction, Literature, Indigenous Storytelling and History",10,10.2,"By 2030, empower and promote the social, economic and political inclusion of all, irrespective of age, sex, disability, race, ethnicity, origin, religion or economic or other status",http://data.europa.eu/sdg/10.2,WEAK,MEDIUM,Categorical confidence derived from verifier match strength; not a calibrated probability.,DIRECT,6,0.25957697092738424,"Promote social inclusion of Indigenous peoples in Brazil, irrespective of status.",objective_01; objective_02; objective_07; objective_08; objective_09,"This project explores the unique potential of historical fiction as a transformative method to create counter-representations ofIndigenous peoples in Brazil, where they are often seen as inferior and savage because of their close connection to nature. | Thesestereotypes, spread by European colonisers through literature and historiography, have become ingrained in collective sensibilitiesand are currently used to justify racism against Indigenous peoples, the illegal occupation of their lands and the deforestation of theAmazon rainforest. | (3) to develop a method ofcollective writing with Indigenous authors that allows us to co-create representations of their pasts and ecocultures. | The projectdraws on Decolonial Studies, Theory of History and Literary Theory, and combines methods of discourse and intertextual analysis,qualitative interviews and collaborative writing with Indigenous writers from Brazil. | The proposal moves from deconstruction toreconstruction in a context of growing appeal for a sustainable, multicultural and decolonised world.","The project centrally develops a collaborative writing method with Indigenous authors and creates counter-representations of Indigenous peoples’ histories and ecocultures. This is a concrete, target-specific mechanism that directly advances their social inclusion by challenging racist stereotypes and enabling Indigenous perspectives to be represented. It does not establish broader changes in social participation or outcomes, but those population-level effects are not required at project scale.","Evidence describes creating counter-representations and a collaborative method, but does not establish resulting changes in wider social attitudes, institutional practices, or Indigenous peoples’ participation.",objective,HORIZON_EUROPE,
101151788,BIOFARM,"Biobased, fully biodegradable, microplastic-free nanocarriers selectively releasing encapsulated actives for sustainable agriculture",12,12.4,"By 2020, achieve the environmentally sound management of chemicals and all wastes throughout their life cycle, in accordance with agreed international frameworks, and significantly reduce their release to air, water and soil in order to minimize their adverse impacts on human health and the environment",http://data.europa.eu/sdg/12.4,WEAK,MEDIUM,Categorical confidence derived from verifier match strength; not a calibrated probability.,DIRECT,1,0.3316705087186361,"Environmentally sound management of chemicals throughout their life cycle, including reducing adverse environmental releases of agrochemical-delivery materials",objective_04; objective_05; objective_06; objective_08; objective_10; objective_11,"While studies underline that the widely used polymeric carriers in agrochemical delivery can release microplastics, research on additive-free or fully biodegradable formulations is very scarce.The aim of BIOFARM is to understand and develop new nanocarriers for agriculture that omit all non-degradable ingredients and release their payload only on-demand. | Fully biobased and biodegradable nanocarriers will be designed as efficient vehicles to deliver and selectively release actives, without the danger of microplastics-formation. | More importantly, I will design the nanocarriers surface in such a way to optimize spreading on the leaves and achieve effective adhesion to prevent other non-degradable additives. | Without adding environmentally problematic additives, the enhanced adhesion of the proposed nanocarriers will be tailored through bio-polymer modification and green formulation design. | A set of analytical techniques will be used to investigate various characteristics of the prepared nanocarriers, such as the adhesion on the leaves, biodegradation and efficiency. | The proposed fully biodegradable nanocarriers represent a general concept and green formulation to replace non-degradable micro- and nanocarriers in the important foliar-spraying market of modern plant protection.","The project develops and tests fully biobased, biodegradable agrochemical carriers that avoid non-degradable additives and microplastic formation. This is a concrete target-specific materials mechanism addressing environmental releases from chemical delivery, although it does not itself establish the broader management of agrochemicals throughout their life cycle.","The project develops and tests carrier formulations, but does not establish comprehensive life-cycle management of the agrochemicals themselves. | The evidence does not show that the formulations have been adopted or deployed at scale.",objective,HORIZON_EUROPE,
101151788,BIOFARM,"Biobased, fully biodegradable, microplastic-free nanocarriers selectively releasing encapsulated actives for sustainable agriculture",2,2.a,"Increase investment, including through enhanced international cooperation, in rural infrastructure, agricultural research and extension services, technology development and plant and livestock gene banks in order to enhance agricultural productive capacity in developing countries, in particular least developed countries",http://data.europa.eu/sdg/2.a,STRONG,HIGH,Categorical confidence derived from verifier match strength; not a calibrated probability.,DIRECT,2,0.2799397554219008,Agricultural research and technology development to enhance agricultural productive capacity,objective_04; objective_05; objective_07; objective_09; objective_10,"While studies underline that the widely used polymeric carriers in agrochemical delivery can release microplastics, research on additive-free or fully biodegradable formulations is very scarce.The aim of BIOFARM is to understand and develop new nanocarriers for agriculture that omit all non-degradable ingredients and release their payload only on-demand. | Fully biobased and biodegradable nanocarriers will be designed as efficient vehicles to deliver and selectively release actives, without the danger of microplastics-formation. | A general approach for encapsulated plant protection products in designed nanocarriers will be devised for foliar spraying. | The designed nanocarriers will not only be examined by various plant pathogens through vitro tests, but also will be tested on plant leaves on the field. | A set of analytical techniques will be used to investigate various characteristics of the prepared nanocarriers, such as the adhesion on the leaves, biodegradation and efficiency.","The project conducts agricultural research and develops and field-tests a specific biodegradable nanocarrier technology for plant-protection delivery. That is a concrete project-scale technology-development activity within the claimed component; broader uptake or scaling is not required for realization. Its immediate output is a target-specific agricultural technology, though it does not itself implement the wider agricultural productive-capacity agenda.","The evidence establishes development and field testing of nanocarriers, not their widespread adoption or a measured increase in agricultural productivity.",objective,HORIZON_EUROPE,
101151788,BIOFARM,"Biobased, fully biodegradable, microplastic-free nanocarriers selectively releasing encapsulated actives for sustainable agriculture",2,2.4,"By 2030, ensure sustainable food production systems and implement resilient agricultural practices that increase productivity and production, that help maintain ecosystems, that strengthen capacity for adaptation to climate change, extreme weather, drought, flooding and other disasters and that progressively improve land and soil quality",http://data.europa.eu/sdg/2.4,WEAK,MEDIUM,Categorical confidence derived from verifier match strength; not a calibrated probability.,DIRECT,3,0.2595705745688085,"Resilient agricultural practices that help maintain ecosystems, through biodegradable, microplastic-free agrochemical delivery systems that replace non-degradable carriers and additives.",objective_04; objective_05; objective_08; objective_09; objective_11,"While studies underline that the widely used polymeric carriers in agrochemical delivery can release microplastics, research on additive-free or fully biodegradable formulations is very scarce.The aim of BIOFARM is to understand and develop new nanocarriers for agriculture that omit all non-degradable ingredients and release their payload only on-demand. | Fully biobased and biodegradable nanocarriers will be designed as efficient vehicles to deliver and selectively release actives, without the danger of microplastics-formation. | Without adding environmentally problematic additives, the enhanced adhesion of the proposed nanocarriers will be tailored through bio-polymer modification and green formulation design. | The designed nanocarriers will not only be examined by various plant pathogens through vitro tests, but also will be tested on plant leaves on the field. | The proposed fully biodegradable nanocarriers represent a general concept and green formulation to replace non-degradable micro- and nanocarriers in the important foliar-spraying market of modern plant protection.","The project develops and field-tests biodegradable, biobased agrochemical carriers that avoid non-degradable ingredients and microplastic formation. This is a concrete, target-specific mechanism for reducing environmental harm in agricultural practice, though it is a delivery technology rather than the broader governing action of implementing resilient agricultural practices that maintain ecosystems.","The evidence describes development and testing of the carrier technology, not broad adoption or measured ecosystem outcomes. | The project does not establish climate adaptation or increased agricultural productivity.",objective,HORIZON_EUROPE,
101151788,BIOFARM,"Biobased, fully biodegradable, microplastic-free nanocarriers selectively releasing encapsulated actives for sustainable agriculture",14,14.1,"By 2025, prevent and significantly reduce marine pollution of all kinds, in particular from land-based activities, including marine debris and nutrient pollution",http://data.europa.eu/sdg/14.1,WEAK,MEDIUM,Categorical confidence derived from verifier match strength; not a calibrated probability.,INDIRECT,7,0.2429232852519382,"Prevent marine pollution from land-based activities, including marine debris; specifically, preventing microplastic pollution from non-degradable agricultural delivery carriers.",objective_03; objective_04; objective_05; objective_09; objective_11,"However, these formulations also need non-degradable additives, such as spreading agents or adhesives. | While studies underline that the widely used polymeric carriers in agrochemical delivery can release microplastics, research on additive-free or fully biodegradable formulations is very scarce.The aim of BIOFARM is to understand and develop new nanocarriers for agriculture that omit all non-degradable ingredients and release their payload only on-demand. | Fully biobased and biodegradable nanocarriers will be designed as efficient vehicles to deliver and selectively release actives, without the danger of microplastics-formation. | The designed nanocarriers will not only be examined by various plant pathogens through vitro tests, but also will be tested on plant leaves on the field. | The proposed fully biodegradable nanocarriers represent a general concept and green formulation to replace non-degradable micro- and nanocarriers in the important foliar-spraying market of modern plant protection.","The project develops and tests biodegradable, microplastic-free agricultural delivery carriers intended to replace non-degradable carriers that can release microplastics. This is a concrete, target-specific pollution-prevention capacity, but the project does not itself establish use at scale or directly prevent marine pollution; that depends on adoption of the carriers in agricultural practice. The mechanism is central to the project, while marine pollution reduction is a downstream effect.","The project develops and tests replacement carriers, but evidence does not establish their adoption or use at scale. | No direct measurement of reduced marine microplastic pollution is reported.",objective,HORIZON_EUROPE,
101151788,BIOFARM,"Biobased, fully biodegradable, microplastic-free nanocarriers selectively releasing encapsulated actives for sustainable agriculture",12,12.5,"By 2030, substantially reduce waste generation through prevention, reduction, recycling and reuse",http://data.europa.eu/sdg/12.5,WEAK,MEDIUM,Categorical confidence derived from verifier match strength; not a calibrated probability.,DIRECT,10,0.23724686097688286,Reduce waste generation through prevention by replacing non-degradable agrochemical carriers and avoiding microplastic formation.,objective_03; objective_04; objective_05; objective_09; objective_11,"However, these formulations also need non-degradable additives, such as spreading agents or adhesives. | While studies underline that the widely used polymeric carriers in agrochemical delivery can release microplastics, research on additive-free or fully biodegradable formulations is very scarce.The aim of BIOFARM is to understand and develop new nanocarriers for agriculture that omit all non-degradable ingredients and release their payload only on-demand. | Fully biobased and biodegradable nanocarriers will be designed as efficient vehicles to deliver and selectively release actives, without the danger of microplastics-formation. | The designed nanocarriers will not only be examined by various plant pathogens through vitro tests, but also will be tested on plant leaves on the field. | The proposed fully biodegradable nanocarriers represent a general concept and green formulation to replace non-degradable micro- and nanocarriers in the important foliar-spraying market of modern plant protection.","The project develops and tests fully biodegradable carriers designed to replace non-degradable agrochemical carriers and prevent microplastic formation. This is a concrete, target-specific waste-prevention mechanism at project scale, even though broader adoption is not established. The evidence concerns carrier substitution and prevention rather than recycling or reuse.","The evidence does not establish commercial deployment or widespread replacement of existing carriers. | The project addresses this specific source of waste, not waste generation across agriculture or the economy.",objective,HORIZON_EUROPE,
101151817,EPHYFLU,Bridging epidemic modelling and phylogenetic methods to understand avian influenza transmission in poultry trading networks,3,3.3,"By 2030, end the epidemics of AIDS, tuberculosis, malaria and neglected tropical diseases and combat hepatitis, water-borne diseases and other communicable diseases",http://data.europa.eu/sdg/3.3,WEAK,MEDIUM,Categorical confidence derived from verifier match strength; not a calibrated probability.,INDIRECT,1,0.2589431439711677,"Combat other communicable diseases, through control of H9N2 avian influenza transmission in poultry.",objective_04; objective_05; objective_06,"To fill this gap, the EPHYFLU project will shed light on the transmission patterns of H9N2 avian influenza virus, the most common strain in Bangladesh, by combining state-of-the-art mechanistic models and high quality sequence data. | In particular, this project will develop novel methods to leverage genomic data to inform epidemic models, which will be used to assess the effectiveness of a range of veterinary public health interventions aiming to reduce H9N2 avian influenza transmission. | This program will result in novel policy recommendations for avian influenza control in Bangladesh, and contribute to the integration of phylogenetic and mechanistic modelling.","The project develops epidemic/phylogenetic methods, models H9N2 transmission, evaluates veterinary public-health interventions, and produces policy recommendations. These are disease-specific research and decision inputs, but the project does not itself implement the interventions or control transmission; a distinct downstream action is required.",The project assesses interventions rather than implementing them. | The stated outputs are models and policy recommendations; actual control measures and resulting transmission reduction are not reported.,objective,HORIZON_EUROPE,
101151817,EPHYFLU,Bridging epidemic modelling and phylogenetic methods to understand avian influenza transmission in poultry trading networks,3,3.b,"Support the research and development of vaccines and medicines for the communicable and non‑communicable diseases that primarily affect developing countries, provide access to affordable essential medicines and vaccines, in accordance with the Doha Declaration on the TRIPS Agreement and Public Health, which affirms the right of developing countries to use to the full the provisions in the Agreement on Trade-Related Aspects of Intellectual Property Rights regarding flexibilities to protect public health, and, in particular, provide access to medicines for all",http://data.europa.eu/sdg/3.b,STRONG,HIGH,Categorical confidence derived from verifier match strength; not a calibrated probability.,DIRECT,5,0.23259149311515853,Support the research and development of vaccines and medicines for communicable diseases primarily affecting developing countries,objective_01; objective_03; objective_04; objective_05; objective_06,"Poultry production has risen as the main livestock sector worldwide, with this growth being primarily driven by low and middle income countries such as Bangladesh. | Nonetheless, avian influenza transmission in Bangladeshi poultry remains poorly characterised. | To fill this gap, the EPHYFLU project will shed light on the transmission patterns of H9N2 avian influenza virus, the most common strain in Bangladesh, by combining state-of-the-art mechanistic models and high quality sequence data. | In particular, this project will develop novel methods to leverage genomic data to inform epidemic models, which will be used to assess the effectiveness of a range of veterinary public health interventions aiming to reduce H9N2 avian influenza transmission. | This program will result in novel policy recommendations for avian influenza control in Bangladesh, and contribute to the integration of phylogenetic and mechanistic modelling.","The project directly conducts research on H9N2 avian influenza transmission in Bangladesh, using mechanistic models and sequence data and developing methods to inform epidemic models and evaluate veterinary public-health interventions. This is substantive research on a communicable disease in a developing-country context, even though the project does not develop a vaccine or medicine or address medicine access.","The project does not develop vaccines or medicines or provide access to affordable essential medicines and vaccines; its contribution is limited to the research component. | The research concerns transmission and veterinary public-health interventions, rather than directly researching a human vaccine or medicine.",objective,HORIZON_EUROPE,
101161153,HaloFreeEtch,Novel approaches for halogen-free and sustainable etching of Silicon and Glass,12,12.4,"By 2020, achieve the environmentally sound management of chemicals and all wastes throughout their life cycle, in accordance with agreed international frameworks, and significantly reduce their release to air, water and soil in order to minimize their adverse impacts on human health and the environment",http://data.europa.eu/sdg/12.4,WEAK,MEDIUM,Categorical confidence derived from verifier match strength; not a calibrated probability.,DIRECT,1,0.36859305434932643,"Environmentally sound management of chemicals throughout their life cycle, including reducing harmful chemical releases and impacts.",objective_01; objective_02; objective_03; objective_05; objective_07,"Current industrial plasma etching processes are not sustainable because they make use of halogens. | HaloFreeEtch will take a fundamental, interdisciplinary and systematic approach to find new halogen-free etching processes.HaloFreeEtch aims to identify new, halogen-free and sustainable etching processes for sustainable semiconductor manufacturing, applied to deep etching of silicon and silicon oxide. | The novel etching processes we aim for shall be clean (in terms of harmful chemicals), efficient (in terms of processing speed and manufacturability) and precise (in terms of the desired shapes). | HaloFreeEtch combines lab-scale research on three innovative technological routes with computational screening of novel and promising etchants, a comprehensive multi-scale modeling approach to predict potential working points and a model-based life cycle and sustainability analysis. | State-of-the-art plasma etching machines will be modified and combined with innovative features and advanced analytics.","The project centrally conducts lab-scale research and develops alternative halogen-free etching processes, explicitly seeking processes that are clean in terms of harmful chemicals. This is a concrete, target-specific chemical-management mechanism at project scale, not merely information or a generic tool. However, the project develops and tests a manufacturing technology; it does not itself implement the broader governing action of environmentally sound management of chemicals across their life cycle or establish downstream industrial use and release reduction. The project-scale process development is therefore an immediate constituent mechanism, with implementation and realized industrial impacts not evidenced.",Industrial deployment and substitution for existing halogen-based processes are not established. | Actual reductions in chemical releases or impacts are not measured. | The project addresses the etching-process context rather than chemicals throughout their full life cycle.,objective,HORIZON_EUROPE,
101161153,HaloFreeEtch,Novel approaches for halogen-free and sustainable etching of Silicon and Glass,9,9.4,"By 2030, upgrade infrastructure and retrofit industries to make them sustainable, with increased resource-use efficiency and greater adoption of clean and environmentally sound technologies and industrial processes, with all countries taking action in accordance with their respective capabilities",http://data.europa.eu/sdg/9.4,WEAK,MEDIUM,Categorical confidence derived from verifier match strength; not a calibrated probability.,DIRECT,3,0.2805428592935413,Make industrial processes sustainable through increased resource-use efficiency and greater adoption of clean and environmentally sound technologies and processes.,objective_01; objective_02; objective_03; objective_05; objective_07; objective_08; objective_10,"Current industrial plasma etching processes are not sustainable because they make use of halogens. | HaloFreeEtch will take a fundamental, interdisciplinary and systematic approach to find new halogen-free etching processes.HaloFreeEtch aims to identify new, halogen-free and sustainable etching processes for sustainable semiconductor manufacturing, applied to deep etching of silicon and silicon oxide. | The novel etching processes we aim for shall be clean (in terms of harmful chemicals), efficient (in terms of processing speed and manufacturability) and precise (in terms of the desired shapes). | HaloFreeEtch combines lab-scale research on three innovative technological routes with computational screening of novel and promising etchants, a comprehensive multi-scale modeling approach to predict potential working points and a model-based life cycle and sustainability analysis. | State-of-the-art plasma etching machines will be modified and combined with innovative features and advanced analytics. | Besides getting rid of halogens, we will address more dimensions of sustainability such as the high energy consumption of the established plasma etching processes. | The project will focus on the semiconductor industry, where plasma etching is a standard industrial process used for many applications.","The project centrally researches and develops halogen-free semiconductor plasma-etching processes, modifies etching equipment, and addresses harmful chemicals and high energy consumption. This is a concrete, target-specific industrial-process mechanism, not merely generic information or a narrow analytical input. The project performs the process-development activity at lab scale, although it does not establish that the new processes are already adopted in industrial production or quantify resulting resource savings.",The work is lab-scale research and development; industrial adoption and resulting operational savings are not established. | The evidence describes clean and efficient process objectives but does not demonstrate measured resource-use efficiency improvements.,objective,HORIZON_EUROPE,
101161153,HaloFreeEtch,Novel approaches for halogen-free and sustainable etching of Silicon and Glass,7,7.3,"By 2030, double the global rate of improvement in energy efficiency",http://data.europa.eu/sdg/7.3,WEAK,MEDIUM,Categorical confidence derived from verifier match strength; not a calibrated probability.,DIRECT,5,0.24706858533547008,Double the global rate of improvement in energy efficiency through reducing the energy consumption of industrial plasma etching processes.,objective_03; objective_05; objective_08; objective_09,"The novel etching processes we aim for shall be clean (in terms of harmful chemicals), efficient (in terms of processing speed and manufacturability) and precise (in terms of the desired shapes). | HaloFreeEtch combines lab-scale research on three innovative technological routes with computational screening of novel and promising etchants, a comprehensive multi-scale modeling approach to predict potential working points and a model-based life cycle and sustainability analysis. | Besides getting rid of halogens, we will address more dimensions of sustainability such as the high energy consumption of the established plasma etching processes. | HaloFreeEtch will implement a novel, sustainability-driven process development scheme which might serve as a blueprint for sustainability-driven process development in electronics and many other industries.","The project centrally develops and studies alternative plasma-etching processes while explicitly addressing the high energy consumption of established processes. This is a concrete, target-specific process-development mechanism at project scale, not merely general analysis or information for others. However, the evidence identifies energy efficiency as an objective without specifying measured energy reductions or showing that the processes achieve them; its stated efficiency criterion also includes processing speed and manufacturability. The project therefore directly conducts a constituent process-development activity, but does not establish that it itself realizes improved energy efficiency.",No quantified energy savings or demonstrated reduction in energy consumption is provided. | The project studies and develops candidate processes; industrial implementation and resulting efficiency gains are not established.,objective,HORIZON_EUROPE,
101161153,HaloFreeEtch,Novel approaches for halogen-free and sustainable etching of Silicon and Glass,12,12.1,"Implement the 10‑Year Framework of Programmes on Sustainable Consumption and Production Patterns, all countries taking action, with developed countries taking the lead, taking into account the development and capabilities of developing countries",http://data.europa.eu/sdg/12.1,STRONG,HIGH,Categorical confidence derived from verifier match strength; not a calibrated probability.,DIRECT,9,0.23014474339360932,"Implement sustainable consumption and production patterns through sustainable semiconductor manufacturing processes, as a project-scale contribution to the 10-Year Framework of Programmes.",objective_01; objective_02; objective_03; objective_05; objective_08; objective_09,"Current industrial plasma etching processes are not sustainable because they make use of halogens. | HaloFreeEtch will take a fundamental, interdisciplinary and systematic approach to find new halogen-free etching processes.HaloFreeEtch aims to identify new, halogen-free and sustainable etching processes for sustainable semiconductor manufacturing, applied to deep etching of silicon and silicon oxide. | The novel etching processes we aim for shall be clean (in terms of harmful chemicals), efficient (in terms of processing speed and manufacturability) and precise (in terms of the desired shapes). | HaloFreeEtch combines lab-scale research on three innovative technological routes with computational screening of novel and promising etchants, a comprehensive multi-scale modeling approach to predict potential working points and a model-based life cycle and sustainability analysis. | Besides getting rid of halogens, we will address more dimensions of sustainability such as the high energy consumption of the established plasma etching processes. | HaloFreeEtch will implement a novel, sustainability-driven process development scheme which might serve as a blueprint for sustainability-driven process development in electronics and many other industries.","The project makes sustainable production in semiconductor manufacturing a central objective. It conducts lab-scale research to develop and assess cleaner, halogen-free etching processes, addresses energy use, and applies a sustainability-driven process-development scheme. This is a project-scale implementation of a more sustainable industrial production process; later adoption or broader replication is not required to count as a concrete project contribution. The evidence does not establish implementation of the broader 10-Year Framework across countries, but that wider scope is not required for this component-level assessment.",The research and process development are lab-scale; industrial adoption and wider replication are not established. | The evidence concerns semiconductor etching processes and does not demonstrate implementation of sustainable consumption and production patterns across countries.,objective,HORIZON_EUROPE,
101162673,EmoDevo,Building emotional circuits: interfacing intrinsic programs with early-life experiences,3,3.4,"By 2030, reduce by one third premature mortality from non-communicable diseases through prevention and treatment and promote mental health and well-being",http://data.europa.eu/sdg/3.4,STRONG,HIGH,Categorical confidence derived from verifier match strength; not a calibrated probability.,DIRECT,1,0.21090352662083894,"Promote mental health and well-being, specifically by advancing understanding of emotional dysregulation and anxiety-related neuropsychiatric disorders.",objective_02; objective_03; objective_07; objective_08; objective_09,"Within the brain, the amygdala governs emotional states through specialised nuclei and connectivity, controlling anxiety, fear reactions, and emotional learning.In mammals, amygdala circuits mature postnatally and are influenced by mother-offspring bonding, which impairment causes early-life stress and leads to lasting consequences on anxiety. | However, the molecular and cellular mechanisms underlying amygdala neuron differentiation and wiring, their reliance on intrinsic programs, potential sex differences, and impact of early-life experiences remain poorly understood.Here, I hypothesise that the differentiation of amygdala neurons relies on transcriptional programs, which vary between sexes and are modulated by early-life stress. | Determining the role of intrinsic determinants and the impact of early-life stress on projection development and function using CRISPR-Cas9-mediated gene manipulation, maternal separation, 3D axon tracings, and anxiety/emotional memory tests.These experiments will reveal transcriptional programs governing amygdala circuit development and sex dimorphisms. | They will identify amygdala neuron types sensitive to environment, potentially more prone to be affected in diseases. | This research will contribute to understanding the genetic and environmental aspects of emotional dysregulation, a common feature in neuropsychiatric disorders, including anxiety disorders.","The project directly conducts scientific research into amygdala circuit development, early-life stress, anxiety, emotional regulation, and disease vulnerability. This is a concrete research activity relevant to the claimed mental-health component, although it does not itself provide treatment, prevention services, or a clinical intervention.",The work is conducted in mice and does not itself demonstrate improved mental health or well-being in people. | No prevention or treatment intervention is delivered; translation to clinical benefit would require further research and downstream action.,objective,OTHER,
101165129,QScope,Deciphering Neurodegenerative Disease with fast 3D imaging & functional nanoscopy,9,9.5,"Enhance scientific research, upgrade the technological capabilities of industrial sectors in all countries, in particular developing countries, including, by 2030, encouraging innovation and substantially increasing the number of research and development workers per 1 million people and public and private research and development spending",http://data.europa.eu/sdg/9.5,STRONG,HIGH,Categorical confidence derived from verifier match strength; not a calibrated probability.,DIRECT,1,0.09199636647053896,Enhance scientific research through substantive original scientific R&D.,objective_04; objective_09; objective_11,"Here, I will investigate the biophysical basis of the formation of different material states of aggregates, by capitalizing on my expertise at the interface of single-molecule biophysics and quantitative, high-resolution imaging in cells.I propose to address the following key questions, with the use of cellular models of Huntingtons Disease (HD) complemented with well-controlled in vitro experiments: How do the physico-chemical properties of protein variants and the cellular environment influence aggregation and toxicity? | I will develop multimodal AI-informed quantitative microscopy and functional nanoscopy to decipher how aggregates in neurodegenerative disease form and mature. | The QScope project is expected to elucidate the role of protein aggregation and phase transitions, relevant for a broad variety of diseases, and to establish new label-free and super-resolution imaging.","The project directly conducts original scientific research into protein aggregation and phase separation, while developing imaging methods to investigate these processes. Scientific research is itself the operative action in the claimed target component, so the project instantiates that component at project scale; economy-wide effects or broader deployment are not required.",The project focuses on neurodegenerative disease and does not address the target’s broader industrial-sector technological-capability clauses. | No evidence establishes changes in R&D worker numbers or public and private R&D spending.,objective,OTHER,
101167065,MakingBlood,Engineering an integrated platform for generation of human blood stem cells from pluripotent sources,9,9.5,"Enhance scientific research, upgrade the technological capabilities of industrial sectors in all countries, in particular developing countries, including, by 2030, encouraging innovation and substantially increasing the number of research and development workers per 1 million people and public and private research and development spending",http://data.europa.eu/sdg/9.5,STRONG,HIGH,Categorical confidence derived from verifier match strength; not a calibrated probability.,DIRECT,1,0.2624301561340806,Enhance scientific research through substantive original R&D developing a platform for human haematopoietic stem-cell generation.,objective_05; objective_06; objective_08; objective_09,"Current attempts to generate HSC in vitro do not consider the changing cellular, chemical, and physical characteristics of the different environments met by HSC in vivo from embryo to adult, and have been unable to reliably produce functional HSC. | MakingBlood aims to establish a proof-of-concept platform for robust generation of human HSC from pluripotent stem cells by developing a self-organising gastruloid model of embryonic HSC generation without genetic manipulation, and successively recapitulating the natural foetal and adult HSC development environments. | By using state-of-the-art technology and multidisciplinary approaches, we will systematically detangle cellular, chemical, and physical properties of natural HSC generation, amplification and maintenance microenvironments, and iteratively identify essential elements that enable and promote HSC function. | We will integrate key elements into modular scalable engineered niches to establish a HSC production platform, which can be developed as a bioreactor for on-demand blood production, and eventually replace donations as the clinical source of HSC and mature blood cells.","The project undertakes original research to investigate HSC developmental environments and develop and integrate elements into engineered niches and a proof-of-concept production platform. Scientific research is itself an operative action in Target 9.5, so this work instantiates that component at project scale. The proposed eventual clinical-scale blood production and replacement of donations remain future aims, but they are not required for the research component assessed here.",The platform is at proof-of-concept stage; clinical-scale production and use as a source of HSC and mature blood cells are future aims.,objective,OTHER,
101167065,MakingBlood,Engineering an integrated platform for generation of human blood stem cells from pluripotent sources,3,3.8,"Achieve universal health coverage, including financial risk protection, access to quality essential health-care services and access to safe, effective, quality and affordable essential medicines and vaccines for all",http://data.europa.eu/sdg/3.8,WEAK,MEDIUM,Categorical confidence derived from verifier match strength; not a calibrated probability.,DIRECT,3,0.2549687277859293,Access to quality essential health-care services,objective_02; objective_03; objective_06; objective_09,"Availability is a challenge for specific groups, and 25% of patients needing blood stem cell transplants lack a compatible donor. | The ideal alternative is clinical-scale production of Haematopoietic Stem Cells (HSC) from laboratory-maintained tissue-compatible sources, to provide an off-the-shelf source of blood cells. | MakingBlood aims to establish a proof-of-concept platform for robust generation of human HSC from pluripotent stem cells by developing a self-organising gastruloid model of embryonic HSC generation without genetic manipulation, and successively recapitulating the natural foetal and adult HSC development environments. | We will integrate key elements into modular scalable engineered niches to establish a HSC production platform, which can be developed as a bioreactor for on-demand blood production, and eventually replace donations as the clinical source of HSC and mature blood cells.","The project centrally develops and tests a scalable platform for generating human blood stem cells, aimed at addressing compatible-donor shortages and enabling an on-demand clinical source. This is a concrete, target-specific mechanism for improving access to an essential treatment, although it does not itself provide clinical care or establish patient access.","The evidence describes a proof-of-concept production platform, not delivery of blood stem cell transplants or other clinical services to patients. | Clinical use and actual access for patients remain downstream.",objective,OTHER,
101168124,PREPSHIELD,Preparedness for society in health crises and disasters,3,3.d,"Strengthen the capacity of all countries, in particular developing countries, for early warning, risk reduction and management of national and global health risks",http://data.europa.eu/sdg/3.d,STRONG,HIGH,Categorical confidence derived from verifier match strength; not a calibrated probability.,DIRECT,4,0.4094425909754819,"Strengthening capacity for health-crisis preparedness, early warning, risk reduction and management of health risks",objective_01; objective_02; objective_03; objective_04; objective_05,"PREPSHIELD aims to foster a more holistic and citizen-centric approach to health crisis preparedness and management, by co-creating policy recommendations, methods and an AI-powered platform for crisis management to better prepare for and address health emergencies from a social and societal perspective. | To reach this objective, PREPSHIELD will rely on the participation of public authorities, citizens (specifically from vulnerable and non-compliant groups), CSOs, DROs and healthcare institutions. | Based on the needs of these groups, PREPSHIELD will develop recommendations for health crisis preparedness, management and communication as well as tools to simulate future crises through an iterative process, involving various pilots for their evaluation. | These pilots will include a communication pilot, tabletop exercises and an online exercise, which will include all these stakeholders and take place at different scales in different countries: local (Hamburg, DE), regional (Piedmont, IT) and national (Romania). | The online exercise will rely on a PREPSHIELD platform and app (built on the proven CRIMSON platform) to reproduce real-life crisis communication conditions and provide decision-makers with simulations and feedback on the behaviour, wellbeing, capacities, and resources of the other stakeholders.","The project directly builds and tests health-crisis preparedness and management capacity through co-created recommendations, stakeholder exercises, and a crisis-simulation platform that provides decision-makers feedback. These are concrete project-scale mechanisms for preparedness and management, not merely general evidence or an unrelated input. The evidence does not establish a distinct early-warning system or substantial work focused on developing-country capacity, but these omissions do not negate the stated capacity-building contribution.",No explicit early-warning mechanism is described. | The work is conducted through pilots in European locations; capacity-building specifically in developing countries is not evidenced.,objective,HORIZON_EUROPE,
101169295,PATTERN,European Doctoral Network Enabling Artificial Intelligence for Electromagnetic Compatibility,9,9.5,"Enhance scientific research, upgrade the technological capabilities of industrial sectors in all countries, in particular developing countries, including, by 2030, encouraging innovation and substantially increasing the number of research and development workers per 1 million people and public and private research and development spending",http://data.europa.eu/sdg/9.5,STRONG,HIGH,Categorical confidence derived from verifier match strength; not a calibrated probability.,DIRECT,1,0.3474658425097019,Enhance scientific research,objective_02; objective_03; objective_06; objective_08,"In its push to go beyond the state of the art the project will embed artificial intelligence (AI) into every challenge. | The project will research how best to use AI to discover innovative and sustainable solutions to manage electromagnetic interference (EMI) and develop new sets of design guidelines for electromagnetic reliability and the safety of European medical products of the future.PATTERN’s science case is based on the integration and optimization of every key performance indicator (KPI) linked to the two revolutions faced by medical electronics: risk and sustainability. | A characterization strategy embedded in these new realities is urgently needed.PATTERN is the first training network dedicated to the inclusion of AI as the choice of technology to support these paradigm shifts with a new design philosophy. | A pan-European approach in a multi-sectoral context is guaranteed (universities, an established start-up, SMEs, and major industries) PATTERN will train a new generation of scientific professionals who can transition between disciplines and take up leading positions in the field of electronics, safety, sustainability and AI, while thinking about design differently.","The network conducts research on applying AI to electromagnetic-compatibility challenges and develops new design guidelines, directly carrying out scientific research at project scale. It also trains scientific professionals, a substantial part of the project’s stated work. The contribution concerns research in a specific technical field; no requirement exists here to demonstrate economy-wide effects or growth in total R&D spending or workforce.","The evidence concerns research and training in electromagnetic compatibility and medical engineering; it does not establish broader changes in industrial-sector technological capabilities, R&D spending, or research-worker numbers.",objective,HORIZON_EUROPE,
101169295,PATTERN,European Doctoral Network Enabling Artificial Intelligence for Electromagnetic Compatibility,4,4.4,"By 2030, substantially increase the number of youth and adults who have relevant skills, including technical and vocational skills, for employment, decent jobs and entrepreneurship",http://data.europa.eu/sdg/4.4,STRONG,HIGH,Categorical confidence derived from verifier match strength; not a calibrated probability.,DIRECT,9,0.2624837239545792,"Relevant technical and vocational skills for employment, decent jobs and entrepreneurship",objective_06; objective_07; objective_08,"A characterization strategy embedded in these new realities is urgently needed.PATTERN is the first training network dedicated to the inclusion of AI as the choice of technology to support these paradigm shifts with a new design philosophy. | It answers the recently highlighted, pressing need for trained specialists in the field.PATTERN involves 9 academic Beneficiaries and 9 industrial Associated Partners, across the complete lifecycle of design solutions, from 8 countries. | A pan-European approach in a multi-sectoral context is guaranteed (universities, an established start-up, SMEs, and major industries) PATTERN will train a new generation of scientific professionals who can transition between disciplines and take up leading positions in the field of electronics, safety, sustainability and AI, while thinking about design differently.","The network itself trains doctoral researchers and a new generation of scientific professionals in target-relevant fields, providing skills for professional employment. This is substantive project-scale training, not merely an input for another actor to create a training mechanism. The evidence is explicit about specialist training and professional roles, though it does not specify the precise skill curriculum or employment outcomes.",The evidence does not report how many trainees complete the programme or obtain employment. | It does not specify entrepreneurship-focused skills or outcomes.,objective,HORIZON_EUROPE,
101180593,PANDORA,"Making stratigraphy in the Anthropocene: Tracing multidecadal Pollution in the mAriNe seDimentary recOrd off the Coast of GRAnada (Alboran Sea, western Mediterranean)",14,14.1,"By 2025, prevent and significantly reduce marine pollution of all kinds, in particular from land-based activities, including marine debris and nutrient pollution",http://data.europa.eu/sdg/14.1,WEAK,MEDIUM,Categorical confidence derived from verifier match strength; not a calibrated probability.,INDIRECT,1,0.4541932301681749,"Preventing and reducing marine pollution, including pollution from land-based activities and marine debris",objective_05; objective_06; objective_07,"One is the provision of stratigraphic data on the long-term (historical) impacts of such regulations on widespread environmental concentrations of target pollutants. | The PANDORA project will fill this void by providing an innovative approach, combining high-resolution data on heavy metal and microplastic concentrations, over time, determining possible sources of contamination, and quantifying their effects on benthic foraminifera growth patterns and calcification. | The scope of this project is a shelf-to-slope transect of time-resolved stratigraphic archives recovered in the northern margin of the Alboran Sea (western Mediterranean).","The project conducts a marine-sediment study of historical heavy-metal and microplastic concentrations, possible contamination sources, and ecological effects. This produces target-specific evidence that may inform pollution controls, but the project does not itself prevent or reduce pollution or implement a control measure.",Historical measurements and source assessment do not establish that pollution is prevented or reduced. | The project does not implement downstream restrictions or other pollution-control actions.,objective,HORIZON_EUROPE,
101180593,PANDORA,"Making stratigraphy in the Anthropocene: Tracing multidecadal Pollution in the mAriNe seDimentary recOrd off the Coast of GRAnada (Alboran Sea, western Mediterranean)",12,12.4,"By 2020, achieve the environmentally sound management of chemicals and all wastes throughout their life cycle, in accordance with agreed international frameworks, and significantly reduce their release to air, water and soil in order to minimize their adverse impacts on human health and the environment",http://data.europa.eu/sdg/12.4,WEAK,MEDIUM,Categorical confidence derived from verifier match strength; not a calibrated probability.,INDIRECT,2,0.3921540550050851,Significantly reduce releases of pollutants to water and minimize adverse environmental impacts,objective_03; objective_05; objective_06,"In Europe, this major concern is linked to cycles of development and use of new elements and compounds, followed by identification of pollution levels and risks, eventually leading to the implementation of restrictions on their use, often through national, European and international legal instruments. | One is the provision of stratigraphic data on the long-term (historical) impacts of such regulations on widespread environmental concentrations of target pollutants. | The PANDORA project will fill this void by providing an innovative approach, combining high-resolution data on heavy metal and microplastic concentrations, over time, determining possible sources of contamination, and quantifying their effects on benthic foraminifera growth patterns and calcification.","The project conducts target-specific research by measuring historical heavy-metal and microplastic concentrations, tracing sources, and assessing effects on marine organisms. However, for this claimed component, those results provide evidence relevant to pollution controls rather than implementing release reductions or directly minimizing impacts; restrictions or other control measures remain downstream actions.",The project does not implement restrictions or other measures that reduce pollutant releases. | The evidence describes historical concentrations and effects; no resulting reduction in releases or adverse impacts is established.,objective,HORIZON_EUROPE,
101180593,PANDORA,"Making stratigraphy in the Anthropocene: Tracing multidecadal Pollution in the mAriNe seDimentary recOrd off the Coast of GRAnada (Alboran Sea, western Mediterranean)",14,14.2,"By 2020, sustainably manage and protect marine and coastal ecosystems to avoid significant adverse impacts, including by strengthening their resilience, and take action for their restoration in order to achieve healthy and productive oceans",http://data.europa.eu/sdg/14.2,WEAK,MEDIUM,Categorical confidence derived from verifier match strength; not a calibrated probability.,INDIRECT,5,0.35922640664963446,Strengthening the resilience of marine and coastal ecosystems by informing action to manage and protect them from pollution impacts.,objective_05; objective_06; objective_07,"One is the provision of stratigraphic data on the long-term (historical) impacts of such regulations on widespread environmental concentrations of target pollutants. | The PANDORA project will fill this void by providing an innovative approach, combining high-resolution data on heavy metal and microplastic concentrations, over time, determining possible sources of contamination, and quantifying their effects on benthic foraminifera growth patterns and calcification. | The scope of this project is a shelf-to-slope transect of time-resolved stratigraphic archives recovered in the northern margin of the Alboran Sea (western Mediterranean).","The project conducts marine pollution research, measuring historical heavy-metal and microplastic concentrations, tracing possible contamination sources, and assessing effects on benthic foraminifera. This produces target-relevant evidence, but the project does not itself manage or protect the ecosystem, strengthen its resilience, or restore it; a distinct downstream management or protection action remains necessary. The research is central and explicitly marine, while the claimed resilience and protection effects are enabled rather than performed.","No management, protection, resilience-strengthening, or restoration action is stated as part of the project. | The evidence is intended to inform later policy or restrictions; their implementation and environmental effects are not established.",objective,HORIZON_EUROPE,
101180593,PANDORA,"Making stratigraphy in the Anthropocene: Tracing multidecadal Pollution in the mAriNe seDimentary recOrd off the Coast of GRAnada (Alboran Sea, western Mediterranean)",14,14.a,"Increase scientific knowledge, develop research capacity and transfer marine technology, taking into account the Intergovernmental Oceanographic Commission Criteria and Guidelines on the Transfer of Marine Technology, in order to improve ocean health and to enhance the contribution of marine biodiversity to the development of developing countries, in particular small island developing States and least developed countries",http://data.europa.eu/sdg/14.a,STRONG,HIGH,Categorical confidence derived from verifier match strength; not a calibrated probability.,DIRECT,7,0.34713420162384445,Increase scientific knowledge about marine pollution and its effects on the marine environment,objective_05; objective_06; objective_07,"One is the provision of stratigraphic data on the long-term (historical) impacts of such regulations on widespread environmental concentrations of target pollutants. | The PANDORA project will fill this void by providing an innovative approach, combining high-resolution data on heavy metal and microplastic concentrations, over time, determining possible sources of contamination, and quantifying their effects on benthic foraminifera growth patterns and calcification. | The scope of this project is a shelf-to-slope transect of time-resolved stratigraphic archives recovered in the northern margin of the Alboran Sea (western Mediterranean).","The project conducts marine environmental research, producing time-resolved stratigraphic data on pollutant concentrations, possible contamination sources, and effects on benthic organisms. Scientific research and increasing knowledge are themselves named components of target 14.a, so this is a project-scale realization of the operative component, not merely an upstream input. The work is focused on a specific transect in the Alboran Sea; it does not establish research-capacity development or technology transfer, but those are separate clauses rather than defining requirements of the selected knowledge component.","The evidence describes a geographically focused study and does not establish broader geographic replication or population-scale effects. | The project evidence does not establish marine-technology transfer or benefits specifically for developing countries, small island developing States, or least developed countries.",objective,HORIZON_EUROPE,
101181294,BMD,Biodiversity Meets Data,15,15.9,"By 2020, integrate ecosystem and biodiversity values into national and local planning, development processes, poverty reduction strategies and accounts",http://data.europa.eu/sdg/15.9,WEAK,MEDIUM,Categorical confidence derived from verifier match strength; not a calibrated probability.,INDIRECT,1,0.5558428836122424,Integrating ecosystem and biodiversity values into national and local planning and development processes,objective_01; objective_04; objective_05,"Biodiversity Meets Data - BMD - is a Single Access Point that provides managers of natural resources and policy makers with access to high-throughput biodiversity monitoring tools and AI driven taxon identification services, services to mobilise historical baseline and legacy data to FAIR data repositories, a data catalogue to all available biodiversity information, a suite of Virtual Research Environments (VREs) for data analyses for the terrestrial, freshwater and marine realms, and a web-GIS data viewer to explore the data and VRE results. | The VREs include tools for a) biodiversity monitoring, b) identification and analysis of drivers of change, and c) projections of land cover and climate change on the distribution of species and habitats. | The VRE results are presented as comprehensive products to the end users so that they can effectively be used to monitor biodiversity, address drivers of biodiversity loss, and plan, manage and expand protected areas, improve the conservation status of species and habitats, and comply to the reporting obligations under the EU nature directives based on up-to-date knowledge and solutions.","The project provides biodiversity data, monitoring and analysis tools, and decision-support products expressly intended to inform planning and management. However, the project does not itself integrate biodiversity values into planning or development processes; that action remains with the managers and policymakers using its outputs.","The evidence describes support for planning and management, not the project’s own integration of biodiversity values into planning or development processes. | The project’s monitoring and analysis products must be taken up by managers or policymakers to affect planning.",objective,HORIZON_EUROPE,
101181294,BMD,Biodiversity Meets Data,15,15.1,"By 2020, ensure the conservation, restoration and sustainable use of terrestrial and inland freshwater ecosystems and their services, in particular forests, wetlands, mountains and drylands, in line with obligations under international agreements",http://data.europa.eu/sdg/15.1,WEAK,MEDIUM,Categorical confidence derived from verifier match strength; not a calibrated probability.,INDIRECT,2,0.542862481256634,"Conservation, restoration and sustainable use of terrestrial and inland freshwater ecosystems and their services, including monitoring, planning and management that advances conservation of species and habitats.",objective_01; objective_04; objective_05,"Biodiversity Meets Data - BMD - is a Single Access Point that provides managers of natural resources and policy makers with access to high-throughput biodiversity monitoring tools and AI driven taxon identification services, services to mobilise historical baseline and legacy data to FAIR data repositories, a data catalogue to all available biodiversity information, a suite of Virtual Research Environments (VREs) for data analyses for the terrestrial, freshwater and marine realms, and a web-GIS data viewer to explore the data and VRE results. | The VREs include tools for a) biodiversity monitoring, b) identification and analysis of drivers of change, and c) projections of land cover and climate change on the distribution of species and habitats. | The VRE results are presented as comprehensive products to the end users so that they can effectively be used to monitor biodiversity, address drivers of biodiversity loss, and plan, manage and expand protected areas, improve the conservation status of species and habitats, and comply to the reporting obligations under the EU nature directives based on up-to-date knowledge and solutions.","The project provides biodiversity-monitoring, analysis, and projection tools for terrestrial and freshwater realms, with results intended to help users monitor biodiversity, address drivers of loss, and plan and manage protected areas. These are target-specific inputs to conservation, but the evidence describes enabling tools and products rather than the project itself carrying out ecosystem conservation, restoration, or sustainable-use management.","The evidence does not state that the project itself implements conservation, restoration, or sustainable-use management actions. | The tools and results support decisions by managers and policymakers; downstream action is needed to realize those management outcomes.",objective,HORIZON_EUROPE,
101181363,BioDiMoBot,Autonomous Longtime Aquatic Biodiversity and Ecology Monitoring Robot,15,15.1,"By 2020, ensure the conservation, restoration and sustainable use of terrestrial and inland freshwater ecosystems and their services, in particular forests, wetlands, mountains and drylands, in line with obligations under international agreements",http://data.europa.eu/sdg/15.1,STRONG,HIGH,Categorical confidence derived from verifier match strength; not a calibrated probability.,DIRECT,1,0.41614828778005686,Monitoring and assessment that substantively supports conservation or sustainable use of terrestrial and inland freshwater ecosystems and their services.,objective_01; objective_02; objective_04; objective_05; objective_09,"The BioDiMoBot project will deliver a system for autonomous, long-term robotic assessments of aquatic biodiversity and ecology. | This project will develop an innovative measurement system to monitor biodiversity and provide insight into the drivers of ecosystem degradation. | With the BioDiMoBots' ability to perform autonomous and automated multimodal long-term data collection, the project will create a user-friendly robotic tool that provides detailed insights into the ecological health of aquatic environments.The project will be driven by the needs of potential stakeholders such as researchers, small and medium-sized enterprises (SMEs) in water-related industries and policy makers. | Field operations will demonstrate the transformative power of the BioDiMoBot systems by monitoring aquatic ecosystems over a long period of time. | The robotic system comprises a """"surface unit"""" with solar cells for energy and communication, a """"ground unit"""" for microbial activity investigation, ropes connecting these elements, and """"rope-climbing modules"""" with additional sensors for sampling.","The project develops and field-demonstrates an autonomous system for long-term aquatic biodiversity and ecosystem monitoring, including assessment of ecological health and degradation drivers. This is a concrete, target-specific monitoring mechanism at project scale; later conservation decisions or wider deployment are not required to establish that the monitoring activity itself is performed. The evidence does not establish implementation of conservation or restoration measures, but those are not necessary to the selected monitoring component.","The project monitors and assesses aquatic ecosystems but does not itself establish that it carries out conservation or restoration interventions. | The evidence does not specify the full range of terrestrial ecosystem types named in the target; the supported scope is aquatic ecosystems, including inland freshwater contexts.",objective,HORIZON_EUROPE,
101181363,BioDiMoBot,Autonomous Longtime Aquatic Biodiversity and Ecology Monitoring Robot,6,6.6,"By 2020, protect and restore water-related ecosystems, including mountains, forests, wetlands, rivers, aquifers and lakes",http://data.europa.eu/sdg/6.6,WEAK,MEDIUM,Categorical confidence derived from verifier match strength; not a calibrated probability.,DIRECT,2,0.4068594031201642,"Protect and restore water-related ecosystems through monitoring aquatic ecosystems, assessing biodiversity and ecological health, and identifying drivers of degradation to inform ecosystem action.",objective_01; objective_02; objective_04; objective_05; objective_08; objective_10,"The BioDiMoBot project will deliver a system for autonomous, long-term robotic assessments of aquatic biodiversity and ecology. | This project will develop an innovative measurement system to monitor biodiversity and provide insight into the drivers of ecosystem degradation. | With the BioDiMoBots' ability to perform autonomous and automated multimodal long-term data collection, the project will create a user-friendly robotic tool that provides detailed insights into the ecological health of aquatic environments.The project will be driven by the needs of potential stakeholders such as researchers, small and medium-sized enterprises (SMEs) in water-related industries and policy makers. | Field operations will demonstrate the transformative power of the BioDiMoBot systems by monitoring aquatic ecosystems over a long period of time. | Key goals include tailoring sensors for comprehensive water column investigation, ensuring long-term autonomy, establishing efficient data transfer, and integrating classical aquatic and biohybrid sensors for ecosystem evaluation. | This integrated system offers a precise and adaptable solution for biodiversity monitoring.","The project’s central work is to develop and field-demonstrate an autonomous system for long-term monitoring of aquatic biodiversity and ecosystem health, including identifying degradation drivers. Monitoring is a concrete constituent mechanism of the claimed component, even though the project does not itself carry out ecosystem protection or restoration.",The project monitors and assesses ecosystems but does not itself protect or restore them. | The evidence does not establish that monitoring results lead to subsequent protection or restoration action.,objective,HORIZON_EUROPE,
101181363,BioDiMoBot,Autonomous Longtime Aquatic Biodiversity and Ecology Monitoring Robot,15,15.5,"Take urgent and significant action to reduce the degradation of natural habitats, halt the loss of biodiversity and, by 2020, protect and prevent the extinction of threatened species",http://data.europa.eu/sdg/15.5,WEAK,MEDIUM,Categorical confidence derived from verifier match strength; not a calibrated probability.,DIRECT,4,0.38171579174546233,Take action to halt biodiversity loss through monitoring aquatic biodiversity and ecosystem degradation,objective_01; objective_02; objective_05; objective_08; objective_10,"The BioDiMoBot project will deliver a system for autonomous, long-term robotic assessments of aquatic biodiversity and ecology. | This project will develop an innovative measurement system to monitor biodiversity and provide insight into the drivers of ecosystem degradation. | Field operations will demonstrate the transformative power of the BioDiMoBot systems by monitoring aquatic ecosystems over a long period of time. | Key goals include tailoring sensors for comprehensive water column investigation, ensuring long-term autonomy, establishing efficient data transfer, and integrating classical aquatic and biohybrid sensors for ecosystem evaluation. | This integrated system offers a precise and adaptable solution for biodiversity monitoring.","Monitoring is a constituent mechanism for addressing biodiversity loss, and the project itself develops and field-demonstrates a long-term aquatic biodiversity monitoring system. This is a concrete target-specific monitoring capacity, even though the project does not itself establish that biodiversity loss is halted or carry out subsequent conservation interventions. Monitoring and ecosystem assessment are central to the project; the evidence does not show it directly protecting habitats, preventing extinctions, or implementing broader biodiversity-loss interventions.","The evidence describes monitoring and assessment, not demonstrated reduction or cessation of biodiversity loss. | The project focuses on aquatic ecosystems and does not establish habitat protection, restoration, or threatened-species interventions.",objective,HORIZON_EUROPE,
101181363,BioDiMoBot,Autonomous Longtime Aquatic Biodiversity and Ecology Monitoring Robot,14,14.a,"Increase scientific knowledge, develop research capacity and transfer marine technology, taking into account the Intergovernmental Oceanographic Commission Criteria and Guidelines on the Transfer of Marine Technology, in order to improve ocean health and to enhance the contribution of marine biodiversity to the development of developing countries, in particular small island developing States and least developed countries",http://data.europa.eu/sdg/14.a,STRONG,HIGH,Categorical confidence derived from verifier match strength; not a calibrated probability.,DIRECT,8,0.3643338883793908,Increase scientific knowledge and develop research capacity through marine biodiversity monitoring and research technology,objective_01; objective_02; objective_04; objective_05; objective_08; objective_09; objective_10,"The BioDiMoBot project will deliver a system for autonomous, long-term robotic assessments of aquatic biodiversity and ecology. | This project will develop an innovative measurement system to monitor biodiversity and provide insight into the drivers of ecosystem degradation. | With the BioDiMoBots' ability to perform autonomous and automated multimodal long-term data collection, the project will create a user-friendly robotic tool that provides detailed insights into the ecological health of aquatic environments.The project will be driven by the needs of potential stakeholders such as researchers, small and medium-sized enterprises (SMEs) in water-related industries and policy makers. | Field operations will demonstrate the transformative power of the BioDiMoBot systems by monitoring aquatic ecosystems over a long period of time. | Key goals include tailoring sensors for comprehensive water column investigation, ensuring long-term autonomy, establishing efficient data transfer, and integrating classical aquatic and biohybrid sensors for ecosystem evaluation. | The robotic system comprises a """"surface unit"""" with solar cells for energy and communication, a """"ground unit"""" for microbial activity investigation, ropes connecting these elements, and """"rope-climbing modules"""" with additional sensors for sampling. | This integrated system offers a precise and adaptable solution for biodiversity monitoring.","The project centrally develops and field-demonstrates an integrated autonomous monitoring system and sensors for long-term aquatic biodiversity research. This is a concrete, target-specific research and monitoring capacity at project scale, rather than merely an information input for a distinct mechanism to be created later. The evidence does not establish transfer of marine technology under the IOC criteria or a developing-country focus, but those aspects are not integral to the claimed research-capacity component.",The evidence describes aquatic ecosystems generally and does not explicitly establish that all monitored environments are marine. | No developing-country or small-island/least-developed-country beneficiary is specified. | Technology transfer under the IOC Criteria and Guidelines is not evidenced.,objective,HORIZON_EUROPE,
101181857,DAISY,"DigitAl, technologIcal and Social innovation mixes enabling transformation for biodiversity and equitY",15,15.9,"By 2020, integrate ecosystem and biodiversity values into national and local planning, development processes, poverty reduction strategies and accounts",http://data.europa.eu/sdg/15.9,WEAK,MEDIUM,Categorical confidence derived from verifier match strength; not a calibrated probability.,INDIRECT,1,0.592684652410119,Integrating ecosystem and biodiversity values into national and local planning and development processes,objective_01; objective_03; objective_04; objective_06,"DAISY (DigitAl, technologIcal and Social innovation mixes enabling transformation for biodiversity and equitY) aims to understand how interventions (innovations, regulations, financial incentives and tools affecting social norms and emotions) and their mixes can drive systemic change and transformation for biodiversity and equity, offering concrete policy recommendations. | 2) Develop, test and provide intervention mixes for transformative change across practical, political and personal spheres, and 3) Engage and enhance the response-ability of civil society, policymakers, and businesses to implement and amplify transformative action. | To achieve these goals, DAISY will analyse social, economic, and political processes, map existing innovations, assess their transformative potential, and develop, test and assess interventions to be taken up by policies to address biodiversity loss and equity. | The project will provide recommendations to decision-makers and build capacity among stakeholders.","DAISY develops and tests interventions addressing biodiversity loss, and provides policy recommendations and stakeholder capacity intended to support uptake in policy. The evidence establishes a substantive policy-oriented pathway, but does not show that the project itself integrates biodiversity values into planning or development processes. A downstream policy actor must carry out that integration.",The project develops and tests interventions and offers recommendations; the evidence does not establish their adoption into national or local planning and development processes. | The evidence does not specify that the recommendations or interventions address both national and local planning contexts.,objective,HORIZON_EUROPE,
101181857,DAISY,"DigitAl, technologIcal and Social innovation mixes enabling transformation for biodiversity and equitY",15,15.5,"Take urgent and significant action to reduce the degradation of natural habitats, halt the loss of biodiversity and, by 2020, protect and prevent the extinction of threatened species",http://data.europa.eu/sdg/15.5,WEAK,MEDIUM,Categorical confidence derived from verifier match strength; not a calibrated probability.,DIRECT,5,0.5525836243727414,Reduce degradation of natural habitats and halt biodiversity loss through transformative interventions addressing biodiversity loss.,objective_01; objective_03; objective_04; objective_05; objective_06,"DAISY (DigitAl, technologIcal and Social innovation mixes enabling transformation for biodiversity and equitY) aims to understand how interventions (innovations, regulations, financial incentives and tools affecting social norms and emotions) and their mixes can drive systemic change and transformation for biodiversity and equity, offering concrete policy recommendations. | 2) Develop, test and provide intervention mixes for transformative change across practical, political and personal spheres, and 3) Engage and enhance the response-ability of civil society, policymakers, and businesses to implement and amplify transformative action. | To achieve these goals, DAISY will analyse social, economic, and political processes, map existing innovations, assess their transformative potential, and develop, test and assess interventions to be taken up by policies to address biodiversity loss and equity. | DAISY will conduct case studies (spanning from using digital apps through commons governance to degrowth models), workshops, and (social science) experiments, working collaboratively with a range of participants. | The project will provide recommendations to decision-makers and build capacity among stakeholders.","DAISY centrally develops, tests, and assesses intervention mixes specifically intended to address biodiversity loss, and engages stakeholders to support implementation. This is substantive project-scale work on target-specific interventions, not merely generic information or an isolated technical input. However, the evidence describes developing and testing interventions and recommendations for later policy uptake; it does not establish that DAISY itself implements habitat-protection or restoration measures or directly halts biodiversity loss. The mapping therefore has a material but nonblocking gap in implementation, and its operative work is a constituent intervention-development mechanism rather than performance of the target’s governing action to reduce habitat degradation and halt biodiversity loss.",The evidence does not show completed implementation of the interventions or measured reductions in habitat degradation or biodiversity loss.,objective,HORIZON_EUROPE,
101181890,RAINS,Resilient Agricultural IrrigatioN systems for water Scarcity in Europe,6,6.4,"By 2030, substantially increase water-use efficiency across all sectors and ensure sustainable withdrawals and supply of freshwater to address water scarcity and substantially reduce the number of people suffering from water scarcity",http://data.europa.eu/sdg/6.4,WEAK,MEDIUM,Categorical confidence derived from verifier match strength; not a calibrated probability.,DIRECT,1,0.5780215770449284,"Substantially increase water-use efficiency in agriculture, a sector-specific component of the target.",objective_03; objective_04; objective_05; objective_08; objective_09,"RAINS will contribute to improve the resilience of EU agriculture to water scarcity by demonstrating 10 solutions (irrigation practices, technologies and tools) that will increase the efficiency of water and nutrient management in agriculture and reduce the impact of extreme weather events. | RAINS solutions include alternative forms of water supply, combined use of water and biofertilisers, improved soil water-retention, water-N/P modelling and some smart solutions (Optifangs-IA, WaterIQ) to contribute to decision-making and to integrated irrigation management across farm systems. | Solutions will be demonstrated at 10 demo-farm systems representing agroecology, organic production, conventional, intensive and urban agriculture, replicated in Greece and Spain. | Policy focused sessions will deliver 3 sets of policy and incentives recommendations, engaging quadruple helix agricultural stakeholders, to pave the way for the uptake of sustainable irrigation and fertilization management solutions in practice in the EU.In the long term, RAINS will contribute to improve water efficiency by 50% in 12,700 ha. | in more than 20 EU regions, and support >500 farmers in the transition to a more sustainable irrigation.","The project centrally demonstrates irrigation practices, technologies, and tools intended to increase agricultural water-management efficiency, including at ten demo-farm systems. These are concrete, target-specific mechanisms tested at project scale; subsequent broader uptake is not required to establish project-scale realization. The evidence does not establish that the project itself achieves its longer-term efficiency gains across all regions or addresses every dimension of freshwater scarcity, but those limits do not change the sector-specific component evaluated here.","The stated 50% water-efficiency improvement across 12,700 hectares is a long-term intended outcome, not shown as achieved during the project. | The project’s stated agricultural focus does not cover water-use efficiency across all sectors or establish broader freshwater-scarcity outcomes.",objective,HORIZON_EUROPE,
101181890,RAINS,Resilient Agricultural IrrigatioN systems for water Scarcity in Europe,6,6.5,"By 2030, implement integrated water resources management at all levels, including through transboundary cooperation as appropriate",http://data.europa.eu/sdg/6.5,WEAK,MEDIUM,Categorical confidence derived from verifier match strength; not a calibrated probability.,DIRECT,6,0.5002125428116886,Implement integrated water resources management at all levels,objective_03; objective_04; objective_05; objective_06; objective_08,"RAINS will contribute to improve the resilience of EU agriculture to water scarcity by demonstrating 10 solutions (irrigation practices, technologies and tools) that will increase the efficiency of water and nutrient management in agriculture and reduce the impact of extreme weather events. | RAINS solutions include alternative forms of water supply, combined use of water and biofertilisers, improved soil water-retention, water-N/P modelling and some smart solutions (Optifangs-IA, WaterIQ) to contribute to decision-making and to integrated irrigation management across farm systems. | Solutions will be demonstrated at 10 demo-farm systems representing agroecology, organic production, conventional, intensive and urban agriculture, replicated in Greece and Spain. | We will also develop a hydrological and N/P model to optimised agriculture production at catchment level. | Policy focused sessions will deliver 3 sets of policy and incentives recommendations, engaging quadruple helix agricultural stakeholders, to pave the way for the uptake of sustainable irrigation and fertilization management solutions in practice in the EU.In the long term, RAINS will contribute to improve water efficiency by 50% in 12,700 ha.","The project centrally demonstrates irrigation practices, technologies, and tools for water and nutrient management, including integrated irrigation management across farm systems, catchment-level modelling, and policy recommendations. These are concrete project-scale mechanisms for integrated water resources management, rather than merely generic information inputs. The evidence does not establish comprehensive water-resource management across all governance levels or transboundary cooperation, but those broader outcomes are not required for a project-scale contribution to this component.","The stated work is focused on agricultural irrigation and farm systems, not integrated management across all water uses and sectors. | The project develops recommendations and pathways for uptake; it does not establish that they are adopted or implemented across governance levels.",objective,HORIZON_EUROPE,
101181890,RAINS,Resilient Agricultural IrrigatioN systems for water Scarcity in Europe,2,2.4,"By 2030, ensure sustainable food production systems and implement resilient agricultural practices that increase productivity and production, that help maintain ecosystems, that strengthen capacity for adaptation to climate change, extreme weather, drought, flooding and other disasters and that progressively improve land and soil quality",http://data.europa.eu/sdg/2.4,STRONG,HIGH,Categorical confidence derived from verifier match strength; not a calibrated probability.,DIRECT,9,0.4877724903808271,Strengthen the capacity of agricultural systems to adapt to drought and other extreme weather events.,objective_01; objective_03; objective_04; objective_05; objective_06,"In the last years, extreme weather patterns of water scarcity (droughts) and water abundance (floods, rapid showers) are becoming more frequent and prolonged in the EU. | RAINS will contribute to improve the resilience of EU agriculture to water scarcity by demonstrating 10 solutions (irrigation practices, technologies and tools) that will increase the efficiency of water and nutrient management in agriculture and reduce the impact of extreme weather events. | RAINS solutions include alternative forms of water supply, combined use of water and biofertilisers, improved soil water-retention, water-N/P modelling and some smart solutions (Optifangs-IA, WaterIQ) to contribute to decision-making and to integrated irrigation management across farm systems. | Solutions will be demonstrated at 10 demo-farm systems representing agroecology, organic production, conventional, intensive and urban agriculture, replicated in Greece and Spain. | We will also develop a hydrological and N/P model to optimised agriculture production at catchment level.","The project centrally develops and demonstrates irrigation, water-supply, soil water-retention, nutrient-management, and modelling solutions across ten farm systems to improve agricultural resilience to water scarcity and reduce extreme-weather impacts. These are concrete, target-specific adaptive mechanisms demonstrated at project scale, rather than merely generic information or tools. The project does not establish every aspect of adaptive capacity across all agricultural systems, but that breadth is not a material gap for this component.",The project demonstrates solutions at ten farm systems; the evidence does not establish implementation at scale across the EU.,objective,HORIZON_EUROPE,
101188898,IMPACT,Intrinsic Microenvironment-Dependent Potentiation of Antibodies for Cancer Therapy,3,3.8,"Achieve universal health coverage, including financial risk protection, access to quality essential health-care services and access to safe, effective, quality and affordable essential medicines and vaccines for all",http://data.europa.eu/sdg/3.8,WEAK,MEDIUM,Categorical confidence derived from verifier match strength; not a calibrated probability.,INDIRECT,2,0.0883188634422796,"Access to quality essential health-care services for all, through development of a cancer-antibody therapeutic approach.",objective_01; objective_03; objective_06; objective_07,"The principal goal of this proof-of-concept study is to explore the feasibility of a cofactor-induced oligomerisation of IgG to potentiate the therapeutic efficacy of anti-cancer antibodies targeting the tumour site. | These species were considerably more potent in activating the complement system and inducing killing of cancer cells. | Based on these two phenomena, we formulated our working hypothesis that the locally released heme and hemoproteins at tumour sites can be harnessed as trigger of oligomerization of engineered IgG molecules, thus increasing their pro-inflammatory and cytotoxic activities due to aggregation of the Fc portion in close proximity. | This will result in higher antibody avidity, more efficient cross-linking of Fc-gamma receptors, better recruitment of complement proteins (C1q) and, hence, a stronger activation of the immune effector cells and the classical pathway of complement system on the surface of cancer cells.","The project conducts proof-of-concept research on engineering anti-cancer antibodies to increase tumor-directed cytotoxic and immune-effector activity. This is a target-specific therapeutic-development mechanism, but the project does not establish a treatment ready for clinical use or provide cancer-care services; further development and clinical implementation are required.","The study is proof-of-concept and explores feasibility rather than demonstrating a clinically available cancer treatment. | No clinical delivery, patient access, or universal coverage is described.",objective,OTHER,
101192583,TwinShip,TWINSHIP – INTEGRATED DIGITAL TWIN FRAMEWORK TO ENABLE GREEN SHIP OPERATIONS TOWARDS ZERO EMISSION VESSELS,9,9.4,"By 2030, upgrade infrastructure and retrofit industries to make them sustainable, with increased resource-use efficiency and greater adoption of clean and environmentally sound technologies and industrial processes, with all countries taking action in accordance with their respective capabilities",http://data.europa.eu/sdg/9.4,WEAK,MEDIUM,Categorical confidence derived from verifier match strength; not a calibrated probability.,DIRECT,3,0.34505241304236994,"Upgrade infrastructure and retrofit industries to make them sustainable through increased resource-use efficiency and adoption of clean and environmentally sound technologies and industrial processes, applied here to maritime shipping operations.",objective_04; objective_05; objective_06,"The project sets ambitious benchmarks for reducing Greenhouse Gas emissions in international shipping, aiming for a 30-40% reduction by 2030, 80-90% by 2040, and achieving net-zero emissions by 2045, all relative to 2008 levels by utilizing its Pilot Vessels and Futuristic Unmanned Vessel Concept. | This initiative focuses on leveraging both existing and emergent clean fuels and technologies, prioritizing renewable energy sources, and the implementation of unmanned vessels. | The TwinShip DT-enabled DSS is crafted to navigate the industry toward achieving these significant environmental targets, demonstrating the consortium's dedication to fostering sustainability and pushing the boundaries of innovation.","The project applies clean fuels and technologies in pilot vessels and develops a digital-twin decision-support system to guide greener shipping operations. These are concrete, target-specific mechanisms at project scale; broader emission reductions and sector-wide adoption remain future outcomes, not prerequisites for realizing the component.",The stated sectoral emissions benchmarks are aims; evidence does not establish that they have been achieved. | The evidence describes a decision-support system and clean-technology pathway but does not establish comprehensive industrial retrofit or sector-wide deployment.,objective,HORIZON_EUROPE,
101192583,TwinShip,TWINSHIP – INTEGRATED DIGITAL TWIN FRAMEWORK TO ENABLE GREEN SHIP OPERATIONS TOWARDS ZERO EMISSION VESSELS,17,17.16,"Enhance the Global Partnership for Sustainable Development, complemented by multi-stakeholder partnerships that mobilize and share knowledge, expertise, technology and financial resources, to support the achievement of the Sustainable Development Goals in all countries, in particular developing countries",http://data.europa.eu/sdg/17.16,STRONG,HIGH,Categorical confidence derived from verifier match strength; not a calibrated probability.,DIRECT,6,0.3230627919004914,"Enhance the Global Partnership through multi-stakeholder partnerships that mobilize and share knowledge, expertise, and technology",objective_01; objective_02,"The TwinShip consortium is spearheading an initiative to transform the maritime sector by creating an alliance of premier maritime technology, solution & service providers, ship design and shipping firms, classification societies, ports, software developers, and research and academic bodies. | This collaboration is centered around a unique, open-source digital platform enriched with data and powered by domain knowledge-based advanced machine learning and artificial intelligence capabilities.","The consortium itself brings together a broad set of maritime-sector and research stakeholders and establishes an open-source platform enriched with shared data and domain knowledge. These are concrete project-scale partnership and knowledge-sharing mechanisms. The evidence does not establish that the partnership mobilizes financial resources or has particular reach in developing countries, but those omissions do not negate the operative knowledge- and technology-sharing component.",No explicit evidence of mobilizing or sharing financial resources. | No explicit evidence of particular participation or reach in developing countries.,objective,HORIZON_EUROPE,
101198969,Photo-IoT,Photo-rechargeable Zinc-ion Battery for the Internet of Things Working under Ambient Light,7,7.2,"By 2030, increase substantially the share of renewable energy in the global energy mix",http://data.europa.eu/sdg/7.2,WEAK,MEDIUM,Categorical confidence derived from verifier match strength; not a calibrated probability.,DIRECT,2,0.26261270871680154,"Increase the share of renewable energy in the global energy mix through renewable-energy generation or use, via an ambient-light-harvesting, solar-cell-integrated battery.",objective_04; objective_05; objective_06; objective_10,"Photo-rechargeable batteries harvest and storage energy in a single device, and have grown huge attention as an autonomous power source in recent years. | In this project, we will develop dye-sensitized photo-rechargeable zinc-ion batteries, which can work under ambient light (artificial indoor and outdoor diffuse light) and could be an autonomous power source for IoTs and low-power-consuming portable electronic devices. | This project focuses on the development of the vanadium-based high entropy oxide cathodes for rechargeable zinc-ion batteries (ZIBs) and its integration with a high opencircuit voltage Cu-electrolyte based dye-sensitized solar cells (DSSCs). | Therefore, integrating DSSCs with aqueous ZIBs is a feasible technique as an autonomous power source that can be both cost-effective and environmentally friendly.","The project’s central work develops and integrates a dye-sensitized solar cell with a rechargeable battery that harvests ambient light and stores energy for use as an autonomous power source. This is a concrete, target-specific renewable-energy harvesting and storage mechanism at project scale, not merely generic research input. The project does not establish deployment or a measurable increase in renewable energy’s global share, but those are scale and downstream outcome limitations rather than a mismatch in the mechanism developed.",No evidence of deployed devices or quantified renewable-energy generation or use. | No demonstrated change in the global energy mix.,objective,HORIZON_EUROPE,
101198969,Photo-IoT,Photo-rechargeable Zinc-ion Battery for the Internet of Things Working under Ambient Light,7,7.a,"By 2030, enhance international cooperation to facilitate access to clean energy research and technology, including renewable energy, energy efficiency and advanced and cleaner fossil-fuel technology, and promote investment in energy infrastructure and clean energy technology",http://data.europa.eu/sdg/7.a,WEAK,MEDIUM,Categorical confidence derived from verifier match strength; not a calibrated probability.,DIRECT,4,0.249392354770057,"Facilitate access to clean energy research and technology, including renewable energy",title_01; objective_05; objective_06; objective_07; objective_11,"Photo-rechargeable Zinc-ion Battery for the Internet of Things Working under Ambient Light | In this project, we will develop dye-sensitized photo-rechargeable zinc-ion batteries, which can work under ambient light (artificial indoor and outdoor diffuse light) and could be an autonomous power source for IoTs and low-power-consuming portable electronic devices. | This project focuses on the development of the vanadium-based high entropy oxide cathodes for rechargeable zinc-ion batteries (ZIBs) and its integration with a high opencircuit voltage Cu-electrolyte based dye-sensitized solar cells (DSSCs). | DSSCs are recognised for their cost-effectiveness, environmentally friendly nature, and simple fabrication process, surpassing power conversion efficiency by over 38.0% under indoor lighting conditions. | The project aims to revolutionise the field of green energy by fostering the rapid advancement of photorechargeable batteries that are more sustainable and efficient.","The project centrally develops a photo-rechargeable battery integrated with a dye-sensitized solar cell that harvests ambient light, directly advancing renewable-energy technology. This is a project-scale technology-development activity, not merely a generic information input. The evidence does not establish improved access or international cooperation, but those are not required for the selected component.",No evidence establishes international cooperation or that the project facilitates others' access to the developed technology. | The project develops the battery technology; evidence does not establish its wider deployment or resulting energy-access outcomes.,title; objective,HORIZON_EUROPE,
101200916,OA-CONNECT,Connecting Joint Function to Chondrocyte Biology in Knee Osteoarthritis,9,9.5,"Enhance scientific research, upgrade the technological capabilities of industrial sectors in all countries, in particular developing countries, including, by 2030, encouraging innovation and substantially increasing the number of research and development workers per 1 million people and public and private research and development spending",http://data.europa.eu/sdg/9.5,STRONG,HIGH,Categorical confidence derived from verifier match strength; not a calibrated probability.,DIRECT,4,0.15772456606901342,Enhance scientific research,objective_02; objective_03,"OA-CONNECTinstigates an innovative approach to understanding the fundamental cause of OA by posing a question that could previouslynever be answered: ‘What causes mechanical loads to switch from supporting to disrupting cartilage health in OA?’OA-CONNECT introduces a unique, integrated approach CONNECT-ing joint function to chondrocyte biology to unravelthe OA Mechanome, the maladaptive dynamic interplay of mechanical and biological drivers of OA cartilage degenerationacross cellular-, tissue- and joint- scales by:(1) Connecting the spatial mechanical and cell molecular dynamics underlying OA cartilage adaptation to loading, using multimodalread-outs from spatial omics, functional microscopy, and high-field MRI.(2) Predicting cartilage degeneration by connecting knee joint cartilage loads during movement to local cellular mechanobiologicalprocesses, using a multi-scale mechanobiology-inspired adaptive modeling framework informed by datasets of (1).(3) Elucidating cartilage degeneration probability and mechanotherapy success in subjects with early knee OA, integrating themulti-scale model of (2) with machine learning, multi-variate and population-based methods leveraging the use of clinicallyaccessible ‘real-world’ data. | Prospective cohort and proof-of-concept studies will capture the dynamics of mechanical andbiological drivers and the impact of three current mechanotherapies.The field of OA needs a shift in focus as the approaches of the past 20 years could not bring the mechanistic insights requiredto develop treatment strategies.","The project directly conducts original scientific research into osteoarthritis mechanisms through integrated measurements, multiscale modeling, and prospective cohort and proof-of-concept studies. Research itself is the claimed target component, so the project need not demonstrate later clinical deployment or population-level health outcomes. The evidence explicitly establishes this research activity, though it does not address the target’s broader technological-capability or R&D-spending clauses.",The evidence concerns osteoarthritis research and does not establish upgrading industrial-sector technological capabilities. | The evidence does not establish increased R&D worker numbers or R&D spending.,objective,OTHER,
101202022,STRESSADHD,Sex differences in the persistence of ADHD in relation to childhood adversity and stress exposure,3,3.4,"By 2030, reduce by one third premature mortality from non-communicable diseases through prevention and treatment and promote mental health and well-being",http://data.europa.eu/sdg/3.4,WEAK,MEDIUM,Categorical confidence derived from verifier match strength; not a calibrated probability.,INDIRECT,3,0.22930857064527527,"Prevention and treatment of non-communicable diseases through research on ADHD persistence and improved identification, diagnosis, and treatment",objective_01; objective_03; objective_06; objective_07; objective_08; objective_09; objective_10,"STRESSADHD aims to enhance understanding of sex differences in the persistence of Attention Deficit Hyperactivity Disorder (ADHD) into adulthood, particularly in relation to adverse childhood events (ACEs) and stress exposure. | Research has predominantly focused on boys with ADHD while girls with ADHD are often underdiagnosed and undertreated, potentially leading to adverse consequences later in life. | STRESSADHD will address this gap by investigating the extent to which persistence in females, including the onset and course of comorbid conditions, can be explained by ACEs and high stress exposure. | STRESSADHD will use very large population-based cohort studies linked with national registries and genomic data, a combination uniquely suited for this research. | Improved understanding of differences between males and females in relation to ACEs, stress exposure, persistence and comorbid conditions in ADHD will have important clinical implications. | STRESSADHD will highlight the importance of sex differences in ADHD and raise awareness about its substantial burden. | Sharing our knowledge with health care professionals, individuals with ADHD, and the general public STRESSADHD will improve identification, diagnosis and treatment in males and females.","The project conducts ADHD-focused research into sex differences, persistence, childhood adversity, stress exposure, and comorbid conditions, and shares findings with the aim of improving identification, diagnosis, and treatment. This is a substantive research contribution, but the project does not itself provide prevention or treatment services; downstream clinical action is still required. Its ADHD-specific focus provides a concrete target-relevant pathway, while the broader prevention and treatment action remains outside the project.","The project does not itself deliver clinical prevention or treatment. | Improved identification, diagnosis, and treatment are intended implications of research and knowledge sharing, not reported project-level outcomes.",objective,HORIZON_EUROPE,
101213672,DiMoVac,Diagnostic model and assay for personalized vaccine,3,3.8,"Achieve universal health coverage, including financial risk protection, access to quality essential health-care services and access to safe, effective, quality and affordable essential medicines and vaccines for all",http://data.europa.eu/sdg/3.8,WEAK,MEDIUM,Categorical confidence derived from verifier match strength; not a calibrated probability.,DIRECT,2,0.2686824489804149,Improving effective access to influenza vaccination through personalized vaccine-response assessment for vulnerable patients,objective_05; objective_07; objective_08; objective_09; objective_11; objective_13,"rheumatoid arthritis, HIV or organ transplant recipients) are particularly vulnerable to influenza and consequent complications include hospitalization and death, as their immune systems often fail to mount adequate responses to standard vaccines. | This analysis, covering multiple virus strains, identified robust molecular biomarkers linked to vaccine responses, which were validated through wet-lab experiments. | Machine learning models based on pre-vaccination biomarkers were able to predict vaccine response in independent samples. | Building on these findings, we propose to develop a diagnostic assay to measure these biomarkers and apply our established prediction model to stratify patients based on their responsiveness to the influenza vaccine. | Once validated, these biomarkers will be integrated into an innovative, fast, and reliable diagnostic test to predict vaccine responsiveness, through collaboration of an experienced industrial partner. | By enabling personalized vaccine strategies particularly for patients, this project has the potential to significantly improve influenza vaccine efficacy, reduce disease burden and ultimately save lives.","The project substantively validates vaccine-response biomarkers and develops a diagnostic assay, prediction model, and app to stratify patients and inform personalized influenza-vaccination strategies. These are concrete, target-specific mechanisms for improving vaccine effectiveness for vulnerable patients, not merely generic information inputs. The project does not itself deliver vaccination or ensure universal access, but that broader outcome is not required at project scale; routine downstream use of the diagnostic capacity does not create a material semantic gap.",The project develops and validates assessment tools to inform personalized vaccination; it does not itself administer vaccines or establish access for all.,objective,OTHER,
101213672,DiMoVac,Diagnostic model and assay for personalized vaccine,3,3.3,"By 2030, end the epidemics of AIDS, tuberculosis, malaria and neglected tropical diseases and combat hepatitis, water-borne diseases and other communicable diseases",http://data.europa.eu/sdg/3.3,WEAK,MEDIUM,Categorical confidence derived from verifier match strength; not a calibrated probability.,DIRECT,3,0.24081359550393983,"Combat other communicable diseases, through improved influenza vaccine responsiveness",objective_01; objective_02; objective_07; objective_08; objective_09; objective_10; objective_11; objective_12; objective_13,"Seasonal influenza poses a major global public health challenge, causing 3-5 million cases of severe illness and 290,000-650,000 deaths annually. | Influenza vaccines are crucial for preventing illness, reducing severity of infection, and limiting virus transmission; | This analysis, covering multiple virus strains, identified robust molecular biomarkers linked to vaccine responses, which were validated through wet-lab experiments. | Machine learning models based on pre-vaccination biomarkers were able to predict vaccine response in independent samples. | Building on these findings, we propose to develop a diagnostic assay to measure these biomarkers and apply our established prediction model to stratify patients based on their responsiveness to the influenza vaccine. | Samples from various patient cohorts, provided by our collaboration partners, will be used for verification and validation. | Once validated, these biomarkers will be integrated into an innovative, fast, and reliable diagnostic test to predict vaccine responsiveness, through collaboration of an experienced industrial partner. | Additionally, our team will create a user-interface app to translate biomarker measurements into diagnostic outcome. | By enabling personalized vaccine strategies particularly for patients, this project has the potential to significantly improve influenza vaccine efficacy, reduce disease burden and ultimately save lives.","The project directly conducts research, validates biomarkers and prediction models, and develops a diagnostic assay and app to stratify patients by influenza vaccine responsiveness. These are concrete project-scale mechanisms intended to enable personalized vaccination against influenza. The project does not itself administer vaccines or demonstrate reduced disease burden, but later clinical use is not required to recognize its direct research and diagnostic mechanism.","The project develops and validates diagnostic tools but does not itself administer personalized vaccines. | Improved vaccine efficacy, reduced influenza disease burden, and lives saved are potential downstream outcomes rather than demonstrated results.",objective,OTHER,
101213672,DiMoVac,Diagnostic model and assay for personalized vaccine,3,3.d,"Strengthen the capacity of all countries, in particular developing countries, for early warning, risk reduction and management of national and global health risks",http://data.europa.eu/sdg/3.d,WEAK,MEDIUM,Categorical confidence derived from verifier match strength; not a calibrated probability.,DIRECT,4,0.2218144500759474,"Strengthening capacity for early warning, risk reduction and management of national and global health risks, through influenza vaccine-response prediction and risk-reduction support for vulnerable patients.",objective_05; objective_07; objective_08; objective_09; objective_10; objective_11; objective_12; objective_13,"rheumatoid arthritis, HIV or organ transplant recipients) are particularly vulnerable to influenza and consequent complications include hospitalization and death, as their immune systems often fail to mount adequate responses to standard vaccines. | This analysis, covering multiple virus strains, identified robust molecular biomarkers linked to vaccine responses, which were validated through wet-lab experiments. | Machine learning models based on pre-vaccination biomarkers were able to predict vaccine response in independent samples. | Building on these findings, we propose to develop a diagnostic assay to measure these biomarkers and apply our established prediction model to stratify patients based on their responsiveness to the influenza vaccine. | Samples from various patient cohorts, provided by our collaboration partners, will be used for verification and validation. | Once validated, these biomarkers will be integrated into an innovative, fast, and reliable diagnostic test to predict vaccine responsiveness, through collaboration of an experienced industrial partner. | Additionally, our team will create a user-interface app to translate biomarker measurements into diagnostic outcome. | By enabling personalized vaccine strategies particularly for patients, this project has the potential to significantly improve influenza vaccine efficacy, reduce disease burden and ultimately save lives.","The project directly develops and validates biomarkers, a prediction model, and a diagnostic assay to identify influenza-vaccine responsiveness, with the stated purpose of supporting personalized vaccination for vulnerable patients. This is a concrete, target-specific risk-reduction capacity at project scale, even though personalized vaccination decisions and wider health outcomes depend on subsequent use.",The project predicts vaccine responsiveness and enables tailored vaccine strategies; it does not itself administer personalized vaccinations or demonstrate reduced disease burden.,objective,OTHER,
101217199,INNOVISION,Innovation in Vision Research Postdoctoral Training Network,9,9.5,"Enhance scientific research, upgrade the technological capabilities of industrial sectors in all countries, in particular developing countries, including, by 2030, encouraging innovation and substantially increasing the number of research and development workers per 1 million people and public and private research and development spending",http://data.europa.eu/sdg/9.5,STRONG,HIGH,Categorical confidence derived from verifier match strength; not a calibrated probability.,DIRECT,2,0.36367965736058694,Enhance scientific research,objective_02; objective_06; objective_07; objective_08,"The 60-month INNOVISION Programme will recruit, train, and accelerate the careers of 12 research fellows in innovative, cutting-edge techniques to tackle ocular disease and vision impairment. | INNOVISION uses the “bottom up” research approach to address this, allowing researchers to select their supervisor, design their project, determine their secondments, and build both themselves as researchers, as well as their project goals and aims. | As such, INNOVISION ingrains insights from various fields such as nanomedicine, genetics, pharmacology, chemistry, molecular biology, psychology, medicine, veterinary medicine, engineering, ophthalmology, artificial intelligence, and social sciences such as global and public health and ethnographic studies (among others), into the comprehensive training programme. | Collaboration across sectors—such as academia, industry, and patient advocacy groups—ensures that research findings are not only scientifically robust but also practically applicable, facilitating the translation of discoveries from the lab to the clinic.","The programme centrally recruits and trains research fellows in innovative research techniques and supports them in designing and conducting interdisciplinary vision-science projects. Training researchers and conducting research are themselves substantive activities within the claimed component; later translation or broader adoption is not required for project-scale realization. The evidence is explicit about the research and researcher-capacity pathway, though it does not establish industrial-sector technology upgrading or increased R&D spending.",The described research focuses on vision science and ocular disease rather than documenting upgrades to industrial sectors’ technological capabilities. | No increase in R&D spending or the number of R&D workers per million people is established.,objective,HORIZON_EUROPE,
101217199,INNOVISION,Innovation in Vision Research Postdoctoral Training Network,17,17.17,"Encourage and promote effective public, public-private and civil society partnerships, building on the experience and resourcing strategies of partnerships",http://data.europa.eu/sdg/17.17,STRONG,HIGH,Categorical confidence derived from verifier match strength; not a calibrated probability.,DIRECT,4,0.3376444480488642,"Encourage and promote effective partnerships across academia, industry, and patient advocacy groups to translate vision research findings from the laboratory to the clinic.",objective_08; objective_09,"Collaboration across sectors—such as academia, industry, and patient advocacy groups—ensures that research findings are not only scientifically robust but also practically applicable, facilitating the translation of discoveries from the lab to the clinic. | Equally important is the need to reach out to the public and incorporate Patient and Public Involvement (PPI) initiatives, which ensure that research is aligned with the real-world needs and priorities of those directly affected by ocular disease and vision impairment.","The programme explicitly organizes cross-sector collaboration among academia, industry, and patient advocacy groups and incorporates patient and public involvement, making partnership-building a concrete project activity rather than only an upstream information input. The evidence supports those partnership mechanisms, though it does not establish their resourcing strategies or demonstrate completed laboratory-to-clinic translation.","No specific partnership resourcing strategy is described. | The evidence describes collaboration intended to facilitate translation, but does not show completed laboratory-to-clinic translation.",objective,HORIZON_EUROPE,
101217199,INNOVISION,Innovation in Vision Research Postdoctoral Training Network,3,3.d,"Strengthen the capacity of all countries, in particular developing countries, for early warning, risk reduction and management of national and global health risks",http://data.europa.eu/sdg/3.d,STRONG,HIGH,Categorical confidence derived from verifier match strength; not a calibrated probability.,DIRECT,9,0.306678637388338,"Strengthening capacity for early warning, risk reduction and management of national and global health risks through research capacity in ocular disease and vision impairment",objective_02; objective_06; objective_07; objective_08,"The 60-month INNOVISION Programme will recruit, train, and accelerate the careers of 12 research fellows in innovative, cutting-edge techniques to tackle ocular disease and vision impairment. | INNOVISION uses the “bottom up” research approach to address this, allowing researchers to select their supervisor, design their project, determine their secondments, and build both themselves as researchers, as well as their project goals and aims. | As such, INNOVISION ingrains insights from various fields such as nanomedicine, genetics, pharmacology, chemistry, molecular biology, psychology, medicine, veterinary medicine, engineering, ophthalmology, artificial intelligence, and social sciences such as global and public health and ethnographic studies (among others), into the comprehensive training programme. | Collaboration across sectors—such as academia, industry, and patient advocacy groups—ensures that research findings are not only scientifically robust but also practically applicable, facilitating the translation of discoveries from the lab to the clinic.","The programme directly recruits and trains research fellows in techniques addressing ocular disease and vision impairment, building research capacity as a substantive part of the target component. Its training and cross-sector research environment are concrete project-scale mechanisms; later clinical translation does not make this capacity-building activity merely upstream. The evidence is specific to ocular health research, though it does not establish broad capacity for early warning or health-risk management across diseases or countries.",The described capacity-building focuses on ocular disease and vision impairment rather than the full range of national and global health risks. | The evidence does not specify early-warning systems or direct risk-management operations.,objective,HORIZON_EUROPE,
101217884,C2CA,Revolutionary solution to unlock concrete-to-concrete circularity,9,9.4,"By 2030, upgrade infrastructure and retrofit industries to make them sustainable, with increased resource-use efficiency and greater adoption of clean and environmentally sound technologies and industrial processes, with all countries taking action in accordance with their respective capabilities",http://data.europa.eu/sdg/9.4,WEAK,MEDIUM,Categorical confidence derived from verifier match strength; not a calibrated probability.,DIRECT,1,0.43401102404423675,Upgrade infrastructure and retrofit industries to make them sustainable through increased resource-use efficiency and adoption of clean and environmentally sound technologies and industrial processes.,objective_01; objective_03; objective_04; objective_06; objective_10,"C2CA, a spin-out of TU Delft, is transforming the construction industry by upcycling waste concrete into a low-carbon cement substitute, addressing the urgent challenge of reducing CO2 emissions from cement production. | Reducing these emissions has been challenging—until now.C2CA’s breakthrough process converts low-value waste concrete into high-quality, low-carbon materials, particularly a highly reactive cementitious binder. | Unlike competitors who downcycle concrete into low-grade aggregates, C2CA produces premium materials to replace cement, delivering both environmental benefits and commercial viability. | While new options like calcined clay and mine tailings are costly or energy-intensive to produce and transport.By 2024, C2CA has developed its core machines on an industrial scale, processing over 1,000 tons of waste concrete. | With the EIC support we can overcome the barriers, complete our flagship plant, demonstrate our technologies at an industrial scale, and build a comprehensive testing facility.","The project develops and demonstrates an industrial-scale process that upcycles waste concrete into a low-carbon cement substitute, directly advancing resource efficiency and cleaner industrial production. It has processed over 1,000 tons and validated materials in pilot projects; later commercial rollout is not required to count as project-scale implementation. The evidence does not establish a broader retrofit of the construction industry or adoption across the sector, but that is a scale and breadth limitation rather than a different operative mechanism.",Industry-wide retrofit or adoption is not demonstrated. | The full-scale plant and commercial rollout remain planned.,objective,HORIZON_EUROPE,
101217884,C2CA,Revolutionary solution to unlock concrete-to-concrete circularity,12,12.5,"By 2030, substantially reduce waste generation through prevention, reduction, recycling and reuse",http://data.europa.eu/sdg/12.5,STRONG,HIGH,Categorical confidence derived from verifier match strength; not a calibrated probability.,DIRECT,2,0.403789352916502,"Reduce waste generation through prevention, reduction, recycling and reuse, specifically recycling/upcycling waste concrete into reusable cementitious materials.",objective_01; objective_03; objective_04; objective_06; objective_07; objective_10; objective_11,"C2CA, a spin-out of TU Delft, is transforming the construction industry by upcycling waste concrete into a low-carbon cement substitute, addressing the urgent challenge of reducing CO2 emissions from cement production. | Reducing these emissions has been challenging—until now.C2CA’s breakthrough process converts low-value waste concrete into high-quality, low-carbon materials, particularly a highly reactive cementitious binder. | Unlike competitors who downcycle concrete into low-grade aggregates, C2CA produces premium materials to replace cement, delivering both environmental benefits and commercial viability. | While new options like calcined clay and mine tailings are costly or energy-intensive to produce and transport.By 2024, C2CA has developed its core machines on an industrial scale, processing over 1,000 tons of waste concrete. | Our materials have been validated in multiple pilot projects, proving technical and commercial viability. | With the EIC support we can overcome the barriers, complete our flagship plant, demonstrate our technologies at an industrial scale, and build a comprehensive testing facility. | This facility will streamline the process at a smaller scale to accelerate innovation and include a material testing lab to ensure the successful market introduction of recycled concrete.","The project processes waste concrete into reusable, cement-replacing materials and has developed industrial-scale processing equipment, processed over 1,000 tons, and validated the materials in pilot projects. This is an operating recycling/upcycling mechanism at project scale, not merely an input for a different actor to create later. The planned full-scale plant and commercial rollout remain future steps, but do not negate the existing project-scale activity.",The evidence does not establish the eventual volume of waste diverted or the project's long-term effect on total waste generation. | The full-scale plant and commercial rollout are described as future milestones.,objective,HORIZON_EUROPE,
101217884,C2CA,Revolutionary solution to unlock concrete-to-concrete circularity,12,12.4,"By 2020, achieve the environmentally sound management of chemicals and all wastes throughout their life cycle, in accordance with agreed international frameworks, and significantly reduce their release to air, water and soil in order to minimize their adverse impacts on human health and the environment",http://data.europa.eu/sdg/12.4,STRONG,HIGH,Categorical confidence derived from verifier match strength; not a calibrated probability.,DIRECT,3,0.38098001372725687,Environmentally sound management of all wastes throughout their life cycle,objective_01; objective_03; objective_04; objective_06; objective_10,"C2CA, a spin-out of TU Delft, is transforming the construction industry by upcycling waste concrete into a low-carbon cement substitute, addressing the urgent challenge of reducing CO2 emissions from cement production. | Reducing these emissions has been challenging—until now.C2CA’s breakthrough process converts low-value waste concrete into high-quality, low-carbon materials, particularly a highly reactive cementitious binder. | Unlike competitors who downcycle concrete into low-grade aggregates, C2CA produces premium materials to replace cement, delivering both environmental benefits and commercial viability. | While new options like calcined clay and mine tailings are costly or energy-intensive to produce and transport.By 2024, C2CA has developed its core machines on an industrial scale, processing over 1,000 tons of waste concrete. | With the EIC support we can overcome the barriers, complete our flagship plant, demonstrate our technologies at an industrial scale, and build a comprehensive testing facility.","The project processes waste concrete into reusable, high-quality cementitious materials, including through industrial-scale core machines and a planned flagship upcycling plant. This is a concrete waste-recycling and recovery mechanism performed by the project, not merely an informational or generic input. Its focus on concrete waste rather than all waste streams limits breadth but does not negate the component at project scale.","The project addresses waste concrete, not all waste streams or every stage of waste life-cycle management. | The full-scale plant is a planned milestone; existing evidence establishes industrial-scale processing and pilot validation, not completed full-scale rollout.",objective,HORIZON_EUROPE,
101217884,C2CA,Revolutionary solution to unlock concrete-to-concrete circularity,9,9.5,"Enhance scientific research, upgrade the technological capabilities of industrial sectors in all countries, in particular developing countries, including, by 2030, encouraging innovation and substantially increasing the number of research and development workers per 1 million people and public and private research and development spending",http://data.europa.eu/sdg/9.5,WEAK,MEDIUM,Categorical confidence derived from verifier match strength; not a calibrated probability.,DIRECT,8,0.3380090821983388,Enhance scientific research and upgrade the technological capabilities of industrial sectors,objective_03; objective_04; objective_07; objective_10; objective_11,"Reducing these emissions has been challenging—until now.C2CA’s breakthrough process converts low-value waste concrete into high-quality, low-carbon materials, particularly a highly reactive cementitious binder. | Unlike competitors who downcycle concrete into low-grade aggregates, C2CA produces premium materials to replace cement, delivering both environmental benefits and commercial viability. | Our materials have been validated in multiple pilot projects, proving technical and commercial viability. | With the EIC support we can overcome the barriers, complete our flagship plant, demonstrate our technologies at an industrial scale, and build a comprehensive testing facility. | This facility will streamline the process at a smaller scale to accelerate innovation and include a material testing lab to ensure the successful market introduction of recycled concrete.","The project develops and validates an industrial-scale process that turns waste concrete into high-quality cement substitutes, and plans industrial-scale demonstration and testing capacity. This is a concrete, target-specific technological capability for the construction sector, not merely a generic information input. The project does not itself upgrade the sector as a whole, but that broader scale is not required for the claimed component.",The evidence does not establish deployment across the wider construction industry or in developing countries. | The project’s stated full-scale plant and testing facility are planned milestones; completed work includes industrial-scale core machines and pilot validation.,objective,HORIZON_EUROPE,
101220159,URANUS,Understanding degradation mechanisms of metallic materials in extreme environments using element-resolved electrochemistry,12,12.5,"By 2030, substantially reduce waste generation through prevention, reduction, recycling and reuse",http://data.europa.eu/sdg/12.5,WEAK,MEDIUM,Categorical confidence derived from verifier match strength; not a calibrated probability.,INDIRECT,2,0.30563410469356483,"Reduce waste generation through prevention, reduction, recycling and reuse, specifically recycling spent nuclear fuel through reprocessing",objective_03; objective_04; objective_06; objective_08,"However, controlling material degradation and reprocessing issues in NPPs remains surprisingly understudied due to the extreme operating conditions. | Up to 95% of uranium from spent nuclear fuel can be recycled through reprocessing in concentrated nitric acid at temperatures exceeding 100°C, although the underlying mechanisms and the role of alloying elements in the fuel container are not yet well understood.Electrochemical methods have been applied in these extreme electrolytes to investigate materials degradation mechanisms providing in situ global responses. | To bridge the gap, the URANUS project will develop a novel element-resolved electrochemistry setup for extreme electrolytes, leveraging the unique expertise of the PI in this field.Element-by-element degradation mechanisms of metallic materials in concentrated nitric acid will be elucidated for the first time, tracking the fate of each alloying element. | This will open new avenues for controlling the corrosion of materials in the energy sector.","The project conducts target-relevant research into material degradation and alloying-element behavior under the conditions used to reprocess spent nuclear fuel, with the stated aim of supporting corrosion control. However, it does not itself reprocess or recycle spent fuel; a distinct downstream action must apply these findings to the reprocessing system.",The project investigates and supports a recycling pathway but does not itself perform spent-fuel reprocessing or establish the amount of waste reduced.,objective,OTHER,
101220159,URANUS,Understanding degradation mechanisms of metallic materials in extreme environments using element-resolved electrochemistry,8,8.4,"Improve progressively, through 2030, global resource efficiency in consumption and production and endeavour to decouple economic growth from environmental degradation, in accordance with the 10‑Year Framework of Programmes on Sustainable Consumption and Production, with developed countries taking the lead",http://data.europa.eu/sdg/8.4,WEAK,MEDIUM,Categorical confidence derived from verifier match strength; not a calibrated probability.,INDIRECT,6,0.2488041648016125,"Improve resource efficiency in consumption and production, specifically reducing raw and scarce material consumption in materials design",objective_06; objective_09,"To bridge the gap, the URANUS project will develop a novel element-resolved electrochemistry setup for extreme electrolytes, leveraging the unique expertise of the PI in this field.Element-by-element degradation mechanisms of metallic materials in concentrated nitric acid will be elucidated for the first time, tracking the fate of each alloying element. | The unique element-resolved database generated from this project will serve as input parameters for training machine learning models aimed at efficiently discovering optimal alloys in specific environments, thereby reducing the consumption of raw and scarce materials during the materials design process.","The project develops element-resolved electrochemistry and generates degradation data intended to train machine-learning models for discovering alloys that use less raw and scarce material. This is a target-specific research input and design-enabling pathway, but the project does not itself establish or implement more resource-efficient production or materials consumption.","Reduced raw and scarce material consumption is an intended downstream result; the evidence does not show that the project itself achieves or measures those reductions. | The project provides data and a discovery method, while alloy selection and subsequent production or use would be needed to realize resource savings.",objective,OTHER,
101225153,RGNcestry,Tracing and harnessing the ancestry of RNA-guided nucleases,9,9.5,"Enhance scientific research, upgrade the technological capabilities of industrial sectors in all countries, in particular developing countries, including, by 2030, encouraging innovation and substantially increasing the number of research and development workers per 1 million people and public and private research and development spending",http://data.europa.eu/sdg/9.5,STRONG,HIGH,Categorical confidence derived from verifier match strength; not a calibrated probability.,DIRECT,3,0.17186748607706673,Enhance scientific research,objective_01; objective_02; objective_03; objective_08; objective_10; objective_12,"The phylogenetic, biochemical and functional diversity of these linked RGNs suggest a common origin that gave rise to the innumerable variations we observe today. | However, little is known about these ancestors and the evolutionary paths that led to their modern counterparts. | Recently, our team showed that reconstructed ancestors of Cas9 and Cas12a RGNs exhibit flexible substrate recognition and collateral activities distinct from any modern counterpart. | Reconstruct a detailed ancestral tree uniting RuvC-harboring RGNs. | Define the properties and functional roles of ancestral RGNs. | Explore molecular features and dynamics of ancestral RGNs.","The project directly conducts original research into the ancestry, evolution, and functional properties of RNA-guided nucleases, including reconstructing ancestral trees and investigating molecular features. Scientific research itself is the operative component, so the project performs it at its own scale; subsequent translation into improved tools is not required for this component.",The evidence does not establish increased R&D spending or numbers of R&D workers; those are not necessary to the claimed scientific-research component.,objective,OTHER,
101227596,MEDALLOY,Advanced Nickel-Titanium Alloys for Medical Device Applications,9,9.5,"Enhance scientific research, upgrade the technological capabilities of industrial sectors in all countries, in particular developing countries, including, by 2030, encouraging innovation and substantially increasing the number of research and development workers per 1 million people and public and private research and development spending",http://data.europa.eu/sdg/9.5,STRONG,HIGH,Categorical confidence derived from verifier match strength; not a calibrated probability.,DIRECT,1,0.28292986285815325,"Enhance scientific research through substantive original R&D developing superior Nitinol alloys, manufacturing methods, defect-tolerance and fatigue-life prediction, and validated simulation tools.",objective_03; objective_04; objective_05; objective_06; objective_07,"MEDALLOY targets key challenges identified by our industry partners through its research objectives: develop superior Nitinol alloys with enhanced performance; | optimise manufacturing processes to control material microstructure; | advance defect tolerance and fatigue life prediction; | and create validated simulation tools. | MEDALLOY combines the proven expertise of its consortium members, cutting-edge industrial-scale facilities, and an ambitious research plan to push Nitinol research beyond the state of the art, enabling the next generation of Nitinol medical devices and opening possibilities for new innovative solutions.","The project itself conducts a central programme of original Nitinol research, including alloy development, manufacturing-process optimisation, fatigue-life prediction, and validated simulation tools. Scientific research is the operative action in the claimed component, so this is project-scale performance of that action; later commercialization or broader adoption is not required. The stated research activities specifically match the component, with no material semantic gap evident in the supplied evidence.","The evidence concerns Nitinol for medical-device applications and does not establish research across other industrial sectors. | The evidence does not specify increased R&D worker numbers or R&D spending, which are additional target dimensions.",objective,HORIZON_EUROPE,
101227596,MEDALLOY,Advanced Nickel-Titanium Alloys for Medical Device Applications,8,8.2,"Achieve higher levels of economic productivity through diversification, technological upgrading and innovation, including through a focus on high-value added and labour-intensive sectors",http://data.europa.eu/sdg/8.2,STRONG,HIGH,Categorical confidence derived from verifier match strength; not a calibrated probability.,DIRECT,10,0.20104302652245118,"Higher economic productivity through technological upgrading and innovation, including in high-value-added sectors",objective_03; objective_04; objective_05; objective_06; objective_07; objective_08; objective_11,"MEDALLOY targets key challenges identified by our industry partners through its research objectives: develop superior Nitinol alloys with enhanced performance; | optimise manufacturing processes to control material microstructure; | advance defect tolerance and fatigue life prediction; | and create validated simulation tools. | MEDALLOY combines the proven expertise of its consortium members, cutting-edge industrial-scale facilities, and an ambitious research plan to push Nitinol research beyond the state of the art, enabling the next generation of Nitinol medical devices and opening possibilities for new innovative solutions. | Supported by the industrial participants from across the medical device value chain, all DCs will develop a clear roadmap for commercialisation and exploitation of their research. | In addition to technical research training in all stages of the medical device value chain, MEDALLOY will deliver interdisciplinary training to DCs in clinical trials, ethics, sustainability, communication, and entrepreneurship that will enhance career development and promote their development into leading innovators in the European Nitinol Medical Device sector.","The project's central work develops higher-performance Nitinol alloys, improves manufacturing processes, advances fatigue-life prediction, and creates validated simulation tools for medical-device applications. This is a concrete, target-specific technological-upgrading and innovation mechanism performed at project scale, rather than merely generic supporting research. The commercialization roadmap and later exploitation are downstream steps, but their necessity does not make the project's own R&D upstream or leave a material semantic gap in the claimed component. The evidence establishes technological upgrading and innovation directly; it does not establish realized productivity gains or commercial outcomes, which are not required to instantiate this component.","The evidence describes research, development, and a commercialization roadmap, not realized economic productivity gains or completed commercialization. | The work is focused on Nitinol medical-device applications rather than demonstrating productivity effects across the broader economy.",objective,HORIZON_EUROPE,
101229851,CHILL-TIME,Chilling Limits and impacts on leaf-out Timing and Ecosystem dynamics under climate change,15,15.1,"By 2020, ensure the conservation, restoration and sustainable use of terrestrial and inland freshwater ecosystems and their services, in particular forests, wetlands, mountains and drylands, in line with obligations under international agreements",http://data.europa.eu/sdg/15.1,WEAK,MEDIUM,Categorical confidence derived from verifier match strength; not a calibrated probability.,INDIRECT,2,0.43212250448313233,"Conservation and sustainable use of terrestrial ecosystems and their services, particularly forests, through improved understanding and modelling of forest phenology and ecosystem dynamics under climate change.",objective_01; objective_05; objective_07; objective_08; objective_09,"The timing and duration of leaf emergence in temperate trees are critical for ecosystem functioning, biodiversity, and climate regulation. | Although spring leaf emergence is advancing with climate warming, insufficient winter chilling could eventually override spring warming effects, delaying or even halting leaf emergence.The project aims to: (1) experimentally quantify chilling temperature thresholds for over 200 woody species across temperate and boreal forests, including the relative importance of day versus night temperatures in dormancy release; | and (3) integrate experimental findings with 15–25 years of unique long-term common garden observations from species across the globe, as well as satellite observations. | These insights will inform the development of refined phenology models, which can then be incorporated into dynamic global vegetation models to predict phenological shifts and their effects on forest productivity and ecosystem dynamics under future climate scenarios.By combining large-scale experiments, extensive observational datasets, and advanced modelling techniques, this interdisciplinary project bridges local empirical studies with global modelling. | Its findings will advance phenology models, enhance carbon flux predictions, and support strategies to mitigate biodiversity loss and ecosystem disruptions in temperate and boreal forests under a rapidly changing climate.","The project conducts forest-focused experiments, integrates long-term and satellite observations, and develops phenology models to predict forest productivity and ecosystem dynamics under climate change. This provides substantial, target-specific research and modelling capacity relevant to forest conservation and sustainable use, but the findings support rather than themselves carry out conservation, restoration, or sustainable-use management actions.","The project predicts ecosystem effects and supports strategies; it does not itself implement forest conservation, restoration, or sustainable-use management. | The evidence does not establish direct implementation of conservation measures or measured ecosystem outcomes.",objective,OTHER,
101229851,CHILL-TIME,Chilling Limits and impacts on leaf-out Timing and Ecosystem dynamics under climate change,15,15.5,"Take urgent and significant action to reduce the degradation of natural habitats, halt the loss of biodiversity and, by 2020, protect and prevent the extinction of threatened species",http://data.europa.eu/sdg/15.5,WEAK,MEDIUM,Categorical confidence derived from verifier match strength; not a calibrated probability.,INDIRECT,7,0.40953334110353,Reduce degradation of natural habitats and halt biodiversity loss through climate-linked assessment of forest ecosystem dynamics.,objective_01; objective_05; objective_07; objective_08; objective_09,"The timing and duration of leaf emergence in temperate trees are critical for ecosystem functioning, biodiversity, and climate regulation. | Although spring leaf emergence is advancing with climate warming, insufficient winter chilling could eventually override spring warming effects, delaying or even halting leaf emergence.The project aims to: (1) experimentally quantify chilling temperature thresholds for over 200 woody species across temperate and boreal forests, including the relative importance of day versus night temperatures in dormancy release; | and (3) integrate experimental findings with 15–25 years of unique long-term common garden observations from species across the globe, as well as satellite observations. | These insights will inform the development of refined phenology models, which can then be incorporated into dynamic global vegetation models to predict phenological shifts and their effects on forest productivity and ecosystem dynamics under future climate scenarios.By combining large-scale experiments, extensive observational datasets, and advanced modelling techniques, this interdisciplinary project bridges local empirical studies with global modelling. | Its findings will advance phenology models, enhance carbon flux predictions, and support strategies to mitigate biodiversity loss and ecosystem disruptions in temperate and boreal forests under a rapidly changing climate.","The project conducts experiments, combines long-term and satellite observations, and advances phenology and vegetation models to predict climate-driven changes in forest ecosystem dynamics. These are substantial, target-specific research and modelling capacities, but the project does not itself protect habitats, prevent species extinction, or implement conservation measures; strategies and action to mitigate biodiversity loss remain downstream.","The project does not itself implement habitat protection or species conservation. | Its contribution supports future strategies through research, observations, and modelling rather than directly reducing habitat degradation or halting biodiversity loss.",objective,OTHER,
101233325,PlaceMUS XR,Digital Journey across Musical Places in Europe and Extended Realities,11,11.4,Strengthen efforts to protect and safeguard the world’s cultural and natural heritage,http://data.europa.eu/sdg/11.4,WEAK,MEDIUM,Categorical confidence derived from verifier match strength; not a calibrated probability.,DIRECT,1,0.41421329488350367,"Protect and safeguard cultural heritage, including tangible and intangible heritage at musical places",objective_02; objective_03; objective_04; objective_05,"The applications aim to provide an interwoven narrative, encompassing the musical event itself, its cultural and historical context, the location, and physical museum objects. | This multi-layered storytelling approach will draw upon a diverse range of sources, including musical scores, instruments, chronicles, diaries, letters, philosophical treatises, and images.The project involves geographically mapping musical locations and creating engaging thematic itineraries based on places, people, themes, and historical periods, encompassing a wealth of tangible and intangible heritages. | It will be implemented through case studies which will be further adaptable and extensible in the future.The project will focus on developing cutting-edge digital tools to enrich the visitor experience at these places of music through virtual and augmented reality experiences, multimedia accessible through different applications and tools integrated in the ECCCH. | This includes a particular emphasis on reconstructing historical soundscapes, as well as the acoustic properties of spaces for musical performances, exploring the interplay between music and architecture, and harnessing the potential of virtual and augmented reality technologies.","The project creates mapped, contextualized digital interpretations of musical places and develops tools for engaging with their tangible and intangible heritage. These are concrete, target-specific documentation and interpretation mechanisms at project scale, rather than merely generic information inputs. However, the evidence does not show direct physical protection, conservation, or management of heritage sites or objects; the contribution is chiefly a digital constituent mechanism supporting safeguarding.","No direct conservation, physical protection, or management of heritage sites or objects is stated. | The project supports safeguarding through documentation, interpretation, and visitor engagement rather than demonstrating the broader protection of the heritage itself.",objective,HORIZON_EUROPE,
101248153,SpiNNext,Brain-inspired Computing for Next Generation Generative Artificial Intelligence,7,7.3,"By 2030, double the global rate of improvement in energy efficiency",http://data.europa.eu/sdg/7.3,WEAK,MEDIUM,Categorical confidence derived from verifier match strength; not a calibrated probability.,DIRECT,2,0.3481506377280921,Improve energy efficiency by reducing the energy required for AI computation.,objective_02; objective_03; objective_05; objective_07,"Inspired by the human brain's remarkable ability to perform complex computations with minimal energy consumption, we have developed revolutionary AI hardware architecture that redefines the boundaries of computational efficiency. | Our SpiNNaker2 chip and SpiNNcloud system translate millions of years of biological evolution into cutting-edge technology, delivering brain-like performance while dramatically reducing energy requirements. | SpiNNext architecture directly addresses the mismatch between increasingly sparse, selective computation patterns in advanced algorithms and traditional dense processing architectures by implementing native hardware support for dynamic sparsity. | The remarkable energy efficiency of our technology translates directly to significant environmental sustainability through significant reductions in AI-related carbon footprint.","The project centrally develops AI hardware and a computing system explicitly designed to perform computation with lower energy requirements. This is a concrete, target-specific energy-efficiency mechanism, not merely an information input or generic tool. The project performs the technology-development work at project scale; it need not achieve economy-wide efficiency improvements. Its contribution is specifically within AI computation rather than the full scope of energy efficiency across the global economy.","Evidence does not establish the resulting improvement in energy efficiency across AI deployment or the global rate of improvement. | The project addresses energy use in AI computation, not energy efficiency across all sectors.",objective,HORIZON_EUROPE,
101248153,SpiNNext,Brain-inspired Computing for Next Generation Generative Artificial Intelligence,9,9.4,"By 2030, upgrade infrastructure and retrofit industries to make them sustainable, with increased resource-use efficiency and greater adoption of clean and environmentally sound technologies and industrial processes, with all countries taking action in accordance with their respective capabilities",http://data.europa.eu/sdg/9.4,WEAK,MEDIUM,Categorical confidence derived from verifier match strength; not a calibrated probability.,DIRECT,3,0.31738249811940905,Increase resource-use efficiency in industrial infrastructure and processes through lower computational energy consumption.,objective_02; objective_03; objective_05; objective_07,"Inspired by the human brain's remarkable ability to perform complex computations with minimal energy consumption, we have developed revolutionary AI hardware architecture that redefines the boundaries of computational efficiency. | Our SpiNNaker2 chip and SpiNNcloud system translate millions of years of biological evolution into cutting-edge technology, delivering brain-like performance while dramatically reducing energy requirements. | SpiNNext architecture directly addresses the mismatch between increasingly sparse, selective computation patterns in advanced algorithms and traditional dense processing architectures by implementing native hardware support for dynamic sparsity. | The remarkable energy efficiency of our technology translates directly to significant environmental sustainability through significant reductions in AI-related carbon footprint.","The project develops and advances specialized AI hardware and a computing system with an explicit energy-efficiency objective. This is a concrete, target-specific mechanism for reducing computational energy use, rather than merely providing information or a generic tool. However, the project primarily develops a technology; it does not itself retrofit industrial infrastructure or implement sustainable industrial processes. The operative contribution is therefore a constituent mechanism rather than performance of the target’s governing upgrade-and-retrofit action.","The evidence describes reduced computational energy requirements and expected carbon-footprint reductions, but does not quantify realized savings. | The project develops the hardware and system; broader adoption or integration into industrial infrastructure and processes is not established.",objective,HORIZON_EUROPE,
101248153,SpiNNext,Brain-inspired Computing for Next Generation Generative Artificial Intelligence,9,9.5,"Enhance scientific research, upgrade the technological capabilities of industrial sectors in all countries, in particular developing countries, including, by 2030, encouraging innovation and substantially increasing the number of research and development workers per 1 million people and public and private research and development spending",http://data.europa.eu/sdg/9.5,WEAK,MEDIUM,Categorical confidence derived from verifier match strength; not a calibrated probability.,DIRECT,5,0.31022284551687795,Enhance scientific research through development of advanced AI computing hardware and architecture.,objective_04; objective_05,"Building on our validated SpiNNaker2 technology, we are now introducing SpiNNext—our next-generation chip specifically designed for the emerging demands of modern generative AI. | SpiNNext architecture directly addresses the mismatch between increasingly sparse, selective computation patterns in advanced algorithms and traditional dense processing architectures by implementing native hardware support for dynamic sparsity.","The project develops a next-generation AI chip and its architecture, including native hardware support for dynamic sparsity. This is substantive project-scale technological R&D, not merely an information input or generic tool. The evidence specifically describes development of the technology, while not establishing that the project itself conducts scientific research or upgrades industrial-sector capabilities as a broader activity.",The evidence does not establish increased R&D workers or R&D spending. | The evidence does not establish deployment across industrial sectors or in developing countries.,objective,HORIZON_EUROPE,
101258941,HeartVision,Illuminating new paths in heart failure therapy,9,9.5,"Enhance scientific research, upgrade the technological capabilities of industrial sectors in all countries, in particular developing countries, including, by 2030, encouraging innovation and substantially increasing the number of research and development workers per 1 million people and public and private research and development spending",http://data.europa.eu/sdg/9.5,STRONG,HIGH,Categorical confidence derived from verifier match strength; not a calibrated probability.,DIRECT,1,0.2676033773757233,"Enhance scientific research through developing real-time, cell-scale imaging methods for beating hearts and engineered heart tissues.",objective_01; objective_02; objective_06; objective_07,"HeartVision is an ambitious high-risk, high-gain project that aims to unlock real-time, in vivo 3D microscopy of beating hearts and engineered heart tissues (EHTs) at cell-scale resolution – even deep within tissue folds.Heart failure is the leading cause of death worldwide, and today, there is no curative therapy for it. | EHT transplantation offers hope, but we currently lack tools to assess its effectiveness in real time. | Today, even imaging cells deep within therapy-scale EHTs is not possible - let alone in a beating heart.HeartVision will generate multiple IPs with potential in current and future clinical and biotech markets, while ensuring open access to key scientific breakthroughs. | It strikes a bold balance between innovation exploitation and open science dissemination.HeartVision will realize the dream of cell-scale imaging in living organs and put it in the hands of therapy developers, reshaping how we see, study, and treat heart failure and beyond.","The project develops and makes available a specialized imaging capability for studying living hearts and engineered heart tissues, directly advancing scientific research at project scale. The capability is target-specific rather than a generic tool, although its stated application is focused on cardiac therapy research rather than research across industrial sectors.","The evidence describes a focused imaging capability for cardiac and engineered-tissue research, not broader research activity across industrial sectors. | Clinical and biotech market potential and downstream therapeutic effects are prospective, not demonstrated outcomes.",objective,HORIZON_EUROPE,
101264391,HIDTECH,Revealing Hidden Innovations: Gendered Work and Perishable Technologies in Prehistory,9,9.5,"Enhance scientific research, upgrade the technological capabilities of industrial sectors in all countries, in particular developing countries, including, by 2030, encouraging innovation and substantially increasing the number of research and development workers per 1 million people and public and private research and development spending",http://data.europa.eu/sdg/9.5,STRONG,HIGH,Categorical confidence derived from verifier match strength; not a calibrated probability.,DIRECT,2,0.36474365447313106,Enhance scientific research through original archaeological research that develops a novel methodology to reconstruct prehistoric perishable technologies and empirically study their innovation and transmission.,objective_04; objective_05; objective_06; objective_07,"HIDTECH fills these gaps by pioneering a novel methodology to reconstruct these hidden technologies across Europe and the Levant, from the Upper Palaeolithic to the Early Neolithic. | Our approach integrates AI-driven quantitative use-wear analysis of durable tools (stone, bone, shell) from habitation sites and grave offerings, combined with robotic dental experiments and analysis of anterior tooth wear, revealing the use of teeth as tools. | Use-wear on tools from habitation sites will enable reconstruction of missing hide and plant technologies, while analysis of grave offerings and anterior teeth of sexed individuals (identified by proteomics) will link both hidden technologies to gendered labor roles. | By quantifying innovation rates in hide and plant-fibre technologies and correlating them with environmental, demographic, and social connectivity data, HIDTECH provides the first large-scale empirical framework for understanding factors shaping the development and transmission of these technologies.","The project directly conducts original scientific research, developing and applying an integrative method to reconstruct hidden technologies and study their innovation and transmission. Research is itself the operative component, so the project instantiates it at project scale; the contribution does not depend on a later actor creating a distinct research mechanism. Its scope is explicitly a novel methodology and empirical framework for this archaeological subject, rather than broader industrial technological upgrading or R&D spending and workforce outcomes, which are not needed to establish the selected research component.","The project addresses archaeological research on prehistoric technologies, not technological upgrading across industrial sectors. | The evidence does not establish changes in R&D workers per million people or public and private R&D spending.",objective,OTHER,
101271961,MAP4PWV,Multiscale investigations of polymer hydrocracking on bifunctional catalysts for plastic waste valorisation,12,12.5,"By 2030, substantially reduce waste generation through prevention, reduction, recycling and reuse",http://data.europa.eu/sdg/12.5,WEAK,MEDIUM,Categorical confidence derived from verifier match strength; not a calibrated probability.,INDIRECT,1,0.33382319102825575,"Reduce plastic waste generation through recycling or reuse, specifically chemical upcycling of plastic waste into value-added products.",title_01; objective_05; objective_06; objective_07; objective_08; objective_11; objective_13; objective_14,"Multiscale investigations of polymer hydrocracking on bifunctional catalysts for plastic waste valorisation | Bifunctional catalytic hydrocracking is a promising technique in scope of chemical upcycling, which can selectively convert polyolefin waste into value-added products like fuels. | However, challenges remain in high economic cost of noble-metal catalysts and lack of scalable industrial applications, preventing this technique from practical implementation. | The core objective is to deepen mechanistic understanding and promote practical application of non-noble-metal-based bifunctional catalytic hydrocracking, enabled by advanced computational methods. | This will be achieved by developing a multiscale computational framework, spanning atomistic to process-level investigations. | Hierarchical insights from first-principles calculations will be used to develop a kinetic model, and then the activity, selectivity, stability, and yield of the bifunctional hydrocracking process will be predicted under relevant reaction conditions. | The methodology will be validated by pioneering studies and experimental analyses from project collaborators. | The project’s outcomes will address challenges in plastic waste valorisation, providing guidance to experimentalists and engineers working in plastic upcycling.","The project centrally develops and validates a multiscale computational framework to investigate and predict catalytic hydrocracking, explicitly aimed at plastic-waste upcycling. This is a substantial, target-specific research and technical capacity, but the project evidence describes guidance for experimentalists and engineers rather than carrying out the conversion of waste into products. Practical implementation remains a distinct downstream action. The target-specific waste pathway is explicit; the gap is that the project develops the enabling framework and process understanding, not the recycling operation itself.",The project does not itself perform plastic-waste hydrocracking or demonstrate waste conversion into value-added products. | Industrial application is not yet established; the project’s outcomes are intended to guide later practical upcycling.,title; objective,HORIZON_EUROPE,
101271961,MAP4PWV,Multiscale investigations of polymer hydrocracking on bifunctional catalysts for plastic waste valorisation,12,12.4,"By 2020, achieve the environmentally sound management of chemicals and all wastes throughout their life cycle, in accordance with agreed international frameworks, and significantly reduce their release to air, water and soil in order to minimize their adverse impacts on human health and the environment",http://data.europa.eu/sdg/12.4,WEAK,MEDIUM,Categorical confidence derived from verifier match strength; not a calibrated probability.,INDIRECT,2,0.3298665720637265,"Environmentally sound management of plastic waste through its life cycle, specifically chemical upcycling/valorisation of polyolefin waste.",objective_05; objective_06; objective_07; objective_08; objective_11; objective_13; objective_14,"Bifunctional catalytic hydrocracking is a promising technique in scope of chemical upcycling, which can selectively convert polyolefin waste into value-added products like fuels. | However, challenges remain in high economic cost of noble-metal catalysts and lack of scalable industrial applications, preventing this technique from practical implementation. | The core objective is to deepen mechanistic understanding and promote practical application of non-noble-metal-based bifunctional catalytic hydrocracking, enabled by advanced computational methods. | This will be achieved by developing a multiscale computational framework, spanning atomistic to process-level investigations. | Hierarchical insights from first-principles calculations will be used to develop a kinetic model, and then the activity, selectivity, stability, and yield of the bifunctional hydrocracking process will be predicted under relevant reaction conditions. | The methodology will be validated by pioneering studies and experimental analyses from project collaborators. | The project’s outcomes will address challenges in plastic waste valorisation, providing guidance to experimentalists and engineers working in plastic upcycling.","The project’s central work is computational research into the mechanisms and predicted performance of catalytic hydrocracking, with collaborator studies and experimental analyses used for validation. It develops a research framework and guidance for experimentalists and engineers; it does not itself carry out the hydrocracking process or manage plastic waste. The research is specifically directed at plastic-waste upcycling, but the waste-treatment mechanism must still be implemented downstream.",No evidence that the project itself processes or chemically upcycles plastic waste. | The framework’s predicted performance and guidance require subsequent experimental or industrial implementation.,objective,HORIZON_EUROPE,
101271961,MAP4PWV,Multiscale investigations of polymer hydrocracking on bifunctional catalysts for plastic waste valorisation,9,9.4,"By 2030, upgrade infrastructure and retrofit industries to make them sustainable, with increased resource-use efficiency and greater adoption of clean and environmentally sound technologies and industrial processes, with all countries taking action in accordance with their respective capabilities",http://data.europa.eu/sdg/9.4,WEAK,MEDIUM,Categorical confidence derived from verifier match strength; not a calibrated probability.,DIRECT,4,0.2435591212130631,"Make industries sustainable through increased resource-use efficiency and greater adoption of clean and environmentally sound technologies and industrial processes, specifically developing a plastic-waste hydrocracking process for valorisation.",objective_03; objective_05; objective_07; objective_08; objective_11; objective_13; objective_14,"There is an urgent need for effective plastic waste upcycling to mitigate its harmful impacts, foster sustainability and a greener future. | Bifunctional catalytic hydrocracking is a promising technique in scope of chemical upcycling, which can selectively convert polyolefin waste into value-added products like fuels. | The core objective is to deepen mechanistic understanding and promote practical application of non-noble-metal-based bifunctional catalytic hydrocracking, enabled by advanced computational methods. | This will be achieved by developing a multiscale computational framework, spanning atomistic to process-level investigations. | Hierarchical insights from first-principles calculations will be used to develop a kinetic model, and then the activity, selectivity, stability, and yield of the bifunctional hydrocracking process will be predicted under relevant reaction conditions. | The methodology will be validated by pioneering studies and experimental analyses from project collaborators. | The project’s outcomes will address challenges in plastic waste valorisation, providing guidance to experimentalists and engineers working in plastic upcycling.","The project centrally conducts research and develops a specific catalytic hydrocracking process for plastic-waste valorisation, including process-level modelling and validation. This constitutes a concrete cleaner industrial-process mechanism at project scale, even though practical industrial deployment and scalability remain future challenges. The project’s role is substantial and target-specific, while the available evidence does not establish that it itself upgrades or retrofits industrial infrastructure or achieves industrial adoption.","The project develops and validates the process through computational work and collaborator experiments; it does not establish industrial-scale implementation or adoption. | The evidence identifies plastic-waste valorisation, but does not demonstrate achieved resource-use efficiency improvements or broader sustainability outcomes.",objective,HORIZON_EUROPE,
101271961,MAP4PWV,Multiscale investigations of polymer hydrocracking on bifunctional catalysts for plastic waste valorisation,11,11.6,"By 2030, reduce the adverse per capita environmental impact of cities, including by paying special attention to air quality and municipal and other waste management",http://data.europa.eu/sdg/11.6,WEAK,MEDIUM,Categorical confidence derived from verifier match strength; not a calibrated probability.,INDIRECT,7,0.22610278652242552,"Reduce adverse environmental impacts through improved municipal and other waste management, specifically plastic waste upcycling and recycling.",objective_05; objective_07; objective_08; objective_11; objective_13; objective_14,"Bifunctional catalytic hydrocracking is a promising technique in scope of chemical upcycling, which can selectively convert polyolefin waste into value-added products like fuels. | The core objective is to deepen mechanistic understanding and promote practical application of non-noble-metal-based bifunctional catalytic hydrocracking, enabled by advanced computational methods. | This will be achieved by developing a multiscale computational framework, spanning atomistic to process-level investigations. | Hierarchical insights from first-principles calculations will be used to develop a kinetic model, and then the activity, selectivity, stability, and yield of the bifunctional hydrocracking process will be predicted under relevant reaction conditions. | The methodology will be validated by pioneering studies and experimental analyses from project collaborators. | The project’s outcomes will address challenges in plastic waste valorisation, providing guidance to experimentalists and engineers working in plastic upcycling.","The project’s central work is computational research into non-noble-metal catalytic hydrocracking: it builds a multiscale framework, models process performance, and validates methods with collaborator studies. This provides target-specific guidance and technical capacity for plastic upcycling, but the project does not itself perform plastic-waste processing or establish an operational waste-management system; substantive upcycling must occur downstream.",The project predicts and validates catalytic performance rather than itself treating plastic waste. | Practical implementation of the upcycling process remains downstream.,objective,HORIZON_EUROPE,
101271961,MAP4PWV,Multiscale investigations of polymer hydrocracking on bifunctional catalysts for plastic waste valorisation,8,8.4,"Improve progressively, through 2030, global resource efficiency in consumption and production and endeavour to decouple economic growth from environmental degradation, in accordance with the 10‑Year Framework of Programmes on Sustainable Consumption and Production, with developed countries taking the lead",http://data.europa.eu/sdg/8.4,WEAK,MEDIUM,Categorical confidence derived from verifier match strength; not a calibrated probability.,INDIRECT,9,0.21390743186730501,"Improve resource efficiency in consumption and production, specifically by advancing plastic-waste upcycling into value-added products.",objective_03; objective_05; objective_07; objective_08; objective_11; objective_13; objective_14,"There is an urgent need for effective plastic waste upcycling to mitigate its harmful impacts, foster sustainability and a greener future. | Bifunctional catalytic hydrocracking is a promising technique in scope of chemical upcycling, which can selectively convert polyolefin waste into value-added products like fuels. | The core objective is to deepen mechanistic understanding and promote practical application of non-noble-metal-based bifunctional catalytic hydrocracking, enabled by advanced computational methods. | This will be achieved by developing a multiscale computational framework, spanning atomistic to process-level investigations. | Hierarchical insights from first-principles calculations will be used to develop a kinetic model, and then the activity, selectivity, stability, and yield of the bifunctional hydrocracking process will be predicted under relevant reaction conditions. | The methodology will be validated by pioneering studies and experimental analyses from project collaborators. | The project’s outcomes will address challenges in plastic waste valorisation, providing guidance to experimentalists and engineers working in plastic upcycling.","The project’s central work is research and computational model development for catalytic hydrocracking, including predictions of process performance and validation, directed at plastic-waste upcycling. This creates a substantial, target-specific research and technical capacity, but does not itself carry out waste conversion or establish an operating upcycling process; experimental and industrial implementation remain downstream. The target-relevant action is explicit, while the project does not realize the production-side resource-efficiency pathway in operation.",No project-scale conversion of plastic waste into value-added products is evidenced. | Practical industrial implementation and scalable application are not established.,objective,HORIZON_EUROPE,
101272623,StringCosmoAI,String Cosmology in the AI Era,9,9.5,"Enhance scientific research, upgrade the technological capabilities of industrial sectors in all countries, in particular developing countries, including, by 2030, encouraging innovation and substantially increasing the number of research and development workers per 1 million people and public and private research and development spending",http://data.europa.eu/sdg/9.5,STRONG,HIGH,Categorical confidence derived from verifier match strength; not a calibrated probability.,DIRECT,9,0.1111089850701574,"Enhance scientific research through original research in string theory, cosmology, statistical learning, and computational methods.",objective_03; objective_04; objective_05; objective_06; objective_07; objective_08,"I will combine sophisticated geometric tools -drawing in particular on tame geometry - with disciplined, auditable machine-learning methods to move beyond ad hoc searches.The programme advances along three complementary strands. | First, I will construct and openly release large, validated databases of string-derived effective field theories, complete with provenance, machine-readable schema, and example notebooks for reuse. | Second, I will establish when key questions in cosmology are statistically learnable or provably hard within string theory effective theories by drawing on statistical learning theory and computational complexity theory. | Third, building on these theoretical foundations, I will deploy machine-learning techniques to chart theories compatible with cosmological observations - particularly slow-roll inflation and small vacuum energy - with rigorous uncertainty quantification and interpretability.The project is anchored in a purposeful collaboration between the University of Bologna and Northeastern University. | Northeastern University offers a world-class environment for machine learning in fundamental physics, enabling rapid prototyping, interpretability, and robust evaluation of the AI tools and techniques employed; | the University of Bologna brings leading expertise in string phenomenology and cosmology, ensuring theoretical control and meaningful physical interpretation of the results.","The project directly conducts original scientific research: it develops and applies geometric and machine-learning methods, builds validated research databases, studies learnability and complexity, and investigates theories against cosmological observations. These are substantive research activities at project scale, not merely inputs for a different downstream research action. The evidence specifically establishes the research activity, though not industrial-sector technology upgrading, so the assessment is limited to the selected research component.",The evidence does not establish upgrading technological capabilities of industrial sectors. | The evidence does not establish increased R&D workers or R&D spending.,objective,HORIZON_EUROPE,
101272984,RuRho-SDT,Targeting Hypoxic Deep-Seated Tumours with Ru(II)-Rhodamine Complexes via Sonodynamic Therapy,9,9.5,"Enhance scientific research, upgrade the technological capabilities of industrial sectors in all countries, in particular developing countries, including, by 2030, encouraging innovation and substantially increasing the number of research and development workers per 1 million people and public and private research and development spending",http://data.europa.eu/sdg/9.5,STRONG,HIGH,Categorical confidence derived from verifier match strength; not a calibrated probability.,DIRECT,1,0.08031642114878886,Enhance scientific research through original research developing and biologically evaluating Ru(II)-rhodamine sonosensitizers and generating knowledge about their properties and therapeutic effects.,objective_07; objective_08; objective_09; objective_10; objective_11,"This project seeks to address this issue thrugh the rational design, synthesis, and biological evaluation in different cancer cell models of a new class of Ru(II)-rhodamine sonosensitizers. | The innovation rests on a dual-component strategy: rhodamine-based moieties are incorporated for their ability to respond efficiently to cavitation events induced by ultrasound, while a strategically tailored Ru(II) metal fragment serves as an electron-transfer center. | Following ultrasound irradiation and cavitation, excitation of the rhodamine unit promotes charge transfer to the Ru(II) center, enabling Type I ROS generation even under hypoxic conditions. | Beyond their therapeutic potential, these Ru(II)-rhodamine complexes will be rigorously characterized at both the physicochemical and biological levels, providing value insights into their properties and their induced therapeutic effect. | Ultimately, this projects will create solid knowleadge for the rational development of next-generation sonosensitizers active under hypoxic conditions.","The project itself conducts original scientific research through rational design, synthesis, and physicochemical and biological evaluation of new sonosensitizers, producing knowledge about their properties and therapeutic effects. This is substantive research at project scale and directly performs the target’s scientific-research action. The evidence explicitly supports the research activity and its subject matter; no material semantic gap remains for this component.","The evidence describes research and biological evaluation in cancer cell models, not clinical efficacy or patient treatment. | The project does not establish increases in R&D workers or R&D spending.",objective,HORIZON_EUROPE,
101275563,SUNSECA,Selenium Utilization for Novel Solar Energy Conversion Applications,7,7.a,"By 2030, enhance international cooperation to facilitate access to clean energy research and technology, including renewable energy, energy efficiency and advanced and cleaner fossil-fuel technology, and promote investment in energy infrastructure and clean energy technology",http://data.europa.eu/sdg/7.a,STRONG,HIGH,Categorical confidence derived from verifier match strength; not a calibrated probability.,DIRECT,1,0.2799893012993412,"Facilitate access to clean energy research and technology, specifically renewable energy technology through development of selenium-based photovoltaic devices.",objective_11; objective_12; objective_15,"The project SUNSECA aims to develop Se-based PV devices for novel applications such as indoor, integrated PV and IoT. | Research will focus on innovative approaches in the fabrication and post-deposition processes to optimize the structural and electrooptical properties of the Se thin films on different substrates. | SUNSECA will progress with the fabrication of novel high-efficient tandem devices architectures using Se-based top solar cells.","The project substantively conducts research and develops selenium-based photovoltaic devices, including fabrication processes and tandem-device architectures. These are concrete, target-specific renewable-energy technology development activities at project scale; later industrial transfer or wider deployment is not required to count as progress on this component. The evidence does not establish international cooperation or investment promotion, but those are separate components of the target. It also does not show that the project itself provides broad access to the technology, so the contribution is confined to the technology-development component selected by Stage 1.","No evidence of international cooperation. | No evidence of investment promotion in energy infrastructure or clean-energy technology. | No evidence that the project itself achieves broad access, deployment, or commercial uptake.",objective,HORIZON_EUROPE,
101275563,SUNSECA,Selenium Utilization for Novel Solar Energy Conversion Applications,7,7.2,"By 2030, increase substantially the share of renewable energy in the global energy mix",http://data.europa.eu/sdg/7.2,WEAK,MEDIUM,Categorical confidence derived from verifier match strength; not a calibrated probability.,DIRECT,2,0.2626780967603332,Increase the share of renewable energy in the global energy mix through development of selenium-based photovoltaic devices.,objective_03; objective_11; objective_12; objective_15,"Photovoltaic (PV) energy has emerged as a fundamental resource for this shift, offering scalable and decentralized power generation. | The project SUNSECA aims to develop Se-based PV devices for novel applications such as indoor, integrated PV and IoT. | Research will focus on innovative approaches in the fabrication and post-deposition processes to optimize the structural and electrooptical properties of the Se thin films on different substrates. | SUNSECA will progress with the fabrication of novel high-efficient tandem devices architectures using Se-based top solar cells.","The project centrally develops and fabricates selenium-based photovoltaic devices for solar-energy applications, including tandem architectures. This is a concrete, target-specific renewable-energy technology activity at project scale, rather than merely supplying generic information or an analytical input. It does not itself establish deployment or an increase in renewable energy's global share, but that broader outcome and later scaling are not required here. Developing the devices is a constituent mechanism advancing the target, rather than itself increasing the share of renewables in the energy mix.","The evidence establishes research and device fabrication, not deployment or measured energy generation. | No project-level or global change in renewable energy's share is reported.",objective,HORIZON_EUROPE,
101275563,SUNSECA,Selenium Utilization for Novel Solar Energy Conversion Applications,7,7.3,"By 2030, double the global rate of improvement in energy efficiency",http://data.europa.eu/sdg/7.3,WEAK,MEDIUM,Categorical confidence derived from verifier match strength; not a calibrated probability.,DIRECT,4,0.23859812745253212,Improving energy efficiency through development of higher-efficiency selenium-based photovoltaic devices.,objective_04; objective_08; objective_11; objective_12; objective_15,"However, meeting these goals demands next generation PV technologies that are sustainable, highly efficient and affordable. | One main barrier is the reduction of recombination losses to enhance the efficiency by optimizing interfacial band alignment and incorporating advanced charge transport layers. | The project SUNSECA aims to develop Se-based PV devices for novel applications such as indoor, integrated PV and IoT. | Research will focus on innovative approaches in the fabrication and post-deposition processes to optimize the structural and electrooptical properties of the Se thin films on different substrates. | SUNSECA will progress with the fabrication of novel high-efficient tandem devices architectures using Se-based top solar cells.","The project develops selenium-based PV devices and explicitly works to improve their efficiency by reducing recombination losses, optimizing material properties, and fabricating high-efficiency tandem architectures. These are concrete, target-specific mechanisms that improve energy-conversion efficiency at project scale; global rate doubling is not required. The project develops and tests device technologies, rather than itself carrying out a broader efficiency-improvement program across the energy system.","The work concerns PV device conversion efficiency, not improvement across the full range of energy uses or the global rate of efficiency improvement. | The evidence describes technology development and fabrication, but does not establish scaled deployment or measured system-wide energy savings.",objective,HORIZON_EUROPE,
101275563,SUNSECA,Selenium Utilization for Novel Solar Energy Conversion Applications,9,9.4,"By 2030, upgrade infrastructure and retrofit industries to make them sustainable, with increased resource-use efficiency and greater adoption of clean and environmentally sound technologies and industrial processes, with all countries taking action in accordance with their respective capabilities",http://data.europa.eu/sdg/9.4,WEAK,MEDIUM,Categorical confidence derived from verifier match strength; not a calibrated probability.,DIRECT,5,0.23653118548541985,"Increase adoption of clean and environmentally sound technologies and industrial processes, through development of selenium-based photovoltaic devices and fabrication processes using non-toxic materials.",objective_05; objective_11; objective_12; objective_14; objective_15,"Among the emerging materials, selenium (Se) is a promising candidate for sustainable PV technologies due to its low toxicity, large abundance and high stability. | The project SUNSECA aims to develop Se-based PV devices for novel applications such as indoor, integrated PV and IoT. | Research will focus on innovative approaches in the fabrication and post-deposition processes to optimize the structural and electrooptical properties of the Se thin films on different substrates. | Different electron/hole transport layers as well as the interfaces will be investigated, and only inorganic and non-toxic materials will be used to ensure the stability and sustainability of the PV devices. | SUNSECA will progress with the fabrication of novel high-efficient tandem devices architectures using Se-based top solar cells.","The project centrally researches and fabricates selenium-based photovoltaic devices, including novel tandem architectures, and investigates fabrication processes using non-toxic materials. This is a concrete, target-specific clean-technology development activity at project scale, rather than merely supplying general evidence or a generic tool. The processes may later transfer to industry, but that future transfer is not required to count the project’s own technology-development work as an immediate target mechanism. The evidence does not establish that industrial adoption or industry-wide retrofitting has already occurred; the project’s contribution is through developing devices and processes that can support adoption.","Industrial transfer and adoption of the developed processes are prospective, not demonstrated as completed. | The evidence focuses on photovoltaic device and fabrication-process development, not broad upgrading or retrofitting across industries.",objective,HORIZON_EUROPE,
101275563,SUNSECA,Selenium Utilization for Novel Solar Energy Conversion Applications,7,7.1,"By 2030, ensure universal access to affordable, reliable and modern energy services",http://data.europa.eu/sdg/7.1,WEAK,MEDIUM,Categorical confidence derived from verifier match strength; not a calibrated probability.,DIRECT,7,0.21446410798847013,"Ensure access to affordable, reliable and modern energy services through solar photovoltaic technology.",objective_03; objective_04; objective_12; objective_13; objective_14; objective_15,"Photovoltaic (PV) energy has emerged as a fundamental resource for this shift, offering scalable and decentralized power generation. | However, meeting these goals demands next generation PV technologies that are sustainable, highly efficient and affordable. | Research will focus on innovative approaches in the fabrication and post-deposition processes to optimize the structural and electrooptical properties of the Se thin films on different substrates. | The proposed processes can be transferable to industry and present viable alternatives to the conventional ones. | Different electron/hole transport layers as well as the interfaces will be investigated, and only inorganic and non-toxic materials will be used to ensure the stability and sustainability of the PV devices. | SUNSECA will progress with the fabrication of novel high-efficient tandem devices architectures using Se-based top solar cells.","The project centrally researches and develops selenium-based photovoltaic devices, including fabrication processes, transport layers, and tandem architectures, constituting a concrete technology-development mechanism for solar energy services. It does not itself provide energy services or ensure user access; deployment and access would follow downstream. Its contribution is specific to PV technology, with no material mismatch in the selected technology pathway, while universal access remains a broader target outcome.","The project develops PV devices and processes rather than supplying energy services to users. | Affordability and reliability are intended design properties, but realized service costs and performance are not reported. | The project does not itself establish access for any defined population.",objective,HORIZON_EUROPE,
101279745,NETSPY,A Differential Detection Electrogravimetric Platform for the Early Diagnosis of Neuroendocrine Tumours,9,9.5,"Enhance scientific research, upgrade the technological capabilities of industrial sectors in all countries, in particular developing countries, including, by 2030, encouraging innovation and substantially increasing the number of research and development workers per 1 million people and public and private research and development spending",http://data.europa.eu/sdg/9.5,STRONG,HIGH,Categorical confidence derived from verifier match strength; not a calibrated probability.,DIRECT,2,0.15245564647779336,Enhance scientific research,objective_02; objective_03; objective_04; objective_05; objective_06; objective_07,"NETSPY addresses this gap by developing a dual-mode electrogravimetric biosensor that detects the established NET biomarkers Chromogranin A and B (CgA, CgB), while distinguishing them from non-specific inflammatory signals (CRP) measured in routine work-ups. | The platform will be built on a custom electrochemical quartz crystal microbalance (EQCM) chip fabricated in the Tyndall/UCC cleanroom. | To amplify electron transfer, an ultrathin high-entropy spinel oxide (HESO) film will be coated on the gold electrode. | Aptamers for CgA/CgB (newly designed in this project) will be labelled with methylene blue to enable folding-gated electrochemical readout, while the QCM channel will report the label-free mass change. | This orthogonal pairing underpins a Dual-Mode Differential Diagnosis (D3) logic: NET markers yield both frequency drop and electrochemical signal, whereas inflammatory interferents yield frequency drop with minimal electrochemical change, enabling practical serum discrimination. | Outputs include prototype chips, SOPs for surface assembly, and open datasets/software.","The project directly conducts original scientific R&D by developing a dual-mode biosensor platform and diagnostic method, including its chip, sensing materials, aptamers, and differential readout. These are substantive project-scale research activities; no broader deployment or population-level outcome is required for the claimed research component. The project is specifically focused on developing this research platform, though it does not itself upgrade industrial-sector technological capabilities or address R&D staffing and spending at scale.","The evidence describes prototype and method development, not a validated clinical diagnostic or routine clinical deployment. | The project does not establish broader industrial-sector upgrading, increased R&D workforce numbers, or increased public or private R&D spending.",objective,HORIZON_EUROPE,
101279745,NETSPY,A Differential Detection Electrogravimetric Platform for the Early Diagnosis of Neuroendocrine Tumours,3,3.d,"Strengthen the capacity of all countries, in particular developing countries, for early warning, risk reduction and management of national and global health risks",http://data.europa.eu/sdg/3.d,WEAK,MEDIUM,Categorical confidence derived from verifier match strength; not a calibrated probability.,DIRECT,8,0.12931936755381002,"Strengthen capacity for early warning, risk reduction and management of health risks through early diagnostic capability.",objective_02; objective_06; objective_08; objective_07,"NETSPY addresses this gap by developing a dual-mode electrogravimetric biosensor that detects the established NET biomarkers Chromogranin A and B (CgA, CgB), while distinguishing them from non-specific inflammatory signals (CRP) measured in routine work-ups. | This orthogonal pairing underpins a Dual-Mode Differential Diagnosis (D3) logic: NET markers yield both frequency drop and electrochemical signal, whereas inflammatory interferents yield frequency drop with minimal electrochemical change, enabling practical serum discrimination. | NETSPY will deliver a compact, minimally invasive route to earlier NET triage, and a generalizable blueprint for multi-marker point-of-care sensing in rare cancers. | Outputs include prototype chips, SOPs for surface assembly, and open datasets/software.","The project centrally develops a dual-mode biosensor designed to distinguish established NET biomarkers from inflammatory signals and deliver earlier NET triage. This is a concrete, target-specific diagnostic capacity at project scale, not merely generic evidence or a tool requiring a distinct intervention to be created. The described outputs are prototype chips and supporting protocols; population-wide deployment and resulting health outcomes are not claimed, but those are scale or downstream adoption matters rather than a material mismatch with the early-detection component.",No completed clinical validation or routine clinical deployment is stated. | The project focuses on NET diagnosis rather than all national or global health risks.,objective,HORIZON_EUROPE,
101280903,C-METABnG,Catchment METAbolism of Blue and Green fluxes,15,15.1,"By 2020, ensure the conservation, restoration and sustainable use of terrestrial and inland freshwater ecosystems and their services, in particular forests, wetlands, mountains and drylands, in line with obligations under international agreements",http://data.europa.eu/sdg/15.1,WEAK,MEDIUM,Categorical confidence derived from verifier match strength; not a calibrated probability.,INDIRECT,1,0.5256790702817684,"Developing predictive understanding and assessment of terrestrial and inland freshwater ecosystem processes and their services, supporting their sustainable use and conservation.",objective_01; objective_02; objective_04; objective_06; objective_07,"Catchments are key regulators of carbon (C) and nutrient fluxes across terrestrial and aquatic domains, sustaining biodiversity, water quality, and the global carbon cycle. | They involve two main sources of metabolic activity, defined as the fixation and dissipation of energy by all organisms: blue metabolism, arising from biogeochemical processes in flowing waters shaped by light, flow regimes, nutrient concentrations, and organic matter supply, and green metabolism, associated with terrestrial primary production driven by the uptake of light, energy, and water by vegetation. | This represents a major challenge for predicting the response of catchment carbon dynamics to climate and land-use change, with profound implications for water quality, ecosystem resilience, and carbon-climate feedbacks.The C-METABnG project will develop the first coupled framework of whole-catchment metabolism, explicitly linking blue and green metabolic activities and embedding the spatio-temporal variability of key resources such as hydroclimatic fluctuations. | To this end, the project will compile and harmonize a global dataset of blue and green metabolic observations, extend a process-based model to couple terrestrial fluxes with in-stream C processing, and advance a deterministic-probabilistic framework that captures resource variability. | The ultimate goal is to provide the first predictive system for whole-catchment metabolism, directly responding to the call for integrated land-water carbon research.","The project’s central work develops a coupled whole-catchment metabolism framework and predictive system, integrating terrestrial and flowing-water processes and addressing ecosystem services and resilience. This is a substantial, target-specific assessment capacity, but the evidence does not show the project itself carrying out conservation, restoration, or sustainable-use management; those actions would require subsequent decisions or implementation.","No stated implementation of conservation, restoration, or sustainable-use measures. | The predictive capacity informs assessment, while management action is not described.",objective,HORIZON_EUROPE,
101285198,PTT-NCaps,Pollen Transfection via Tuneable Polymeric Silica Nanocapsules : A Non-Transgenic Platform for Plant Genetic Manipulation,2,2.4,"By 2030, ensure sustainable food production systems and implement resilient agricultural practices that increase productivity and production, that help maintain ecosystems, that strengthen capacity for adaptation to climate change, extreme weather, drought, flooding and other disasters and that progressively improve land and soil quality",http://data.europa.eu/sdg/2.4,WEAK,MEDIUM,Categorical confidence derived from verifier match strength; not a calibrated probability.,INDIRECT,3,0.3007025867232316,Strengthening capacity for adaptation to climate change through the development of stress-resilient crops,objective_02; objective_03; objective_09; objective_10,"In the urgent quest to develop resilient crops, CRISPR-Cas9 ribonucleoprotein (RNP) complexes present a powerful and precise genome-editing tool. | Their primary advantage lies in enabling non-transgenic improvement by acting transiently without the integration of foreign DNA, thereby potentially streamlining regulatory approval and public acceptance. | This method leverages the natural process of fertilisation, offering a transformative, genotype-independent solution for rapid crop improvement. | The successful execution of this research will provide a robust and versatile platform technology to accelerate the development of more stress-resilient crops, ultimately contributing to sustainable agriculture and ensuring food security in the face of a rapidly changing climate.","The project develops a non-transgenic genome-editing platform intended to enable faster development of stress-resilient crops. This is a target-specific research and technical contribution, but the platform is an enabling technology; crop edits and resilient crops must still be produced and validated downstream. The evidence does not establish that the project itself develops or tests stress-resilient crops or strengthens adaptive capacity through an implemented agricultural practice.","Heritable crop edits and stress-resilient crop outcomes are aims rather than demonstrated results. | No implementation of resilient agricultural practices or evidence of increased productivity, ecosystem maintenance, or improved land and soil quality is provided.",objective,HORIZON_EUROPE,
101285198,PTT-NCaps,Pollen Transfection via Tuneable Polymeric Silica Nanocapsules : A Non-Transgenic Platform for Plant Genetic Manipulation,9,9.5,"Enhance scientific research, upgrade the technological capabilities of industrial sectors in all countries, in particular developing countries, including, by 2030, encouraging innovation and substantially increasing the number of research and development workers per 1 million people and public and private research and development spending",http://data.europa.eu/sdg/9.5,STRONG,HIGH,Categorical confidence derived from verifier match strength; not a calibrated probability.,DIRECT,4,0.27930187087701763,Enhance scientific research through substantive original R&D developing a plant genome-editing delivery platform.,objective_04; objective_05; objective_06; objective_07; objective_08; objective_09,"However, the transformative potential of this technology is severely hampered by a fundamental bottleneck: the efficient delivery of these macromolecules into plant cells. | To address the delivery challenge, we propose the development of a novel, sustainable nanocarrier platform centred on a biocompatible silicon core, which serves as a scaffold for a precise layer-by-layer (LbL) assembly technique. | This enables the meticulous encapsulation of functional CRISPR-Cas9 RNP complexes, thereby shielding them from enzymatic degradation in the extracellular environment. | Cell-penetrating peptides (CPPs) will be incorporated to promote enhanced cellular uptake and internalisation by overcoming the cell wall barrier, while choline-based deep eutectic solvents (DES) will be employed to stabilise the RNP payload and ensure its release upon intracellular entry. | By introducing the cargoes into pollen, we aim to achieve heritable edits that are directly transmitted to the progeny seeds following pollination. | This method leverages the natural process of fertilisation, offering a transformative, genotype-independent solution for rapid crop improvement.","The project’s central work is original research to develop and test a nanocarrier platform addressing a specific delivery bottleneck for CRISPR-Cas9 genome editing in plants. Scientific research itself is part of the claimed component, so the project performs that action at project scale. The delivery platform is a substantive, target-specific technological capability, even though further work and adoption may be needed to produce improved crops. The developing-country emphasis is not a mandatory qualifier, and no material gap in the selected research component is evident.","The evidence describes a proposed research platform and intended heritable edits, not demonstrated crop edits or resulting stress-resilient crops. | The work does not establish increased R&D worker numbers or R&D spending, which are separate elements of the broader target wording.",objective,HORIZON_EUROPE,
101285198,PTT-NCaps,Pollen Transfection via Tuneable Polymeric Silica Nanocapsules : A Non-Transgenic Platform for Plant Genetic Manipulation,13,13.1,Strengthen resilience and adaptive capacity to climate-related hazards and natural disasters in all countries,http://data.europa.eu/sdg/13.1,WEAK,MEDIUM,Categorical confidence derived from verifier match strength; not a calibrated probability.,INDIRECT,10,0.22270633377473398,Strengthen resilience and adaptive capacity to climate-related hazards and natural disasters through developing stress-resilient crops for climate-related agricultural hazards.,objective_01; objective_02; objective_05; objective_08; objective_10,"The escalating climate crisis, population growth cause serious challenges to system reliant to plants, posing a critical threat to agricultural productivity and global food security. | In the urgent quest to develop resilient crops, CRISPR-Cas9 ribonucleoprotein (RNP) complexes present a powerful and precise genome-editing tool. | To address the delivery challenge, we propose the development of a novel, sustainable nanocarrier platform centred on a biocompatible silicon core, which serves as a scaffold for a precise layer-by-layer (LbL) assembly technique. | By introducing the cargoes into pollen, we aim to achieve heritable edits that are directly transmitted to the progeny seeds following pollination. | The successful execution of this research will provide a robust and versatile platform technology to accelerate the development of more stress-resilient crops, ultimately contributing to sustainable agriculture and ensuring food security in the face of a rapidly changing climate.","The project develops a targeted delivery platform for crop genome editing, with the aim of producing heritable edits and accelerating the development of stress-resilient crops. This is a substantial, specific capacity relevant to climate adaptation, but the project does not itself develop or deliver resilient crop varieties or demonstrate increased resilience; that substantive crop improvement remains a downstream step. The target relevance and crop-improvement aim are explicit, while realized adaptation outcomes are not established.","The platform is proposed for development; successful execution and functional performance are not established. | No edited crop varieties or demonstrated resilience to climate-related hazards are reported. | The project does not establish adoption, deployment, or effects on agricultural productivity or food security.",objective,HORIZON_EUROPE,
101286806,CitiSense,"Making Sense of EU Enlargement for, with and by Citizens",17,17.17,"Encourage and promote effective public, public-private and civil society partnerships, building on the experience and resourcing strategies of partnerships",http://data.europa.eu/sdg/17.17,STRONG,HIGH,Categorical confidence derived from verifier match strength; not a calibrated probability.,DIRECT,4,0.4272184509422263,"Encourage and promote effective public, public-private and civil society partnerships",objective_05; objective_06; objective_09,"CitiSense’s novelty lies in treating citizens not as passive recipients of knowledge but as co-creators of evidence, dialogue, and policy recommendations.CitiSense brings together 16 consortium partners – universities, think tanks, and CSOs – to investigate the security, economic, and societal dimensions of enlargement in both member states and candidate countries. | It builds on previous Horizon projects adapting and scaling up proven formats like Youth Labs, Civil Society Networks, and Expert Hubs. | CitiSense will generate a wide range of outputs: multidimensional toolboxes for policymakers, administrators, educators, and civil society, integrating public opinion data, cost–benefit analyses, and foresight scenarios with manuals for participatory mechanisms such as Hackathons, Citizen Assemblies, and Youth Labs.","CitiSense directly brings universities, think tanks, and civil society organizations together in a 16-partner consortium and builds on civil-society networks and other established partnership formats. This is a concrete partnership mechanism at project scale, rather than merely information for a separate partnership effort. The evidence does not establish that the project itself evaluates partnership effectiveness or specifically includes public- or private-sector partners, so the contribution is limited to the partnership forms and activities described.","Evidence identifies universities, think tanks, and civil society organizations, but does not specify public- or private-sector partners. | The evidence does not describe assessment of partnership effectiveness.",objective,HORIZON_EUROPE,
101287905,PEAT-GENIE,Simulating Management Decisions with Peatland Digital Twins and Generative AI,15,15.3,"By 2030, combat desertification, restore degraded land and soil, including land affected by desertification, drought and floods, and strive to achieve a land degradation-neutral world",http://data.europa.eu/sdg/15.3,WEAK,MEDIUM,Categorical confidence derived from verifier match strength; not a calibrated probability.,INDIRECT,1,0.45273809768932854,"Restore degraded land and soil, including land affected by desertification, drought and floods.",objective_03; objective_05,"PEAT-GENIE develops a modular, interoperable, and inclusive AI platform that transforms complex environmental data into decision-ready insights through natural language interaction, visual scenario simulation, and local impact assessments.By integrating data from RIs, Copernicus Earth Observation, DestinE components (e.g., Climate DT, Data Lake), and national sources, the platform will power AI-driven Digital Twins for peatland ecosystems, delivering robust predictions for hydrology, GHG flux, biodiversity, and land cover. | Uncertainty quantification and provenance tracking will be embedded to ensure interpretability and build trust in the outputs.Validated in real-world pilot sites across four EU countries, PEAT-GENIE offers a scalable, cross-sectoral blueprint for climate resilience, ecological restoration, and AI-powered environmental governance—fully aligned with the European Green Deal, GenAI4EU, the EU Biodiversity Strategy, and the AI Act.","The project develops peatland digital twins, predictions, and local impact assessments, and identifies ecological restoration as a potential use. This creates target-specific decision support but does not itself restore land or soil; a distinct restoration intervention remains to be carried out downstream.","The project does not state that it physically restores or otherwise implements restoration on degraded land. | Its restoration contribution is through decision support; the specific restoration measures and their implementation are not described. | The evidence does not establish that the pilot sites involve degraded land or land affected by desertification, drought, or floods.",objective,HORIZON_EUROPE,
101287905,PEAT-GENIE,Simulating Management Decisions with Peatland Digital Twins and Generative AI,15,15.1,"By 2020, ensure the conservation, restoration and sustainable use of terrestrial and inland freshwater ecosystems and their services, in particular forests, wetlands, mountains and drylands, in line with obligations under international agreements",http://data.europa.eu/sdg/15.1,WEAK,MEDIUM,Categorical confidence derived from verifier match strength; not a calibrated probability.,INDIRECT,2,0.44932893881870745,"Conservation, restoration and sustainable use of terrestrial and inland freshwater ecosystems and their services, specifically peatland ecosystem restoration and management decision support.",objective_03; objective_05; objective_07,"PEAT-GENIE develops a modular, interoperable, and inclusive AI platform that transforms complex environmental data into decision-ready insights through natural language interaction, visual scenario simulation, and local impact assessments.By integrating data from RIs, Copernicus Earth Observation, DestinE components (e.g., Climate DT, Data Lake), and national sources, the platform will power AI-driven Digital Twins for peatland ecosystems, delivering robust predictions for hydrology, GHG flux, biodiversity, and land cover. | Uncertainty quantification and provenance tracking will be embedded to ensure interpretability and build trust in the outputs.Validated in real-world pilot sites across four EU countries, PEAT-GENIE offers a scalable, cross-sectoral blueprint for climate resilience, ecological restoration, and AI-powered environmental governance—fully aligned with the European Green Deal, GenAI4EU, the EU Biodiversity Strategy, and the AI Act. | Co-designed with end-users, the platform’s tools, models, and outputs will be openly available, enabling future integration into DestinE services, RI catalogues, and the AI-on-Demand platform.","The project develops and pilots peatland digital twins and decision-support tools that generate ecological predictions and restoration-relevant insights. This is a substantial, target-specific decision capacity, but the evidence does not say that the project itself carries out peatland conservation, restoration, or sustainable management; substantive land-management action remains downstream. The project is centrally focused on this capacity, with explicit peatland and ecological-restoration relevance. Its support for one decision-making aspect does not cover the full range of conservation, restoration, and sustainable-use actions, leaving a material but non-blocking gap.","No evidence that the project itself implements conservation, restoration, or sustainable management on the peatland pilot sites. | The platform supports management decisions but does not establish that its outputs are adopted or lead to ecological outcomes.",objective,HORIZON_EUROPE,
101287905,PEAT-GENIE,Simulating Management Decisions with Peatland Digital Twins and Generative AI,15,15.9,"By 2020, integrate ecosystem and biodiversity values into national and local planning, development processes, poverty reduction strategies and accounts",http://data.europa.eu/sdg/15.9,WEAK,MEDIUM,Categorical confidence derived from verifier match strength; not a calibrated probability.,INDIRECT,3,0.4409277299912704,Integrate ecosystem and biodiversity values into national and local planning and development processes,objective_03; objective_04; objective_05; objective_07,"PEAT-GENIE develops a modular, interoperable, and inclusive AI platform that transforms complex environmental data into decision-ready insights through natural language interaction, visual scenario simulation, and local impact assessments.By integrating data from RIs, Copernicus Earth Observation, DestinE components (e.g., Climate DT, Data Lake), and national sources, the platform will power AI-driven Digital Twins for peatland ecosystems, delivering robust predictions for hydrology, GHG flux, biodiversity, and land cover. | Two Generative AI interfaces—a “what-if” simulation engine and a multilingual explanation tool—will provide inclusive, transparent, and expertise-sensitive access to environmental models. | Uncertainty quantification and provenance tracking will be embedded to ensure interpretability and build trust in the outputs.Validated in real-world pilot sites across four EU countries, PEAT-GENIE offers a scalable, cross-sectoral blueprint for climate resilience, ecological restoration, and AI-powered environmental governance—fully aligned with the European Green Deal, GenAI4EU, the EU Biodiversity Strategy, and the AI Act. | Co-designed with end-users, the platform’s tools, models, and outputs will be openly available, enabling future integration into DestinE services, RI catalogues, and the AI-on-Demand platform.","PEAT-GENIE develops digital twins, biodiversity and land-cover predictions, local impact assessments, and scenario tools intended to inform environmental governance. These are target-specific decision-support capacities, but the evidence does not show that the project itself integrates ecosystem and biodiversity values into planning or development processes; that governing action remains for downstream users.","The evidence describes tools and outputs designed to support decisions, not their actual incorporation into planning or development processes.",objective,HORIZON_EUROPE,
101287905,PEAT-GENIE,Simulating Management Decisions with Peatland Digital Twins and Generative AI,15,15.5,"Take urgent and significant action to reduce the degradation of natural habitats, halt the loss of biodiversity and, by 2020, protect and prevent the extinction of threatened species",http://data.europa.eu/sdg/15.5,WEAK,MEDIUM,Categorical confidence derived from verifier match strength; not a calibrated probability.,INDIRECT,6,0.4001735232524355,Reduce degradation of natural habitats and halt biodiversity loss through peatland ecosystem assessment and restoration decision support.,objective_03; objective_04; objective_05; objective_07,"PEAT-GENIE develops a modular, interoperable, and inclusive AI platform that transforms complex environmental data into decision-ready insights through natural language interaction, visual scenario simulation, and local impact assessments.By integrating data from RIs, Copernicus Earth Observation, DestinE components (e.g., Climate DT, Data Lake), and national sources, the platform will power AI-driven Digital Twins for peatland ecosystems, delivering robust predictions for hydrology, GHG flux, biodiversity, and land cover. | Two Generative AI interfaces—a “what-if” simulation engine and a multilingual explanation tool—will provide inclusive, transparent, and expertise-sensitive access to environmental models. | Uncertainty quantification and provenance tracking will be embedded to ensure interpretability and build trust in the outputs.Validated in real-world pilot sites across four EU countries, PEAT-GENIE offers a scalable, cross-sectoral blueprint for climate resilience, ecological restoration, and AI-powered environmental governance—fully aligned with the European Green Deal, GenAI4EU, the EU Biodiversity Strategy, and the AI Act. | Co-designed with end-users, the platform’s tools, models, and outputs will be openly available, enabling future integration into DestinE services, RI catalogues, and the AI-on-Demand platform.","The project develops peatland-specific digital twins and decision-support tools that provide predictions, scenario simulations, and local impact assessments, validated at pilot sites. These create useful target-specific decision capacity, but the project does not itself implement habitat restoration or other direct measures to halt biodiversity loss; a distinct management or restoration action remains downstream.","No direct restoration, habitat protection, or biodiversity-loss prevention action is described. | The project produces decision support and makes its tools available for future integration; downstream management actions are not specified.",objective,HORIZON_EUROPE,
101287905,PEAT-GENIE,Simulating Management Decisions with Peatland Digital Twins and Generative AI,13,13.1,Strengthen resilience and adaptive capacity to climate-related hazards and natural disasters in all countries,http://data.europa.eu/sdg/13.1,WEAK,MEDIUM,Categorical confidence derived from verifier match strength; not a calibrated probability.,DIRECT,9,0.3841165300440809,Strengthen resilience and adaptive capacity to climate-related hazards and natural disasters in all countries,objective_03; objective_04; objective_05; objective_07,"PEAT-GENIE develops a modular, interoperable, and inclusive AI platform that transforms complex environmental data into decision-ready insights through natural language interaction, visual scenario simulation, and local impact assessments.By integrating data from RIs, Copernicus Earth Observation, DestinE components (e.g., Climate DT, Data Lake), and national sources, the platform will power AI-driven Digital Twins for peatland ecosystems, delivering robust predictions for hydrology, GHG flux, biodiversity, and land cover. | Two Generative AI interfaces—a “what-if” simulation engine and a multilingual explanation tool—will provide inclusive, transparent, and expertise-sensitive access to environmental models. | Uncertainty quantification and provenance tracking will be embedded to ensure interpretability and build trust in the outputs.Validated in real-world pilot sites across four EU countries, PEAT-GENIE offers a scalable, cross-sectoral blueprint for climate resilience, ecological restoration, and AI-powered environmental governance—fully aligned with the European Green Deal, GenAI4EU, the EU Biodiversity Strategy, and the AI Act. | Co-designed with end-users, the platform’s tools, models, and outputs will be openly available, enabling future integration into DestinE services, RI catalogues, and the AI-on-Demand platform.","PEAT-GENIE develops and pilots a peatland-specific environmental intelligence and decision-support platform, including hydrology predictions, scenario simulation, and local impact assessments. These are concrete target-specific capacities that can inform climate-resilience decisions; their realization at pilot scale is substantive even though adoption of particular management decisions and resulting resilience outcomes are not reported. The project supplies an operational decision capacity rather than merely generic information, and later routine integration or adoption does not make that capacity upstream.",No specific management decision or resilience intervention resulting from platform use is described. | No measured improvement in resilience or adaptive capacity is reported. | The evidence concerns peatlands and pilot sites in four EU countries rather than all countries.,objective,HORIZON_EUROPE,
101289094,AIRIS,Mechanism-Informed Multimodal Generative AI for Causal and Dynamical Modelling in Biomedical Research,9,9.5,"Enhance scientific research, upgrade the technological capabilities of industrial sectors in all countries, in particular developing countries, including, by 2030, encouraging innovation and substantially increasing the number of research and development workers per 1 million people and public and private research and development spending",http://data.europa.eu/sdg/9.5,STRONG,HIGH,Categorical confidence derived from verifier match strength; not a calibrated probability.,DIRECT,1,0.351927153254215,Enhance scientific research through substantive original biomedical AI research that develops mechanism-informed generative methods for biomedical discovery.,objective_01; objective_02; objective_03; objective_05; objective_08,"AIRIS will develop the next generation of multimodal Generative AI (GenAI) models to accelerate research on predictive and personalised medicine. | Building on recent advances in LLMs, causal inference and mechanistic modelling, AIRIS will integrate heterogeneous biomedical data (omics, imaging, clinical, laboratory, lifestyle, PROMs and scientific literature) into mechanism-informed generative frameworks. | These models will not only generate biologically plausible synthetic data to address sparsity and bias but also embed causal and dynamical constraints across biological scales, from “virtual cells” to multi-organ models, enabling counterfactual reasoning and in-silico hypothesis testing. | (ii) novel mechanism-anchored generative architectures with interpretability and bias-mitigation safeguards; | AIRIS will be validated using already existing large-scale datasets in five high-impact use cases including Pulmonary Fibrosis, Steatotic Liver Disease, Cardiovascular Disease, Chronic Kidney Disease and Inflammatory Bowel Disease.","AIRIS directly conducts biomedical research by developing mechanism-informed generative models and methods, then validating them across five disease use cases. Scientific research is itself the claimed operative action, so the project performs that action at project scale; no later societal deployment is required to constitute research progress. Its stated research purpose and substantive model development are explicit, while the biomedical scope is narrower than the full technological-capability and innovation breadth of Target 9.5.",The work focuses on biomedical AI research rather than upgrading technological capabilities across industrial sectors or countries. | The evidence describes validation on existing datasets and does not establish increased R&D worker numbers or R&D spending.,objective,HORIZON_EUROPE,
101290632,STEPH,STrengthening Ecodesign pathways with performance assessment Parameters for Home textiles and footwear,12,12.6,"Encourage companies, especially large and transnational companies, to adopt sustainable practices and to integrate sustainability information into their reporting cycle",http://data.europa.eu/sdg/12.6,WEAK,MEDIUM,Categorical confidence derived from verifier match strength; not a calibrated probability.,DIRECT,1,0.532674285105515,"Encourage companies to adopt sustainable practices, specifically ecodesign practices in home textiles and footwear.",objective_02; objective_03; objective_05; objective_07; objective_09,"Its overall aim is to support the implementation of the Ecodesign for Sustainable Products Regulation (ESPR) and accelerate the wider adoption of ecodesign principles in the home textiles and footwear product groups. | At the core of STEPH is the development and validation of at least 20 ecodesign parameters and 10 testing methods and technologies, engaging with at least 800 product manufacturers, 10 market surveillance authorities and 3000 stakeholders, ensuring broad dissemination of impacts.The project begins by analysing regulations, methodologies, and framework conditions aligned with ESPR principles, involving experts and specialized stakeholders. | To validate these scenarios, STEPH will perform a number of assessments and laboratory tests focused on material efficiency, circularity performance, and the elimination of hazardous substances. | Based on these results, STEPH will develop a circular design toolkit along with training materials to support capacity building activities among product manufacturers, SMEs and market surveillance authorities. | This will reinforce the implementation of ESPR and promote the broader adoption of ecodesign practices across Europe.","The project centrally develops and validates ecodesign parameters, testing methods and technologies, and a circular design toolkit, while providing training to manufacturers. These are concrete, target-specific mechanisms that substantively support company adoption of ecodesign practices, rather than merely generic information or analysis. The project does not itself establish that manufacturers broadly adopt the practices, so the ultimate adoption outcome remains downstream; that does not make its own tools and training only narrow inputs.","The evidence describes tools, methods, and training intended to support adoption; it does not report that companies have adopted the practices. | The project focuses on home textiles and footwear rather than all company sectors.",objective,HORIZON_EUROPE,
101290632,STEPH,STrengthening Ecodesign pathways with performance assessment Parameters for Home textiles and footwear,12,12.1,"Implement the 10‑Year Framework of Programmes on Sustainable Consumption and Production Patterns, all countries taking action, with developed countries taking the lead, taking into account the development and capabilities of developing countries",http://data.europa.eu/sdg/12.1,WEAK,MEDIUM,Categorical confidence derived from verifier match strength; not a calibrated probability.,INDIRECT,3,0.49738252613526296,Implementing sustainable consumption and production patterns through ecodesign in home textiles and footwear.,objective_02; objective_03; objective_05; objective_07; objective_09,"Its overall aim is to support the implementation of the Ecodesign for Sustainable Products Regulation (ESPR) and accelerate the wider adoption of ecodesign principles in the home textiles and footwear product groups. | At the core of STEPH is the development and validation of at least 20 ecodesign parameters and 10 testing methods and technologies, engaging with at least 800 product manufacturers, 10 market surveillance authorities and 3000 stakeholders, ensuring broad dissemination of impacts.The project begins by analysing regulations, methodologies, and framework conditions aligned with ESPR principles, involving experts and specialized stakeholders. | To validate these scenarios, STEPH will perform a number of assessments and laboratory tests focused on material efficiency, circularity performance, and the elimination of hazardous substances. | Based on these results, STEPH will develop a circular design toolkit along with training materials to support capacity building activities among product manufacturers, SMEs and market surveillance authorities. | This will reinforce the implementation of ESPR and promote the broader adoption of ecodesign practices across Europe.","STEPH is a major, specific contribution to ecodesign implementation: it develops and validates parameters and testing methods, assesses material efficiency and circularity, and provides a toolkit and training to support adoption. These are substantive target-specific capacities, but the project principally enables wider implementation; manufacturers and other actors must carry out the broader adoption of ecodesign practices. The evidence does not show the project itself implementing the 10-Year Framework across consumption and production patterns, so the governing action remains only partially instantiated.",The project focuses on ecodesign in home textiles and footwear rather than implementing sustainable consumption and production patterns across all relevant sectors and patterns. | Broader adoption and implementation of ecodesign practices depend on downstream actors.,objective,HORIZON_EUROPE,
101290632,STEPH,STrengthening Ecodesign pathways with performance assessment Parameters for Home textiles and footwear,12,12.4,"By 2020, achieve the environmentally sound management of chemicals and all wastes throughout their life cycle, in accordance with agreed international frameworks, and significantly reduce their release to air, water and soil in order to minimize their adverse impacts on human health and the environment",http://data.europa.eu/sdg/12.4,WEAK,MEDIUM,Categorical confidence derived from verifier match strength; not a calibrated probability.,DIRECT,4,0.48183703636432107,"Environmentally sound management of chemicals throughout their life cycle, including eliminating hazardous substances in home textiles and footwear.",objective_02; objective_03; objective_05; objective_07; objective_08,"Its overall aim is to support the implementation of the Ecodesign for Sustainable Products Regulation (ESPR) and accelerate the wider adoption of ecodesign principles in the home textiles and footwear product groups. | At the core of STEPH is the development and validation of at least 20 ecodesign parameters and 10 testing methods and technologies, engaging with at least 800 product manufacturers, 10 market surveillance authorities and 3000 stakeholders, ensuring broad dissemination of impacts.The project begins by analysing regulations, methodologies, and framework conditions aligned with ESPR principles, involving experts and specialized stakeholders. | To validate these scenarios, STEPH will perform a number of assessments and laboratory tests focused on material efficiency, circularity performance, and the elimination of hazardous substances. | Based on these results, STEPH will develop a circular design toolkit along with training materials to support capacity building activities among product manufacturers, SMEs and market surveillance authorities. | The findings of STEPH will inform standardisation outputs and shape the design of incentive-based instruments and policy recommendations aligned with EU and international frameworks.","The project centrally develops and validates ecodesign parameters and testing methods, conducts assessments focused on eliminating hazardous substances, and creates a circular design toolkit and training materials. These are concrete, target-specific mechanisms that substantively advance chemical management at the product-design and assessment stages; their later adoption at broader scale is not required for project-scale realization. However, the project does not itself carry out comprehensive life-cycle management of chemicals across products or implement the broader regulatory and policy measures its outputs are intended to inform.","The evidence describes development and validation of design parameters, methods, assessments, and a toolkit, rather than comprehensive chemical management across the full product life cycle. | The project supports implementation of regulation and broader ecodesign adoption; its stated work does not establish that those downstream measures are implemented by the project.",objective,HORIZON_EUROPE,
101290632,STEPH,STrengthening Ecodesign pathways with performance assessment Parameters for Home textiles and footwear,12,12.5,"By 2030, substantially reduce waste generation through prevention, reduction, recycling and reuse",http://data.europa.eu/sdg/12.5,WEAK,MEDIUM,Categorical confidence derived from verifier match strength; not a calibrated probability.,DIRECT,5,0.47762175020241876,"Reduce waste generation through prevention, reduction, recycling and reuse, via ecodesign pathways for home textiles and footwear.",objective_02; objective_03; objective_05; objective_07; objective_09,"Its overall aim is to support the implementation of the Ecodesign for Sustainable Products Regulation (ESPR) and accelerate the wider adoption of ecodesign principles in the home textiles and footwear product groups. | At the core of STEPH is the development and validation of at least 20 ecodesign parameters and 10 testing methods and technologies, engaging with at least 800 product manufacturers, 10 market surveillance authorities and 3000 stakeholders, ensuring broad dissemination of impacts.The project begins by analysing regulations, methodologies, and framework conditions aligned with ESPR principles, involving experts and specialized stakeholders. | To validate these scenarios, STEPH will perform a number of assessments and laboratory tests focused on material efficiency, circularity performance, and the elimination of hazardous substances. | Based on these results, STEPH will develop a circular design toolkit along with training materials to support capacity building activities among product manufacturers, SMEs and market surveillance authorities. | This will reinforce the implementation of ESPR and promote the broader adoption of ecodesign practices across Europe.","The project directly develops and validates ecodesign parameters and testing methods, assesses material efficiency and circularity, and creates a toolkit and training to support manufacturers' adoption. These project-scale activities instantiate a concrete product-design mechanism for preventing or reducing waste; later broad adoption is not required for the mechanism itself to be realized. However, the evidence does not show the project itself carrying out waste prevention or reduction in manufacturing or products placed on the market. The central action is developing and enabling ecodesign pathways, rather than performing the governing waste-reduction action.",No quantified waste reduction or avoided waste outcome is reported. | Implementation of ecodesign practices by manufacturers and wider adoption remain downstream.,objective,HORIZON_EUROPE,
101290632,STEPH,STrengthening Ecodesign pathways with performance assessment Parameters for Home textiles and footwear,12,12.2,"By 2030, achieve the sustainable management and efficient use of natural resources",http://data.europa.eu/sdg/12.2,WEAK,MEDIUM,Categorical confidence derived from verifier match strength; not a calibrated probability.,DIRECT,7,0.44293257236582084,Sustainable management and efficient use of natural resources through ecodesign that improves material efficiency and circularity in home textiles and footwear.,objective_02; objective_03; objective_05; objective_07; objective_08,"Its overall aim is to support the implementation of the Ecodesign for Sustainable Products Regulation (ESPR) and accelerate the wider adoption of ecodesign principles in the home textiles and footwear product groups. | At the core of STEPH is the development and validation of at least 20 ecodesign parameters and 10 testing methods and technologies, engaging with at least 800 product manufacturers, 10 market surveillance authorities and 3000 stakeholders, ensuring broad dissemination of impacts.The project begins by analysing regulations, methodologies, and framework conditions aligned with ESPR principles, involving experts and specialized stakeholders. | To validate these scenarios, STEPH will perform a number of assessments and laboratory tests focused on material efficiency, circularity performance, and the elimination of hazardous substances. | Based on these results, STEPH will develop a circular design toolkit along with training materials to support capacity building activities among product manufacturers, SMEs and market surveillance authorities. | The findings of STEPH will inform standardisation outputs and shape the design of incentive-based instruments and policy recommendations aligned with EU and international frameworks.","The project centrally develops and validates ecodesign parameters and testing methods, assesses material efficiency and circularity, and creates a toolkit and training materials for manufacturers and authorities. These are concrete, target-specific mechanisms and capacity developed at project scale; later adoption and wider implementation do not make them merely upstream inputs. The project advances resource efficiency through ecodesign, although it does not itself establish broad implementation across the product groups.","The evidence describes methods, assessments, a toolkit, training, and support for adoption, rather than confirming widespread changes to products or resource use. | The project addresses home textiles and footwear rather than all natural-resource management and use.",objective,HORIZON_EUROPE,
101290632,STEPH,STrengthening Ecodesign pathways with performance assessment Parameters for Home textiles and footwear,8,8.4,"Improve progressively, through 2030, global resource efficiency in consumption and production and endeavour to decouple economic growth from environmental degradation, in accordance with the 10‑Year Framework of Programmes on Sustainable Consumption and Production, with developed countries taking the lead",http://data.europa.eu/sdg/8.4,WEAK,MEDIUM,Categorical confidence derived from verifier match strength; not a calibrated probability.,DIRECT,8,0.44163863815893745,Improve resource efficiency in consumption and production,objective_02; objective_03; objective_05; objective_07,"Its overall aim is to support the implementation of the Ecodesign for Sustainable Products Regulation (ESPR) and accelerate the wider adoption of ecodesign principles in the home textiles and footwear product groups. | At the core of STEPH is the development and validation of at least 20 ecodesign parameters and 10 testing methods and technologies, engaging with at least 800 product manufacturers, 10 market surveillance authorities and 3000 stakeholders, ensuring broad dissemination of impacts.The project begins by analysing regulations, methodologies, and framework conditions aligned with ESPR principles, involving experts and specialized stakeholders. | To validate these scenarios, STEPH will perform a number of assessments and laboratory tests focused on material efficiency, circularity performance, and the elimination of hazardous substances. | Based on these results, STEPH will develop a circular design toolkit along with training materials to support capacity building activities among product manufacturers, SMEs and market surveillance authorities.","The project centrally develops and validates ecodesign parameters, testing methods, assessments, and a circular design toolkit specifically addressing material efficiency and circularity in home textiles and footwear. These are concrete, target-specific mechanisms and capacities for improving resource efficiency in product design and production, rather than generic inputs. Broader adoption is intended but is not required to recognize the project-scale work.","The project supports wider adoption and regulatory implementation, but does not itself establish economy-wide resource-efficiency gains or decouple economic growth from environmental degradation.",objective,HORIZON_EUROPE,
101291654,EmerGO,A PLATFORM FOR TRACKING AND REDUCING PERSISTENT AND EMERGING POLLUTANTS TOWARDS ZERO POLLUTION IN FOOD AND DRINK SYSTEMS,12,12.4,"By 2020, achieve the environmentally sound management of chemicals and all wastes throughout their life cycle, in accordance with agreed international frameworks, and significantly reduce their release to air, water and soil in order to minimize their adverse impacts on human health and the environment",http://data.europa.eu/sdg/12.4,WEAK,MEDIUM,Categorical confidence derived from verifier match strength; not a calibrated probability.,DIRECT,1,0.5342724583422019,"Environmentally sound management of chemicals and pollutants throughout their life cycle, including reducing their release to the environment",objective_01; objective_03; objective_04; objective_05; objective_12,"EmerGO will deliver the first integrated European platform to identify, monitor, prevent, and reduce persistent and emerging pollutants (PEPs) in the food and drink (F&D) sector. | (2) develop cost-effective, real-time monitoring tools including multimodal sensors and AI models; | (3) demonstrate advanced, circular treatment solutions—oxidation, membranes, adsorption, recovery—under industrial conditions; | and (4) embed validated solutions into BAT 2.0, EU policies, and consumer transparency tools.These objectives will be achieved through three demo sites covering over 60% of Europe’s processed food market, plus replicators in other subsectors. | Within three years post-project, 25–30% of large producers are expected to adopt EmerGO methods, with results embedded in updated BATs and EU policies, ensuring systemic, lasting impact.","The project centrally develops and validates pollutant-monitoring and treatment solutions in food and drink systems, with industrial-condition demonstrations and projected pollutant reductions. These are concrete target-specific management and release-reduction mechanisms at project scale; later producer adoption and wider policy embedding are subsequent scaling, not prerequisites for the project to instantiate the mechanisms. The project does not establish comprehensive life-cycle management or implementation across the whole sector, but that does not negate its substantive project-scale contribution.","The evidence describes pilots and projected 40–80% pollutant reductions, not demonstrated population-wide or sector-wide reductions. | Full producer adoption and incorporation into updated BATs and EU policies are anticipated after the project. | The evidence does not establish comprehensive management of every chemical and waste across all life-cycle stages.",objective,HORIZON_EUROPE,
101291654,EmerGO,A PLATFORM FOR TRACKING AND REDUCING PERSISTENT AND EMERGING POLLUTANTS TOWARDS ZERO POLLUTION IN FOOD AND DRINK SYSTEMS,6,6.3,"By 2030, improve water quality by reducing pollution, eliminating dumping and minimizing release of hazardous chemicals and materials, halving the proportion of untreated wastewater and substantially increasing recycling and safe reuse globally",http://data.europa.eu/sdg/6.3,STRONG,HIGH,Categorical confidence derived from verifier match strength; not a calibrated probability.,DIRECT,3,0.4384857256763828,"Reducing pollution and minimizing the release of hazardous chemicals and materials into water through monitoring, prevention, and treatment of persistent and emerging pollutants in food and drink systems.",objective_01; objective_03; objective_04; objective_05; objective_12,"EmerGO will deliver the first integrated European platform to identify, monitor, prevent, and reduce persistent and emerging pollutants (PEPs) in the food and drink (F&D) sector. | (2) develop cost-effective, real-time monitoring tools including multimodal sensors and AI models; | (3) demonstrate advanced, circular treatment solutions—oxidation, membranes, adsorption, recovery—under industrial conditions; | and (4) embed validated solutions into BAT 2.0, EU policies, and consumer transparency tools.These objectives will be achieved through three demo sites covering over 60% of Europe’s processed food market, plus replicators in other subsectors. | Within three years post-project, 25–30% of large producers are expected to adopt EmerGO methods, with results embedded in updated BATs and EU policies, ensuring systemic, lasting impact.","The project centrally develops monitoring tools and demonstrates pollutant treatment solutions under industrial conditions, with pilots targeting 40–80% pollutant reductions. These are concrete project-scale pollution monitoring and reduction mechanisms, not merely information or generic tools awaiting a separate mechanism. The evidence does not establish the target’s other components or a global outcome, which is not required for this component-level assessment.","The stated pollutant reductions are pilot targets, not evidence of achieved or population-wide reductions. | The project addresses pollutants in food and drink systems; the evidence does not establish implementation across all water pollution sources or global coverage.",objective,HORIZON_EUROPE,
101291654,EmerGO,A PLATFORM FOR TRACKING AND REDUCING PERSISTENT AND EMERGING POLLUTANTS TOWARDS ZERO POLLUTION IN FOOD AND DRINK SYSTEMS,3,3.9,"By 2030, substantially reduce the number of deaths and illnesses from hazardous chemicals and air, water and soil pollution and contamination",http://data.europa.eu/sdg/3.9,WEAK,MEDIUM,Categorical confidence derived from verifier match strength; not a calibrated probability.,DIRECT,7,0.41038561665175305,"Substantially reduce deaths and illnesses from hazardous chemicals and pollution/contamination, through preventing and reducing persistent and emerging pollutants in food and drink systems.",objective_01; objective_04; objective_09; objective_12,"EmerGO will deliver the first integrated European platform to identify, monitor, prevent, and reduce persistent and emerging pollutants (PEPs) in the food and drink (F&D) sector. | (3) demonstrate advanced, circular treatment solutions—oxidation, membranes, adsorption, recovery—under industrial conditions; | It fills BAT gaps by delivering validated methods for microplastics, PFAS, antibiotic residues, endocrine disruptors, and cleaning chemicals. | Within three years post-project, 25–30% of large producers are expected to adopt EmerGO methods, with results embedded in updated BATs and EU policies, ensuring systemic, lasting impact.","The project centrally develops and validates pollutant treatment solutions under industrial conditions and reports pilot reductions of 40–80%. These solutions themselves instantiate a concrete mechanism for preventing and reducing pollutants at project scale; routine subsequent adoption is not required to establish that mechanism. The evidence concerns pollutant reduction rather than measured reductions in deaths or illnesses, so it does not establish the target’s health outcomes.",No deaths or illnesses prevented or reduced are measured or reported. | The demonstrated reductions are pilot-scale and do not establish population-wide health effects.,objective,HORIZON_EUROPE,
101292269,PARADISE,PlAsma technologies for Remediation of Air for a cleaner environment by Development of Innovative microwave Sintered Electroceramics,9,9.4,"By 2030, upgrade infrastructure and retrofit industries to make them sustainable, with increased resource-use efficiency and greater adoption of clean and environmentally sound technologies and industrial processes, with all countries taking action in accordance with their respective capabilities",http://data.europa.eu/sdg/9.4,WEAK,MEDIUM,Categorical confidence derived from verifier match strength; not a calibrated probability.,DIRECT,2,0.38703629605732387,"Adoption of clean and environmentally sound technologies and industrial processes, specifically industrial-scale air depollution technology.",objective_01; objective_02; objective_03; objective_06; objective_07,"PARADISE introduces an innovative cold plasma-based technology for industrial-scale air depollution, going beyond traditional and emerging methods. | Its disruptiveness lies in a new core of the plasma reactor, a patented electroceramic discharge barrier. | This breakthrough shifts the paradigm from incremental improvements to a new product, turning cold plasma from an academic promise into an industrial reality with a robust, scalable, and sustainable solution for air purification.The transition from TRL4 to TRL6 and market readiness builds on advances from the EU CEM-WAVE H2020 Project, which enabled pre-industrial manufacturing of large electroceramic components via Microwave Sintering (MWS). | to mitigate this, a hierarchical approach is planned: full exploitation of MWS with SPS as a fallback.The electroceramic components will be integrated into two demonstrators: an agri-food site and an indoor healthcare pilot. | The technology delivers cleaner air with lower energy demand, no consumables, and no secondary pollution transfer, offering a durable alternative to filters or adsorption systems.By fostering high-value manufacturing jobs and positioning Europe as a leader in clean-air innovation, PARADISE strengthens EU technological sovereignty and supports sustainable growth.","The project develops a specific cold plasma-based technology for industrial-scale air depollution, advances it toward market readiness, and integrates it into two demonstrators. The technology itself is a concrete target-specific mechanism; later commercial adoption or wider deployment is not required for project-scale realization. However, the project’s main action is developing and demonstrating a technology, rather than carrying out the broader industrial adoption action as framed.","The evidence describes development and demonstration, not completed commercial deployment or broad industrial adoption. | The demonstrators are limited to an agri-food site and an indoor healthcare pilot.",objective,HORIZON_EUROPE,
101292269,PARADISE,PlAsma technologies for Remediation of Air for a cleaner environment by Development of Innovative microwave Sintered Electroceramics,9,9.2,"Promote inclusive and sustainable industrialization and, by 2030, significantly raise industry’s share of employment and gross domestic product, in line with national circumstances, and double its share in least developed countries",http://data.europa.eu/sdg/9.2,WEAK,MEDIUM,Categorical confidence derived from verifier match strength; not a calibrated probability.,DIRECT,5,0.3273013352326884,Promote inclusive and sustainable industrialization,objective_01; objective_02; objective_03; objective_06; objective_07,"PARADISE introduces an innovative cold plasma-based technology for industrial-scale air depollution, going beyond traditional and emerging methods. | Its disruptiveness lies in a new core of the plasma reactor, a patented electroceramic discharge barrier. | This breakthrough shifts the paradigm from incremental improvements to a new product, turning cold plasma from an academic promise into an industrial reality with a robust, scalable, and sustainable solution for air purification.The transition from TRL4 to TRL6 and market readiness builds on advances from the EU CEM-WAVE H2020 Project, which enabled pre-industrial manufacturing of large electroceramic components via Microwave Sintering (MWS). | to mitigate this, a hierarchical approach is planned: full exploitation of MWS with SPS as a fallback.The electroceramic components will be integrated into two demonstrators: an agri-food site and an indoor healthcare pilot. | The technology delivers cleaner air with lower energy demand, no consumables, and no secondary pollution transfer, offering a durable alternative to filters or adsorption systems.By fostering high-value manufacturing jobs and positioning Europe as a leader in clean-air innovation, PARADISE strengthens EU technological sovereignty and supports sustainable growth.","PARADISE develops and advances a scalable, industrial-scale air-depollution technology, with demonstrators planned for an agri-food site and an indoor healthcare pilot. Cleaner air, lower energy demand, and no secondary pollution make this a concrete sustainable-industrialization pathway. However, the project chiefly develops a specific pollution-control technology; it does not itself carry out the broader governing action of promoting inclusive and sustainable industrialization. The air-purification technology is a substantial, target-specific constituent mechanism, not merely a generic input.","The evidence describes technology development and demonstrators, not broad implementation across industry. | The project does not establish the target's employment or GDP-share outcomes. | The evidence does not specify a distinct inclusion intervention.",objective,HORIZON_EUROPE,
101292269,PARADISE,PlAsma technologies for Remediation of Air for a cleaner environment by Development of Innovative microwave Sintered Electroceramics,11,11.6,"By 2030, reduce the adverse per capita environmental impact of cities, including by paying special attention to air quality and municipal and other waste management",http://data.europa.eu/sdg/11.6,WEAK,MEDIUM,Categorical confidence derived from verifier match strength; not a calibrated probability.,DIRECT,7,0.31258557634699374,"Reduce the adverse per capita environmental impact of cities, specifically through improved air quality.",objective_01; objective_02; objective_03; objective_06; objective_07,"PARADISE introduces an innovative cold plasma-based technology for industrial-scale air depollution, going beyond traditional and emerging methods. | Its disruptiveness lies in a new core of the plasma reactor, a patented electroceramic discharge barrier. | This breakthrough shifts the paradigm from incremental improvements to a new product, turning cold plasma from an academic promise into an industrial reality with a robust, scalable, and sustainable solution for air purification.The transition from TRL4 to TRL6 and market readiness builds on advances from the EU CEM-WAVE H2020 Project, which enabled pre-industrial manufacturing of large electroceramic components via Microwave Sintering (MWS). | to mitigate this, a hierarchical approach is planned: full exploitation of MWS with SPS as a fallback.The electroceramic components will be integrated into two demonstrators: an agri-food site and an indoor healthcare pilot. | The technology delivers cleaner air with lower energy demand, no consumables, and no secondary pollution transfer, offering a durable alternative to filters or adsorption systems.By fostering high-value manufacturing jobs and positioning Europe as a leader in clean-air innovation, PARADISE strengthens EU technological sovereignty and supports sustainable growth.","The project develops and advances cold-plasma air-depollution technology, integrates it into demonstrators, and states that it delivers cleaner air. Air purification is a concrete target-specific mechanism for improving air quality, so the project substantively instantiates that mechanism at project scale. Its industrial and pilot scope does not itself demonstrate reduced citywide or per-capita impacts, but those broader outcomes are not required for this component.","The project describes industrial air purification and two demonstrators, not citywide deployment. | No measured reduction in citywide or per-capita environmental impact is reported.",objective,HORIZON_EUROPE,
101292269,PARADISE,PlAsma technologies for Remediation of Air for a cleaner environment by Development of Innovative microwave Sintered Electroceramics,7,7.3,"By 2030, double the global rate of improvement in energy efficiency",http://data.europa.eu/sdg/7.3,WEAK,MEDIUM,Categorical confidence derived from verifier match strength; not a calibrated probability.,DIRECT,9,0.30401333006731035,Improving energy efficiency by reducing energy demand in industrial air purification.,objective_01; objective_03; objective_07; objective_08,"PARADISE introduces an innovative cold plasma-based technology for industrial-scale air depollution, going beyond traditional and emerging methods. | This breakthrough shifts the paradigm from incremental improvements to a new product, turning cold plasma from an academic promise into an industrial reality with a robust, scalable, and sustainable solution for air purification.The transition from TRL4 to TRL6 and market readiness builds on advances from the EU CEM-WAVE H2020 Project, which enabled pre-industrial manufacturing of large electroceramic components via Microwave Sintering (MWS). | The technology delivers cleaner air with lower energy demand, no consumables, and no secondary pollution transfer, offering a durable alternative to filters or adsorption systems.By fostering high-value manufacturing jobs and positioning Europe as a leader in clean-air innovation, PARADISE strengthens EU technological sovereignty and supports sustainable growth. | Commercial success is ensured as the solution addresses urgent regulatory needs and a vast industrial air purification market, projected at €30B by 2033.","The project develops and validates an industrial-scale cold-plasma air-purification technology, with demonstrators planned for agri-food and healthcare sites. It explicitly states that the technology delivers cleaner air with lower energy demand. This is a concrete, target-specific efficiency mechanism at project scale; subsequent commercialization or wider adoption is not required to count as project-level realization. The evidence supports improved energy performance in this air-purification application, but does not establish quantified savings or efficiency improvements beyond that application.",No quantified energy-demand reduction or comparative efficiency measurement is provided. | The evidence is specific to industrial air purification and does not establish broader energy-efficiency improvement.,objective,HORIZON_EUROPE,
101296129,JUST-COAST,"Justice-Driven Integrated Transformation for Climate-Resilient Coastal Futures: Co-creating just, systemic, and inclusive solutions for transformative adaptation in vulnerable coastal hotspots",13,13.1,Strengthen resilience and adaptive capacity to climate-related hazards and natural disasters in all countries,http://data.europa.eu/sdg/13.1,STRONG,HIGH,Categorical confidence derived from verifier match strength; not a calibrated probability.,DIRECT,1,0.5708426704002547,Strengthen resilience and adaptive capacity to climate-related hazards and natural disasters,objective_01; objective_03; objective_04; objective_07; objective_08; objective_09; objective_10; objective_15,"Just-Coast will demonstrate, replicate, and scale just, systemic climate change adaptation solutions to Europe's highly vulnerable coastal hotspots. | (ii) design, test, and validate nature-based and hybrid solutions, alongside early-warning and digital-twin tools; | (iii) foster climate-proof critical coastal infrastructure; | These objectives will be achieved by combining Communities of Practice, Public-Private-Civil Partnerships and Citizen Science methods with AI-enabled, site-based coastal Digital Twins, multi-hazard indicators and Early Warning Systems. | Selected ecosystem-based solutions will undergo physical flume testing coupled to numerical models to calibrate and stress-test performance to 2100+. | All tools and protocols are packaged in the Just-Coast Resilience Platform for reuse, upscaling and adaptation measures. | Demonstrations will span seven coastal hotspots (including low-lying and outermost high-risk coastal regions), with seven additional replication hotspots to prove transferability and scale. | Outcomes include increased resilience and adaptation of regions, cities and local authorities to climate risks, with adaptive solutions made available for replication across Europe.","The project makes climate adaptation and coastal resilience a central objective, and it demonstrates, tests, and validates adaptation solutions and resilience measures across vulnerable coastal hotspots. These are project-scale mechanisms that directly strengthen adaptive capacity; the project need not achieve population-wide or economy-wide resilience. Its stated outcomes include increased resilience and adaptation, with solutions available for replication.",Demonstrations cover selected coastal hotspots rather than all countries or all climate-related hazards. | Wider replication and scaling beyond project sites remain future activities.,objective,HORIZON_EUROPE,
101296129,JUST-COAST,"Justice-Driven Integrated Transformation for Climate-Resilient Coastal Futures: Co-creating just, systemic, and inclusive solutions for transformative adaptation in vulnerable coastal hotspots",14,14.2,"By 2020, sustainably manage and protect marine and coastal ecosystems to avoid significant adverse impacts, including by strengthening their resilience, and take action for their restoration in order to achieve healthy and productive oceans",http://data.europa.eu/sdg/14.2,WEAK,MEDIUM,Categorical confidence derived from verifier match strength; not a calibrated probability.,DIRECT,2,0.5307597440060291,Strengthening resilience of marine and coastal ecosystems to climate impacts through nature-based and hybrid adaptation solutions.,objective_01; objective_03; objective_08; objective_09; objective_10; objective_15,"Just-Coast will demonstrate, replicate, and scale just, systemic climate change adaptation solutions to Europe's highly vulnerable coastal hotspots. | (ii) design, test, and validate nature-based and hybrid solutions, alongside early-warning and digital-twin tools; | Selected ecosystem-based solutions will undergo physical flume testing coupled to numerical models to calibrate and stress-test performance to 2100+. | All tools and protocols are packaged in the Just-Coast Resilience Platform for reuse, upscaling and adaptation measures. | Demonstrations will span seven coastal hotspots (including low-lying and outermost high-risk coastal regions), with seven additional replication hotspots to prove transferability and scale. | Outcomes include increased resilience and adaptation of regions, cities and local authorities to climate risks, with adaptive solutions made available for replication across Europe.","The project makes coastal climate adaptation a central objective and designs, tests, validates, and demonstrates nature-based and hybrid solutions in coastal hotspots. These activities create and test concrete adaptation mechanisms at project scale, rather than supplying only generic information or an isolated technical input. The evidence supports advancing resilience and adaptation of coastal regions, but does not explicitly establish ecosystem-level protection or measured ecosystem resilience outcomes; the scope is therefore specific to adaptation solutions rather than the full target.",The supplied evidence does not establish that the solutions have produced measured ecosystem-level resilience outcomes. | The project does not claim the target’s separate restoration component.,objective,HORIZON_EUROPE,
101296129,JUST-COAST,"Justice-Driven Integrated Transformation for Climate-Resilient Coastal Futures: Co-creating just, systemic, and inclusive solutions for transformative adaptation in vulnerable coastal hotspots",13,13.3,"Improve education, awareness-raising and human and institutional capacity on climate change mitigation, adaptation, impact reduction and early warning",http://data.europa.eu/sdg/13.3,STRONG,HIGH,Categorical confidence derived from verifier match strength; not a calibrated probability.,DIRECT,4,0.4901523826405858,"Improve human and institutional capacity on climate change adaptation, impact reduction and early warning",objective_02; objective_03; objective_07; objective_09; objective_10; objective_15,"Project objectives are to: (i) co-create place and people-centred pathways, prioritising vulnerable groups and social acceptance; | (ii) design, test, and validate nature-based and hybrid solutions, alongside early-warning and digital-twin tools; | These objectives will be achieved by combining Communities of Practice, Public-Private-Civil Partnerships and Citizen Science methods with AI-enabled, site-based coastal Digital Twins, multi-hazard indicators and Early Warning Systems. | All tools and protocols are packaged in the Just-Coast Resilience Platform for reuse, upscaling and adaptation measures. | Demonstrations will span seven coastal hotspots (including low-lying and outermost high-risk coastal regions), with seven additional replication hotspots to prove transferability and scale. | Outcomes include increased resilience and adaptation of regions, cities and local authorities to climate risks, with adaptive solutions made available for replication across Europe.","The project directly develops, tests, demonstrates, and packages adaptation solutions, early-warning systems, and related tools for coastal authorities and communities. These create operational, target-specific capacity at project scale rather than merely supplying generic information. The project’s demonstrations across coastal hotspots substantively instantiate the capacity-building component; later replication and scaling are not required to recognize that contribution. The evidence does not explicitly describe a dedicated education or awareness-raising program, but the claimed component is specifically human and institutional capacity, which the demonstrated tools and solutions support.","No specific education or awareness-raising activities are described. | Evidence describes coastal demonstrations and intended resilience outcomes, not measured, population-wide impacts.",objective,HORIZON_EUROPE,
101296129,JUST-COAST,"Justice-Driven Integrated Transformation for Climate-Resilient Coastal Futures: Co-creating just, systemic, and inclusive solutions for transformative adaptation in vulnerable coastal hotspots",11,11.5,"By 2030, significantly reduce the number of deaths and the number of people affected and substantially decrease the direct economic losses relative to global gross domestic product caused by disasters, including water-related disasters, with a focus on protecting the poor and people in vulnerable situations",http://data.europa.eu/sdg/11.5,WEAK,MEDIUM,Categorical confidence derived from verifier match strength; not a calibrated probability.,DIRECT,6,0.4866788798453959,"Reduce deaths, people affected, and disaster-related economic losses, including from water-related disasters, with a focus on protecting poor and vulnerable people.",objective_01; objective_02; objective_03; objective_04; objective_07; objective_10; objective_15,"Just-Coast will demonstrate, replicate, and scale just, systemic climate change adaptation solutions to Europe's highly vulnerable coastal hotspots. | Project objectives are to: (i) co-create place and people-centred pathways, prioritising vulnerable groups and social acceptance; | (ii) design, test, and validate nature-based and hybrid solutions, alongside early-warning and digital-twin tools; | (iii) foster climate-proof critical coastal infrastructure; | These objectives will be achieved by combining Communities of Practice, Public-Private-Civil Partnerships and Citizen Science methods with AI-enabled, site-based coastal Digital Twins, multi-hazard indicators and Early Warning Systems. | Demonstrations will span seven coastal hotspots (including low-lying and outermost high-risk coastal regions), with seven additional replication hotspots to prove transferability and scale. | Outcomes include increased resilience and adaptation of regions, cities and local authorities to climate risks, with adaptive solutions made available for replication across Europe.","The project centrally demonstrates and validates coastal adaptation measures, early-warning systems, and resilience tools in vulnerable coastal hotspots, with explicit prioritisation of vulnerable groups. These are concrete project-scale mechanisms for reducing disaster exposure and harm, rather than merely general information or analytical inputs. The evidence does not establish that the project itself reduces measured deaths, affected populations, or economic losses, nor that every target outcome is achieved; those are outcome limitations, not reasons to require population-scale results.","No measured reduction in disaster deaths or number of people affected is reported. | No quantified reduction in direct disaster-related economic losses is reported. | The evidence describes coastal hazards and vulnerable groups, but does not specify that all relevant disasters or all poor and vulnerable populations are covered.",objective,HORIZON_EUROPE,
101299364,REVIVE,Non-destructive Evaluation and Service Life Extension of Vulnerable Reinforced Concrete Infrastructure,9,9.1,"Develop quality, reliable, sustainable and resilient infrastructure, including regional and transborder infrastructure, to support economic development and human well-being, with a focus on affordable and equitable access for all",http://data.europa.eu/sdg/9.1,WEAK,MEDIUM,Categorical confidence derived from verifier match strength; not a calibrated probability.,DIRECT,2,0.5588087198409007,"Develop reliable and resilient infrastructure through assessment, monitoring, maintenance, and service-life extension of ageing reinforced-concrete bridges and tunnels.",objective_01; objective_03; objective_04; objective_05; objective_06,"REVIVE (Non-DestRuctive Evaluation and Service Life Extension of Vulnerable Reinforced Concrete Infrastructure) aims to revolutionise how ageing reinforced concrete (RC) bridges and tunnels are assessed, monitored, and maintained. | REVIVE develops a new integrated framework combining advanced Non-Destructive Evaluation (NDE) and Structural Health Monitoring (SHM) technologies with artificial intelligence, digital twins, and sustainable materials to predict structural performance and extend service life.The project will merge multi-sensor inspection data (e.g. | radar, ultrasound, fibre optics) through AI-driven digital platforms, enabling accurate, real-time condition assessment. | Predictive digital twin models will link monitoring data with physical behaviour to support maintenance decisions. | REVIVE will also validate eco-friendly repair materials such as recycled and smart concretes, reducing CO2 emissions and supporting circular economy goals.A consortium of leading European and UK universities, research institutes, infrastructure owners, and industry partners will conduct laboratory studies and field demonstrations on real bridges and tunnels.","The project’s central work directly assesses and monitors real bridges and tunnels, develops predictive maintenance support, and validates repair materials to extend infrastructure service life. These are concrete mechanisms for advancing infrastructure reliability and resilience at project scale. The evidence does not establish that REVIVE itself carries out infrastructure repairs or maintains the assets, but that limitation does not negate its direct implementation of assessment and monitoring activities.",The project supports maintenance decisions but does not establish that it carries out repairs or ongoing maintenance of the infrastructure. | Affordable and equitable access for all is not established in the supplied evidence.,objective,HORIZON_EUROPE,
101299364,REVIVE,Non-destructive Evaluation and Service Life Extension of Vulnerable Reinforced Concrete Infrastructure,9,9.5,"Enhance scientific research, upgrade the technological capabilities of industrial sectors in all countries, in particular developing countries, including, by 2030, encouraging innovation and substantially increasing the number of research and development workers per 1 million people and public and private research and development spending",http://data.europa.eu/sdg/9.5,STRONG,HIGH,Categorical confidence derived from verifier match strength; not a calibrated probability.,DIRECT,4,0.49282251719069803,Enhance scientific research,objective_03; objective_06; objective_07,"REVIVE develops a new integrated framework combining advanced Non-Destructive Evaluation (NDE) and Structural Health Monitoring (SHM) technologies with artificial intelligence, digital twins, and sustainable materials to predict structural performance and extend service life.The project will merge multi-sensor inspection data (e.g. | REVIVE will also validate eco-friendly repair materials such as recycled and smart concretes, reducing CO2 emissions and supporting circular economy goals.A consortium of leading European and UK universities, research institutes, infrastructure owners, and industry partners will conduct laboratory studies and field demonstrations on real bridges and tunnels. | Through international staff exchanges, training, and open science practices, REVIVE will enhance skills, foster innovation, and promote standardised, sustainable asset management.","REVIVE conducts laboratory studies and field demonstrations to develop and validate an integrated approach combining non-destructive evaluation, structural health monitoring, AI, digital twins, and sustainable repair materials. This is project-scale scientific research, not merely an input for research another actor must conduct. Training and open science practices further support research capability. The evidence does not establish that the project upgrades industrial technological capabilities across countries or increases R&D-worker numbers or spending, but those are not required to realize the selected research component.",The evidence does not establish economy-wide or cross-country effects on industrial technological capabilities. | The evidence does not establish increased R&D-worker numbers or public and private R&D spending.,objective,HORIZON_EUROPE,
101305331,DiFuSE,"Digital Futures: Sketching connections, Empowering citizens",17,17.6,"Enhance North-South, South-South and triangular regional and international cooperation on and access to science, technology and innovation and enhance knowledge-sharing on mutually agreed terms, including through improved coordination among existing mechanisms, in particular at the United Nations level, and through a global technology facilitation mechanism",http://data.europa.eu/sdg/17.6,STRONG,HIGH,Categorical confidence derived from verifier match strength; not a calibrated probability.,DIRECT,8,0.33419623687127054,Enhance knowledge-sharing on mutually agreed terms,objective_08; objective_09; objective_10,"In response, the overarching objective of DiFuSE is to demystify digital research and innovation and encourage researchers to better engage citizens with digital sciences in all their diversity (intersectoral, interdisciplinary, including social aspects). | DiFuSE aims to achieve this overarching objective by proposing activities: (i) European Researchers Nights, (ii) activities in schools and (iii) sustainable activities with NGOs and local third spaces. | These will draw connections between citizens and the ecosystem of research and innovation in applied mathematics and digital sciences;","The project centrally conducts public-engagement activities that connect citizens with the applied mathematics and digital-sciences research and innovation ecosystem. These activities themselves provide a concrete means of sharing knowledge at project scale, rather than only supplying a tool or evidence for a separate downstream activity. The evidence is specific to public engagement and knowledge-sharing, though it does not establish the broader cooperation or coordination clauses of Target 17.6.","The evidence does not establish enhanced North-South, South-South, or triangular cooperation, or improved coordination among existing mechanisms. | Knowledge-sharing is described through citizen engagement activities; the evidence does not specify mutually agreed terms.",objective,HORIZON_EUROPE,
101305477,Knowledge2ALL,Share and develop scientific knowledge in society with support of studying STEM areas and choosing science career,9,9.5,"Enhance scientific research, upgrade the technological capabilities of industrial sectors in all countries, in particular developing countries, including, by 2030, encouraging innovation and substantially increasing the number of research and development workers per 1 million people and public and private research and development spending",http://data.europa.eu/sdg/9.5,WEAK,MEDIUM,Categorical confidence derived from verifier match strength; not a calibrated probability.,INDIRECT,1,0.4992621496587518,"Enhance scientific research through activities that encourage pupils to study STEM and pursue science careers, developing future research-worker capability.",title_01; objective_01; objective_02,"Share and develop scientific knowledge in society with support of studying STEM areas and choosing science career | The project aims to bring closer scientific knowledge and researchers’ career to the general public (focusing mainly on pupils) by allowing a deep understanding of research and innovation, scientific knowledge by organising interactive programmes and communication activities. | With sharing knowledge of researchers and scientists during the project activities will support the choice of science career and studying in STEM areas by pupils.This project aims at raising environmental consciousness in society showing the key role of research and innovation in addressing local and global societal challenges and so their essential part of our everyday life.","The project centrally conducts interactive science communication and researcher-engagement activities for the public, especially pupils, and expressly aims to support STEM study and science-career choices. These are concrete project-scale activities, but the workforce and research capacity they seek to encourage is a downstream result rather than a capacity the project itself establishes.","The evidence describes awareness, understanding, and encouragement of future study or career choices, but does not establish increased STEM enrollment or entry into research careers. | No increase in research-worker numbers, research activity, or R&D spending is reported.",title; objective,HORIZON_EUROPE,
101305477,Knowledge2ALL,Share and develop scientific knowledge in society with support of studying STEM areas and choosing science career,4,4.7,"By 2030, ensure that all learners acquire the knowledge and skills needed to promote sustainable development, including, among others, through education for sustainable development and sustainable lifestyles, human rights, gender equality, promotion of a culture of peace and non-violence, global citizenship and appreciation of cultural diversity and of culture’s contribution to sustainable development",http://data.europa.eu/sdg/4.7,STRONG,HIGH,Categorical confidence derived from verifier match strength; not a calibrated probability.,DIRECT,2,0.4666465292575621,"Learners acquiring knowledge and skills needed to promote sustainable development, including education for sustainable development and sustainable lifestyles",objective_01; objective_02; objective_03,"The project aims to bring closer scientific knowledge and researchers’ career to the general public (focusing mainly on pupils) by allowing a deep understanding of research and innovation, scientific knowledge by organising interactive programmes and communication activities. | With sharing knowledge of researchers and scientists during the project activities will support the choice of science career and studying in STEM areas by pupils.This project aims at raising environmental consciousness in society showing the key role of research and innovation in addressing local and global societal challenges and so their essential part of our everyday life. | Through raising awareness of circular economy processes the project will contribute to the objectives of European Green Deal and the call of MSCA and Citizens 2025.","The project directly conducts interactive programmes and communication activities for the public, especially pupils, to build understanding of research and innovation and raise environmental consciousness and awareness of circular-economy processes. These are project-scale educational and awareness-raising activities that substantively instantiate a sustainable-development learning pathway. The evidence does not specify a formal curriculum or demonstrate the full range of knowledge and skills in Target 4.7, but that lack of breadth does not displace the documented activity.","The evidence describes awareness and understanding activities, but does not establish measured acquisition of specific knowledge or skills. | The project addresses environmental consciousness and circular-economy processes rather than the full range of Target 4.7 themes.",objective,HORIZON_EUROPE,
101305477,Knowledge2ALL,Share and develop scientific knowledge in society with support of studying STEM areas and choosing science career,12,12.8,"By 2030, ensure that people everywhere have the relevant information and awareness for sustainable development and lifestyles in harmony with nature",http://data.europa.eu/sdg/12.8,STRONG,HIGH,Categorical confidence derived from verifier match strength; not a calibrated probability.,DIRECT,5,0.4389870376552801,"Ensure information and awareness for sustainable development and lifestyles in harmony with nature, through environmental consciousness and awareness of circular-economy processes.",objective_01; objective_02; objective_03,"The project aims to bring closer scientific knowledge and researchers’ career to the general public (focusing mainly on pupils) by allowing a deep understanding of research and innovation, scientific knowledge by organising interactive programmes and communication activities. | With sharing knowledge of researchers and scientists during the project activities will support the choice of science career and studying in STEM areas by pupils.This project aims at raising environmental consciousness in society showing the key role of research and innovation in addressing local and global societal challenges and so their essential part of our everyday life. | Through raising awareness of circular economy processes the project will contribute to the objectives of European Green Deal and the call of MSCA and Citizens 2025.","The project directly conducts public-facing communication and interactive programmes to build understanding of research and innovation, raise environmental consciousness, and increase awareness of circular-economy processes. This itself instantiates the target’s information-and-awareness mechanism at project scale; no further downstream action is needed for that awareness activity to occur. The evidence specifically identifies environmental and circular-economy awareness, although it does not establish coverage of every sustainable-development or nature-aligned lifestyle topic.","The stated audience and activities do not demonstrate that people everywhere are reached; population-wide reach is not required at project scale. | The evidence does not show that the project covers all information and awareness topics encompassed by the target, particularly lifestyles in harmony with nature beyond environmental and circular-economy awareness.",objective,HORIZON_EUROPE,
101310184,SPARK,Spatiotemporal photonic technologies,9,9.5,"Enhance scientific research, upgrade the technological capabilities of industrial sectors in all countries, in particular developing countries, including, by 2030, encouraging innovation and substantially increasing the number of research and development workers per 1 million people and public and private research and development spending",http://data.europa.eu/sdg/9.5,STRONG,HIGH,Categorical confidence derived from verifier match strength; not a calibrated probability.,DIRECT,1,0.2487025727391794,"Enhance scientific research through original research developing spatiotemporal metamaterials, their theoretical foundations, and methods for controlling spatiotemporal light fields.",objective_09; objective_10; objective_11; objective_07; objective_08,"The research and training activities run in parallel across three connected areas: developing spatiotemporal metamaterials and their theoretical foundations; | generating and controlling spatiotemporal light fields with metasurfaces and photonic crystals; | and demonstrating early technologies for ultrafast computing, imaging, and communication. | SPARK DN will educate 15 Doctoral Candidates to become Europe’s first cohort of researchers able to work across ultrafast optics, metamaterials, nanophotonics, inverse design, quantum electrodynamics, and advanced fabrication. | Through international mobility, joint supervision, and industrial secondments, the DCs will gain experience linking fundamental research to real-world technologies.","The project conducts scientific research across developing spatiotemporal metamaterials and their theoretical foundations, controlling spatiotemporal light fields, and demonstrating early technologies. It also provides structured doctoral training in these research areas. These are substantive project-scale research and research-capacity activities, not merely generic inputs awaiting a distinct downstream research action. The evidence does not establish broad industrial-sector technological upgrading or economy-wide outcomes, but those are outside the selected research component.","The evidence describes research and early technology demonstrations; it does not establish broad industrial-sector adoption or economy-wide technological upgrading. | The project trains 15 doctoral candidates, but the evidence does not establish a wider increase in R&D workers or R&D spending.",objective,HORIZON_EUROPE,
101311070,CIRC4FOOD,The CIRC4FOOD Alliance: A New Ecosystem for Circular and Sustainable Functional Foods,9,9.5,"Enhance scientific research, upgrade the technological capabilities of industrial sectors in all countries, in particular developing countries, including, by 2030, encouraging innovation and substantially increasing the number of research and development workers per 1 million people and public and private research and development spending",http://data.europa.eu/sdg/9.5,STRONG,HIGH,Categorical confidence derived from verifier match strength; not a calibrated probability.,DIRECT,2,0.5016960329897566,"Enhance scientific research through research capacity, infrastructure, agenda-setting, and seed-funded projects",objective_01; objective_04; objective_05,"The CIRC4FOOD Alliance addresses critical research and innovation disparities within the European Research Area by empowering Widening countries to become engines of excellence in sustainable food systems. | The project drives institutional modernization in partner universities by embedding CoARA-aligned, impact-oriented research assessment frameworks and establishing permanent interdisciplinary Research Hubs. | It builds advanced research capacity through a shared infrastructure platform, a joint R&I agenda, and seed-funded projects.","The project makes strengthening scientific research capacity a central activity. It establishes permanent interdisciplinary research hubs and provides shared infrastructure, a joint research and innovation agenda, and seed-funded projects. These are concrete research capacities and activities that substantively advance the target component at project scale; broader system-wide effects are not required.","The evidence describes capacity-building and seed-funded projects but does not quantify resulting research outputs or long-term effects. | The research capacity is described for project partners and Widening countries, rather than all countries.",objective,HORIZON_EUROPE,
101311070,CIRC4FOOD,The CIRC4FOOD Alliance: A New Ecosystem for Circular and Sustainable Functional Foods,17,17.16,"Enhance the Global Partnership for Sustainable Development, complemented by multi-stakeholder partnerships that mobilize and share knowledge, expertise, technology and financial resources, to support the achievement of the Sustainable Development Goals in all countries, in particular developing countries",http://data.europa.eu/sdg/17.16,STRONG,HIGH,Categorical confidence derived from verifier match strength; not a calibrated probability.,DIRECT,5,0.4679504826978691,Multi-stakeholder partnerships that mobilize and share knowledge and expertise to support achievement of the SDGs,objective_01; objective_03; objective_05; objective_06; objective_09,"The CIRC4FOOD Alliance addresses critical research and innovation disparities within the European Research Area by empowering Widening countries to become engines of excellence in sustainable food systems. | By uniting 20 partners from academia, industry, and innovation clusters across 10 countries, CIRC4FOOD implements a multi-level transformation strategy. | It builds advanced research capacity through a shared infrastructure platform, a joint R&I agenda, and seed-funded projects. | A core focus is on strengthening knowledge valorisation and entrepreneurship via dedicated hubs, equipping researchers with commercialisation skills and creating a pipeline for spin-offs. | Through Living Labs, the project ensures societal engagement and co-creation.","The project itself brings together academic, industry, and innovation-cluster partners across countries and establishes shared research infrastructure, agendas, capacity-building, and co-creation mechanisms. These are concrete partnership activities that mobilize and share knowledge and expertise; they are not merely information supplied for a distinct partnership action to occur later.","The evidence describes a European partnership and does not establish global coverage or activity in all countries, particularly developing countries. | The project supports SDG achievement through sustainable food research and innovation, but does not establish outcomes across the full range of SDGs.",objective,HORIZON_EUROPE,
101311070,CIRC4FOOD,The CIRC4FOOD Alliance: A New Ecosystem for Circular and Sustainable Functional Foods,17,17.17,"Encourage and promote effective public, public-private and civil society partnerships, building on the experience and resourcing strategies of partnerships",http://data.europa.eu/sdg/17.17,STRONG,HIGH,Categorical confidence derived from verifier match strength; not a calibrated probability.,DIRECT,10,0.4483042624509526,"Encourage and promote effective public, public-private and civil society partnerships",objective_03; objective_09,"By uniting 20 partners from academia, industry, and innovation clusters across 10 countries, CIRC4FOOD implements a multi-level transformation strategy. | Through Living Labs, the project ensures societal engagement and co-creation.","The project itself convenes partners from academia, industry, and innovation clusters across ten countries and uses Living Labs for societal engagement and co-creation. These are concrete cross-sector partnership mechanisms, not merely inputs for a separate partnership to be created downstream. The evidence establishes the partnership activity, though it does not detail its resourcing strategies or demonstrate the effectiveness of each partnership.",The evidence does not describe the partnerships' resourcing strategies. | The evidence does not establish outcomes or effectiveness beyond the stated collaboration and co-creation.,objective,HORIZON_EUROPE,
101311871,UASILICA,Ukrainian Advanced Silica: Deep-Tech Green Chemistry and Low-Temperature Plasma Transformation of Agricultural Waste into Nanostructured Critical Raw Materials,12,12.4,"By 2020, achieve the environmentally sound management of chemicals and all wastes throughout their life cycle, in accordance with agreed international frameworks, and significantly reduce their release to air, water and soil in order to minimize their adverse impacts on human health and the environment",http://data.europa.eu/sdg/12.4,STRONG,HIGH,Categorical confidence derived from verifier match strength; not a calibrated probability.,DIRECT,1,0.46256760753803483,"Environmentally sound management of wastes throughout their life cycle, including recovery of silica and metals from agricultural and other waste.",objective_01; objective_02; objective_09,"UASILICA is developing bio-based adsorbents to help agricultural and energy companies do not pay for utilization of waste they have created with plasma technologies. | We extract silica and metals from waste with capex 10x lower and opex 30% lower than traditional factories and we can do it where they legally can’t due to emissions, environmental problems.We will create desiccants like silica gel cat litter, ethylene oxygen and moisture adsorbents in future , now focusing on potassium and sodium liquid glass. | we use waste and green chemistry.","The project develops plasma-based processes to extract silica and metals from agricultural waste and describes using waste as feedstock. Material recovery is a concrete waste-management mechanism performed by the project, not merely a generic information input. The evidence does not establish full life-cycle management or the target's distinct chemical-management and release-reduction components, but those are outside the selected component.",Evidence describes developing the recovery process but does not establish the extent of operational deployment or quantities of waste treated. | Evidence does not establish comprehensive management across every stage of the waste life cycle.,objective,HORIZON_EUROPE,
101311871,UASILICA,Ukrainian Advanced Silica: Deep-Tech Green Chemistry and Low-Temperature Plasma Transformation of Agricultural Waste into Nanostructured Critical Raw Materials,9,9.4,"By 2030, upgrade infrastructure and retrofit industries to make them sustainable, with increased resource-use efficiency and greater adoption of clean and environmentally sound technologies and industrial processes, with all countries taking action in accordance with their respective capabilities",http://data.europa.eu/sdg/9.4,STRONG,HIGH,Categorical confidence derived from verifier match strength; not a calibrated probability.,DIRECT,2,0.4140061576418255,Upgrade infrastructure and retrofit industries to make them sustainable through increased resource-use efficiency and adoption of clean and environmentally sound technologies and industrial processes.,objective_01; objective_02; objective_03; objective_09; objective_11,"UASILICA is developing bio-based adsorbents to help agricultural and energy companies do not pay for utilization of waste they have created with plasma technologies. | We extract silica and metals from waste with capex 10x lower and opex 30% lower than traditional factories and we can do it where they legally can’t due to emissions, environmental problems.We will create desiccants like silica gel cat litter, ethylene oxygen and moisture adsorbents in future , now focusing on potassium and sodium liquid glass. | Energy -efficient, saving natural resources, decrease co2+nox+sox+co, water gas electricity consumption.We use a B2B model selling to distributors local, eco-friendly silica gel at 2.50 euro per kilo minimum—price parity with Chinese imports, meeting ESG goals and Franchise of technology with 50-thousand-euro territory license and 5% revenue royalty. | we use waste and green chemistry. | we deploy small, modular, scalable, effective factories.","The project centers on developing and deploying modular factories that convert agricultural waste into useful materials using green chemistry, while claiming lower resource consumption and emissions than conventional processes. This is a concrete cleaner industrial process and resource-efficiency mechanism at project scale, rather than merely an information input or generic tool. The evidence describes factory development and planned replication, but does not establish that industrial retrofits are already complete or provide measured performance outcomes; those limits do not negate the project-scale process mechanism.","Comparative reductions in energy, water, electricity, and emissions are stated as project claims, without measured results in the supplied evidence. | The evidence does not establish completed retrofits across other industries or broader deployment.",objective,HORIZON_EUROPE,
101311871,UASILICA,Ukrainian Advanced Silica: Deep-Tech Green Chemistry and Low-Temperature Plasma Transformation of Agricultural Waste into Nanostructured Critical Raw Materials,12,12.5,"By 2030, substantially reduce waste generation through prevention, reduction, recycling and reuse",http://data.europa.eu/sdg/12.5,STRONG,HIGH,Categorical confidence derived from verifier match strength; not a calibrated probability.,DIRECT,3,0.40414172857499686,Reduce waste generation through recycling and reuse by transforming agricultural waste into usable silica and metals.,title_01; objective_01; objective_02; objective_09,"Ukrainian Advanced Silica: Deep-Tech Green Chemistry and Low-Temperature Plasma Transformation of Agricultural Waste into Nanostructured Critical Raw Materials | UASILICA is developing bio-based adsorbents to help agricultural and energy companies do not pay for utilization of waste they have created with plasma technologies. | We extract silica and metals from waste with capex 10x lower and opex 30% lower than traditional factories and we can do it where they legally can’t due to emissions, environmental problems.We will create desiccants like silica gel cat litter, ethylene oxygen and moisture adsorbents in future , now focusing on potassium and sodium liquid glass. | we use waste and green chemistry.","The project develops plasma-based processes to extract silica and metals from agricultural waste and describes using waste as the feedstock. This is a concrete, target-specific recycling and reuse mechanism, rather than merely an information input. The evidence presents development and intended factory deployment, but the operative activity itself is developing the waste-transformation process; broader rollout is not required for project-scale realization.","The evidence describes process development and planned factory replication, not measured quantities of waste diverted or waste generation reduced.",title; objective,HORIZON_EUROPE,
101311871,UASILICA,Ukrainian Advanced Silica: Deep-Tech Green Chemistry and Low-Temperature Plasma Transformation of Agricultural Waste into Nanostructured Critical Raw Materials,9,9.2,"Promote inclusive and sustainable industrialization and, by 2030, significantly raise industry’s share of employment and gross domestic product, in line with national circumstances, and double its share in least developed countries",http://data.europa.eu/sdg/9.2,STRONG,HIGH,Categorical confidence derived from verifier match strength; not a calibrated probability.,DIRECT,5,0.38251588570905476,"Promote inclusive and sustainable industrialization, through deploying modular factories that process agricultural waste into raw materials using lower-resource, lower-emission technology.",objective_01; objective_02; objective_03; objective_05; objective_11,"UASILICA is developing bio-based adsorbents to help agricultural and energy companies do not pay for utilization of waste they have created with plasma technologies. | We extract silica and metals from waste with capex 10x lower and opex 30% lower than traditional factories and we can do it where they legally can’t due to emissions, environmental problems.We will create desiccants like silica gel cat litter, ethylene oxygen and moisture adsorbents in future , now focusing on potassium and sodium liquid glass. | Energy -efficient, saving natural resources, decrease co2+nox+sox+co, water gas electricity consumption.We use a B2B model selling to distributors local, eco-friendly silica gel at 2.50 euro per kilo minimum—price parity with Chinese imports, meeting ESG goals and Franchise of technology with 50-thousand-euro territory license and 5% revenue royalty. | We will replicate our factories starting in Ukraine ourselves, then adopt to franchise partners in key markets like Romania, Germany, Spain, and Poland in EU at first, then other parts of the world. | we deploy small, modular, scalable, effective factories.","The project describes developing and deploying modular factories that turn agricultural waste into industrial raw materials, with stated reductions in resource use, emissions, capital costs, and operating costs. These are concrete project-scale industrial production activities, not merely an upstream information or generic technology input. The evidence supports the sustainable industrialization pathway, but does not establish realized factory deployment at scale or measure its employment and GDP effects; those are not required for this component-level assessment.","The evidence describes factory replication and franchising as plans, without establishing the extent of completed deployment. | No employment, GDP-share, or inclusion outcomes are reported.",objective,HORIZON_EUROPE,
101312023,DezION,Disinfection through Electrochemical Ion-Oriented Neutralization,6,6.3,"By 2030, improve water quality by reducing pollution, eliminating dumping and minimizing release of hazardous chemicals and materials, halving the proportion of untreated wastewater and substantially increasing recycling and safe reuse globally",http://data.europa.eu/sdg/6.3,WEAK,MEDIUM,Categorical confidence derived from verifier match strength; not a calibrated probability.,DIRECT,1,0.4856015991707349,Minimizing release of hazardous chemicals and materials into water,objective_01; objective_02; objective_03; objective_05; objective_06,"DezION develops an intelligent platform for the local electrochemical synthesis of oxidative disinfectant solutions, designed to replace imported, hazardous and logistically vulnerable chemical reagents widely used in the food industry, greenhouse sector, agriculture and water treatment. | The technology integrates quantitative physico-chemical modelling, a multisensor measurement architecture (pH, ORP, EC, temperature, anode potential), and adaptive closed-loop control that continuously adjusts current, potential, hydrodynamics and temperature to maintain a stable oxidative profile of the solution.The core innovation lies in real-time control of the full oxidative composition (HOCl/ClO⁻ ratio, ROS formation, AOX suppression) and in compensating anode degradation — a critical limitation of current ECA systems. | This enables reproducible chemical stability, predictable microbiological efficacy, and compliance with emerging EU standards (BPR, REACH, Drinking Water Directive, Zero Pollution).The project raises the technology from TRL 4 to TRL 6. | Phase 2 implements this model in an upgraded prototype with integrated sensing and closed-loop control. | Phase 3 evaluates the system in real operating environments ( livestock facilities units) using EN 14885/EN 17272 microbiological protocols, AOX monitoring and long-duration operation (50–200 hours).DezION reduces dependence on imported disinfectants, lowers logistical and safety risks, enables on-site generation from low-risk salts and electricity, and supports EU Green Deal and Zero Pollution goals.","The project centrally develops, implements, and tests a controlled on-site disinfectant-generation system intended to replace hazardous reagents used in water treatment. Its control of oxidative composition and AOX suppression make the output a concrete target-specific mechanism for reducing hazardous chemical release, rather than merely a generic information input. It does not itself establish widespread replacement or measure resulting reductions in water pollution, but those are scale and outcome limitations; the project performs and validates the relevant mechanism at project scale.","The evidence describes intended replacement and AOX suppression, but does not quantify reductions in hazardous releases to water. | The system is developed and tested at prototype and operational-environment scale; widespread adoption and resulting water-quality effects are not established.",objective,HORIZON_EUROPE,
101312023,DezION,Disinfection through Electrochemical Ion-Oriented Neutralization,12,12.4,"By 2020, achieve the environmentally sound management of chemicals and all wastes throughout their life cycle, in accordance with agreed international frameworks, and significantly reduce their release to air, water and soil in order to minimize their adverse impacts on human health and the environment",http://data.europa.eu/sdg/12.4,WEAK,MEDIUM,Categorical confidence derived from verifier match strength; not a calibrated probability.,DIRECT,3,0.441566547364517,"Environmentally sound management of chemicals throughout their life cycle, with reduced release of hazardous chemicals and adverse impacts",objective_01; objective_02; objective_03; objective_05; objective_06,"DezION develops an intelligent platform for the local electrochemical synthesis of oxidative disinfectant solutions, designed to replace imported, hazardous and logistically vulnerable chemical reagents widely used in the food industry, greenhouse sector, agriculture and water treatment. | The technology integrates quantitative physico-chemical modelling, a multisensor measurement architecture (pH, ORP, EC, temperature, anode potential), and adaptive closed-loop control that continuously adjusts current, potential, hydrodynamics and temperature to maintain a stable oxidative profile of the solution.The core innovation lies in real-time control of the full oxidative composition (HOCl/ClO⁻ ratio, ROS formation, AOX suppression) and in compensating anode degradation — a critical limitation of current ECA systems. | This enables reproducible chemical stability, predictable microbiological efficacy, and compliance with emerging EU standards (BPR, REACH, Drinking Water Directive, Zero Pollution).The project raises the technology from TRL 4 to TRL 6. | Phase 2 implements this model in an upgraded prototype with integrated sensing and closed-loop control. | Phase 3 evaluates the system in real operating environments ( livestock facilities units) using EN 14885/EN 17272 microbiological protocols, AOX monitoring and long-duration operation (50–200 hours).DezION reduces dependence on imported disinfectants, lowers logistical and safety risks, enables on-site generation from low-risk salts and electricity, and supports EU Green Deal and Zero Pollution goals.","DezION develops, implements, and tests a controlled on-site disinfectant-generation system intended to replace imported hazardous reagents. Its closed-loop control of oxidative composition, AOX suppression, and monitoring in real operating environments make this a concrete chemical-management mechanism at project scale, rather than merely an information input. The project does not itself establish management across every life-cycle stage or demonstrate broad reductions in releases and impacts, but this is a limitation of scope and scale, not a missing prerequisite for the component.","The project does not cover the full life cycle of chemicals or all waste streams. | The evidence describes intended replacement and release reduction but does not establish measured, large-scale reductions in releases or adverse impacts.",objective,HORIZON_EUROPE,
101312023,DezION,Disinfection through Electrochemical Ion-Oriented Neutralization,6,6.1,"By 2030, achieve universal and equitable access to safe and affordable drinking water for all",http://data.europa.eu/sdg/6.1,WEAK,MEDIUM,Categorical confidence derived from verifier match strength; not a calibrated probability.,DIRECT,5,0.40096112977394105,"Achieving access to safe drinking water, through disinfection that supports water safety",objective_01; objective_02; objective_03; objective_06,"DezION develops an intelligent platform for the local electrochemical synthesis of oxidative disinfectant solutions, designed to replace imported, hazardous and logistically vulnerable chemical reagents widely used in the food industry, greenhouse sector, agriculture and water treatment. | The technology integrates quantitative physico-chemical modelling, a multisensor measurement architecture (pH, ORP, EC, temperature, anode potential), and adaptive closed-loop control that continuously adjusts current, potential, hydrodynamics and temperature to maintain a stable oxidative profile of the solution.The core innovation lies in real-time control of the full oxidative composition (HOCl/ClO⁻ ratio, ROS formation, AOX suppression) and in compensating anode degradation — a critical limitation of current ECA systems. | This enables reproducible chemical stability, predictable microbiological efficacy, and compliance with emerging EU standards (BPR, REACH, Drinking Water Directive, Zero Pollution).The project raises the technology from TRL 4 to TRL 6. | Phase 3 evaluates the system in real operating environments ( livestock facilities units) using EN 14885/EN 17272 microbiological protocols, AOX monitoring and long-duration operation (50–200 hours).DezION reduces dependence on imported disinfectants, lowers logistical and safety risks, enables on-site generation from low-risk salts and electricity, and supports EU Green Deal and Zero Pollution goals.","The project develops, prototypes, and evaluates an electrochemical disinfection system specifically for water treatment. Its controlled disinfectant production and assessment of microbiological efficacy constitute a concrete water-safety mechanism at project scale. The evidence supports this mechanism but does not show that the project itself delivers drinking-water access or affordability to end users.",The project does not establish actual provision of safe drinking water to end users. | Universal and equitable access and affordability are not demonstrated.,objective,HORIZON_EUROPE,
101312023,DezION,Disinfection through Electrochemical Ion-Oriented Neutralization,9,9.4,"By 2030, upgrade infrastructure and retrofit industries to make them sustainable, with increased resource-use efficiency and greater adoption of clean and environmentally sound technologies and industrial processes, with all countries taking action in accordance with their respective capabilities",http://data.europa.eu/sdg/9.4,WEAK,MEDIUM,Categorical confidence derived from verifier match strength; not a calibrated probability.,DIRECT,9,0.34757093273589557,Upgrade infrastructure and retrofit industries to make them sustainable through increased resource-use efficiency and adoption of clean and environmentally sound technologies and industrial processes.,objective_01; objective_02; objective_03; objective_05; objective_06,"DezION develops an intelligent platform for the local electrochemical synthesis of oxidative disinfectant solutions, designed to replace imported, hazardous and logistically vulnerable chemical reagents widely used in the food industry, greenhouse sector, agriculture and water treatment. | The technology integrates quantitative physico-chemical modelling, a multisensor measurement architecture (pH, ORP, EC, temperature, anode potential), and adaptive closed-loop control that continuously adjusts current, potential, hydrodynamics and temperature to maintain a stable oxidative profile of the solution.The core innovation lies in real-time control of the full oxidative composition (HOCl/ClO⁻ ratio, ROS formation, AOX suppression) and in compensating anode degradation — a critical limitation of current ECA systems. | This enables reproducible chemical stability, predictable microbiological efficacy, and compliance with emerging EU standards (BPR, REACH, Drinking Water Directive, Zero Pollution).The project raises the technology from TRL 4 to TRL 6. | Phase 2 implements this model in an upgraded prototype with integrated sensing and closed-loop control. | Phase 3 evaluates the system in real operating environments ( livestock facilities units) using EN 14885/EN 17272 microbiological protocols, AOX monitoring and long-duration operation (50–200 hours).DezION reduces dependence on imported disinfectants, lowers logistical and safety risks, enables on-site generation from low-risk salts and electricity, and supports EU Green Deal and Zero Pollution goals.","The project develops, integrates, and validates a target-specific electrochemical disinfectant system for industrial and related operating environments. Its on-site generation pathway is intended to replace imported hazardous reagents, and the project tests the prototype under real operating conditions. This is substantive project-scale development and validation of a cleaner process mechanism; the later market deployment and wider adoption are not required for that mechanism to count as an immediate target contribution. The project does not itself retrofit entire industries or demonstrate sector-wide resource-efficiency outcomes, but these are broader-scale outcomes rather than a material mismatch in the operative cleaner-technology pathway.","The project validates a prototype in specified operating environments, not adoption across the food, greenhouse, agriculture, or water-treatment sectors. | The evidence describes reduced dependence on imported hazardous disinfectants and on-site generation, but does not quantify realized resource-use efficiency gains or sector-wide environmental outcomes. | Commercial deployment and wider market adoption are future objectives.",objective,HORIZON_EUROPE,
190104468,SOMIT-CD,Novel First-in-Class Specific Oromucosal Immunotherapy (SOMIT) to treat Celiac Disease (CD),3,3.4,"By 2030, reduce by one third premature mortality from non-communicable diseases through prevention and treatment and promote mental health and well-being",http://data.europa.eu/sdg/3.4,STRONG,HIGH,Categorical confidence derived from verifier match strength; not a calibrated probability.,DIRECT,9,0.22594330042499317,"Treating non-communicable diseases, specifically celiac disease",title_01; objective_01; objective_03; objective_04; objective_05,"Novel First-in-Class Specific Oromucosal Immunotherapy (SOMIT) to treat Celiac Disease (CD) | Celiac disease is an autoimmune indication for which there is no cure. | We developed a unique novel combination of antigen (gliadin protein), probiotic tolerogenic bacterial particles (TBPs) and mouth patch technology to enhance the bioavailability and tolerance induction. | Synergistic tolerizing properties of the TBP-antigen combination and the therapeutic effect of the SOMIT concept has been shown in a suitable pig model. | Our SOMIT-CD promises to require a short-course weekly treatment for less than 3 months in CD patients.This EIC project will allow us to finalize the various preclinical activities and perform phase Ib/IIa clinical study, paving the way to closing a co-development deal with a big pharma player.After market entry in 2029, we aim to reach a market share of 15% and generate annual revenues of 148M by 2033.","The project develops a disease-specific immunotherapy and carries it through preclinical work and a Phase Ib/IIa clinical study, substantively advancing treatment for celiac disease at project scale. It is a concrete treatment-development and clinical-evaluation mechanism, even though market entry and wider patient access are planned for later. The target component does not require the project to address the separate mental-health clause or demonstrate a population-level mortality reduction.","The project does not itself establish market availability or broad patient access; these are planned for later. | The evidence describes treatment development and clinical evaluation, not demonstrated population-level reductions in premature mortality.",title; objective,HORIZON_EUROPE,
190134541,MIWA - SMART REUSABLE PACKAGING,MIWA - SMART REUSABLE PACKAGING,12,12.5,"By 2030, substantially reduce waste generation through prevention, reduction, recycling and reuse",http://data.europa.eu/sdg/12.5,STRONG,HIGH,Categorical confidence derived from verifier match strength; not a calibrated probability.,DIRECT,1,0.45148754097546717,"Reduce waste generation through prevention, reduction, recycling or reuse, specifically through reusable packaging that reduces packaging waste.",title_01; objective_02; objective_04,"MIWA - SMART REUSABLE PACKAGING | MIWA reusable packaging carries the goods as well as data, working in tandem with unique electronic dispensers placed in retail and our digital platform operating in the Cloud. | Life Cycle assessment study proves that MIWA can reduce overall negative environmental footprint of packaging by 71%, reflecting on several factors: packaging waste reduction, eco-toxicity, fossil feedstock, water consumption and climate change impact.","The project creates and provides reusable packaging used to carry goods, and reports that it reduces packaging waste. Reuse is itself a named mechanism for reducing waste, so the project's packaging system substantively instantiates that mechanism at project scale. The evidence does not establish that all packaging is reusable or quantify the overall waste reduction beyond the stated life-cycle assessment result, but those limitations do not change the operative action being performed.",The evidence does not quantify the packaging-waste reduction separately from the reported 71% reduction in overall negative environmental footprint. | The evidence does not establish broad deployment or population-level waste reduction.,title; objective,HORIZON_EUROPE,
190134541,MIWA - SMART REUSABLE PACKAGING,MIWA - SMART REUSABLE PACKAGING,12,12.4,"By 2020, achieve the environmentally sound management of chemicals and all wastes throughout their life cycle, in accordance with agreed international frameworks, and significantly reduce their release to air, water and soil in order to minimize their adverse impacts on human health and the environment",http://data.europa.eu/sdg/12.4,WEAK,MEDIUM,Categorical confidence derived from verifier match strength; not a calibrated probability.,DIRECT,2,0.43671996619515074,"Environmentally sound management of waste throughout its life cycle, specifically reducing packaging waste and its associated environmental impacts",objective_01; objective_02; objective_04,"MIWA creates a complex and highly scalable ecosystem of Smart Reusable Packaging, built as an integrated hardware and software solution, with embedded IoT elements, connected to a vast digital environment and powered by advanced data analytics. | MIWA reusable packaging carries the goods as well as data, working in tandem with unique electronic dispensers placed in retail and our digital platform operating in the Cloud. | Life Cycle assessment study proves that MIWA can reduce overall negative environmental footprint of packaging by 71%, reflecting on several factors: packaging waste reduction, eco-toxicity, fossil feedstock, water consumption and climate change impact.","The project creates an integrated reusable-packaging system and reports a life-cycle assessment showing reduced packaging waste and environmental footprint. Reusable packaging is itself a concrete waste-prevention mechanism at project scale; the contribution does not depend on a distinct downstream actor first creating the target mechanism. The evidence is specific to packaging, but the Stage-1 mapping has already established that this is an eligible component contribution rather than a claim to manage every waste stream.","The evidence describes packaging-waste reduction, not management of all waste types or all chemicals. | The reported 71% reduction is an LCA result; the supplied evidence does not specify deployment scale or realized aggregate reductions.",objective,HORIZON_EUROPE,
190134541,MIWA - SMART REUSABLE PACKAGING,MIWA - SMART REUSABLE PACKAGING,9,9.4,"By 2030, upgrade infrastructure and retrofit industries to make them sustainable, with increased resource-use efficiency and greater adoption of clean and environmentally sound technologies and industrial processes, with all countries taking action in accordance with their respective capabilities",http://data.europa.eu/sdg/9.4,WEAK,MEDIUM,Categorical confidence derived from verifier match strength; not a calibrated probability.,DIRECT,4,0.4050285115316307,"Make industries sustainable through adoption of environmentally sound industrial processes, specifically reusable packaging that reduces packaging waste and environmental impacts.",objective_01; objective_02; objective_04,"MIWA creates a complex and highly scalable ecosystem of Smart Reusable Packaging, built as an integrated hardware and software solution, with embedded IoT elements, connected to a vast digital environment and powered by advanced data analytics. | MIWA reusable packaging carries the goods as well as data, working in tandem with unique electronic dispensers placed in retail and our digital platform operating in the Cloud. | Life Cycle assessment study proves that MIWA can reduce overall negative environmental footprint of packaging by 71%, reflecting on several factors: packaging waste reduction, eco-toxicity, fossil feedstock, water consumption and climate change impact.","MIWA develops an integrated smart reusable-packaging system, including packaging, dispensers, and a digital platform, and reports lifecycle reductions in packaging waste and other environmental impacts. This is a concrete, project-scale environmentally sound packaging process rather than merely information or a generic enabling tool. However, the evidence does not establish that the project itself retrofits industrial infrastructure or covers the target’s broader efficiency and clean-technology clauses; the contribution is specific to reusable packaging.",The stated environmental gains are based on a life-cycle assessment; evidence does not quantify realized adoption or impacts across the broader industrial sector. | The project evidence focuses on reusable packaging and does not establish infrastructure retrofits or the full range of resource-efficiency and clean-technology actions in Target 9.4.,objective,HORIZON_EUROPE,
190134541,MIWA - SMART REUSABLE PACKAGING,MIWA - SMART REUSABLE PACKAGING,12,12.6,"Encourage companies, especially large and transnational companies, to adopt sustainable practices and to integrate sustainability information into their reporting cycle",http://data.europa.eu/sdg/12.6,WEAK,MEDIUM,Categorical confidence derived from verifier match strength; not a calibrated probability.,DIRECT,6,0.3833251919144921,Encourage companies to adopt sustainable practices,objective_01; objective_02; objective_03; objective_04,"MIWA creates a complex and highly scalable ecosystem of Smart Reusable Packaging, built as an integrated hardware and software solution, with embedded IoT elements, connected to a vast digital environment and powered by advanced data analytics. | MIWA reusable packaging carries the goods as well as data, working in tandem with unique electronic dispensers placed in retail and our digital platform operating in the Cloud. | The data flows throughout the entire value chain thanks to IoT modules embedded in MIWAs hardware, offering substantial opportunities to all stakeholders involved to enhance efficiency, product & consumer safety and outperform the effects of the current single-use dominant approach. | Life Cycle assessment study proves that MIWA can reduce overall negative environmental footprint of packaging by 71%, reflecting on several factors: packaging waste reduction, eco-toxicity, fossil feedstock, water consumption and climate change impact.","The project develops an integrated reusable-packaging ecosystem as a concrete company-facing alternative to single-use packaging, and reports lifecycle benefits. This is a specific mechanism for adopting a sustainable business practice, although the evidence does not establish that companies have adopted it or that the system itself performs broader company sustainability management.","The evidence describes the system and its potential benefits, but does not document company adoption or implementation.",objective,HORIZON_EUROPE,
190140124,OCEANBATTERY,Unlocking the full potential of renewable energy with the Ocean Battery,7,7.2,"By 2030, increase substantially the share of renewable energy in the global energy mix",http://data.europa.eu/sdg/7.2,WEAK,MEDIUM,Categorical confidence derived from verifier match strength; not a calibrated probability.,DIRECT,1,0.5017569486470717,Substantively increasing the share of renewable energy in the energy mix by enabling integration of intermittent wind power through energy storage.,objective_01; objective_05; objective_06,"The Ocean Battery is a CES Best-of-Innovation Award winning breakthrough solution based on proprietary Key Enabling Technology to solve the huge challenge of balancing supply & demand for the global offshore e-Power industry due to intermittent production of wind power. | This project demonstrates the Ocean Battery in a lake: a full-scale operational system to show and validate the operation, installation, and maintenance processes. | After that, the solution is ready to scale offshore and support the energy transition by providing GWh-scale ecofriendly energy storage.","The project demonstrates and validates a full-scale operational energy-storage system specifically intended to balance intermittent wind power. That system is a concrete, target-specific mechanism for integrating renewable generation, not merely a generic analytical input. Offshore scaling and GWh-scale deployment are future steps, but the target-relevant storage mechanism is already demonstrated at project scale.","The project demonstrates the system in a lake rather than deploying it in the offshore power grid. | The stated GWh-scale offshore deployment and resulting increase in renewables’ share are prospective, not established project outcomes.",objective,HORIZON_EUROPE,
190140124,OCEANBATTERY,Unlocking the full potential of renewable energy with the Ocean Battery,7,7.1,"By 2030, ensure universal access to affordable, reliable and modern energy services",http://data.europa.eu/sdg/7.1,WEAK,MEDIUM,Categorical confidence derived from verifier match strength; not a calibrated probability.,DIRECT,3,0.4430760017855588,Ensure access to reliable and modern energy services through renewable-energy storage that helps balance intermittent offshore wind supply.,objective_01; objective_05; objective_06,"The Ocean Battery is a CES Best-of-Innovation Award winning breakthrough solution based on proprietary Key Enabling Technology to solve the huge challenge of balancing supply & demand for the global offshore e-Power industry due to intermittent production of wind power. | This project demonstrates the Ocean Battery in a lake: a full-scale operational system to show and validate the operation, installation, and maintenance processes. | After that, the solution is ready to scale offshore and support the energy transition by providing GWh-scale ecofriendly energy storage.","The project demonstrates and validates a full-scale operational energy-storage system, including its operation, installation, and maintenance processes. That is a concrete, target-specific mechanism for balancing intermittent renewable supply at project scale; offshore deployment and broader energy-service outcomes remain future steps, but ordinary scaling does not make the demonstrated mechanism merely upstream.","The demonstration is in a lake, while offshore deployment is planned for later. | The project does not establish universal access or population-wide affordability outcomes.",objective,HORIZON_EUROPE,
190140124,OCEANBATTERY,Unlocking the full potential of renewable energy with the Ocean Battery,7,7.a,"By 2030, enhance international cooperation to facilitate access to clean energy research and technology, including renewable energy, energy efficiency and advanced and cleaner fossil-fuel technology, and promote investment in energy infrastructure and clean energy technology",http://data.europa.eu/sdg/7.a,WEAK,MEDIUM,Categorical confidence derived from verifier match strength; not a calibrated probability.,DIRECT,7,0.42139050393658994,Facilitate access to renewable energy technology through operational energy storage that addresses intermittent wind generation and supports offshore renewable-energy integration.,objective_01; objective_05; objective_06,"The Ocean Battery is a CES Best-of-Innovation Award winning breakthrough solution based on proprietary Key Enabling Technology to solve the huge challenge of balancing supply & demand for the global offshore e-Power industry due to intermittent production of wind power. | This project demonstrates the Ocean Battery in a lake: a full-scale operational system to show and validate the operation, installation, and maintenance processes. | After that, the solution is ready to scale offshore and support the energy transition by providing GWh-scale ecofriendly energy storage.","The project demonstrates and validates a full-scale operational energy-storage system designed to balance intermittent offshore wind generation, and states that the solution is ready to scale for renewable-energy integration. This is a project-scale technology demonstration and validation, not merely an information input or generic tool. The project does not itself establish international cooperation or promote investment, but those are separate target components from the selected technology-access pathway.",The evidence describes a lake-based demonstration; offshore deployment and GWh-scale use are prospective.,objective,HORIZON_EUROPE,
190162340,S-trodes,Reliable Medical Grade Home-Based Test for Self-Use for people with Sleep DIsorders,3,3.4,"By 2030, reduce by one third premature mortality from non-communicable diseases through prevention and treatment and promote mental health and well-being",http://data.europa.eu/sdg/3.4,WEAK,MEDIUM,Categorical confidence derived from verifier match strength; not a calibrated probability.,DIRECT,2,0.1491525843092984,"Promote mental health and well-being through improved recognition, diagnosis, and management of sleep disorders that may be associated with mental health issues.",objective_02; objective_03; objective_04; objective_06; objective_07; objective_08,"Nevertheless, sleep disorders are often unrecognized and under-reported. | These disorders can contribute to other medical problems, and some may also be symptoms for underlying mental health issues. | Sleep monitoring is essential for reliable diagnosis and improved management of sleep disorders. | however, this method is limited in clinical implication due its unavailability, high cost, unnatural sleep environment and episodic brain patterns. | Smart Skin technology enables monitoring treatment efficacy: the platform is designed to replace PSG with home-based accessible technology. | The EIC funding will enable X-trodes to optimize its platform and to perform the clinical validation activities necessary to obtain CE Mark and start commercialization in Europe.","The project optimizes and clinically validates an accessible home-based sleep-monitoring platform intended to improve recognition and management of sleep disorders, including disorders that may signal underlying mental health issues. The platform is a concrete, target-specific diagnostic capacity, rather than merely generic information or evidence. The project does not itself diagnose or treat patients, but later routine use of the platform does not make its development and validation an upstream-only input.","The evidence describes platform optimization and clinical validation, not actual patient diagnoses, treatment, or measured mental-health outcomes. | The project addresses sleep-disorder monitoring as a pathway relevant to mental health, rather than demonstrating broader mental-health promotion.",objective,HORIZON_EUROPE,
190162340,S-trodes,Reliable Medical Grade Home-Based Test for Self-Use for people with Sleep DIsorders,3,3.d,"Strengthen the capacity of all countries, in particular developing countries, for early warning, risk reduction and management of national and global health risks",http://data.europa.eu/sdg/3.d,WEAK,MEDIUM,Categorical confidence derived from verifier match strength; not a calibrated probability.,DIRECT,3,0.1305572153732732,"Strengthen capacity for early warning, risk reduction and management of national and global health risks through improved monitoring that supports diagnosis and management of sleep disorders.",objective_04; objective_06; objective_07; objective_08,"Sleep monitoring is essential for reliable diagnosis and improved management of sleep disorders. | however, this method is limited in clinical implication due its unavailability, high cost, unnatural sleep environment and episodic brain patterns. | Smart Skin technology enables monitoring treatment efficacy: the platform is designed to replace PSG with home-based accessible technology. | The EIC funding will enable X-trodes to optimize its platform and to perform the clinical validation activities necessary to obtain CE Mark and start commercialization in Europe.","The project centrally optimizes and clinically validates a home-based monitoring platform designed to address limits of existing sleep-disorder measurement and support diagnosis and management. This is a target-specific monitoring capacity at project scale; later commercialization and broader adoption are not required for that capacity to be substantive. The evidence is explicit about sleep-disorder monitoring and its intended diagnostic and management uses, though not about broader health-risk management or coverage across countries.","The evidence concerns sleep-disorder monitoring, not the full range of national or global health risks. | Commercialization and wider availability are planned; broad access and adoption are not established.",objective,HORIZON_EUROPE,
