project_id,acronym,title,objective,keywords,euroSciVocTitle,horizonTopicCode,horizonTopicTitle,fundingScheme,masterCall,subCall,startDate,endDate,framework,start_year,selection_stratum,selection_rank
101067998,ENHANCER,Engineering Hybrid Metal Nitrides/Carbon-Atom Wire Novel Materials for high-performance Electrochemical Energy Storage,"An escalated demand and subsequent high consumption of energy in the coming decades directed toward the development of a suitable energy storage device. Supercapacitor, also known as Electrochemical capacitor, technology steps forward as a promising solution to unlock the capacity of renewable energy exploration. However, the major drawback of supercapacitors is the limited energy density which necessitates further research and development. The performances and potential of supercapacitor technology strongly lies in the construction of novel electrode materials and its physico-chemical properties. Hence, the focus of current project titled ENHANCER is committed towards ENgineering a Hybrid nANostructures for aqueous asymmetric electroChEmical capacitoR, addressing a key question in today’s energy technology: How quickly can we leapfrog in the supercapacitor technology so as to replace the current battery technology? ENHANCER aims to - (i) develop an adaptable strategy for designing a metal nitrides/carbon-atomic wires in a single run by a single-deposition unit, (ii) establish structure-property-performance relationship, and (ii) fabricate aqueous-based solid-state asymmetric supercapacitor device with energy density and power density higher than the existing technology. The novel strategy makes ENHANCER multidisciplinary involving a strong combination of materials science, plasma physics, electrochemistry and energy technology. This proposal includes two-way transfer of knowledge between candidate and host. Results have the potential to increase the competitiveness of energy storage technologies and provide huge scope for the fundamental insights on the nanomaterials based research. The outcome of the research during the fellowship will pave the way to open new perspectives of newly designed electrode materials for catalysis, optoelectronic and other energy applications. The project is in line with the sustainable development goal of European union.","Nanocarbon, Metal nitrides, Nanostructures, Plasma, Doping, Supercapacitor, Energy Storage",electrochemistry | nano-materials,HORIZON-MSCA-2021-PF-01-01,MSCA Postdoctoral Fellowships 2021,HORIZON-TMA-MSCA-PF-EF,HORIZON-MSCA-2021-PF-01,HORIZON-MSCA-2021-PF-01,2022-09-01,2024-08-31,HORIZON_EUROPE,2022,HORIZON_EUROPE|2021_2023,1
101106480,Janina Project,What was and what could have been: Janina Hosiasson-Lindenbaum's role in the philosophy of probablity.,"Janina Hosiasson-Lindenbaum (1899-1942) was a philosopher working on inductive reasoning and the interpretation of probability. In spite of her impressive publication list and international recognition, she never managed to secure a university post; and the histories of analytic philosophy barely engage with her work. This project will contribute to our understanding of what led to her exclusion from the philosophical canon, and develop a thorough analysis of the full body of her work—establishing what her rightful position in the history of analytic philosophy actually is. The first objective of the project is to understand how the career of Hosiasson-Lindenbaum and the uptake of her ideas in the philosophy community were influenced by her social status and her academic biography. This will be done by analysing her academic and social environment in Warsaw, focusing on how it shaped her intellectual development and how it determined her chances and recognition as a professional philosopher. Then, I will look at the last period of her career: her unsuccessful efforts to secure funding as a refugee scholar during World War II. I will identify the causes that led to the rejection of her appeals. The working hypothesis here is that the factors identified in these two parts are relevant to the uptake of Janina Hosiasson’s ideas in the wider philosophical community. The second objective is to reconstruct Hosiasson-Lindenbaum’s position on the foundational questions in philosophy of probability and inductive logic and to evaluate its conceptual and historical importance. This will be achieved by a detailed study of her whole body of work, spanning over thirty published and unpublished items, and her correspondence with other philosophers. Based on this analysis, I will first reconstruct her own position on the nature of the concept of probability. Then, I will establish what was her role in the development of  confirmation theory.","confirmation theory, history of analytic philosophy, women in analytic philosophy, interpretations of probability, inductive logic",modern history | metaphysics | human migrations,HORIZON-MSCA-2022-PF-01-01,MSCA Postdoctoral Fellowships 2022,HORIZON-TMA-MSCA-PF-EF,HORIZON-MSCA-2022-PF-01,HORIZON-MSCA-2022-PF-01,2023-10-01,2025-09-30,HORIZON_EUROPE,2023,HORIZON_EUROPE|2021_2023,2
101068089,METASCALE,Ultrafast Laser Assembly of Metasurfaces with Large Scale Fabrication Capabilities,"Modern nanophotonic devices are redefining what can be achieved in terms of manipulating light, as they provide a versatile design platform for moulding the propagation of light at will. In particular, free-space and integrated optical metasurfaces (MS) are currently offering a promising route towards the realisation of compact and lightweight optical components for sophisticated engineering of the amplitude, phase and polarisation of electromagnetic waves, which could ultimately replace current conventional bulky optics in a near future. Yet, today the realisation of MS is based on the combination of precise, but time-consuming and energy inefficient nanofabrication techniques that rely on expensive and highly specialised equipment operated in strict cleanroom environments: conditions which are beyond the capability of a vast majority of industrial entities.The main objective of METASCALE is to develop alternative fabrication techniques based on ultrafast laser processing (ULP) strategies, towards the realisation of MS operating in the visible and infrared spectrum. Such processes will be compatible with large-scale, cost-effective and green manufacturing routines, thus appropriate for current industrial environments. For this purpose, METASCALE will specifically focus on the physical fabrication and testing of pre-designed metasurfaces, based on ultrafast laser assembly techniques such as direct laser writing, or laser interference patterning. Such ULP techniques are highly versatile and repeatable in terms of surface micro- and nano-patterning, but at the same time require a deep understanding and careful  adjustment of a broad range of linear and non-linear laser-matter interaction mechanisms and their related timescales. METASCALE is therefore an interdisciplinary and collaborative effort involving many scientific branches ranging from material science to ultrafast optics or computational physics.","Microfabrication, nanofabrication, mass-production",ultrafast lasers,HORIZON-MSCA-2021-PF-01-01,MSCA Postdoctoral Fellowships 2021,HORIZON-TMA-MSCA-PF-EF,HORIZON-MSCA-2021-PF-01,HORIZON-MSCA-2021-PF-01,2023-09-01,2025-08-31,HORIZON_EUROPE,2023,HORIZON_EUROPE|2021_2023,3
101061151,B-ALLeles,High resolution dissection of non-coding determinants of disease,"While mutations at protein-coding sequences have been extensively characterized, the functional role of disease-associated non-coding variants remains largely elusive. In fact, germline non-coding variants are often associated with increased risk of childhood cancers. In B-cell derived acute lymphoblastic leukemia (B-ALL), the most common type of cancer in children, non-coding sequence variation at lineage-specific genes, such as IKZF1, GATA3 and CEBPE is associated with disease. Interestingly, the strongest risk factor maps at ARID5B, a DNA-binding protein described to promote the removal of repressive histone marks. Still, the role of ARID5B in leukemia and haematopoiesis remains largely uncharacterized. Thus, we hypothesize that non-coding variants associated with B-ALL affect the activity of distal regulatory elements, modulating the expression of ARID5B and other B-cell lineage-specific genes (objective 1). We further postulate that ARID5B promotes the de-repression of lineage-specific genes (objective 2), playing a crucial role in B-cell development and B-ALL initiation and progression (objective 3). To test these hypotheses, I will develop a novel CRISPR screen approach to dissect ARID5B enhancers at single nucleotide resolution (work package 1). I will use a combination of genomics and transcriptomics methods after acute and prolonged degradation of ARID5B to elucidate the molecular function of ARID5B in B-ALL (work package 2). Finally, I will use mouse models and focus on the physiological relevance of ARID5B in B-cell development and leukemia initiation and progression, in vivo. (work package 3). Together, I will dissect the role of non-coding variants at leukemia-associated loci, characterize the molecular function of ARID5B and elucidate the pathophysiological relevance of ARID5B.","non-coding variants, epigenetics, CRISPR screens, hematopoiesis, leukemia, enhancers, GWAS",proteins | mutation | leukemia,HORIZON-MSCA-2021-PF-01-01,MSCA Postdoctoral Fellowships 2021,HORIZON-TMA-MSCA-PF-EF,HORIZON-MSCA-2021-PF-01,HORIZON-MSCA-2021-PF-01,2022-11-01,2024-10-31,HORIZON_EUROPE,2022,HORIZON_EUROPE|2021_2023,4
101113180,MAG.NET,Magnetic neural Network for predictive maintenance,"Golana Computing is a new start-up company, spin-off from Spintec-CNRS, exploiting a recent scientific and technological breakthrough in the design and fabrication of bio-mimicking magnetic neurons.Breakthrough: Studying new magnetization reversal schemes, we have inadvertently discovered that domain wall depinning from geometrical traps imitates in many regards the spiking of biological neurons.  Based on this, we designed, fabricated and tested magnetic neurons able to complete bio-mimicking tasks. Our magnetic neural network performs speech recognition and speaker identification in real-time, without any prior feature extraction. The audio is simply transformed into spikes by a mechanism inspired from the mammalian ear. Our Goal is to develop a technology and fabricate a prototype that extends this unique ability to other types of analog signals, and apply it for predictive maintenance in the manufacturing industry. The present solutions based on mainstream artificial intelligence (AI) struggle, because the problems at hand are too fragmented: the training data is too scarce and the model engineering relies on very specific expert knowledge. Our Solution, frugal in terms of data and resources, based on a “task-agnostic” generic device, is able to identify unusual patterns in the analog signals. Our bio-mimicking approach should imitate the ability of human technicians, which assess the state of their machines by the sound.  On the long term, our technology could be adapted for a variety of AI applications requiring low energy consumption or full privacy.The EIC Transition call corresponds exactly to our present needs: accelerate the development and the market readiness of our technology. Moreover, we address explicitly the requirements for Green Digital Devices. By working “on the edge”, our device reduces the energy and resources required for data transfer and, by imitating the biological neurons, it also reduces the energy required for the computation.",magnetic Domain Wall motion; spiking neurons; predictive maintenance;,computational intelligence,HORIZON-EIC-2022-TRANSITIONCHALLENGES-01,EIC Transition Challenge: Green digital devices for the future,HORIZON-EIC,HORIZON-EIC-2022-TRANSITION-01,HORIZON-EIC-2022-TRANSITION-01,2023-05-01,2026-08-31,HORIZON_EUROPE,2023,HORIZON_EUROPE|2021_2023,5
101087257,METACITIES,MetaCities Excellence Hub in South-Eastern Europe,"Three place-based innovation ecosystems in Cyprus, Greece and Bulgaria partner together to create an Excellence Hub for Future Cities and Regions in Southeast Europe (SEE). The METACITIES Excellence Hub is a sustainable network that offers a common platform for collaboration, cross-fertilization, and best practices sharing across borders, sectors and disciplines on knowledge production, circulation and use. Founded upon a joint R&I strategy, a nexus of collaborative links across sectors, joint research, innovation and outreach activities as well as business modelling and sustainability plans, the collaboration aims to benefit citizens, stakeholders, regional ecosystems and the whole SEE region. The thematic focus on future and metaverse cities necessitates the definition of ambitious R&I agendas and the uptake of advanced digital technologies.  Digital Twins (DT) of future cities/regions provide accurate and reliable reference representation seamlessly unifying the physical, digital and human worlds and enabling stakeholders to assess the effects of any changes before investments and implementations actually occur. The proposed Open Digital Twin Framework facilitates co-development of complementary future city domains along with their equivalent DTs. The applied Quadruple Helix Model forges synergies among actors and alignment of public and private sector priorities for regional development. PoC studies, small-scale pilots and feasibility assessments validate project outcomes. Green Business and Operation Models will be developed for future and metaverse cities, as well as for the METACITIES Excellence Hub.  Investment and Sustainability Plans will mobilize the communities of the three innovation ecosystems to progress faster in joined efforts. Common investment plans for R&I, infrastructures and support for real-life experimentation, aim to leverage national, regional and European funds as well as crowd funds and private capital in a synergetic manner.","Excellence hubs, place based innovation ecosystems, Quadruple helix, smart cities, metaverse, digital twin, joint R&I strategies, R&I pilot projects",,HORIZON-WIDERA-2022-ACCESS-04-01,Excellence Hubs,HORIZON-CSA,HORIZON-WIDERA-2022-ACCESS-04,HORIZON-WIDERA-2022-ACCESS-04,2023-01-01,2026-12-31,HORIZON_EUROPE,2023,HORIZON_EUROPE|2021_2023,6
101063420,MOLA,Mobility and Life histories in the Alps - Understanding prehistoric social strategies in mountain environment,"Several hundred sites dating from the 5th to the 2nd millennia BC have been identified in the eastern Italian Alps making them one of the best archaeologically-mapped regions among the European mountains. However, despite the large amount of residential and productive prehistoric sites, only few funerary contexts have been unearthed, and even fewer human remains have been studied using state of the art bioarchaeology (e.g. isotope analyses, DNA, etc.). Prehistoric burials found in the eastern Italian Alps represent a unique and exceptional source of information that can provide crucial knowledge on past human mobility and life histories in mountain environment. During this 4,000-year time span an increase of social complexity and an intensification of exchange networks are documented in this region, a buffer zone between the Mediterranean and the central Europe, crossed by major north-south routes (Adige-Eisack valleys), that implied an intensive movement of people, objects and ideas. The MOLA project aims to integrate Alpine Landscape Archaeology with state-of-the-art bioarchaeology and spatial modelling to understand how social strategies influenced human mobility and life histories from the Neolithic to the end of the Bronze Age in mountain environment with a particular focus on the eastern Italian Alps. To tackle this research goal an innovative methodology based on the combined analysis of strontium (87Sr/86Sr), oxygen (d18O) and sulphur (d34S) isotope ratios in prehistoric cremated (87Sr/86Sr only) and inhumed human remains from the area and period under study is used. These are coupled with data from Alpine Landscape Archaeology on human-environment interactions (stratigraphic excavations, surveys, geomorphology, etc.) to shed light on social strategies and possible gender differences behind individual and collective mobility and life histories in the eastern Italian Alps during the Neolithic, the Chalcolithic and the Bronze Age.","Alps, Neolithic, Chalcholitic, Bronze Age, funerary archaeology, isotopes, mobility",history | DNA | alkaline earth metals | geomorphology | bioarchaeology,HORIZON-MSCA-2021-PF-01-01,MSCA Postdoctoral Fellowships 2021,HORIZON-TMA-MSCA-PF-EF,HORIZON-MSCA-2021-PF-01,HORIZON-MSCA-2021-PF-01,2023-03-01,2025-02-28,HORIZON_EUROPE,2023,HORIZON_EUROPE|2021_2023,7
101104432,4P-CAN,Personalized CANcer Primary Prevention research through Citizen Participation and digitally enabled social innovation,"With a strong belief that primary prevention of cancer represents a collective responsibility (citizens, professionals, decision-makers), during a 4 year period, 4P-CAN builds on an innovative vision to understand the complex system that surrounds the citizen, the person, and how it increases the risk for cancer on three major levels - macro (at the national level), meso/mezzo (at the community level) and micro (at the individual level). Following the European Code Against Cancer recommendations as a narrative reference and combining implementation research (including economic sciences), social sciences and humanities (SSH), together with behavioral sciences, and innovative technological approaches, 4P-CAN ultimately delivers new personalized tools for primary prevention of cancer in Central and Eastern European countries from the consortium. The co-created knowledge is then used to personalize the primary prevention interventions through Living-labs and implement personalized communication campaigns on cancer prevention. The project will focus on some of the main modifiable risk factors for cancer occurrence: smoking, alcohol consumption, physical inactivity, excess body weight (overweight and obesity), HPV and HBV infections preventable through vaccination, as well as environmental pollution (including radon), and the understanding of the barriers in front of the policy implementation and individual adherence to healthy behaviors in countries from Eastern Europe (Romania, Bulgaria, Republic of Moldova, North Macedonia, Montenegro, Ukraine), to improve as a consequence the primary prevention activities and reduce the inequalities. Altogether, 17 organizations from 11 different countries are getting together to achieve these goals, i.e. Balkan countries (EU Member States and non-EU Member States), part of CEE: Romania, Bulgaria, North Macedonia, Montenegro; Republic of Moldova and Ukraine; and Western EU countries (Portugal, Italy, France, Ireland, Belgium).This action is part of the Cancer Mission cluster of projects  on ‘Prevention and early detection’.","Cancer primary prevention, implementation research, social innovation, personalized communication",noble gases | hepatitis B | oncology | alcohols | obesity,HORIZON-MISS-2022-CANCER-01-01,Improving and upscaling primary prevention of cancer through implementation research,HORIZON-RIA,HORIZON-MISS-2022-CANCER-01,HORIZON-MISS-2022-CANCER-01,2023-05-01,2027-04-30,HORIZON_EUROPE,2023,HORIZON_EUROPE|2021_2023,8
101070155,XR4Human,"The Equitable, Inclusive, and Human-Centered XR Project","eXtended Reality (XR) technologies have within a few years moved from lab-based research to a common-place consumer item. Indeed, the benefits of and the possibilities that XR technologies offer to promote and enhance are prolific. As with other emerging technologies, however, the use and eventual ubiquity of XR technologies bring with them potential risks that have not existed before. Of particular importance are new ethical, and associated safety, privacy, security challenges and interoperability issues that needs to be considered now. Developing the foundations to ensure that Europe is sufficiently equipped to leverage these opportunities through skillful navigation of new challenges is the rationale for XR4HUMAN. The MAIN OBJECTIVE of the project is to co-create living guidance on ethical and related policy, regulatory, governance, and interoperability issues of XR technologies within a European community of practice. This main objective will be operationalized through the following specific objectives: EXPLORE (i) ethical issues; and (ii) related regulatory and governance issues; GUIDE companies and regulators through (i) Interoperability Guidance Document; (ii) a European Code of Conduct for Equitable, Inclusive, and Human-Centered XR Technologies; (iii) recording and demonstrating the practical application of the XR Code of Conduct;EQUIP companies and regulators with an online repository of test cases to allow developers to demonstrate evidence of adherence to best practices;EQUIP and GUIDE users through a rating system and educational materials;ENGAGE companies and other stakeholders (i) to enhance the uptake of the XR Code of Conduct, the Guidance for Interoperability, and the empowerment of end-users; and (ii) to establish a permanent digital European Forum to facilitate stakeholder dialogue on issues of ethics and interoperability.","Ethics, Extended Reality, Interoperability",governance,HORIZON-CL4-2021-HUMAN-01-28,"eXtended Reality Ethics, Interoperability and Impact (CSA)",HORIZON-CSA,HORIZON-CL4-2021-HUMAN-01,HORIZON-CL4-2021-HUMAN-01,2022-11-01,2025-10-31,HORIZON_EUROPE,2022,HORIZON_EUROPE|2021_2023,9
101056784,HELENUS,High Efficiency Low Emission Nautical Solid Oxide Fuel Cell,"The HELENUS project will develop a 200 kW solid oxide fuel cell (SOFC) system operating in cogeneration (combined heat and power) mode, and demonstrate it on a research vessel operated by DLR. The SOFC will be developed to be fully integrable- spatially, electrically, and thermally- into future ship designs, with a comprehensive design concept developed for an ocean-going cruise vessel. SOFCs are the most efficient chemical energy converters available today and are also highly fuel-flexible- thereby remaining highly relevant for the future of waterborne transport. The HELENUS demonstrator will achieve a TRL of 7 at the end of the project. Success of this project will enable upscaling of mature SOFC technology in ocean cruise liners to as high as 10 MW, beyond 2030. This can unlock over 23% total fuel savings (assuming a hybrid 20MW SOFC+60MW ICE energy system) over a state-of-the-art energy system with only ICEs. The HELENUS consortium involves diverse and accomplished stakeholders representing the entire value chain from technology development to field implementation creating a rapid pathway towards exploitation and commercialisation. HELENUS will also undertake extensive simulation, experimental and analytical efforts to demonstrate the applicability of the developed SOFC solution (i) upon significant scale-up (10 MW and beyond), (ii) over duty cycles of alternate applications such as dredging and offshore vessels, and (iii) using carbon-¬neutral fuels with potential for future maritime uptake. Experimental results will be complemented by application case ¬and lifecycle performance analyses to assess the broader impact of the technology on waterborne transport. Therefore, HELENUS creates a technological and regulatory roadmap towards a maritime future with scaled-up clean energy systems operating on renewable fuels, thereby fostering innovation and significantly boosting the competitiveness of the EU maritime industry.",Solid oxide fuel cells; cogeneration; combined heat and electricity; cruise ship; maritime demonstrator; fuel flexibility,renewable energy | combined heat and power | fuel cells | sea vessels,HORIZON-CL5-2021-D5-01-08,Enabling the full integration of very high power fuel cells in ship design using co-generation and combined cycle solutions for increased efficiency with multiple fuels (ZEWT Partnership),HORIZON-RIA,HORIZON-CL5-2021-D5-01,HORIZON-CL5-2021-D5-01,2022-07-01,2027-06-30,HORIZON_EUROPE,2022,HORIZON_EUROPE|2021_2023,10
101062938,CBDHIGHBIO,"Strategies to modulate the bioavailability of cannabinoids in edible products: in vitro tests, cytotoxicity, and pre-clinical assessment to generate reliable data for regulatory agencies","Cannabis edibles (CE) are considered a big opportunity to take place in the recent and fast-growing cannabis market. However, there are big challenges on the development of these products, such as the lack of understanding of the metabolism of cannabinoids after oral ingestion, the low bioavailability of cannabinoids (including cannabidiol, CBD), and high intra- and inter-subjects’ pharmacokinetic variability. Recent approaches to enhance the oral CBD bioavailability include its incorporation into lipid-based delivery systems and the addition of compounds called bioenhancers. Lipids can enhance the oral CBD bioavailability via an increase in the transport to the systemic circulation via intestinal lymph, whereas bioenhancers may inhibit metabolizing enzymes reducing the extent of its liver first-pass effect. Piperine (PIP) is known as a powerful bioenhancer by inhibiting drug-metabolizing enzymes of cytochrome P-450 (CYP450), that are involved in the CBD metabolism. The aims of this study are to provide reliable data about the CBD metabolism after oral ingestion to help regulatory agencies to regulate the market of CE and standardize the consumption indications for these products; to  increase the CBD bioavailability by using long-chain fatty acids to promote the enhancement of lymphatic absorption combined with PIP addition to inhibit the hepatic metabolism of CBD; and develop an advanced delivery carrier to enable its vehiculation into aqueous-based CE. We hypothesize that the combination of CBD and PIP can substantially improve the CBD bioavailability, thus decreasing the intra- and inter-subject variability. Systematic in vitro tests will be performed to evaluate the inhibitory effect of PIP on CYP450 activity, to determine the bioaccessibility, stability and bioavailability of CBD and PIP after oral ingestion, and to assess their cytotoxicity. Finally, in vivo studies will be performed to evaluate the CBD pharmacokinetic and bioavailability.","cannabis edibles, delivery systems, nanoestructures, cannabinoids, bioavailability, bioenhancers, nanocarriers, in vitro digestion, pharmacokinetics, functional food, cytotoxicity",lipids | enzymes,HORIZON-MSCA-2021-PF-01-01,MSCA Postdoctoral Fellowships 2021,HORIZON-TMA-MSCA-PF-EF,HORIZON-MSCA-2021-PF-01,HORIZON-MSCA-2021-PF-01,2022-10-17,2025-05-16,HORIZON_EUROPE,2022,HORIZON_EUROPE|2021_2023,11
190104468,SOMIT-CD,Novel First-in-Class Specific Oromucosal Immunotherapy (SOMIT) to treat Celiac Disease (CD),"Celiac disease is an autoimmune indication for which there is no cure. Only the life-long avoidance of the disease causing gliadin protein in gluten is available as a sub-optimal and cumbersome necessity for CD patients. We developed a unique novel combination of antigen (gliadin protein), probiotic tolerogenic bacterial particles (TBPs) and mouth patch technology to enhance the bioavailability and tolerance induction. Synergistic tolerizing properties of the TBP-antigen combination and the therapeutic effect of the SOMIT concept has been shown in a suitable pig model. Our SOMIT-CD promises to require a short-course weekly treatment for less than 3 months in CD patients.This EIC project will allow us to finalize the various preclinical activities and perform phase Ib/IIa clinical study, paving the way to closing a co-development deal with a big pharma player.After market entry in 2029, we aim to reach a market share of 15% and generate annual revenues of 148M by 2033.","Autoimmune disorders,Oralmucosa,Mouth patch,Celiac disease,Immunotherapy,Tolerizing effect,Antigen",proteins | immunotherapy,HORIZON-EIC-2021-ACCELERATOROPEN-01,EIC Accelerator Open 2021,HORIZON-EIC-ACC-BF,HORIZON-EIC-2021-ACCELERATOROPEN-01,HORIZON-EIC-2021-ACCELERATOROPEN-01,2022-09-01,2025-03-31,HORIZON_EUROPE,2022,HORIZON_EUROPE|2021_2023,12
190140124,OCEANBATTERY,Unlocking the full potential of renewable energy with the Ocean Battery,"The Ocean Battery is a CES Best-of-Innovation Award winning breakthrough solution based on proprietary Key Enabling Technology to solve the huge challenge of balancing supply & demand for the global offshore e-Power    industry due to intermittent production of wind power. Our patented and sustainably produced Ocean Battery system substantially lowers the CAPEX for the massively expensive offshore power grid, generating a very high ROI for the unique Ocean Battery. Soon, weather conditions dictate the timing    of renewable energy production, causing large fluctuations. Oversupply, resulting in negative energy prices and even blackouts create a market in excess of € 200 bn for energy storage. This project demonstrates the Ocean Battery in a lake: a full-scale operational system to show and validate the    operation, installation, and maintenance processes. After that, the solution is ready to scale offshore and support the energy transition by providing GWh-scale ecofriendly energy storage.","Scalable energy storage,Utility scale energy storage,Renewable energy sources,Offshore energy storage,Offshore wind energy,Floating solar energy,Marine energy",,HORIZON-EIC-2023-ACCELERATOROPEN-01,EIC Accelerator Open 2023,HORIZON-EIC-ACC-BF,HORIZON-EIC-2023-ACCELERATOR-01,HORIZON-EIC-2023-ACCELERATOR-01,2023-07-01,2025-06-30,HORIZON_EUROPE,2023,HORIZON_EUROPE|2021_2023,13
101096306,HEFT,"Novel concept of a low cost, high power density and highly efficient recyclable motor for next generation mass produced electric vehicles","HEFT considers that an energy efficient rare-earth synchronous motor is the best option for next generation high-power primary axle traction EVs and proposes a set of innovation challenges on electric synchronous motor configuration based on SiC inverters (direct cooling of rotor and stator, advance insulation for high voltage, multibarrier rotor topology, wave windings) and advanced materials (advanced GBD magnets, epoxy for magnet fixation, composite for motor housing, insulation resin).These innovations will result in a high-efficient and low-cost solution that will be validated on 2 motor topologies, which compared to two main reference automotive IPM commercial motors in Europe (VW ID.3 and FIAT500) will lead to next impacts: >800V, 20% reduction losses, >7 KW/kg and 42kW/l power density, 28% cheaper, 50-66% material savings, including 60% reduction of REE content and >80% REE recyclability rate.As this solution is still dependent on REE from China, HEFT will be aligned with the ERMA action plan towards a circular economy market of rare earth permanent magnets and suggests: one alternative magnet route (Ce based) and two REE recycled routes together with policies promotion towards the foundation of a European rare earths industry, capable of delivering 20% of EU demand by 2030.HEFT plans 8 WPs to implement these concepts, where 5 research partners will be essential for developing innovative ideas around the design-to-x approach, while strong companies (GKN, MAGNETI, VYNCOLIT) will ensure that HEFT results have a clear market orientation and fulfil the industry needs.HEFT plans to organise OEM workshops to ensure wide adoption of HEFT solutions, but also with policymakers to promote regulations towards the EU circular market that would help maintaining the leadership of EU companies, while increasing their competitiveness and job opportunities linked to the new circular business models.",High-power density motor; Permanent magnets; REE reduction; Circular economy,topology,HORIZON-CL5-2022-D5-01-09,Nextgen EV components: High efficiency and low cost electric motors for circularity and low use of rare resources (2ZERO),HORIZON-RIA,HORIZON-CL5-2022-D5-01,HORIZON-CL5-2022-D5-01,2022-12-01,2026-11-30,HORIZON_EUROPE,2022,HORIZON_EUROPE|2021_2023,14
101095862,INNOV-8-2-CREATE,INNOV-8-2-CREATE Cooperation through acceleration,"Collaboration fosters true innovation and success cannot be achieved by any one stakeholder in isolation. This proposal will bring together all of the innovation stakeholders such as business, the investment community, entrepreneurs and government agencies to ensure a joined up initiative which will fully meet all of the objectives of the programme call.The vision of INNOV-8-2-CREATE is to drive innovation efficiency, capacity and cooperation in Europe by building on the strengths of each partner. Actions have been identified that once implemented will deliver immediate impact, while resulting in consequential long-term impact - embedding cooperation within innovation and enhancing knowledge exchange locally, regionally and internationally.","Innovation ecosystem, investment, widening, spinouts, startups, training, mentoring, knowledge transfer, technology transfer, employment",,HORIZON-EIE-2022-CONNECT-01-01,Towards more inclusive networks and initiatives in European innovation ecosystems,HORIZON-CSA,HORIZON-EIE-2022-CONNECT-01,HORIZON-EIE-2022-CONNECT-01,2023-02-01,2025-01-31,HORIZON_EUROPE,2023,HORIZON_EUROPE|2021_2023,15
101079237,FEWL,Enhancing Research on the Integration of Formal Educational Programmes and Workplace Learning,"The project aims to enhance scientific excellence and research potential in the field of research on integrating formal education and workplace learning (WPL) for students in basic and secondary schools. Facilitating multifaceted capacity building at the School of Educational Sciences (SES) at Tallinn University (TLU) in this field will be achieved through partnership with two internationally leading research institutions with complementary theoretical and methodological expertise: Finnish Institute for Educational Research (FIER) at the University of Jyväskylä (JYU), and Institute of Educational Sciences at Paderborn University (UPB).Since the emergence of Industry 4.0, unleashed by the technological advances of the information age, there is an increasing research interest in enriched learning in various authentic environments. The proposed project will pay special attention to students’ participation in authentic work environments outside the school. In the context of integrating learning at school and work, previous research activities have internationally mainly focused on vocational education. Our project intends to widen the scope of research on this area by extending the target group and including besides VET students also students in basic education and upper secondary general education.The project’s activities involve common research activities in the area as well as various forms of knowledge sharing and communicative activities such as training, guiding PhD students, workshops, conferences, common publications etc.The project will introduce novel approaches and methodologies in workplace learning research, and provide new insights by applying the social ecology approach for the research in the field of integrating learning at school and at work. The methodological knowledge and experiences gained will be applied in planning future international research projects within the framework of the EU research agenda.","ecology of learning, student agency, workplace learning, learning in authentic environments, individual learning paths, teacher's professional development, qualitative methods, mixed methods",educational sciences,HORIZON-WIDERA-2021-ACCESS-03-01,Twinning,HORIZON-CSA,HORIZON-WIDERA-2021-ACCESS-03,HORIZON-WIDERA-2021-ACCESS-03,2023-01-01,2025-12-31,HORIZON_EUROPE,2023,HORIZON_EUROPE|2021_2023,16
101061123,RETHINK-GSC,"Rethinking Global Supply Chains: measurement, impact and policy","The changing nature of global supply chains requires a rethinking of GSCs in the design of appropriate policy responses and in taking into account their employment and social impacts. The overall goal of RETHINK-GSC is to enhance our understanding of the impact of GSCs using new measures that can quantify the role knowledge flows, and more generally services inputs, and thus acknowledge the increasing importance of intangibles in global production. The project provides new and innovative methodologies for assessing the development of global supply chains, which generates new knowledge on ongoing and expected changes in GSCs due to shocks. The research, both theoretical and empirical, will be conducted mainly at the level of the firm – the unit that ultimately decides on the organisation of international production. Using the RETHINK-GSC innovative measures allows the projects’ researchers and future scholars (i) to investigate the interaction between tangible and intangible GSCs to evaluate the changing nature of global supply chains, (ii) to provide novel ways of analysing the impact of GSCs on social, economic and environmental outcomes in European countries and (iii) to evaluate the resilience of GSCs to exogenous shocks. Furthermore, the project elaborates policy scenarios for expected future GSC developments. This new evidence contributes to enhancing policy developments related to ensuring level playing fields in trade relations and ensuring security of strategic supplies. Throughout the project stages, researchers will collaborate closely with an Advisory Board consisting of a group of stakeholder experts from national governments, business associations, social partners and international organizations. Finally, and important to the project's continuing impact, the newly constructed measures of knowledge and service flows along GSCs will be made available to the wider community for research and policy analysis after completion of RETHINK-GSC.",Global supply chains; knowledge flows; services inputs; resilience of GSCs; trade policy; industrial policy; environmental policy; strategic supplies; company-level analysis,employment,HORIZON-CL2-2021-TRANSFORMATIONS-01-06,Towards a new normal? Employment and social impacts of changing supply chains and declining trade intensities,HORIZON-RIA,HORIZON-CL2-2021-TRANSFORMATIONS-01,HORIZON-CL2-2021-TRANSFORMATIONS-01,2022-10-01,2025-09-30,HORIZON_EUROPE,2022,HORIZON_EUROPE|2021_2023,17
101093865,CLIMAREST,Coastal Climate Resilience and Marine Restoration Tools for the Arctic Atlantic basin,"The CLIMAREST project - Coastal Climate Resilience and Marine Restoration Tools for the Arctic Atlantic basin - integrates multiple expertise into a holistic approach, to develop a toolbox designed to establish guidelines for ecosystem restoration and to enhance climate resilience in coastal communities. The concept is to develop, test and optimise a modular toolbox that integrates expert knowledge, scientific information, multilevel stakeholder and community involvement, ecosystem service improvement analysis, cost-benefit analysis, priority of actions, and custom designed protocols for restoring and monitoring multiple coastal habitats. The toolbox framework will have common and specific tools that will be tested, optimised and demonstrated in five different ecosystems, across a latitudinal gradient of the Arctic-Atlantic basin, ranging from the high-Arctic Svalbard (79° N) in the North to the Madeira archipelago (33° N) in the South. The variety of environmental conditions and restoration needs of the five demonstration sites will provide different restoration scenarios with particular specificities in terms of biodiversity, pressures and threats, ecosystems services and stakeholders. The diversity in restoration scenarios will create a unique opportunity to develop a modular toolbox, that integrates common tools with tools that are specific for each restoration scenario into a collective framework. Ecosystem-specific innovations in nature-based solutions for habitat restoration that improve local climate resilience will also be developed, tested, and integrated into a general toolbox framework, establishing guidelines and innovative workflows. The toolbox and tools developed in each demonstration site, for different restoration scenarios, will be made available and tested for replication and upscaling in comparable ecosystems and similar communities, with particular emphasis in promoting stakeholder involvement.",,ecological restoration | sustainability sciences | climate change adaptation | ecosystems,HORIZON-MISS-2021-OCEAN-02-03,Atlantic and Arctic basin lighthouse - restoration of marine and coastal ecosystems and increased climate resilience,HORIZON-IA,HORIZON-MISS-2021-OCEAN-02,HORIZON-MISS-2021-OCEAN-02,2022-12-01,2025-11-30,HORIZON_EUROPE,2022,HORIZON_EUROPE|2021_2023,18
101082633,ASAP,Automatics in Space Exploration,A critical need for the future of space exploration is the ability to run artificial intelligence (AI) algorithms in situ under the harsh conditions of space. In recent years AI has been revolutionising industrial processes and everyday activities primarily because the computing power has reached a level that enables these algorithms to function. On the ground this is primarily due to the enormous investments in the development of high-performance graphical processing units (GPU) and of the optimised software needed for them. These are delicate devices that cannot be deployed in the harsh conditions of space and the transistor density of the components of a GPU would be too extreme to resist the radiations present in space.  ASAP takes on the task of using processors that can sustain the radiation environment of space to transfer to space operation AI algorithms that so far could only be run on the ground. ASAP will use the most advanced space-hardiness proven processors and develop the software needed to run AI algorithms on them. ASAP will show proof of principle functionality and will reach TRL-4. ASAP focuses on five goals: 1) Working towards the identification and implementation of Machine Learning algorithms for the next generation space applications: a suite of candidate algorithms has been identified and will be evaluated during the project for their possible deployment to space; 2) Identification and development of a computing platform for ML algorithms producing a prototype hardware using only components that can operate under space conditions; 3) Definition of a validation plan and its execution in a laboratory validation campaign reaching TRL-4; 4) Implementation of a virtual environment to provide support to the development of ML algorithms; 5) Transforming the future development of technologies and scientific instrumentation  for space science and exploration missions bringing artificial intelligence to space missions.,"space exploration, artificial intelligence (AI) in space, space-ready computing processors for AI.",machine learning,HORIZON-CL4-2022-SPACE-01-82,Space science and exploration technologies,HORIZON-RIA,HORIZON-CL4-2022-SPACE-01,HORIZON-CL4-2022-SPACE-01,2023-10-01,2027-03-31,HORIZON_EUROPE,2023,HORIZON_EUROPE|2021_2023,19
101121134,B-prepared,"Building PREPAREDness with Collaborative Knowledge Platform, Gamification and Serious Game in Virtual Reality","Recent disaster events, like the 2021 flood in Germany showed clearly, that even the best alert systems and top first responder organisations can not prevent fatalities and serious damage on property without having prepared the citizens how to act and react during disaster situations and crises, understand alerts and follow instructions. B-prepared offers a cost-effective solution for building a culture of disaster preparedness with a multi-actor approach in realistic historical scenarios. B-prepared builds on a freely accessible massive collaborative knowledge base and data hub, demonstrating its usefulness via three demonstrator applications: a cooperative multiplayer VR serious game, simulating real disaster scenarios for the safest near-real experience; an interactive gamified mobile app with age-appropriate content and enhanced accessibility to people with specific functional needs for the widest possible reach; and an LMS system to effectively and comparably measure preparedness levels achieved by VR and/or mobile users on a unified scale. Players can take different roles to solve puzzle tasks in an immersive experience. Teamplay, collaboration and communication are keys to survival, strengthening the culture of mutual assistance and cooperation in danger. Player behaviour and gameplay logged in a privacy-preserving way helps collect data on in-game behaviour which serves assessment of preparedness but will also be shared with other synergic research in the same field. A large-scale virtual reality hackathon series will demonstrate its features. The open beta will be publicly available as a giveaway, inviting stakeholders via direct outreach. After closing beta, the game will be available in a non-profit freemium model where in-game purchases are replaced by in-game donations for relief organizations, with a small percentage kept for maintenance and further development.","Virtual Reality; Gamification, Learning Management System, Serious Games, Gamified Mobile Application, Game-based Learning, Collaborative Platform, Environment Modelling, Disaster Knowledge Base",crisis management | virtual reality | active learning,HORIZON-CL3-2022-DRS-01-01,Enhanced citizen preparedness in the event of a disaster or crisis-related emergency,HORIZON-IA,HORIZON-CL3-2022-DRS-01,HORIZON-CL3-2022-DRS-01,2023-10-01,2026-09-30,HORIZON_EUROPE,2023,HORIZON_EUROPE|2021_2023,20
101114222,FG_WIT,AUTOMATED PROTOTYPE OF CANCER DETECTION FROM CTDNA,"Floating Genes is a French deeptech startup incorporated in October 2021, developing early cancer detection tools from liquid biopsies. The company focuses on digestive cancers, and especially colorectal and pancreatic cancer, which is mostly detected in stage 4 and show 4.3 month of median survival. Floating Genes has developed and patented molecular biology tools to detect very rare circulating tumor DNA (ctDNA) in the blood. This will eventually allow earlier cancer diagnosis, precise monitoring and personalized treatment of patients with cancer. 200,000 lives could be saved every year in Europe with such an earlier diagnosis tool.","Cancer detection, liquid biopsy, NGS",oncology,HORIZON-EIE-2022-SCALEUP-02-02,Women TechEU,HORIZON-CSA,HORIZON-EIE-2022-SCALEUP-02,HORIZON-EIE-2022-SCALEUP-02,2023-07-01,2023-12-31,HORIZON_EUROPE,2023,HORIZON_EUROPE|2021_2023,21
101113961,AIIPDD,AI-driven IP Intelligence Engine for Drug Discovery,"Today, new drug development on average costs $2.6 billion and takes 10-14 years. But, for example, the global health emergencyover the spread of the deadly new coronavirus, is proving to be a crucial real-life test case for industry to aim dramatically reduce thetime it takes to create new vaccines and drugs to combat emerging pandemics. While AI technologies help to identify thousands ofnew molecules that could be turned into potential medicines, it`s crucial to quickly establish the novelty of the most promisingcandidates. Therefore, more than 135 million patents, 70 million journal articles, and 4 billion web pages are published creating a vastcorpus, Big Data of information that potentially needs to be searched to establish, for example, the novelty of a product, the state ofthe art in the field of interest or the variety of components within complex compositions. Besides, 88% of the Big Data is unstructured(in form of texts) and its volume increases by a staggering 62% annually, according to IDC. It leads to the main challenge: there issimply way too much data for any human to read, analyze and understand.Semantic Intelligence develops an AI-driven IP intelligence Engine enabling users to search, analyze and extract complex knowledgeon chemical-biological interactions in patents. Our proprietary State-of-the-art technology combines Natural Language Processing +Machine Learning + Full linguistic data analysis + Chemical structure processing and Image Recognition, delivering novel ways byintegrating two languages: chemical structure and words, into a single semantic meaning. The target audience for this solution issmall and medium-sized life science companies, which currently have limitations in accessing expensive biochemistry databases. Weare aiming to disrupt the life science industry by delivering a low-cost solution to enable small & medium market players to create value by protecting their IP.","AI, Drug Discovery, Machine learning, Intelectual Property, Pharma",drug discovery | big data | natural language processing | image recognition | machine learning,HORIZON-EIE-2022-SCALEUP-02-02,Women TechEU,HORIZON-CSA,HORIZON-EIE-2022-SCALEUP-02,HORIZON-EIE-2022-SCALEUP-02,2023-07-01,2024-04-30,HORIZON_EUROPE,2023,HORIZON_EUROPE|2021_2023,22
101058078,InVECOF,Innovative Value Chains for European Ceramic Oxide Fibres,"Oxide fibre reinforced ceramics, so-called oxide ceramic matrix composites (O-CMC) have to be considered as strategic materials from now to the future, e.g. for use in next generation aero-engines, stationary gas turbines, power-to-X processes with concentrated solar power CSP, chemical industry, batch carrier for high temperature processes, etc. Today such high-end O-CMC components and the key raw material, the ceramic fibres as reinforcement component, are mainly exclusively produced in the United States. But as these are key components for the European manufacturing, energy and aerospace industry, there is a need to develop a European oxide fibre and O-CMC component industry, decreasing dependence on non-EU producers.The InVECOF project addresses this need and provides a substantial contribution to sustainable product innovation action through the two following key activities:1.to develop a European oxide ceramic reinforcing fibre equivalent to US fibres and to establish it among end users (ROF fibre) and 2.to develop and validate a next-generation fibre in parallel with improved thermos-mechanical properties (NGO fibre). The ROF fibre will present an equivalent to the dominant 3M Nextel fibres with better availability, without dual-use restrictions from the US and possibly lower price is needed and the NGO fibre will have improved thermo-mechanical properties compared to the benchmark fibres in order to make processes, plants, turbines, etc. more energy efficient through higher application temperatures.The project InVECOF Innovative Value Chains for European Ceramic Oxide Fibres covers the whole process chain beginning from fibre development and production over weaving these fibres to fabrics to O-CMC manufacturing, coupons and demonstrators for every end-user application, up to testing Ox-fibers and O-CMC components in relevant environments with project partners for every step from three countries in Europe.","oxide fibres, oxide ceramic matrix composites, key raw material",composites | sustainable economy | ceramics,HORIZON-CL4-2021-RESILIENCE-01-07,Building innovative value chains from raw materials to sustainable products (IA),HORIZON-IA,HORIZON-CL4-2021-RESILIENCE-01,HORIZON-CL4-2021-RESILIENCE-01,2022-05-01,2026-08-31,HORIZON_EUROPE,2022,HORIZON_EUROPE|2021_2023,23
101079116,DCitizens,Fostering Digital Civics Research and Innovation in Lisbon,"While governments act as transactional providers of uniform and static services, the challenges of contemporary society require different models of service design and delivery that are built on long-term engagement, participation, and co-creation with local communities and citizens. Digital Civics posits the use of technology in the provision of relational models of public services by empowering citizens and non-state actors to co-create, take an active role in shaping agendas, making decisions about service provision, and making such provisions sustainable and resilient. DCitizens builds on those principles to achieve 5 main objectives: O1) Enhance ITI research profile and innovation competence in Digital Civics; O2) Provide training to Staff and Early Stage Researchers to build critical mass at the interface of research, local government, and the private/third sectors; O3) Establish a leading pole of excellence in Digital Civics; O4) Strengthen and expand the collaborative network between the Twinning partners; and O5) Establish a Digital Civics Research and Innovation Agenda in line with the SMART Specialization Strategy for Lisbon. We identified four interconnected Strategic Areas in Digital Civics to be strengthened with the Twinning partners support that provide solid ground to establish the methodology and action plan to reach these objectives. The Strategic Areas are: 1) Community-based Research Methods, 2) Emerging Technologies, 3) Design Justice, and 4) Civics, Policy, and Economic Models. Based on these areas, the projects work plan includes a staff-exchange programme, organisation of joint scientific/training events, activities to enhance the profile of young researchers, training of research management staff, and a small citizen-led research project. The consortium includes partners from one widening country (ITI - Portugal), and three leading institutions in the field: IIT (Italy), University of Siegen (Germany), and University of Northumbria (UK).","Civics, Digital Services, Digital Technologies, Design, Human-Computer Interaction, Participatory Design Methods, Action-based Research, Citizen Engagement, Relational Models, Civic Commissioning",,HORIZON-WIDERA-2021-ACCESS-03-01,Twinning,HORIZON-CSA,HORIZON-WIDERA-2021-ACCESS-03,HORIZON-WIDERA-2021-ACCESS-03,2022-12-01,2025-11-30,HORIZON_EUROPE,2022,HORIZON_EUROPE|2021_2023,24
101119624,OWIN6G,Optical and  wireless sensors networks for 6G scenarios,"In the Optical and WIreless sensors Networks for 6G scenarios (OWIN6G) project, key industry and academic stakeholders are brought together with the aim of developing a structured European training programme (TP) in optical technologies to facilitate disruptive wireless sensor applications within sixth-generation (6G) networks. OWIN6G will be the first Doctoral Network dedicated to training new generation of early-stage researchers (i.e., doctoral candidates, DCs) in the field of wireless sensor networks (WSNs) for the Internet of Things/Internet of Everything as part of the 6G and beyond focusing on novel sensors, solar-cells for energy harvesting and optical detection, and hybrid RF-optical wireless technologies, and the application of machine learning to improve adoption, optimization, and security aspects in sensor networks.  OWIN6G will contribute significantly to the fundamental scientific understanding, technical know-hows and innovation of the future hybrid RF/optical WSN through the collaborative research involving ten individual DCs projects addressing specific challenges and applications. OWIN6G will make significant contributions to the fundamental scientific understanding, technical know-how and innovation of the future hybrid optical/RF sensor network. In addition to technical TP through PhD courses, dedicated tutorials and workshops organized by the Doctoral Network, DCs will be offered complementary non-technical training activities, including entrepreneurship, authoring scientific papers/patents, dissemination, etc. Having industrial partners participate will further enhance DC's technological progress by focusing on standardization, commercialization, and handling of real-world projects in a real-world environment.","Sensors Networks, optical and wireless sensors, Internet of Things, energy harvesting, solar cells, renewable energy,",entrepreneurship | sensors | machine learning,HORIZON-MSCA-2022-DN-01-01,MSCA Doctoral Networks 2022,HORIZON-TMA-MSCA-DN,HORIZON-MSCA-2022-DN-01,HORIZON-MSCA-2022-DN-01,2023-09-01,2027-08-31,HORIZON_EUROPE,2023,HORIZON_EUROPE|2021_2023,25
101066941,CORE,Conceptualizing Oppression-Related Emotions,"CORE proposes the category of Oppression-Related Emotions (ORE) to identify a cluster of painful emotions related to experiences of oppression (especially in the terms of gender) and their relationship to oppression, knowledge, and painful manifestations. The main research hypothesis is that oppression-related emotions are influenced by the axes of oppression: i.e., these emotions may be experienced differently depending on the dimension of gender, class, race, etc. The project will focus on the gender axis. From this, two issues will be investigated: the role of oppression-related emotions' in the production of female, feminist, and anti-oppressive subjectivities and knowledge, and oppression-related emotions’ relationship with painful manifestations. This project will be carried out through a philosophical framework informed by contemporary naturalized feminist philosophy, implementing interdisciplinary research integrating feminist philosophy with relevant research in psychology, social sciences, and health science. Located at the intersection of feminist philosophy, psychology, social sciences, and health, CORE’s goal is to develop a theoretical framework that will support interventions into health issues experienced more frequently by women, including autoimmune diseases, fibromyalgia, and eating disorders, among others. To investigate oppression-related emotions in a philosophical framework through interdisciplinary research, and to propose new perspectives on their relationship with painful manifestations, CORE develops a methodology that is naturalized, interdisciplinary, feminist, and intersectional.","Emotions, feminist philosophy, feminist epistemology, posthumanities, new materialism",psychology | philosophy,HORIZON-MSCA-2021-PF-01-01,MSCA Postdoctoral Fellowships 2021,HORIZON-TMA-MSCA-PF-GF,HORIZON-MSCA-2021-PF-01,HORIZON-MSCA-2021-PF-01,2022-10-01,2025-09-30,HORIZON_EUROPE,2022,HORIZON_EUROPE|2021_2023,26
190162340,S-trodes,Reliable Medical Grade Home-Based Test for Self-Use for people with Sleep DIsorders,"Sleep disorders are prevalent in 1/3 of the global population, across various age groups, and considered a public health epidemic. Nevertheless, sleep disorders are often unrecognized and under-reported. These disorders can contribute to other medical problems, and some may also be symptoms for underlying mental health issues. Sleep monitoring is essential for reliable diagnosis and improved management of sleep disorders. Currently, sleep disorders are only measured during an overnight Polysomnography (PSG); however, this method is limited in clinical implication due its unavailability, high cost, unnatural sleep environment and episodic brain patterns. Smart Skin technology enables monitoring treatment efficacy: the platform is designed to replace PSG with home-based accessible technology. The EIC funding will enable X-trodes to optimize its platform and to perform the clinical validation activities necessary to obtain CE Mark and start commercialization in Europe.","Parkinson's Disease, Sleep disorders, Brain monitoring, electrodes, printed electrodes, brain waves, sleep monitoring, sleep architecture, wellbeing",psychiatry,HORIZON-EIC-2023-ACCELERATOROPEN-01,EIC Accelerator Open 2023,HORIZON-EIC-ACC-BF,HORIZON-EIC-2023-ACCELERATOR-01,HORIZON-EIC-2023-ACCELERATOR-01,2023-11-01,2026-01-31,HORIZON_EUROPE,2023,HORIZON_EUROPE|2021_2023,27
101102013,HE-ART,Hybrid Electric propulsion system for regional AiRcrafT,"Air travel is an important supplement to other means of regional transportation and in some regions the only viable solution. However, the regional transport market is highly competitive, and air travel must demonstrate that it can compete with hi-speed trains, cars or coaches. One major issue is the perception of the high CO2 and greenhouse gas (GHG) emissions by planes for these short journeys. Hybridization of the propulsion system enables combining the technical components benefits, thereby achieving an overall efficiency improvement. It is a concept well understood by the general public, due to the hybridization of automobiles, and can bring a real impact on the reduction of GHG emissions.While enabling rather than limiting new sources of energy in aviation, an ambitious path to reduction of greenhouse gases and the pathway to a cleaner and greener aviation for regional flights is built upon three pillars:•Electric hybridization•An ultra-efficient turboprop thermal engine•100% SAF compatibilityHE-ART will be a first step on the path to hybridization of regional aircraft and a reduction of up to XX% of GHG. This will be accomplished by achieving a strategic global objective of demonstrating, within 36 months, the viability of a hybrid electric thermal turboprop (e-TP) within the scope of a dedicated integrated ground test demonstrator.HE-ART will build on existing state of the art integrating the following technologies into the demonstrator:•Core thermal engine•Electric motor and power electronics•Gearbox•Propeller•Nacelle and heat exchangerThis will be executed in conjunction with the Top-Level Aircraft Requirements that will be defined in parallel Clean Aviation research projects. To ensure that these requirements are met in full, HE-ART brings together the leading engine manufacturers, Rolls Royce and Safran with leading airframers, ATR, Airbus and Leonardo along with key manufacturers and research organisations.","turboprop, e-TP, HEPS, regional aircraft, advanced propeller",aircraft,HORIZON-JU-CLEAN-AVIATION-2022-01-HER-01,Multi-MW Hybrid-Electric Propulsion System for Regional Aircraft,HORIZON-JU-IA,HORIZON-JU-Clean-Aviation-2022-01,HORIZON-JU-Clean-Aviation-2022-01,2023-01-01,2026-12-31,HORIZON_EUROPE,2023,HORIZON_EUROPE|2021_2023,28
101109963,CIDoRa,"Community, identity and diversity in German youth radio","In times of increased mobility, urbanisation and sociocultural tensions, the way professional media as information providers and public watchdog present diversity has implications for social cohesion and for how young people perceive identity and society. Against this background, youth radio stations, which have become increasingly interactive and collaborative in the digital age, are an important point of orientation for many young people living in ethnically and linguistically diverse spaces, often struggling to fit in, and looking for reliable information and guidance. Despite German broadcasters' statutory and moral obligations to promote social cohesion and to contribute to building a non-discriminatory society in Germany, the media's representations of ethnic diversity have frequently been criticised. Little is known, however, about what a meaningful engagement with diversity means for journalists and how they try to create social cohesion through their work. Through linguistic ethnography at a German youth radio station and a critical discourse analysis of media messages, CIDoRa will provide new insights into the linguistic and semiotic practices of radio content production to explore how journalists construct and negotiate a collective urban youth identity with their diverse audience and thereby try to create a sense of community. In this context, my project will shed light on possible issues that can lead to an unbalanced and negative portrayal of ethnic and linguistic diversity on youth radio to foster a more meaningful engagement of journalists with diversity. By developing approaches for diversity-oriented communication, CIDoRa responds to timely social concerns around difference and voice in a mobile world fraught with deepening division. The results of my project will be disseminated through academic publications and outreach activities for journalists organised in collaboration with media stakeholders.","Critical sociolinguistics, Linguistic ethnography, Critical discourse analysis, Multimodality, Youth, Identity",journalism,HORIZON-MSCA-2022-PF-01-01,MSCA Postdoctoral Fellowships 2022,HORIZON-TMA-MSCA-PF-EF,HORIZON-MSCA-2022-PF-01,HORIZON-MSCA-2022-PF-01,2023-07-01,2025-06-30,HORIZON_EUROPE,2023,HORIZON_EUROPE|2021_2023,29
101070737,BOOST,Boosting Smart Regional Innovation Ecosystems,"Our vision is to “co-create Europe'' through a 21st century mindset, methodology, skills and tools, closing the innovation gap between “innovation leaders” and “moderate/modest innovators”. We rely on inclusion and active participation of actors, institutions and places that collaborate to maximize the value of innovation to society and ensure equitable diffusion of its benefits. BOOST project proposes a systemic approach, both inclusive and collaborative, to strengthen innovation ecosystems in Europe. The main aim of BOOST project is to increase the scope and efficiency of interregional collaboration among project partners and their regional innovation ecosystems, in the following thematic areas: Industry 4.0, Cleantech and Green Transition, Health & Well-being, and ICT & Digital Transformation, by designing a structural (multi-dimensional) Interregional Collaboration Framework (ICF), develop tools and mechanisms that enable and support the operationalization and scale up of the ICF among Smart Regions, and contribute to the transition towards Green and Digital Regional development models and policies in Europe.BOOST proposes a two-phase implementation process: (1) first the co-design and co-development of project’s core concepts: Vision, mission, ICF and Unique Selling Proposition, and initiating the BOOST community and collaboration Corridor; and (2) second to set up and mature the ICF among Smart Regions by developing a joint 5-year Innovation Action Plan, aligned with regional/national/EU innovation policies and synchronized with innovation funding mechanisms across partner regions and EU.The consortium brings together 4 partners (TIT, NWRDA, BBF and CLDI) from 3 modest and moderate innovator countries Bulgaria, Romania, and Spain, and 2 partners (VK and TSP) from 2 lead innovator countries Denmark and Estonia, enhancing exchange of innovation and boost best practices at the level of public and private stakeholders.","Regional Innovation Ecosystems, Interregional Collaboration Framework, Co-Design, Co-Development, Smart Specializations, Industry 4.0, Cleantech, Health & Well-being, ICT & Digitalization",,HORIZON-EIE-2021-CONNECT-01-01,Preparatory action for setting up joint programmes among innovation ecosystems actors,HORIZON-CSA,HORIZON-EIE-2021-CONNECT-01,HORIZON-EIE-2021-CONNECT-01,2022-06-01,2024-05-31,HORIZON_EUROPE,2022,HORIZON_EUROPE|2021_2023,30
101135965,SAFARI,SAFE AND SUSTAINABLE BY DESIGN GRAPHENE/MXENES HYBRIDS,"The SAFARI project aims to develop new 2D materials using sustainable and safe processes. The project focuses on creating hybrid formulations of MXenes and Graphene (Gr), which are known to possess unique and desirable properties such as thermal stability  electrical conductivity. The goal of the project is to develop sustainable and safe materials that can be used in a wide range of applications such as biosensors, conductive ink, and EMI shielding. The SAFARI project begins with the preparation of precursor compounds known as MAX phases. These compounds are then used to produce two types of MXenes (Ti3C2 and Cr2C) which are further functionalized to enhance their properties and increase their affinity with Graphene. The resulting 2D hybrid materials are created using two different methods, and their structural, morphological, and functional properties are thoroughly examined. One of the main strengths of the SAFARI project is that is allinged with the SSbD principles. Thus assessment of the toxicological and eco-toxicological profiles of the new materials through a range of tests and assays will be conducted. In conclusion, the SAFARI project represents a significant step forward in the development of 2D hybrids with MXenes/Graphene for use in a wide range applications.","Safe & Sustainable by design, MAXPHASED, MXenes, 2D Materials, Graphene",biosensors | electromagnetism and electronics | graphene,HORIZON-CL4-2023-DIGITAL-EMERGING-01-32,Sustainable safe-by-design 2D materials technology (RIA),HORIZON-RIA,HORIZON-CL4-2023-DIGITAL-EMERGING-01-CNECT,HORIZON-CL4-2023-DIGITAL-EMERGING-01-CNECT,2023-12-01,2027-05-31,HORIZON_EUROPE,2023,HORIZON_EUROPE|2021_2023,31
101080229,DREAMS,Drug REpurposing with Artificial intelligence for Muscular disorderS,"According to World Health Organization, to date, fewer than 6% of rare diseases (RDs) have an approved treatment option. In the light of this observation, it appears crucial to develop disruptive approaches that allow to find treatments for multiple RDs. To achieve this goal, DREAMS will start from 5 rare neuromuscular disorders (NMD) that share common pathophysiological characteristics related to dysfunctions of autophagy and desmin disorganization. Using skeletal muscle cells derived from induced pluripotent stem cells (skMC-iPSC), DREAMS will i) identify shared biomarkers of the 5 diseases and ii) perform a high throughput drug screen on all 5 diseases. Through a first Artificial Intelligence (AI) based solution, the output of the drug screening will be used to find drug targets shared between the diseases. A second AI based solution will be used to find drug candidates (repurposable drugs and new molecular entities) for these shared drug targets. A third AI-based solution will be used to find additional diseases that could be treated through the shared drug targets, in order to extend the indications for the most promising drug candidates. Following their discoveries, the promising drug candidates will be tested for efficacy and safety in both iPSC and mouse models of the 5 NMDs and additional diseases. In parallel, DREAMS will design an adaptive clinical trial to prepare the final stages of drug development of these novel drug candidates with multiple indications. Together, these technological and conceptual innovations will allow the DREAMS consortium to i) develop therapies to treat multiple NMDs and related diseases, ii) to create a novel clinical design that generates a regulatory pathway for drugs that treat heterogeneous groups of patients suffering from RDs iii) to further the scientific understanding of commonalities in RDs, and iv) to create a reusable drug development platform to discover safe and effective treatments for RDs in general.","Induced pluripotent stem cells, artificial intelligence, neuromuscular disorders, autophagy, phenotypic drug screening, virtual drug screening, adaptive clinical trial",drug discovery,HORIZON-HLTH-2022-DISEASE-06-04-two-stage,Development of new effective therapies for rare diseases,HORIZON-RIA,HORIZON-HLTH-2022-DISEASE-06-two-stage,HORIZON-HLTH-2022-DISEASE-06-two-stage,2023-11-01,2028-10-31,HORIZON_EUROPE,2023,HORIZON_EUROPE|2021_2023,32
101070254,CoreSense,CoreSense: A Hybrid Cognitive Architecture for Deep Understanding,"Cognitive robots are augmenting their autonomy, enabling them to deployments in increasingly open-ended environments. This offers enormous possibilities for improvements in human economy and wellbeing. However, it also poses strong risks that are difficult to assess and control by humans. The trend towards increased autonomy conveys augmented problems concerning reliability, resilience, and trust for autonomous robots in open worlds. The essence of the problem can be traced to robots suffering from a lack of understanding of what is going on and a lack of awareness of their role in it. This is a problem that artificial intelligence approaches based on machine learning are not addressing well. Autonomous robots do not fully understand their open environments, their complex missions, their intricate realizations, and the unexpected events that affect their performance. An improvement in the capability to understand of autonomous robots is needed. This project tries to provide a solution to this need in the form of 1) a theory of understanding, 2) a theory of awareness, 3) reusable software assets to apply these theories in real robots, and 4) three demonstrations of its capability to a) augment resilience of drone teams, b) augment flexibility of manufacturing robots, and c) augment human alignment of social robots. In summary, we will develop a cognitive architecture for autonomous robots based on a formal concept of understanding, supporting value-oriented situation understanding and self-awareness to improve robot flexibility, resilience and explainability.","artificial intelligence, cognitive architecture, understanding, awareness, autonomy, adaptation",software | cognitive robots | drones | machine learning,HORIZON-CL4-2021-DIGITAL-EMERGING-01-11,"Pushing the limit of robotics cognition (AI, Data and Robotics Partnership) (RIA)",HORIZON-RIA,HORIZON-CL4-2021-DIGITAL-EMERGING-01,HORIZON-CL4-2021-DIGITAL-EMERGING-01,2022-10-01,2026-09-30,HORIZON_EUROPE,2022,HORIZON_EUROPE|2021_2023,33
101136302,CSA BrainHealth,Designing a European Brain Health Landscape,"The Coordination and Support Action (CSA) BrainHealth will lay the ground for an envisaged ‘European Partnership (EP) on Brain Health’. Twenty participants from 11 Member and Associated States and Third countries will jointly pursue the work plan. The overall objective of the CSA is to sizeably contribute to maintenance and restoration of brain health for citizens in Europe and worldwide. Specifically, the project aims to design a collaboration framework for the EP as an umbrella for existing initiatives and stakeholder communities in this area. The CSA will create a common understanding of achievements, gaps and future developments in European research into brain health, and derive from them priorities and opportunities in a Strategic Research and Innovation Agenda (SRIA). Intense consultation with representatives of Member and Associated States is expected to lead to adoption of the SRIA and development of an implementation plan that will allow for strategic alignment of regional and national research programmes and commitments to the EP. Research infrastructures and platforms will be analysed regarding their service opportunities, and solutions will be developed to facilitate data and material sharing in the area of brain health. For highest possible impact, the CSA will reach out to the most relevant globally acting initiatives and their brain research strategies and policies. Synergies will be identified to shape the international landscape and establish new while maintaining existing collaboration. Finally, the CSA activities will be embedded in thoroughly planned dissemination and communication activities and an efficient management structure.","Neurological and Psychiatric disorders, JPND, NEURON, EBC, EBRAINS, Strategic Research and Innovation Agenda, Public and Patient Involvement, policy makers, research funding, stakeholders, ERA",,HORIZON-HLTH-2023-DISEASE-03-06,Towards structuring brain health research in Europe,HORIZON-CSA,HORIZON-HLTH-2023-DISEASE-03,HORIZON-HLTH-2023-DISEASE-03,2023-11-01,2025-10-31,HORIZON_EUROPE,2023,HORIZON_EUROPE|2021_2023,34
101061179,SCIENCE GTS,Science Goes To School,"The Mediterranean regions of Murcia and the Valencian Community share the same sea and horizon. A symbol of a collective future with great common environmental, technological, economic and social challenges. The contributions of bi-regional R+D+i are necessary to face these challenges, as well as it is necessary to ensure their continuity. Children and young people need to have a positive image of R+D+i, feel identified with it through inclusive and balanced gender referents and know the possibilities of STEAM (Science, Technology, Engineering, Arts and Mathematics) and research careers. Society also needs critical citizens without extreme positions not based on evidence that can weaken civic awareness and trust in democratic institutions.The main objective of Science Goes To School (SCIENCE GTS) is to implement a robust program of activities that brings research closer to society and vice versa. For this, it will use multiple informative formats (talks, workshops, shows, contests ...) and methodological resources (entertainment, humour, surprise ...). The topics covered will be both the great challenges posed by the Horizon Program, the Sustainable Development Goals and the European Green Deal, as well as the science of daily life. SCIENCE GTS contemplates two major actions: Researchers at Schools (RaS) and European Researchers' Night (ERN). RaS encourages the interaction of researchers and students, emphasizing the stimulation of scientific vocations, gender equality and inclusiveness. ERN makes researchers and general public interact, focusing on critical thinking, scientific culture and citizen science. A realistic awareness campaign will be used to secure the audience and a solvent assessment to measure the outreaches and impacts. The project is managed and coordinated by a neutral partner, who pursues the creation of a collaborative infrastructure between project partners and stakeholders that avoids duplication of effort.","Mediterranean Science,Researchers-Students-Citizens Interactions,EU Missions,Sustainable Development Goals, European Green Deal,Daily Science,STEAM Vocations,Gender Gap,Inclusion,Critical Thinking",,HORIZON-MSCA-2022-CITIZENS-01-01,European Researchers' Night 2022-2023,HORIZON-CSA,HORIZON-MSCA-2022-CITIZENS-01,HORIZON-MSCA-2022-CITIZENS-01,2022-03-01,2023-12-31,HORIZON_EUROPE,2022,HORIZON_EUROPE|2021_2023,35
101058680,Fluently,Fluently - the essence of human-robot interaction,"Fluently leverages the latest advancements in AI-driven decision-making process to achieve true social collaboration between humans and machines while matching extremely dynamic manufacturing contexts.The project results will be: 1) Fluently Smart Interface unit and 2) the Robo-Gym.The Fluently Smart Interface unit features: 1) interpretation of speech content, speech tone and gestures, automatically translated into robot instructions, making industrial robots accessible to any skill profile; 2) assessment of the operator’s state through a dedicated sensors’ infrastructure that complements a persistent context awareness to enrich an AI-based behavioural framework in charge of triggering the generation of specific robot strategies; 3) modelling products and production changes in a way they could be recognized, interpreted and matched by robots in cooperation with humans. Robots equipped with Fluently will constantly embrace humans’ physical and cognitive loads, but will also learn and build experience with their human teammates to establish a manufacturing practise relying upon quality and wellbeing. The bond between human and robot is personalized, and it is established during a preliminary training at the Robo-Gym, the first European hub for human-robot interactive training, where human and robot learn from each other a common work practice. Fluently will be validated by demonstration on three full scale pilots characterized by various level of automation, production dynamism and complexity of the manufacturing decision making process.The total project value required to commercialize the Fluently device and Robo-Gym concept is 18.8 M EUR. Forecast for EBITDA in 2028 is 16.3 M EUR, payback in 2028, with 13% gross profit and ROI 91% in line with sectorial performances. The new turnover generated requires at least 325 workers employed along the Fluently supply chain. Fluently will bring together 21 key industrial and academic stakeholders from 13 countries.","ASIC-based smart interface unit, artificial intelligence/empathy, enhanced human-collaboration, zero coding",automation | sensors,HORIZON-CL4-2021-TWIN-TRANSITION-01-01,"AI enhanced robotics systems for smart manufacturing (AI, Data and Robotics - Made in Europe Partnerships) (IA)",HORIZON-IA,HORIZON-CL4-2021-TWIN-TRANSITION-01,HORIZON-CL4-2021-TWIN-TRANSITION-01,2022-06-01,2025-05-31,HORIZON_EUROPE,2022,HORIZON_EUROPE|2021_2023,36
101056883,INCHILDHEALTH,IDENTIFYING DETERMINANTS FOR INDOOR AIR QUALITY AND THEIR HEALTH IMPACT IN ENVIRONMENTS FOR CHILDREN: MEASURES TO IMPROVE INDOOR AIR QUALITY AND REDUCE DISEASE BURDENS.,"InChildHealth will integrate health, environmental, technical and social sciences research to identify determinants for Indoor Air Quality (IAQ) and evaluate their impact in environments occupied by school children. We will focus on chemicals, particle concentrations, microorganisms and physical parameters in schools, homes, sports halls and transport. The IAQ of these environments determines the dose received by the children and may directly influence their health and well-being. An environmental epidemiological study and controlled interventions conducted in schools in three European cities will assess the health effects of multipollutant airborne exposures on respiratory infections, allergies, and neurological and cognitional symptoms. In addition, dose-response will be evaluated with a novel cytotoxicity testing pipeline using in-vitro approaches. The InChildHealth consortium will cover an impressive variety of geographical and cultural diversity, with targeted exposure measurement campaigns and citizen involvement in seven European countries from Northern, Central and Southern Europe and interventions in Australia.All project?s results will converge in the InChildHealth Integrated Risk Assessment Tool, which will provide information on the interactions between the sources, emissions, concentrations, exposure, doses and disease for children. Besides, we will develop user-friendly and low-cost monitoring technologies and strategies (technical and behavioural) to improve IAQ and reduce disease burdens. InChildHealth will produce many FAIR datasets on air pollutants and their main sources for indoor environments occupied by children in different climatic and social settings in Europe. Our findings will be disseminated as guidelines, recommendations and training material partly developed with children in a citizen science approach. Such material will support the IAQ regulatory framework in schools, facilitate IAQ management, and broadly promote healthier indoors","exposure; IAQ, ultrafine particles; black carbon; mitigation; emerging pollutants; exposome; flame retardants; microbiome; bioaerosols; respiratory infections; epidemiology; cognition; schools",air pollution engineering | civil society | microbiology,HORIZON-HLTH-2021-ENVHLTH-02-02,Indoor air quality and health,HORIZON-RIA,HORIZON-HLTH-2021-ENVHLTH-02,HORIZON-HLTH-2021-ENVHLTH-02,2022-09-01,2026-08-31,HORIZON_EUROPE,2022,HORIZON_EUROPE|2021_2023,37
101083936,JustWind4All,Just and effective governance for accelerating wind energy,"JustWind4All aims to support the acceleration of on- and offshore wind energy through just and effective governance, i.e., the creation of synergies among people and organisations to coordinate and participate in actions around wind energy strategies and deployment. To this end, JustWind4All develops knowledge, practical guidelines, instruments, strategies, and trainings for just and effective decision-making in on- and offshore wind energy governance. This move towards more effective and just decision-making processes and structures is crucial in the context of ambitious EU renewable energy targets, which require installing more and larger on- and offshore wind farms, speeding up the planning and deployment processes whilst ensuring no one is left behind. JustWind4All makes use of a rigorous trans- and interdisciplinary multi-method research design. It combines holistic impact assessment based on a social-ecological approach with techno-economic modelling to assess a variety of social, environmental, technical, and economic impacts and/or benefits to improve decision-making. Qualitative and quantitative methodologies (e.g., case studies, multicriteria mapping) help to investigate ways to foster wind energy citizenship with a particular focus on participation, energy justice and social innovation. Through transdisciplinary knowledge co-production in Wind Labs, JustWind4All makes the most out of novel resources i.e., practices (repowering), technologies (airborne, floating) and regions (e.g., Bulgaria) and engages in knowledge co-production with wind energy governance actors for fit-for-purpose outcomes. A cutting-edge Wind Forum network enables knowledge exchange and dialogue between multiple stakeholders across policy, community, market and third sector – it ensures that JustWind4All’s knowledge, practical guidelines, instruments, strategies, and training activities have maximum impact.","Governance, energy justice, impact assessment, energy system modelling, energy citizenship, participation, Wind Forum, knowledge co-production, airborne, repowering, offshore, onshore",governance,HORIZON-CL5-2021-D3-03-05,Wind energy in the natural and social environment,HORIZON-RIA,HORIZON-CL5-2021-D3-03,HORIZON-CL5-2021-D3-03,2022-11-01,2025-10-31,HORIZON_EUROPE,2022,HORIZON_EUROPE|2021_2023,38
190134541,MIWA - SMART REUSABLE PACKAGING,MIWA - SMART REUSABLE PACKAGING,"MIWA creates a complex and highly scalable ecosystem of Smart Reusable Packaging, built as an integrated hardware and software solution, with embedded IoT elements, connected to a vast digital environment and powered by advanced data analytics. MIWA reusable packaging carries the goods as well as data, working in tandem with unique electronic dispensers placed in retail and our digital platform operating in the Cloud. The data flows throughout the entire value chain thanks to IoT modules embedded in MIWAs hardware, offering substantial opportunities to all stakeholders involved to enhance efficiency, product & consumer safety and outperform the effects of the current single-use dominant approach. Life Cycle assessment study proves that MIWA can reduce overall negative environmental footprint of packaging by 71%, reflecting on several factors:  packaging waste reduction, eco-toxicity, fossil feedstock, water consumption and climate change impact.","Precycling,Smart technologies,Retailers,Branded producers,Effectiveness,(Non)food supply chain,Smart packaging,Reuse packaging,Sustainability,Waste prevention,Circularity",internet of things | software | ecosystems,HORIZON-EIC-2021-ACCELERATORCHALLENGES-01-02,Green Deal innovations for the Economic Recovery,HORIZON-EIC-ACC-BF,HORIZON-EIC-2021-ACCELERATORCHALLENGES-01,HORIZON-EIC-2021-ACCELERATORCHALLENGES-01,2022-01-01,2024-02-29,HORIZON_EUROPE,2022,HORIZON_EUROPE|2021_2023,39
101114249,ReTeWa,Textile Change - Recycling Textile Waste,"Textile Change is a Danish start-up company developing a promising and patent pending chemical recycling technology for fiber-to-fiber recycling of textile waste. The technology can be used for blended textiles including any combination of polyester, natural fibers (cotton, hemp etc.) and regenerated cellulose fibers (viscose, lyocell, etc.). The new EU Strategy for Sustainable and Circular Textiles tackles aims to ensure that by 2030 textile products placed on the EU market are made as much as possible of recycled fibers, but to reach this goal scalable recycling solutions for fiber-to-fiber recycling is needed. At Textile Change we are developing a scalable solution that can support the EU strategy and ensure fiber-to-fiber recycling for blended textiles.Two of three founders of Textile Change are women, and our focus in the WomenTech programme will be on market validation and product optimization.","Circular economy, recycling",recycling | fibers | textiles,HORIZON-EIE-2022-SCALEUP-02-02,Women TechEU,HORIZON-CSA,HORIZON-EIE-2022-SCALEUP-02,HORIZON-EIE-2022-SCALEUP-02,2023-07-01,2023-12-31,HORIZON_EUROPE,2023,HORIZON_EUROPE|2021_2023,40
101209061,hEag1DrugDis,Targeting the Oncogenic hEag1 Ion Channel: Developing Venom Peptide-Based Pharmacological Tools,"The human ether à go-go 1 (hEag1) ion channel, also known as Kv10.1, is a voltage-gated potassium channel that is highly expressed in the brain but remains largely absent in other tissues under healthy conditions. However, during cancer development, hEag1 is significantly upregulated in various tumours, making it a potential biomarker and therapeutic target. Its role in cancer, particularly in breast cancer, is still not well understood, which makes exploring hEag1 a critical focus of my research.In this project, I aim to discover and develop the first series of selective hEag1 ligands that can be used as pharmacological probes and therapeutic leads to investigate the channel's function in breast cancer. Building on preliminary data, I will utilize the rich pharmacological diversity found in animal venoms to identify novel peptide ligands that target hEag1. Through structure-activity relationship (SAR) studies and advanced medicinal chemistry, I plan to enhance the potency and selectivity of both newly discovered and existing ligands. These optimized compounds will enable me to explore the functional role of hEag1 in breast cancer progression and assess its therapeutic potential.By integrating peptide chemistry, pharmacology, and preclinical methodologies, this research will pave the way for the creation of highly specific hEag1-targeting probes and drugs. The ultimate goal is to deepen our understanding of hEag1's role in breast cancer and unlock new avenues for targeted cancer therapy, especially for aggressive forms like triple-negative breast cancer.","Toxinology,  venom-derived peptide,  voltage-gated ion channel,  electrophysiology",alkali metals | biomolecules | oncology | pharmacology and pharmacy,HORIZON-MSCA-2024-PF-01-01,MSCA Postdoctoral Fellowships 2024,HORIZON-TMA-MSCA-PF-EF,HORIZON-MSCA-2024-PF-01,HORIZON-MSCA-2024-PF-01,2025-06-01,2027-05-31,HORIZON_EUROPE,2025,HORIZON_EUROPE|2024_PLUS,1
101291049,ENES-RISe,ENES-RI Services: Services of the European Network for Earth System Modelling Research Infrastructure,"Effective climate policy and pathways out of the climate crisis require open, reliable, and actionable projections of Earth’s climate system. This project will deliver an improved and comprehensive portfolio of services from the European Network for Earth System Modelling Research Infrastructure (ENES-RI), aiming to streamline, facilitate, and accelerate the production of these projections and their use in science and policy. The services will achieve this by supporting users in overcoming key challenges: the increasing complexity of Earth system models (ESMs), their evaluation needs, the unprecedented data volumes they produce, and their adaptation to evolving high-performance computing (HPC) environments.The ENES-RI Services (ENES-RISe) project will address these challenges by delivering services based around four thematic pillars: ESMs and related key infrastructure tools, HPC adaptation and performance optimization, data distribution and standards, and tools for the evaluation of ESM output. In this last pillar, ENES-RISe will streamline the use of data from key European observational research infrastructures in ESM evaluation. Services in these pillars will target key user communities: climate modellers and researchers, the climate change impacts community, and climate services. Service discovery and adoption will be facilitated via a new unified catalogue of services, and targeted dissemination measures to expand the user base. ENES-RISe will be a major component of the European contribution to the international coordinated experiments of the World Climate Research Programme, and the related data distribution network, the Earth System Grid Federation.ENES-RISe will be delivered by a consortium with a long history of collaboration in delivering software, computing, and data services to climate modellers, researchers, and the broader user base of ESM simulations, and who are in the process of formalising that collaboration to ensure long-term sustainability.","Earth system modelling, climate change, model data repository, WCRP international experiments, high-performance computing",history | climatic changes | simulation software,HORIZON-INFRA-2025-01-SERV-02,Research infrastructure services to enable R&I addressing main challenges and EU priorities,HORIZON-RIA,HORIZON-INFRA-2025-01,HORIZON-INFRA-2025-01,2026-06-01,2029-05-31,HORIZON_EUROPE,2026,HORIZON_EUROPE|2024_PLUS,2
101147064,DENOVO,Towards an Integrative Model of the Relationship Between Episodic Memory and Novelty Detection Through a Behavioural and Neuropsychological Approach,"As memorizing new information relies on distinguishing the new from the familiar, novelty detection is closely tied to memory. Yet, the exact nature of this link remains unclear—are they two sides of the same function or rather distinct yet interacting processes? Critically, there are different types of novelty: absolute (new stimulus) or contextual (familiar stimulus in unexpected context). The ultimate goal of the MSCA """"DENOVO"""" project is to develop an integrative model of the relationships between episodic memory and these novelty types. Specifically, I will test the way novelty types interact with memory: unitary relation for absolute vs. independence for contextual. I will design innovative tasks and use complementary approaches of neuroimaging, neuropsychology, and cognitive psychology in 3 work packages—(i) a correlational study in volunteers aged >55 to examine the relationship between novelty and memory, (ii) a neuropsychological study with memory-impaired patients (probable Alzheimer’s disease (AD) and amnestic Mild Cognitive Impairment) to probe the impact of underlying brains network dysfunction and to characterize the patterns of impairments across novelty types at AD stages, and (iii) analysis of longitudinal data from a cohort of subjects aged >60 to study the temporality of changes in novelty types in relation to memory decline and brain regions atrophy. Beyond ground-breaking advances in understanding memory function, the insights will be of great interest to clinicians for both diagnosis and rehabilitation of memory disorders. Altered precociously in AD, absolute novelty may be an early diagnosis marker while contextual novelty, which boosts memory encoding, may be a compensation strategy. Personally, thanks to the expertise of my host and secondment labs, DENOVO will equip me with essential technical and clinical skills, advancing my long-term career goal of conducting research using neuropsychological approaches to study episodic memory function.""""",Episodic memory; Memory; Alzheimer's disease; Aging; Novelty detection; Mild cognitive impairment,cognitive neuroscience | physiotherapy | psychology,HORIZON-MSCA-2023-PF-01-01,MSCA Postdoctoral Fellowships 2023,HORIZON-TMA-MSCA-PF-EF,HORIZON-MSCA-2023-PF-01,HORIZON-MSCA-2023-PF-01,2024-12-01,2027-05-31,HORIZON_EUROPE,2024,HORIZON_EUROPE|2024_PLUS,3
101105349,NATOEUINNOCLIMAX,NATO and EU towards a common strategy against Russia hybrid warfare.  The case for energy-resources-climate security nexus and the possible use of EDTs,"This research project seeks to explore possible common NATO and EU strategies to fight Russian hybrid warfare, in the crucial areas of the energy-resources-climate security nexus, taking into account the role of Emerging Disruptive Technologies (EDTs).  It adopts an inter-disciplinary and policy-focused approach, integrating 2022 events with economic, political, and strategic studies. The project will focus on the development of strategic thinking in NATO and EU political-military institutions, to evaluate the gap between the strategic competition needs and the energy-resources-climate security policy results. The specific question this project aims to contribute to is: How can NATO collaborate with the EU by leveraging the dual use of EDTs to contain Russian strategic competition, especially in the areas of energy-resources-climate security nexus? Addressing this question will provide a range of empirical, policy, and theoretical contributions. The research has 3 specific objectives:SO1) Study what are the NATO new strategies to deal with the energy-resources-climate security nexus, to provide insights into Alliance support to Europe in the Russian weaponization of these areas. SO2) Analyze how NATO is developing its EDTs strategy to see how the dual use of new technologies can help in the energy-resource-climate security, and so the strategic competition with rivals.  SO3) Investigate what could be the strategic possibilities of NATO-EU collaboration and offer innovative strategic possibilities to cooperate with different policy options. This project aims to examine whether and how NATO and the EU may help their member countries to decouple from Russia, at the energetic-resource level, deal with technological disruption in a way that becomes a strategic advantage, and deal with climate change in a way that changes it from a threat multiplier to an opportunity.  This research will benefit my career allowing me to go back to work from NATO to academia in Italy.","NATO, EU, Russia, Hybrid warfare, energy, resources, climate, emerging disruptive technologies",renewable energy | industrial relations | foreign policy | international law | climatic changes,HORIZON-MSCA-2022-PF-01-01,MSCA Postdoctoral Fellowships 2022,HORIZON-TMA-MSCA-PF-GF,HORIZON-MSCA-2022-PF-01,HORIZON-MSCA-2022-PF-01,2024-01-15,2027-04-14,HORIZON_EUROPE,2024,HORIZON_EUROPE|2024_PLUS,4
101202022,STRESSADHD,Sex differences in the persistence of ADHD in relation to childhood adversity and stress exposure,"STRESSADHD aims to enhance understanding of sex differences in the persistence of Attention Deficit Hyperactivity Disorder (ADHD) into adulthood, particularly in relation to adverse childhood events (ACEs) and stress exposure. ADHD is a common childhood-onset neurodevelopmental disorder. Research has predominantly focused on boys with ADHD while girls with ADHD are often underdiagnosed and undertreated, potentially leading to adverse consequences later in life. There is still limited understanding of why ADHD sometimes remits yet in the majority of cases persists into adulthood. This holds especially for females. STRESSADHD will address this gap by investigating the extent to which persistence in females, including the onset and course of comorbid conditions, can be explained by ACEs and high stress exposure. STRESSADHD will use very large population-based cohort studies linked with national registries and genomic data, a combination uniquely suited for this research. Improved understanding of differences between males and females in relation to ACEs, stress exposure, persistence and comorbid conditions in ADHD will have important clinical implications. STRESSADHD will highlight the importance of sex differences in ADHD and raise awareness about its substantial burden. Sharing our knowledge with health care professionals, individuals with ADHD, and the general public STRESSADHD will improve identification, diagnosis and treatment in males and females.","ADHD, SEX DIFFERENCES, ADVERSE CHILDHOOD EVENTS, STRESS EXPOSURE, LIFESPAN, NATIONAL REGISTRIES, COHORT STUDY, POLYGENIC RISK SCORE",,HORIZON-MSCA-2024-PF-01-01,MSCA Postdoctoral Fellowships 2024,HORIZON-TMA-MSCA-PF-EF,HORIZON-MSCA-2024-PF-01,HORIZON-MSCA-2024-PF-01,2025-10-01,2027-09-30,HORIZON_EUROPE,2025,HORIZON_EUROPE|2024_PLUS,5
101272984,RuRho-SDT,Targeting Hypoxic Deep-Seated Tumours with Ru(II)-Rhodamine Complexes via Sonodynamic Therapy,"Sonodynamic therapy (SDT) is emerging as a promising alternative to conventional chemotherapy and light-activated therapies. Unlike other approaches, which often suffer from limited tissue penetration or severe systemic toxicity, SDT capitalizes on the unique properties of ultrasound to activate specialized compounds known as sonosensitizers. Upon exposure to ultrasound (up to 10 cm depth), these sonosensitizers generate reactive oxygen species (ROS) through cavitation-driven processes, thereby initiating localized oxidative stress and subsequent cancer cell death.  Despite these advantages, several critical challenges remain. One of the most significant obstacles is the hypoxic nature of deep-seated tumours. To address this limitation, new sonosensitizers must be specifically designed to favor oxygen-independent pathways, particularly through Type I mechanisms involving electron-transfer reactions. This project seeks to address this issue thrugh the rational design, synthesis, and biological evaluation in different cancer cell models of a new class of Ru(II)-rhodamine sonosensitizers. The innovation rests on a dual-component strategy: rhodamine-based moieties are incorporated for their ability to respond efficiently to cavitation events induced by ultrasound, while a strategically tailored Ru(II) metal fragment serves as an electron-transfer center. Following ultrasound irradiation and cavitation, excitation of the rhodamine unit promotes charge transfer to the Ru(II) center, enabling  Type I ROS generation even under hypoxic conditions. Beyond their therapeutic potential, these Ru(II)-rhodamine complexes will be rigorously characterized at both the physicochemical and biological levels, providing value insights into their properties and their induced therapeutic effect. Ultimately, this projects will create solid knowleadge for the rational development of next-generation sonosensitizers active under hypoxic conditions.","Sonodynamic therapy, metals in medicine, bioinorganic chemistry, ruthenium, rhodamine",oncology | ultrasound,HORIZON-MSCA-2025-PF-01-01,MSCA Postdoctoral Fellowships 2025,HORIZON-TMA-MSCA-PF-EF,HORIZON-MSCA-2025-PF,HORIZON-MSCA-2025-PF,2026-05-01,2028-04-30,HORIZON_EUROPE,2026,HORIZON_EUROPE|2024_PLUS,6
101292269,PARADISE,PlAsma technologies for Remediation of Air for a cleaner environment by Development of Innovative microwave Sintered Electroceramics,"PARADISE introduces an innovative cold plasma-based technology for industrial-scale air depollution, going beyond traditional and emerging methods. Its disruptiveness lies in a new core of the plasma reactor, a patented electroceramic discharge barrier. This breakthrough shifts the paradigm from incremental improvements to a new product, turning cold plasma from an academic promise into an industrial reality with a robust, scalable, and sustainable solution for air purification.The transition from TRL4 to TRL6 and market readiness builds on advances from the EU CEM-WAVE H2020 Project, which enabled pre-industrial manufacturing of large electroceramic components via Microwave Sintering (MWS). MWS is expected to overcome the limits of conventional sintering and Spark Plasma Sintering (SPS). The main risk concerns achieving homogeneous porosity in components; to mitigate this, a hierarchical approach is planned: full exploitation of MWS with SPS as a fallback.The electroceramic components will be integrated into two demonstrators: an agri-food site and an indoor healthcare pilot. The technology delivers cleaner air with lower energy demand, no consumables, and no secondary pollution transfer, offering a durable alternative to filters or adsorption systems.By fostering high-value manufacturing jobs and positioning Europe as a leader in clean-air innovation, PARADISE strengthens EU technological sovereignty and supports sustainable growth. Commercial success is ensured as the solution addresses urgent regulatory needs and a vast industrial air purification market, projected at €30B by 2033.","Cold plasma reactor, Microwave sintering, Industrial exhausts, In-door air cleaning, Temperature gradients, Green Deal",pollution,HORIZON-EIC-2025-TRANSITIONOPEN,EIC Transition Open,HORIZON-EIC,HORIZON-EIC-2025-TRANSITIONOPEN,HORIZON-EIC-2025-TRANSITIONOPEN,2026-03-01,2028-04-30,HORIZON_EUROPE,2026,HORIZON_EUROPE|2024_PLUS,7
101311070,CIRC4FOOD,The CIRC4FOOD Alliance: A New Ecosystem for Circular and Sustainable Functional Foods,"The CIRC4FOOD Alliance addresses critical research and innovation disparities within the European Research Area by empowering Widening countries to become engines of excellence in sustainable food systems. This comprehensive project establishes a new ecosystem to accelerate Europe's transition to circular and energy-efficient functional foods. By uniting 20 partners from academia, industry, and innovation clusters across 10 countries, CIRC4FOOD implements a multi-level transformation strategy. The project drives institutional modernization in partner universities by embedding CoARA-aligned, impact-oriented research assessment frameworks and establishing permanent interdisciplinary Research Hubs. It builds advanced research capacity through a shared infrastructure platform, a joint R&I agenda, and seed-funded projects. A core focus is on strengthening knowledge valorisation and entrepreneurship via dedicated hubs, equipping researchers with commercialisation skills and creating a pipeline for spin-offs. CIRC4FOOD integrates digital transformation through AI, digital twins, and FAIR data repositories to optimize processes and monitor impact. These innovations are validated in real-world industrial pilots, such as valorising dairy by-products and developing sustainable foods for healthy ageing. Through Living Labs, the project ensures societal engagement and co-creation. Ultimately, CIRC4FOOD bridges the innovation gap, boosts the competitiveness of Widening institutions, and delivers tangible solutions aligned with the EU Green Deal and Farm to Fork Strategy.",Circular food systems; functional foods; sustainability; energy-efficient processing; digitalisation; AI tools; valorisation; Living Labs; Widening excellence; knowledge transfer; innovation hubs.,entrepreneurship | dairy | sustainable economy,HORIZON-WIDERA-2025-01-ACCESS-01,European Excellence Initiative (EEI),HORIZON-CSA,HORIZON-WIDERA-2025-01,HORIZON-WIDERA-2025-01,2026-10-01,2030-09-30,HORIZON_EUROPE,2026,HORIZON_EUROPE|2024_PLUS,8
101139232,6G-GOALS,6G Goal-Oriented AI-enabled Learning and Semantic Communication Networks,"Wireless mobile communication has continually evolved towards higher data rates, with 5G expanding its scope to include massive and ultra-reliable low-latency links. The underlying quest in the wireless evolution has been to solve the technical problem of reliable data exchange between two end-points. 6G-GOALS will take the wireless system design to its next stage by considering the significance, relevance, and value of the transmitted data, transforming the potential of the emerging AI/ML-based architectures into a semantic and goal-oriented communication paradigm. Two trends corroborate the timeliness of 6G-GOALS: (1) the burden on wireless networks by data flows with low semantic content or relevance for the end goal; (2) the increased AI capability of network nodes and devices to extract ‘meaning’ and intention from unreliable data flows. These trends underpin the two main objectives of 6G-GOALS: (1) to reduce data traffic by conveying only the most relevant information; (2) to design data-efficient, robust, and resilient protocols that can adapt to network conditions and communication objectives using modern AI/ML techniques. The research breakthroughs and innovation of 6G-GOALS are three-fold: First, 6G-GOALS will develop AI/ML-empowered semantic data representation, sensing, and compression algorithms combining data-and-model-driven approaches, and work towards exploiting untapped gains from AI-based joint source-channel coding. Second, 6G-GOALS will introduce semantic-oriented solutions for supporting distributed reasoning and time-sensitive communication, generalizing low- latency of 5G by tailoring communication to the actual goal. Finally, 6G-GOALS will introduce wireless technologies for sustainability in energy efficiency, EMF exposure, and spectrum management, by defining the concept of semantic cognitive radio.","6G, Semantic, Communication, Wireless, AI, Machine Learning, Goal-Oriented, Energy Efficeincy, EMF, sustainability Control, ORAN",climatic change mitigation | data exchange | cognitive radio,HORIZON-JU-SNS-2023-STREAM-B-01-02,Wireless Communication Technologies and Signal Processing,HORIZON-JU-RIA,HORIZON-JU-SNS-2023,HORIZON-JU-SNS-2023,2024-01-01,2026-12-31,HORIZON_EUROPE,2024,HORIZON_EUROPE|2024_PLUS,9
101290632,STEPH,STrengthening Ecodesign pathways with performance assessment Parameters for Home textiles and footwear,"STEPH is a three-year multidisciplinary and multi-actor collaborative project, involving 15 partners across seven European countries. Its overall aim is to support the implementation of the Ecodesign for Sustainable Products Regulation (ESPR) and accelerate the wider adoption of ecodesign principles in the home textiles and footwear product groups. At the core of STEPH is the development and validation of at least 20 ecodesign parameters and 10 testing methods and technologies, engaging with at least 800 product manufacturers, 10 market surveillance authorities and 3000 stakeholders, ensuring broad dissemination of impacts.The project begins by analysing regulations, methodologies, and framework conditions aligned with ESPR principles, involving experts and specialized stakeholders. It then conducts a demand-driven analyses of markets, value chains, consumer preferences, and LCI databases to identify appropriate technologies, ecodesign parameters and define 4 innovative scenarios for each product group. To validate these scenarios, STEPH will perform a number of assessments and laboratory tests focused on material efficiency, circularity performance, and the elimination of hazardous substances. It will also apply life cycle assessments aiming for a minimum 15-20% improved impact of our methods and scenarios for the environment, economy and society. Based on these results, STEPH will develop a circular design toolkit along with training materials to support capacity building activities among product manufacturers, SMEs and market surveillance authorities. The findings of STEPH will inform standardisation outputs and shape the design of incentive-based instruments and policy recommendations aligned with EU and international frameworks. This will reinforce the implementation of ESPR and promote the broader adoption of ecodesign practices across Europe.","ESPR, Sustainable Manufacturing, Sustainable Products, Home Textiles, Footwear, Assessment Methods",databases | textiles | sustainable economy,HORIZON-CL6-2025-01-CIRCBIO-02,Improving ecodesign of products and development of testing methods for products prioritised under the Ecodesign for Sustainable Products Regulation,HORIZON-RIA,HORIZON-CL6-2025-01,HORIZON-CL6-2025-01,2026-07-01,2029-06-30,HORIZON_EUROPE,2026,HORIZON_EUROPE|2024_PLUS,10
101215427,EQUIP-G,EQUIP-G - European QUantum Infrastructure Project for Gravimetry,"Imaging the Earth's interior has always been one of the key challenges in geosciences as it is a prerequisite for understanding our planet's internal dynamics and the coupling between its inner and outer envelopes. Gravity measurements at different altitudes (ground, airborne and space-based observations) provide a unique imaging tool, as they supply direct information on mass changes at different spatio-temporal scales. Following decades of research, developments and industrial transfers, quantum technology reached a high level of maturity and it is now possible to deliver operational quantum gravimeters offering various advantages with respect to devices that have been hitherto used.Aligned with the objective of strengthening EU’s strategic autonomy and competitiveness, EQUIP-G proposes to deploy a network of quantum gravimeters in Europe. This will represent the first step towards establishing the terrestrial segment of the pan-European quantum gravimetry infrastructure, revolving around a shared instrumentation facility (Instrumental Park). For this purpose, quantum gravimeters, dual quantum gravi-gradiometers and an onboard quantum gravimeter will be employed. These instruments will be comprehensively tested, before being deployed in the field. We will demonstrate, through innovative measurement strategies, the ability of the quantum gravity network to contribute to EU priorities, such as green deal, energy management and risk mitigation. Metrological oversight will ensure that all collected quantum gravity data will be SI traceable. Data will be managed in line with the FAIR principles and with a long-term perspective to establish a TCS for gravimetry within EPOS. EQUIP-G will engage in strong community building, aimed at involving the whole European gravimetry community in the development of the long-term Instrumental Park initiative that will extend beyond the end of the project, democratizing the use of quantum gravity devices produced in Europe.",Quantum field and airborne gravimeters ; Network of quantum gravimeters ; European quantum instrumental shared park ; proof of concept of innovative measurement protocols and set-ups ;,planets | theoretical physics,HORIZON-CL4-2024-DIGITAL-EMERGING-02-01,Developing and deploying a network of quantum gravimeters in Europe,HORIZON-IA,HORIZON-CL4-2024-DIGITAL-EMERGING-02,HORIZON-CL4-2024-DIGITAL-EMERGING-02,2025-06-01,2029-05-31,HORIZON_EUROPE,2025,HORIZON_EUROPE|2024_PLUS,11
101181294,BMD,Biodiversity Meets Data,"Biodiversity Meets Data - BMD - is a Single Access Point that provides managers of natural resources and policy makers with access to high-throughput biodiversity monitoring tools and AI driven taxon identification services, services to mobilise historical baseline and legacy data to FAIR data repositories, a data catalogue to all available biodiversity information, a suite of Virtual Research Environments (VREs) for data analyses for the terrestrial, freshwater and marine realms, and a web-GIS data viewer to explore the data and VRE results. All data are harmonised across space-time-taxonomy and transformed into multi-dimensional data cubes that are analysed by the VREs. The VREs are co-designed with the stakeholder representatives to ensure that the VREs meet all requirements. The VREs include tools for a) biodiversity monitoring, b) identification and analysis of drivers of change, and c) projections of land cover and climate change on the distribution of species and habitats. The VRE results are presented as comprehensive products to the end users so that they can effectively be used to monitor biodiversity, address drivers of biodiversity loss, and plan, manage and expand protected areas, improve the conservation status of species and habitats, and comply to the reporting obligations under the EU nature directives based on up-to-date knowledge and solutions. BMD builds on a consortium of partners that are involved in the development of European research infrastructures and biodiversity monitoring projects, including eLTER (Integrated European Long-Term Ecosystem, critical zone and socio-ecological Research), LifeWatch ERIC, MAMBO (Modern Approaches to the Monitoring of BiOdiversity), BGE (Biodiversity Genomics Europe), B3 (Biodiversity Building Blocks for Policy, GBIF (Global Biodiversity Information Facility), and ARISE (Authoritative and Rapid Identification System for Essential biodiversity information) among others.","Co-design, biodiversity data, data harmonisation, AI taxon identification, Virtual Research Environment (VRE), FAIR workflow, climate change, land cover change, spatial planning, Single Access Point",data science | genetics | biodiversity conservation | ecosystems | climatic changes,HORIZON-CL6-2024-BIODIV-01-2,Digital for nature,HORIZON-IA,HORIZON-CL6-2024-BIODIV-01,HORIZON-CL6-2024-BIODIV-01,2025-03-01,2029-02-28,HORIZON_EUROPE,2025,HORIZON_EUROPE|2024_PLUS,12
101135707,FORTIS,Multi-Modal and Multi-Aspect Holistic Human-Robot Interaction,"The European Union (EU) has experienced a decline in employment rates in various sectors such as industry, construction, and healthcare, with an aging workforce exacerbating the issue. To improve overall life standards and welfare, the EU's Horizon Europe programme is investing in emerging technology such as robotics and AI.FORTIS specifically focuses on providing a complete Human-Robot Interaction (HRI) solution that includes multi-modal communication and multi-aspect interaction. The goal is to develop a human-centric solution that addresses the needs of both the human workforce and the robots, allowing them to work together efficiently and safely. With cutting-edge research and advanced technology, this solution can help to mitigate the negative effects of an aging workforce on employment, working conditions, and welfare in the EU.The project will conduct three main pilots in the sectors of construction, infrastructure services, and manufacturing. These pilots will provide a total of 5 use cases to demonstrate the effectiveness and safety of the Human-Robot Interaction.Moreover, FORTIS will allocate a portion of the budget to finance pilots that allow civilians to interact with the robots in different settings, such as healthcare, public events, shopping centres, and grocery stores. This will provide an opportunity to evaluate the performance of the HRI solution in various real-world scenarios","Multi-modal interaction,Multi-aspect interaction,Holistic approach,Social robotics,Cultural robotics,Ethical robotics,Psychological robotics,Verbal & Non-verbal communication,Haptic feedback, AI",employment | robotics,HORIZON-CL4-2023-DIGITAL-EMERGING-01-02,"Industrial leadership in AI, Data and Robotics – advanced human robot interaction (AI Data and Robotics Partnership) (IA)",HORIZON-IA,HORIZON-CL4-2023-DIGITAL-EMERGING-01-CNECT,HORIZON-CL4-2023-DIGITAL-EMERGING-01-CNECT,2024-01-01,2027-12-31,HORIZON_EUROPE,2024,HORIZON_EUROPE|2024_PLUS,13
101305477,Knowledge2ALL,Share and develop scientific knowledge in society with support of studying STEM areas and choosing science career,"The project aims to bring closer scientific knowledge and researchers’ career to the general public (focusing mainly on pupils) by allowing a deep understanding of research and innovation, scientific knowledge by organising interactive programmes and communication activities. With sharing knowledge of researchers and scientists during the project activities will support the choice of science career and studying in STEM areas by pupils.This project aims at raising environmental consciousness in society showing the key role of research and innovation in addressing local and global societal challenges and so their essential part of our everyday life. Through raising awareness of circular economy processes the project will contribute to the objectives of European Green Deal and the call of MSCA and Citizens 2025.",,,HORIZON-MSCA-2025-CITIZENS-01-01,European Researchers' Night and Researchers at Schools 2026-2027,HORIZON-CSA,HORIZON-MSCA-2025-CITIZENS-01,HORIZON-MSCA-2025-CITIZENS-01,2026-05-01,2028-01-31,HORIZON_EUROPE,2026,HORIZON_EUROPE|2024_PLUS,14
101110216,Den-LLZO,Understanding the origins of dendrite formation and growth in LLZO solid electrolytes,"Rechargeable lithium-ion batteries have gained crucial importance for energy storage systems due to their high energy and power density, reliability and cyclability. Solid-state electrolytes provide a promising alternative for highly flammable conventional liquid electrolytes, as they offer high thermal stability, high conductivity and improved safety. Dendrite formation and growth through solid electrolyte is one of the main challenges, critically reducing the performance of Li batteries due to battery short circuit. However, the origins of dendrite formation and parameters affecting its growth rate are still unclear. It has been hypothesized that internal defects such as cracks, and grain boundaries serve as potential nucleation sites for dendrite formation as Li transports through solid electrolytes. The objective of Den-LLZO project is to obtain a fundamental understanding the origin of dendrite formation and growth in the vicinity of the microstructural features. Den-LLZO project aims to use atomic scale simulations to establish a mechanism map for dendrite formation in the presence of microstructural defects and to develop continuum models to predict the dendrite nucleation and growth rate in solid electrolytes. In the first phase, we perform first-principle and molecular dynamics simulations to identify when, how and to what extent different internal defects trigger dendrite formation and growth. The second phase seeks to develop predictive continuum models, informed through atomic scale simulations, for monitoring dendrite nucleation and growth in solid electrolytes. The ambitious goal of Den-LLZO project is to propose design principles for suppressing dendrite formation in solid electrolytes, resulting in improved lithium-ion battery performance and lifetime, and hence facilitated transition toward renewable energy.","Solid-state batteries,  Dendrite formation,  Atomistic simulation,  Grain boundary,  Fracture mechanics,  Continuum modelling",grains and oilseeds,HORIZON-MSCA-2022-PF-01-01,MSCA Postdoctoral Fellowships 2022,HORIZON-TMA-MSCA-PF-EF,HORIZON-MSCA-2022-PF-01,HORIZON-MSCA-2022-PF-01,2024-01-01,2025-12-31,HORIZON_EUROPE,2024,HORIZON_EUROPE|2024_PLUS,15
101146868,SynFuMIR,Syntactic functionality of motion verbs in Italo-Romance,"The project SynFuMIR investigates functionality in syntax by analyzing complex motion verb constructions in regional Italian. Functionality concerns various grammatical aspects of certain linguistic items that allow lexical units to be assembled together in more complex structures. Although it is a fundamental aspect of language, its nature has not been fully understood yet. Crucial questions to theoretical linguistics depend on our understanding of functionality. These questions will be tackled with new data from multilingual speakers. Syntactic functionality will be investigated by collecting new data via on-site fieldwork with speakers of Southern regional Italian, Sicilian, Calabrian, and Apulian (around 300 speakers in total). The considered constructions are restructuring, pseudo-coordination, and multiple agreement constructions. The main objective of the study is the development of a new theory of syntactic functionality based on the role of location as a syntactic element. My hypothesis is that location plays a crucial role in functionality and non-canonical argument structure. Other goals are language documentation and the investigation of language contact.By focusing on language contact between two or more extremely closely related languages that contain slightly different but comparable constructions, the involved grammatical features will be investigated in a new way compared to previous studies on the topic. Our understanding of language contact (micro-contact) and multilingualism (bilectalism) will also benefit from this study. Besides its contribution to grammatical theory, this project has also a social and cultural impact on speakers communities because of the engagement of Italian speakers about their dialects and the acknowledgment of regional Italians as real languages. It also represents an example of fruitful collaboration between different fields of linguistics: theoretical syntax, experimental linguistics, and sociolinguistics.","syntax, theoretical linguistics, functionality, motion verbs, multilingualism, dialectology, Romance linguistics, Italian, cross-linguistic variation",linguistics,HORIZON-MSCA-2023-PF-01-01,MSCA Postdoctoral Fellowships 2023,HORIZON-TMA-MSCA-PF-EF,HORIZON-MSCA-2023-PF-01,HORIZON-MSCA-2023-PF-01,2025-09-01,2027-08-31,HORIZON_EUROPE,2025,HORIZON_EUROPE|2024_PLUS,16
101105041,WAC-mTOR-OC,Targeting R2TP/TTT/WAC/mTOR complex in ovarian cancer.,"Ovarian Cancer (OC) is the most lethal gynecological tumor and has an especially high impact in Europe. 70% of patients develop an advanced stage due to the lack of early diagnosis tools and chemotherapy resistance. Therefore, a better understanding of altered molecular mechanisms driving OC progression is needed. Preliminary data from the host lab suggest that a complex formed by R2TP/TTT/WAC upon glucose and glutamine depletion, impairs mTOR activation. Moreover, the components of this complex are co-expressed in OC, a disease influenced by mTOR signaling and metabolic reprogramming. Thus, our hypothesis is that WAC regulates an mTOR activation pathway that influences OC progression and response to chemotherapy and that targeting this complex is a potential therapeutic prospect for the treatment of OC. In particular, we propose to (i) establish the mechanism and role of the R2TP/TTT/WAC/mTOR complex in OC and (ii) to identify new therapeutic strategies targeting this complex for the treatment of OC.We have envisioned this project as a diverse node of cancer signaling and protein experts, with a predicted outcome highly transferable to society. The translational character of this proposal, from molecular mechanism to therapeutics, relies on the integration of an interdisciplinary team formed by the host group proficiency in Structural Biology and my expertise in Molecular Biology and Drug Discovery, together with scientific experts on Experimental Therapeutics and Bioinformatics from the host institution and collaborators. Importantly, I will have the opportunity to develop new professional skills by both scientific exchanges and specific courses and to participate in dissemination activities to translate our findings to the scientific community and society. Thus, the MSCA fellowship will allow me to develop unique technical and transferable skills, to help me progress in my career developmental plan and establish myself as a leader in cancer research in Europe.","Ovarian cancer, mTOR, WAC",proteins | oncology,HORIZON-MSCA-2022-PF-01-01,MSCA Postdoctoral Fellowships 2022,HORIZON-TMA-MSCA-PF-EF,HORIZON-MSCA-2022-PF-01,HORIZON-MSCA-2022-PF-01,2024-09-01,2026-08-31,HORIZON_EUROPE,2024,HORIZON_EUROPE|2024_PLUS,17
101312023,DezION,Disinfection through Electrochemical Ion-Oriented Neutralization,"DezION develops an intelligent platform for the local electrochemical synthesis of oxidative disinfectant solutions, designed to replace imported, hazardous and logistically vulnerable chemical reagents widely used in the food industry, greenhouse sector, agriculture and water treatment. The technology integrates quantitative physico-chemical modelling, a multisensor measurement architecture (pH, ORP, EC, temperature, anode potential), and adaptive closed-loop control that continuously adjusts current, potential, hydrodynamics and temperature to maintain a stable oxidative profile of the solution.The core innovation lies in real-time control of the full oxidative composition (HOCl/ClO⁻ ratio, ROS formation, AOX suppression) and in compensating anode degradation — a critical limitation of current ECA systems. This enables reproducible chemical stability, predictable microbiological efficacy, and compliance with emerging EU standards (BPR, REACH, Drinking Water Directive, Zero Pollution).The project raises the technology from TRL 4 to TRL 6. Phase 1 focuses on building and validating a quantitative model for real-water matrices. Phase 2 implements this model in an upgraded prototype with integrated sensing and closed-loop control. Phase 3 evaluates the system in real operating environments ( livestock facilities units) using EN 14885/EN 17272 microbiological protocols, AOX monitoring and long-duration operation (50–200 hours).DezION reduces dependence on imported disinfectants, lowers logistical and safety risks, enables on-site generation from low-risk salts and electricity, and supports EU Green Deal and Zero Pollution goals. Alongside technical development, the project builds a scalable business model, IP strategy and regulatory roadmap, laying the foundation for further market deployment in Ukraine and the EU and for future EIC Accelerator investment readiness.","Electrochemical activation, on-site disinfectant generation, oxidative profile control, HOCl/ClO⁻ modelling, AOX minimisation, multisensor monitoring, closed-loop control, anode degradation compensati",,HORIZON-EIC-2025-UKRAINIANTECH-01,Support for the Ukrainian tech innovators,HORIZON-EIC,HORIZON-EIC-2025-UKRAINIANTECH-01,HORIZON-EIC-2025-UKRAINIANTECH-01,2026-07-01,2028-06-30,HORIZON_EUROPE,2026,HORIZON_EUROPE|2024_PLUS,18
101274912,HydroSCQP,Hydrodynamic theory for strongly coupled quantum plasmas,"Strongly coupled quantum plasmas are charged particle systems where ions interact strongly and electrons show quantum behavior. Such plasmas are ubiquitous in nature, occurring in giant planets and dwarf stars, but are also of key importance to technology, most importantly, highly compressed matter and inertial confinement fusion. Current direct particle-based calculations are limited by computational resources, motivating the development of approximate yet accurate descriptions.The fellow has recently developed a variational approach that replaces the particle description of ions with hydrodynamic equations. With classically treated electrons, this method successfully captured strong ion coupling. The project’s goal is to extend the framework to quantum electrons, essential for realistic applications. Electrons will be modeled using density functional theory in two levels of complexity: ground state and finite temperature. The method will be validated by computing the dispersion of collective excitations and comparing the results with those from numerical simulations, including new ones performed within this project, and experiments. Building on this, the project will also address shock wave formation and evolution in warm dense matter conditions, important for inertial confinement fusion and defining the states probed by scattering diagnostics at European large-scale facilities.The project will be supervised by a world-leading expert in strongly coupled quantum systems and mentored by an experienced theoretical plasma physicist, ensuring scientific training and professional development that will support the fellow’s path toward independence. Moreover, the approach offers a general way of formulating hydrodynamics when particle-based methods are not feasible, relevant across multiple fields. The results are expected to have broad scientific and technological impact, and strengthen Europe’s role in high-energy-density physics.","strongly coupled plasma, warm dense matter, collective oscillations, ion-acoustic mode, shock waves, density functional theory",plasma physics | planets,HORIZON-MSCA-2025-PF-01-01,MSCA Postdoctoral Fellowships 2025,HORIZON-TMA-MSCA-PF-EF,HORIZON-MSCA-2025-PF,HORIZON-MSCA-2025-PF,2026-11-01,2028-10-31,HORIZON_EUROPE,2026,HORIZON_EUROPE|2024_PLUS,19
101168124,PREPSHIELD,Preparedness for society in health crises and disasters,"PREPSHIELD aims to foster a more holistic and citizen-centric approach to health crisis preparedness and management, by co-creating policy recommendations, methods and an AI-powered platform for crisis management to better prepare for and address health emergencies from a social and societal perspective. To reach this objective, PREPSHIELD will rely on the participation of public authorities, citizens (specifically from vulnerable and non-compliant groups), CSOs, DROs and healthcare institutions. Based on the needs of these groups, PREPSHIELD will develop recommendations for health crisis preparedness, management and communication as well as tools to simulate future crises through an iterative process, involving various pilots for their evaluation. These pilots will include a communication pilot, tabletop exercises and an online exercise, which will include all these stakeholders and take place at different scales in different countries: local (Hamburg, DE), regional (Piedmont, IT) and national (Romania). The online exercise will rely on a PREPSHIELD platform and app (built on the proven CRIMSON platform) to reproduce real-life crisis communication conditions and provide decision-makers with simulations and feedback on the behaviour, wellbeing, capacities, and resources of the other stakeholders. The project brings together a complementary consortium of five universities, two public authorities, one RTO, two non-profit organizations, one SME and two large enterprises from seven European Union countries (and Switzerland).","inclusion, vulnerable, health, crisis, emergency, preparedness, management, response, healthcare, AI, decision support, policy, authority, civil society",,HORIZON-CL3-2023-DRS-01-01,Improving social and societal preparedness for disaster response and health emergencies,HORIZON-RIA,HORIZON-CL3-2023-DRS-01,HORIZON-CL3-2023-DRS-01,2024-09-01,2027-08-31,HORIZON_EUROPE,2024,HORIZON_EUROPE|2024_PLUS,20
101272623,StringCosmoAI,String Cosmology in the AI Era,"String theory offers a unified framework for quantum gravity, yet its predictive power is obscured by the vast “landscape” of four-dimensional effective field theories it produces. StringCosmoAI sets out a principled way to recover those theories that are both theoretically controlled and compatible with observations. I will combine sophisticated geometric tools -drawing in particular on tame geometry - with disciplined, auditable machine-learning methods to move beyond ad hoc searches.The programme advances along three complementary strands. First, I will construct and openly release large, validated databases of string-derived effective field theories, complete with provenance, machine-readable schema, and example notebooks for reuse. Second, I will establish when key questions in cosmology are statistically learnable or provably hard within string theory effective theories by drawing on statistical learning theory and computational complexity theory. Third, building on these theoretical foundations, I will deploy machine-learning techniques to chart theories compatible with cosmological observations - particularly slow-roll inflation and small vacuum energy - with rigorous uncertainty quantification and interpretability.The project is anchored in a purposeful collaboration between the University of Bologna and Northeastern University. Northeastern University offers a world-class environment for machine learning in fundamental physics, enabling rapid prototyping, interpretability, and robust evaluation of the AI tools and techniques employed; the University of Bologna brings leading expertise in string phenomenology and cosmology, ensuring theoretical control and meaningful physical interpretation of the results. This partnership will accelerate progress and, in turn, deliver a fresh, groundbreaking perspective on string theory phenomenology.","String Theory, Artificial Intelligence, Statistical Learning Theory",databases,HORIZON-MSCA-2025-PF-01-01,MSCA Postdoctoral Fellowships 2025,HORIZON-TMA-MSCA-PF-GF,HORIZON-MSCA-2025-PF,HORIZON-MSCA-2025-PF,2026-10-01,2029-09-30,HORIZON_EUROPE,2026,HORIZON_EUROPE|2024_PLUS,21
101169295,PATTERN,European Doctoral Network Enabling Artificial Intelligence for Electromagnetic Compatibility,"PATTERN is a Doctoral Network at the intersection of electromagnetic compatibility, medical engineering, system-safety engineering, and sustainability management. In its push to go beyond the state of the art the project will embed artificial intelligence (AI) into every challenge. The project will research how best to use AI to discover innovative and sustainable solutions to manage electromagnetic interference (EMI) and develop new sets of design guidelines for electromagnetic reliability and the safety of European medical products of the future.PATTERN’s science case is based on the integration and optimization of every key performance indicator (KPI) linked to the two revolutions faced by medical electronics: risk and sustainability. This requires us to think in terms of a trade-off across a new mix of disciplines, to develop innovative solutions, and to consider all the far-reaching societal and technical consequences of a design choice. Until now, even the most high-tech of industries have been forced to manufacture several prototypes and perform tests, because the actual performance of an EMI solution in a product is unknown. A characterization strategy embedded in these new realities is urgently needed.PATTERN is the first training network dedicated to the inclusion of AI as the choice of technology to support these paradigm shifts with a new design philosophy. It answers the recently highlighted, pressing need for trained specialists in the field.PATTERN involves 9 academic Beneficiaries and 9 industrial Associated Partners, across the complete lifecycle of design solutions, from 8 countries. A pan-European approach in a multi-sectoral context is guaranteed (universities, an established start-up, SMEs, and major industries) PATTERN will train a new generation of scientific professionals who can transition between disciplines and take up leading positions in the field of electronics, safety, sustainability and AI, while thinking about design differently.","Electromagnetic interference and compatibility, electromagnetic risk, high frequency",electromagnetism | philosophy,HORIZON-MSCA-2023-DN-01-01,MSCA Doctoral Networks 2023,HORIZON-TMA-MSCA-DN,HORIZON-MSCA-2023-DN-01,HORIZON-MSCA-2023-DN-01,2025-01-01,2028-12-31,HORIZON_EUROPE,2025,HORIZON_EUROPE|2024_PLUS,22
101154427,EPiC-VFG,The mystery of differentiation: exploring the link between enhancer priming and cell cycle in ventral foregut stem cells,"Pluripotent stem cell differentiation to disease targeted cell types has historically produced poor or inconsistent outcomes. The Brickman lab recently suggested that pausing differentiation, allowing cells to grow, and catch up at the level of the enhancer network, leads to improved differentiation. In particular, the Brickman lab has demonstrated that expansion of endoderm at the ventral foregut stage (VFG) increases the efficiency and efficacy of pancreatic endocrine differentiation. The mechanism by which this occurs is unknown, but it involves the re-equilibration of enhancer networks and rearrangements in the cell cycle. I hypothesise that these two processes are tightly connected and to address cause and effects and understand the nature of this link, I will focus on how FOXA1, a factor required for expansion-specific pancreatic enhancer reorganization, acts to couple growth to genome rearrangement, how it interacts with the REST/CoREST/KBTBD4 complex to facilitate enhancer commissioning/decommissioning and finally whether proliferation-induced alterations to specific cell cycles phases drive this enhancer reconfiguration. The results of this project will significantly impact on regenerative medicine research as they will help formulating a differentiation protocol that produces in a more efficient way pancreatic endoderm and pancreatic endocrine cells. Although this fellowship exploits pancreatic differentiation as a model, its implications are broad, as a role of proliferation in preparing appropriate transcriptional responses for differentiating cells would represent a new paradigm for the link between growth and lineage specification.","Enhancer priming, ventral foregut stem cells, transcription factors, pancreas differentiation",,HORIZON-MSCA-2023-PF-01-01,MSCA Postdoctoral Fellowships 2023,HORIZON-TMA-MSCA-PF-EF,HORIZON-MSCA-2023-PF-01,HORIZON-MSCA-2023-PF-01,2025-03-15,2027-03-14,HORIZON_EUROPE,2025,HORIZON_EUROPE|2024_PLUS,23
101309098,SHIELD,Strengthening Hazard and Incident Emergency Learning and Disaster governance for CBRN-E resilience,"SHIELD addresses Europe’s growing exposure to complex and cascading crises where natural, technological, and human-made hazards increasingly intersect. Treating CBRN-E resilience not as a purely technical issue but as a challenge of governance, trust, and coordination, SHIELD will develop and validate an interoperable socio-technical system that enhances preparedness, communication, and operational continuity among authorities, critical infrastructure operators, first responders, and citizens. Integrating the MAESTRO operational management platform, the Adaptive Multi-Agency Coordination Engine (ACE), the Observation & Reporting tool, the Evacuation Simulation module, and the Citizen Mobile App into a unified digital ecosystem, SHIELD will strengthen decision-making, data sharing, and citizen engagement during multi-risk emergencies. Through interdisciplinary research, policy and legal frameworks, and participatory training as well as  Table-top and Field Technical Exercises in Spain, Slovenia, Cyprus respectively, the project will link digital innovation with social science insights to build trust, inclusivity, and behavioural readiness. EU–LAC cooperation is encouraged through already established networks of SHIELD consortium members, creating Community resilience hubs, as well as a replicable model for cross-regional preparedness and self-sufficiency, directly contributing to the EU Preparedness Union Strategy 2024–2029 and the EU Disaster Resilience Goals.","disaster resilience, CBRN-E, crisis management, preparedness",,HORIZON-CL3-2025-01-DRS-02,Open topic on Improving disaster risk management and governance to ensure self-sufficiency and sustainability of operations in support of enhanced resilience,HORIZON-RIA,HORIZON-CL3-2025-01,HORIZON-CL3-2025-01,2026-10-01,2029-09-30,HORIZON_EUROPE,2026,HORIZON_EUROPE|2024_PLUS,24
101310184,SPARK,Spatiotemporal photonic technologies,"Light is at the heart of today’s information technologies. Optical fibres carry the internet, and photonic integrated circuits link light with electronic computing. As data traffic, AI, autonomous systems and 6G networks grow, they demand photonic hardware that can control light far faster and more efficiently than today’s mostly static components. Without new approaches capable of ultrafast, reconfigurable operation, progress in computing, communication and quantum technologies will slow down. Meeting these challenges requires a shift toward systems that control light in both space and time.SPARK responds to this need by combining spatiotemporal metamaterials with spatiotemporally structured light. Together, these allow programmable optical responses with control over frequency, phase, momentum, polarization, and angular momentum at ultrafast speeds. SPARK DN will educate 15 Doctoral Candidates to become Europe’s first cohort of researchers able to work across ultrafast optics, metamaterials, nanophotonics, inverse design, quantum electrodynamics, and advanced fabrication. Through international mobility, joint supervision, and industrial secondments, the DCs will gain experience linking fundamental research to real-world technologies. The research and training activities run in parallel across three connected areas: developing spatiotemporal metamaterials and their theoretical foundations; generating and controlling spatiotemporal light fields with metasurfaces and photonic crystals; and demonstrating early technologies for ultrafast computing, imaging, and communication. This coordinated structure ensures that DCs learn to collaborate across disciplines and integrate theory, design, and experiment.SPARK’s combination of scientific innovation and structured doctoral education equips the network to train researchers capable of driving Europe’s advancement in next-generation digital systems, sustainable technological development, and sovereign photonic solutions.","metamaterials, spatiotemporal, light fields",internet | nanophotonics | fibre optics,HORIZON-MSCA-2025-DN-01-01,MSCA Doctoral Networks 2025,HORIZON-TMA-MSCA-DN,HORIZON-MSCA-2025-DN-01,HORIZON-MSCA-2025-DN-01,2027-02-01,2031-01-31,HORIZON_EUROPE,2027,HORIZON_EUROPE|2024_PLUS,25
101286806,CitiSense,"Making Sense of EU Enlargement for, with and by Citizens","How can the EU pursue a more effective and resilient enlargement policy by fostering understanding of its security, economic, and societal impacts among citizens? CitiSense – Making Sense of EU Enlargement for, with and by Citizens – addresses this challenge through an innovative threefold approach: """"for citizens"""" by producing clear evidence on the costs and benefits of enlargement and non-enlargement; """"with citizens"""" by systematically analysing public attitudes, perceptions, and concerns; and """"by citizens"""" by creating direct opportunities to participate in debates and co-design solutions. CitiSense’s novelty lies in treating citizens not as passive recipients of knowledge but as co-creators of evidence, dialogue, and policy recommendations.CitiSense brings together 16 consortium partners – universities, think tanks, and CSOs – to investigate the security, economic, and societal dimensions of enlargement in both member states and candidate countries. It builds on previous Horizon projects adapting and scaling up proven formats like Youth Labs, Civil Society Networks, and Expert Hubs. It advances earlier research by contributing new methods and original data. The project employs a multimethod research design. CitiSense will generate a wide range of outputs: multidimensional toolboxes for policymakers, administrators, educators, and civil society, integrating public opinion data, cost–benefit analyses, and foresight scenarios with manuals for participatory mechanisms such as Hackathons, Citizen Assemblies, and Youth Labs. It will also deliver a digital guidebook of “30 FAQs on Enlargement”, a Europe-wide collection of student-authored country reports, educational resources for schools, and multimedia formats (podcasts, Instagram reels, and interactive art exhibition). Together, these outputs provide accessible, user-friendly, and transferable resources that promote transparent communication and inclusive policymaking, and inform public debate on EU enlargement.""""",citizen-centered; EU enlargement; public opinion; evidence-based policy; participatory research,,HORIZON-CL2-2025-01-DEMOCRACY-03,Preparing the EU for future enlargement: challenges and opportunities,HORIZON-RIA,HORIZON-CL2-2025-01,HORIZON-CL2-2025-01,2026-10-01,2029-09-30,HORIZON_EUROPE,2026,HORIZON_EUROPE|2024_PLUS,26
101305331,DiFuSE,"Digital Futures: Sketching connections, Empowering citizens","Digital innovation is essential for modern life and underpins EU policy objectives. The EU’s strategic orientation through 2027 emphasises the role of digital sciences in driving innovation for a healthier, more resilient, competitive, green, and inclusive Europe. Having a qualified workforce is necessary to produce innovation, yet 42% of European citizens do not have basic digital skills and Europe lacks skilled ICT specialists. Successful innovation also only leads to societal progress if it is met with social acceptance, which relies on trust in science in general, and on understanding or familiarity with the new technologies. This is an acute societal challenge that requires tackling, so as to improve citizens’ level of understanding of the novel tools and processes. In the digital sciences domain, this means understanding the links with research in applied mathematics underlying the proposed innovations.  In order to improve the situation, science communication and engagement with the public is necessary. In response, the overarching objective of DiFuSE is to demystify digital research and innovation and encourage researchers to better engage citizens with digital sciences in all their diversity (intersectoral, interdisciplinary, including social aspects). DiFuSE aims to achieve this overarching objective by proposing activities: (i) European Researchers Nights, (ii) activities in schools and (iii) sustainable activities with NGOs and local third spaces. These will draw connections between citizens and the ecosystem of research and innovation in applied mathematics and digital sciences; and will result in an increased engagement of citizens with societal questions associated to digital sciences, as suggested in the Horizon Europe Strategic Plan 2025-2027. Inria, the project coordinator, is well equipped to tackle this challenge, being the French national research institute for digital sciences.","digital sciences, mathematics, computer science, science outreach, under-represented groups",,HORIZON-MSCA-2025-CITIZENS-01-01,European Researchers' Night and Researchers at Schools 2026-2027,HORIZON-CSA,HORIZON-MSCA-2025-CITIZENS-01,HORIZON-MSCA-2025-CITIZENS-01,2026-05-01,2028-04-30,HORIZON_EUROPE,2026,HORIZON_EUROPE|2024_PLUS,27
101277123,MINERVA,Multi-scale Investigation of Early Animals Using Advanced Synchrotron Approaches,"The onset and fast diversification of animal life is arguably the most important biotic event in the history of life on Earth, taking place at the end of the Proterozoic and beginning of the Phanerozoic Eons, encompassing the Ediacaran and Cambrian periods. During the latest Ediacaran, a widespread biota of tubular fossils and trace fossils (e.g., burrows in the sediment) not only marks the debut of bilaterian animals, but also of biomineralization processes mediated by animals. The advent of biomineralization forever changed the ecological landscape at the dawn of animal life, influencing ecological interactions, colonization patterns, and consequently the evolution of the first reefs. Tubular animals continued to be among the most common components of Cambrian rocks, while trace fossils show a dramatic increase in the complexity of animal behaviors. Despite the importance of this biota, only few studies dealt with combined aspects of their original three-dimensional morphology and chemical composition, and even then, mostly using lab-based methods that might not provide the necessary resolution to understand the ultrastructure of these fossils at the micro and nanoscale. Evaluating how these fossils and vestiges of early animals are related to the animal tree of life and how they impacted the evolution of Earth (e.g., biomineralization and substrate utilization as key factor in biogeochemical cycles) is the endeavor of MINERVA. With novel and advanced microtomographic approaches at its core, this project will tackle the early evolution of animals through a pioneering combination of advanced synchrotron and lab-based  complementary analysis.","Synchrotron techniques, X-ray imaging, Cutting-edge methods",history,HORIZON-MSCA-2025-PF-01-01,MSCA Postdoctoral Fellowships 2025,HORIZON-TMA-MSCA-PF-EF,HORIZON-MSCA-2025-PF,HORIZON-MSCA-2025-PF,2027-05-01,2029-04-30,HORIZON_EUROPE,2027,HORIZON_EUROPE|2024_PLUS,28
101131809,INTEGRATE-LMedC,"Concept development for a research infrastructure to manage, integrate and sustain large medical cohort studies","The INTEGRATE-LMedC consortium will develop a new concept to guide and support decision-making for the next-generation research infrastructure (RI) to facilitate efficient utilization and harmonization of large medical cohorts (LMedC), and to accelerate scientific and medical breakthroughs in Europe and beyond. Achievement of the ambitious objectives will only be possible through the integration of 11 highly interdisciplinary partners including established ERIC / ESFRI infrastructures such BBMRI,  ECRIN, EIRENE and EBRAINS with unique expertise in conceptualizing and implementing European RIs. The partners will generate a gap analysis to identify what is missing of cohort data and samples, RI tools and services, quality measures, governance models, user needs and the barriers for efficient utilization of these cohorts and RI, including ethical and legal frameworks. To identify IT technologies and architecture for suitable data stewardship and long-term availability of European RIs, the partners will prepare for a feasibility study for federated data analysis of LMedC. The feasibility study will be based on two examples of use-cases: one stroke case using data from medical health registry data and one case using data from longitudinal population-based studies with different technical, legal, and ethical challenges. To ensure availability of data and samples related to existing and future LMedC studies and their re-use for secondary research, the partners will develop a concept outline including a governance plan and guiding principles for data access policies and data protection policy, whilst considering the FAIR principles and ELSI issues. An overarching RI concept to manage, integrate, and sustain LMedC studies will be developed, including an initial financial and operational plan for the implementation of the new RI outlining new services and access opportunities for the research community.","New concept, next generation European research infrastructure, large medical cohorts, gap analyses, sound science case, feasibility study design, federated data analysis",governance | stroke,HORIZON-INFRA-2023-DEV-01-01,"Concept development for a research infrastructure to manage, integrate and sustain large medical cohort studies",HORIZON-RIA,HORIZON-INFRA-2023-DEV-01,HORIZON-INFRA-2023-DEV-01,2024-01-01,2026-12-31,HORIZON_EUROPE,2024,HORIZON_EUROPE|2024_PLUS,29
101233325,PlaceMUS XR,Digital Journey across Musical Places in Europe and Extended Realities,"This research project focuses on creating digital applications that enable users to explore significant “places of music” across European regions and cities. The applications aim to provide an interwoven narrative, encompassing the musical event itself, its cultural and historical context, the location, and physical museum objects. This multi-layered storytelling approach will draw upon a diverse range of sources, including musical scores, instruments, chronicles, diaries, letters, philosophical treatises, and images.The project involves geographically mapping musical locations and creating engaging thematic itineraries based on places, people, themes, and historical periods, encompassing a wealth of tangible and intangible heritages. It will be implemented through case studies which will be further adaptable and extensible in the future.The project will focus on developing cutting-edge digital tools to enrich the visitor experience at these places of music through virtual and augmented reality experiences, multimedia accessible through different applications and tools integrated in the ECCCH. This includes a particular emphasis on reconstructing historical soundscapes, as well as the acoustic properties of spaces for musical performances, exploring the interplay between music and architecture, and harnessing the potential of virtual and augmented reality technologies.  Furthermore, the project will create design and simulation tools, conduct analysis and evaluation of the impact of audio-visual communication in museums.To achieve these aims, the project will cater to a diverse audience, encompassing scholars, museum curators, the entire educational sector, creative cultural industries, citizens and tourists.All datasets, metadata, and interaction tools will be Open Source and implemented in accordance with the FAIR principles, aligning with the knowledge base and requirements of the ECCCH.",Historical Soundscape; Space and Music; Multisensory Interaction; Accesible Experiences; 3D modeling and virtual heritage; Acoustic design in Museum; Sound design in storytelling; Sound &Visual Arts,virtual reality,HORIZON-CL2-2024-HERITAGE-ECCCH-01-04,A European Collaborative Cloud for Cultural Heritage – Innovative tools for high-value interactions with visitors and heritage objects,HORIZON-IA,HORIZON-CL2-2024-HERITAGE-ECCCH-01,HORIZON-CL2-2024-HERITAGE-ECCCH-01,2025-10-01,2029-09-30,HORIZON_EUROPE,2025,HORIZON_EUROPE|2024_PLUS,30
101107228,Filcellstress,"How mechanical and electrical stimuli affect bacteria filamentation, a major cell stress response","Antimicrobial resistance is on the rise and it is predicted to become the first cause of death by 2050. One of the characteristic bacteria phenotypes of antibiotic resistance (and more generally of a stress response) is filamentation, which has been linked to survival strategies and virulence and is present in the most common form of bacteria in nature: biofilms. Thus, characterizing the filamentation phenotype opens the door to understanding the physiology and adaptation of bacterial cells under stress and during colonization processes.Filamentation results from a coordination of growth and division which are driven by the assembly machinery of the Fts system, the Min oscillatory system, and the nuclear occlusion system.  In particular, Fts participates in the septum assembly, a ring-forming cell wall that will separate the daughter cells, whereas the Min oscillatory system restricts the assembly of the division machinery at specific locations to avoid nucleoid cleavage. When bacteria grow regularly, a single septum forms by the middle (symmetric division) to separate the nucleoids of daughter cells. However, when bacteria grow anomalously longer (filamentation), multiple nucleoids continue to segregate along the cell at regular intervals and several putative septa are created. Yet, filamentous bacteria do not grow indefinitely, and division events occur “randomly” (in terms of their timing and the selected septum). This raises the unexplored question of how size is regulated during filamentation processes. In this context, we hypothesize that the interplay between mechanical cues (e.g., filament bending) and changes in the bacteria membrane potential play a key role to regulate bacterial filamentation. Thus, the main objective of this project is determining how mechanosensitive and electrical properties of the division/growth machinery in E. coli regulate its filamentation.","biological physics, mechanobiology, bioelectricity, filamentation, size regulation, bacteria fision",physiology,HORIZON-MSCA-2022-PF-01-01,MSCA Postdoctoral Fellowships 2022,HORIZON-TMA-MSCA-PF-EF,HORIZON-MSCA-2022-PF-01,HORIZON-MSCA-2022-PF-01,2024-09-01,2026-08-31,HORIZON_EUROPE,2024,HORIZON_EUROPE|2024_PLUS,31
101227596,MEDALLOY,Advanced Nickel-Titanium Alloys for Medical Device Applications,"MEDALLOY is an Industrial Doctoral Network that will provide world-class interdisciplinary and intersectoral training to 9 Doctoral Candidates (DCs) through an international consortium across 6 countries. Nitinol is a unique material with remarkable superelastic and shape memory properties and is critical for innovative cardiovascular devices, addressing the healthcare needs of Europe’s aging population. MEDALLOY targets key challenges identified by our industry partners through its research objectives: develop superior Nitinol alloys with enhanced performance; optimise manufacturing processes to control material microstructure; advance defect tolerance and fatigue life prediction; and create validated simulation tools. MEDALLOY combines the proven expertise of its consortium members, cutting-edge industrial-scale facilities, and an ambitious research plan to push Nitinol research beyond the state of the art, enabling the next generation of Nitinol medical devices and opening possibilities for new innovative solutions. Supported by the industrial participants from across the medical device value chain, all DCs will develop a clear roadmap for commercialisation and exploitation of their research. Our innovative scientific methods, built on key recent patents and publications from across our consortium, will provide an excellent training environment for the 9 high-achieving DCs. Our comprehensive training plan, including network-wide and local actions, will build on the research-based training and include contributions from our clinical, industrial, and academic participants. In addition to technical research training in all stages of the medical device value chain, MEDALLOY will deliver interdisciplinary training to DCs in clinical trials, ethics, sustainability, communication, and entrepreneurship that will enhance career development and promote their development into leading innovators in the European Nitinol Medical Device sector.",Nitinol; Medical devices; Shape memory alloys; Fatigue,manufacturing engineering | metallurgy | solid mechanics | numerical analysis | mathematical model,HORIZON-MSCA-2024-DN-01-01,MSCA Doctoral Networks 2024,HORIZON-TMA-MSCA-DN-ID,HORIZON-MSCA-2024-DN-01,HORIZON-MSCA-2024-DN-01,2026-01-01,2029-12-31,HORIZON_EUROPE,2026,HORIZON_EUROPE|2024_PLUS,32
101149010,FLORISH,"Fiction, Literature, Indigenous Storytelling and History","This project explores the unique potential of historical fiction as a transformative method to create counter-representations ofIndigenous peoples in Brazil, where they are often seen as inferior and savage because of their close connection to nature. Thesestereotypes, spread by European colonisers through literature and historiography, have become ingrained in collective sensibilitiesand are currently used to justify racism against Indigenous peoples, the illegal occupation of their lands and the deforestation of theAmazon rainforest. Historiography has criticised these views, but due to its dominant epistemology, which relies firmly on writtenrecords, the field does not usually go beyond deconstructive ambitions. Indigenous ethnic groups, on the other hand, tend to pass ontheir histories orally, so their ecocultures and resistance to colonialism fall outside the lens of prevalent epistemology. The centralresearch question of this project is:How can historical fiction help us explore pluralistic views of the Indigenous pasts and open up new visions for a sustainable anddiverse future?Answering this question calls for innovative and interdisciplinary methods to achieve three goals: (1) to understand how Brazilianwriters have used historiography and fiction to represent Indigenous peoples in historical novels; (2) to identify how theepistemology of historiography constrains (or even silences) the writing of Indigenous historical fiction; (3) to develop a method ofcollective writing with Indigenous authors that allows us to co-create representations of their pasts and ecocultures. The projectdraws on Decolonial Studies, Theory of History and Literary Theory, and combines methods of discourse and intertextual analysis,qualitative interviews and collaborative writing with Indigenous writers from Brazil. The proposal moves from deconstruction toreconstruction in a context of growing appeal for a sustainable, multicultural and decolonised world.",Indigenous peoples; historical fiction; decolonial methods; ecology; Brazil,epistemology | history | racial inequality | literary theory,HORIZON-MSCA-2023-PF-01-01,MSCA Postdoctoral Fellowships 2023,HORIZON-TMA-MSCA-PF-EF,HORIZON-MSCA-2023-PF-01,HORIZON-MSCA-2023-PF-01,2024-09-01,2026-08-31,HORIZON_EUROPE,2024,HORIZON_EUROPE|2024_PLUS,33
101198969,Photo-IoT,Photo-rechargeable Zinc-ion Battery for the Internet of Things Working under Ambient Light,"By 2025 more than 49 billion Internet of Things (IoTs) are anticipated due to technological breakthroughs and its widespread application in smart homes, smart cities, agriculture, health sector, and industry. However, supplying power to this enormous number of IoT devices is challenging. Accordingly, an autonomous power source operating for multiple years is indispensable to run this massive number of IoTs and portable electronic devices. Photo-rechargeable batteries harvest and storage energy in a single device, and have grown huge attention as an autonomous power source in recent years. In this project, we will develop dye-sensitized photo-rechargeable zinc-ion batteries, which can work under ambient light (artificial indoor and outdoor diffuse light) and could be an autonomous power source for IoTs and low-power-consuming portable electronic devices. This project focuses on the development of the vanadium-based high entropy oxide cathodes for rechargeable zinc-ion batteries (ZIBs) and its integration with a high opencircuit voltage Cu-electrolyte based dye-sensitized solar cells (DSSCs). DSSCs are recognised for their cost-effectiveness, environmentally friendly nature, and simple fabrication process, surpassing power conversion efficiency by over 38.0% under indoor lighting conditions. Concurrently, ZIBs offer an environmentally friendly and more manageable alternative to non-aqueous rechargeable batteries, simplifying fabrication and further cutting costs. Furthermore, ZIBs have a compatible voltage window with the DSSCs. Therefore, integrating DSSCs with aqueous ZIBs is a feasible technique as an autonomous power source that can be both cost-effective and environmentally friendly. The project aims to revolutionise the field of green energy by fostering the rapid advancement of photorechargeable batteries that are more sustainable and efficient.","Photorechargeable Batteries, Solar Batteries, Zinc-ion Batteries, Internet of Things (IoTs), Ambient Light, Photo-IoT, High Entropy Oxides",internet of things | agriculture,HORIZON-MSCA-2024-PF-01-01,MSCA Postdoctoral Fellowships 2024,HORIZON-TMA-MSCA-PF-EF,HORIZON-MSCA-2024-PF-01,HORIZON-MSCA-2024-PF-01,2026-09-01,2028-08-31,HORIZON_EUROPE,2026,HORIZON_EUROPE|2024_PLUS,34
101181857,DAISY,"DigitAl, technologIcal and Social innovation mixes enabling transformation for biodiversity and equitY","DAISY (DigitAl, technologIcal and Social innovation mixes enabling transformation for biodiversity and equitY) aims to understand how interventions (innovations, regulations, financial incentives and tools affecting social norms and emotions) and their mixes can drive systemic change and transformation for biodiversity and equity, offering concrete policy recommendations. For this, DAISY will 1) Investigate processes supporting current innovations and identify emerging ones in key domains of agri-food, energy, education and urban and regional development; 2) Develop, test and provide intervention mixes for transformative change across practical, political and personal spheres, and 3) Engage and enhance the response-ability of civil society, policymakers, and businesses to implement and amplify transformative action. To achieve these goals, DAISY will analyse social, economic, and political processes, map existing innovations, assess their transformative potential, and develop, test and assess interventions to be taken up by policies to address biodiversity loss and equity. DAISY will conduct case studies (spanning from using digital apps through commons governance to degrowth models), workshops, and (social science) experiments, working collaboratively with a range of participants. The project will provide recommendations to decision-makers and build capacity among stakeholders. Additionally, it will foster collaboration with key networks and across a range of domains to amplify its impact.",Biodiversity; Transformative; Equity; Digital; Technological; Social-Economic; Innovation; Policy; Intervention; Mixes; Response-ability; Amplification; Transdisciplinary,governance | civil society,HORIZON-CL6-2024-BIODIV-01-5,"Transformative action of policy mixes, governance and digitalisation addressing biodiversity loss",HORIZON-RIA,HORIZON-CL6-2024-BIODIV-01,HORIZON-CL6-2024-BIODIV-01,2025-01-01,2027-12-31,HORIZON_EUROPE,2025,HORIZON_EUROPE|2024_PLUS,35
101161153,HaloFreeEtch,Novel approaches for  halogen-free and sustainable etching of Silicon and Glass,"Current industrial plasma etching processes are not sustainable because they make use of halogens. HaloFreeEtch will take a fundamental, interdisciplinary and systematic approach to find new halogen-free etching processes.HaloFreeEtch aims to identify new, halogen-free and sustainable etching processes for sustainable semiconductor manufacturing, applied to deep etching of silicon and silicon oxide. The novel etching processes we aim for shall be clean (in terms of harmful chemicals), efficient (in terms of processing speed and manufacturability) and precise (in terms of the desired shapes). HaloFreeEtch will provide a novel model- and data-based methodology for sustainability and life cycle analysis of plasma-etching to quantify the carbon-footprint of all novel etching processes. HaloFreeEtch combines lab-scale research on three innovative technological routes with computational screening of novel and promising etchants, a comprehensive multi-scale modeling approach to predict potential working points and a model-based life cycle and sustainability analysis. Hydrogen (H)-based, metal catalyst-assisted as well as approaches inspired by atomic layer etching (ALE) will be studied. State-of-the-art plasma etching machines will be modified and combined with innovative features and advanced analytics.  Besides getting rid of halogens, we will address more dimensions of sustainability such as the high energy consumption of the established plasma etching processes. HaloFreeEtch will implement a novel, sustainability-driven process development scheme which might serve as a blueprint for sustainability-driven process development in electronics and many other industries. The project will focus on the semiconductor industry, where plasma etching is a standard industrial process used for many applications. Taking the lead in the  development of innovative halogen-free processes will strengthen the long-term position of the EU in the global chips industry.","Halogen-free, etching, plasma, DRIE, ICP, CCP, magnetron, magnetized ICP, magnetized CCP, MERIE, silicon, glass, semiconductor, MEMS, microfluidics, life cycle analysis, process modeling",amorphous solids | metalloids | multiphysics,HORIZON-EIC-2023-PATHFINDERCHALLENGES-01-04,EIC Pathfinder Challenge: Responsible Electronics,HORIZON-EIC,HORIZON-EIC-2023-PATHFINDERCHALLENGES-01,HORIZON-EIC-2023-PATHFINDERCHALLENGES-01,2024-09-01,2029-02-28,HORIZON_EUROPE,2024,HORIZON_EUROPE|2024_PLUS,36
101180593,PANDORA,"Making stratigraphy in the Anthropocene: Tracing multidecadal Pollution in the mAriNe seDimentary recOrd off the Coast of GRAnada (Alboran Sea, western Mediterranean)","All over the world, pollution is one of the ultimate environmental concerns. Europe’s seas and coastal zones are heavily impacted by human activities, resulting in significant pollution since the beginning of the industrial age and particularly since 1900. In Europe, this major concern is linked to cycles of development and use of new elements and compounds, followed by identification of pollution levels and risks, eventually leading to the implementation of restrictions on their use, often through national, European and international legal instruments. Yet there are critical knowledge gaps that can interfere with the justification and implementation of such policies. One is the provision of stratigraphic data on the long-term (historical) impacts of such regulations on widespread environmental concentrations of target pollutants. The PANDORA project will fill this void by providing an innovative approach, combining high-resolution data on heavy metal and microplastic concentrations, over time, determining possible sources of contamination, and quantifying their effects on benthic foraminifera growth patterns and calcification. The scope of this project is a shelf-to-slope transect of time-resolved stratigraphic archives recovered in the northern margin of the Alboran Sea (western Mediterranean).",Anthropocene; Marine pollution; Sediment cores; Heavy metals; Microplastics; Foraminifera; Southeast Iberian Peninsula; Alboran Sea,,HORIZON-WIDERA-2023-TALENTS-02-01,ERA Fellowships,HORIZON-TMA-MSCA-PF-EF,HORIZON-WIDERA-2023-TALENTS-02,HORIZON-WIDERA-2023-TALENTS-02,2025-01-01,2026-12-31,HORIZON_EUROPE,2025,HORIZON_EUROPE|2024_PLUS,37
101291654,EmerGO,A PLATFORM FOR TRACKING AND REDUCING PERSISTENT AND EMERGING POLLUTANTS TOWARDS ZERO POLLUTION IN FOOD AND DRINK SYSTEMS,"EmerGO will deliver the first integrated European platform to identify, monitor, prevent, and reduce persistent and emerging pollutants (PEPs) in the food and drink (F&D) sector. Its objectives are: (1) map pollutant emissions across meat, juice, and confectionery subsectors; (2) develop cost-effective, real-time monitoring tools including multimodal sensors and AI models; (3) demonstrate advanced, circular treatment solutions—oxidation, membranes, adsorption, recovery—under industrial conditions; and (4) embed validated solutions into BAT 2.0, EU policies, and consumer transparency tools.These objectives will be achieved through three demo sites covering over 60% of Europe’s processed food market, plus replicators in other subsectors. The project advances TRL 4–5 technologies to TRL 6–7 through validation. A multi-actor approach (MAA) engages industry, regulators, SMEs, and consumers, ensuring co-creation and policy relevance. Results will be shared via open data platforms, practice abstracts, publications, policy briefs, and training modules.EmerGO aligns with the Zero Pollution and Food 2030 priorities. It fills BAT gaps by delivering validated methods for microplastics, PFAS, antibiotic residues, endocrine disruptors, and cleaning chemicals. It supports the Green Deal, Farm to Fork, and Zero Pollution Action Plan, and strengthens competitiveness via cost-effective compliance and consumer trust. International cooperation through Eurecat LATAM and Asia–Pacific networks will enable replication and scaling beyond Europe.By project end, pilots will achieve 40–80% pollutant reductions. Within three years post-project, 25–30% of large producers are expected to adopt EmerGO methods, with results embedded in updated BATs and EU policies, ensuring systemic, lasting impact.",,sensors | pollution,HORIZON-CL6-2025-01-ZEROPOLLUTION-07,Reducing pollution from the food and drink industries,HORIZON-IA,HORIZON-CL6-2025-01,HORIZON-CL6-2025-01,2026-06-01,2030-05-31,HORIZON_EUROPE,2026,HORIZON_EUROPE|2024_PLUS,38
101132327,CIDAPE,"Climate, Inequality, and Democratic Action: The Force of Political Emotions","CIDAPE is a groundbreaking project at the forefront of research on the complex interplay between citizen engagement, climate change, and social and economic inequalities. At its core lies the recognition that emotions play a fundamental role in political participation and communication. Understanding and responding to citizens' emotional (re)actions - as set up by CIDAPE's inquiry -  are essential to achieving coordinated, democratic action.With a focus on the perceived and articulated emotions around climate and inequality, CIDAPE proposes a comprehensive, multi-methods approach and multidisciplinary analysis of the force of political emotions in European politics of climate change. The project's WPs delve into emotions in the political sphere, media, everyday life, global-local entanglements, social movements, and citizen engagement showing how emotions shape people's rational argumentation, engagement, and ultimately, who and what they care about.CIDAPE seeks to uncover the core mechanisms and processes at the heart of political action - at the policy, polity, and politics levels - and proposes participatory tools, policy instruments, and methodological guides to address these challenges. The project emphasizes that the climate crisis provides a unique opportunity to unite citizens across the political spectrum and that the success of coordinated democratic action will require high levels of public trust, strong institutions, and policies that resonate with citizens' political emotions. the Consortium assembles experienced researchers from political science, sociology, linguistics, communication science, and international relations, and distinguished representatives from civil society across nine European countries. It has a strong dissemination strategy, aiming at diverse citizen groups at local, national, and supranational levels of democratic engagement.","sociology of emotions, climate change, symbolic boundaries, activist dilemma, deliberation, citizen engagement, critical policy studies",linguistics | sociology,HORIZON-CL2-2023-DEMOCRACY-01-04,The emotional politics of democracies,HORIZON-RIA,HORIZON-CL2-2023-DEMOCRACY-01,HORIZON-CL2-2023-DEMOCRACY-01,2024-01-01,2027-12-31,HORIZON_EUROPE,2024,HORIZON_EUROPE|2024_PLUS,39
101152933,REGENERATE,REstorative GENder-specific ExpeRiences in urbAn naTural Environments,"REGENERATE explores gender differences in how urban natural environments (UNE, comprising parks, seaside, and other green and blue spaces in cities) can support psychological restoration (i.e. recovery of depleted cognitive and psychophysiological resources, including recovery from psychological stress). It addresses challenges of urban sustainability, gender inequality, and poor mental health  all key for Europe and Horizon. The nature-health research field suggests that nature contact is restorative and promotes long-term health benefits. However, to date nature-health theories and evidence tend to lack a gender focus. This is despite women are up to seven times more likely than men to report depression. Regenerate explores how restorative benefits of UNE can be affected by gender (e.g. socio-cultural norms, attitudes, and behaviours), due to gender roles and relations (e.g. childcare responsibilities), gender stereotypes (i.e. what is socio-culturally appropriate for women) and sex-related biological attributes (i.e. needs to use restroom more often than men)  thus addressing a key theoretical and empirical blind spot. Specific objectives include i. reviewing evidence and identify factors affecting womens nature-health restorative pathways in UNE, ii. exploring gender-specific experiences in UNE and related long-term restorative benefits, and iii. integrate findings into policy. The methodology includes a review of the evidence and analyses of secondary data on nature-health from four European countries representing diverse European regions. Results then inform real-world policy. REGENERATE contributes to policies for healthy, gender inclusive, and sustainable cities (SDG3 Good Health & Wellbeing, SDG5 Gender Equality, SDG11 Sustainable Cities and Communities). It contributes to making cities good for all, guided by the feminist urbanism principle that if public spaces are good for women, they will be good enough for everyone.","nature-health,  gender,  urban environments,  stress recovery,  wellbeing,  secondary data analyses",,HORIZON-MSCA-2023-PF-01-01,MSCA Postdoctoral Fellowships 2023,HORIZON-TMA-MSCA-PF-EF,HORIZON-MSCA-2023-PF-01,HORIZON-MSCA-2023-PF-01,2025-02-10,2027-02-09,HORIZON_EUROPE,2025,HORIZON_EUROPE|2024_PLUS,40
101289094,AIRIS,Mechanism-Informed Multimodal Generative AI for Causal and Dynamical Modelling in Biomedical Research,"AIRIS will develop the next generation of multimodal Generative AI (GenAI) models to accelerate research on predictive and personalised medicine. Building on recent advances in LLMs, causal inference and mechanistic modelling, AIRIS will integrate heterogeneous biomedical data (omics, imaging, clinical, laboratory, lifestyle, PROMs and scientific literature) into mechanism-informed generative frameworks. These models will not only generate biologically plausible synthetic data to address sparsity and bias but also embed causal and dynamical constraints across biological scales, from “virtual cells” to multi-organ models, enabling counterfactual reasoning and in-silico hypothesis testing. The project will deliver (i) robust agentic multimodal data integration pipelines; (ii) novel mechanism-anchored generative architectures with interpretability and bias-mitigation safeguards; (iii) hypothesis generation assistants for biomarker discovery, drug repurposing, and intervention design; and (iv) a scalable MLOps infrastructure ensuring reproducibility. AIRIS will be validated using already existing large-scale datasets in five high-impact use cases including Pulmonary Fibrosis, Steatotic Liver Disease, Cardiovascular Disease, Chronic Kidney Disease and Inflammatory Bowel Disease. AIRIS will demonstrate utility in modelling of disease, while also allowing cross-disease insights. A multidisciplinary consortium spanning leading universities and research centres, HPC experts, industry, and SME ensures excellence across the project dimensions. ELSI and fairness will be systematically addressed by SSH and legal experts. Outputs will be openly disseminated through benchmarks, training, and open-source releases, fostering European leadership in mechanism-informed GenAI. AIRIS will maximise scientific, clinical, and societal impact by bridging AI innovation with biomedical discovery, improving disease understanding, and supporting equitable personalised care.","mechanism-informed GenAI, multimodal GenAI, biomarkers, perturbations, pulmonary fibrosis, steatotic liver disease, cardiovascular disease, chronic kidney disease, inflammatory bowel disease",inflammatory bowel disease | cardiovascular diseases | personalized medicine | hepatology | kidney diseases,HORIZON-HLTH-2025-01-TOOL-03,Leveraging multimodal data to advance Generative Artificial Intelligence applicability in biomedical research (GenAI4EU),HORIZON-RIA,HORIZON-HLTH-2025-01,HORIZON-HLTH-2025-01,2026-06-01,2030-05-31,HORIZON_EUROPE,2026,HORIZON_EUROPE|2024_PLUS,41
101248153,SpiNNext,Brain-inspired Computing for Next Generation Generative Artificial Intelligence,"As generative AI and large language models drive unprecedented demand for computational resources, traditional GPU-based architectures are reaching their fundamental limits, creating a mounting crisis in energy consumption, cost, and accessibility. Inspired by the human brain's remarkable ability to perform complex computations with minimal energy consumption, we have developed revolutionary AI hardware architecture that redefines the boundaries of computational efficiency. Our SpiNNaker2 chip and SpiNNcloud system translate millions of years of biological evolution into cutting-edge technology, delivering brain-like performance while dramatically reducing energy requirements. Building on our validated SpiNNaker2 technology, we are now introducing SpiNNext—our next-generation chip specifically designed for the emerging demands of modern generative AI. SpiNNext architecture directly addresses the mismatch between increasingly sparse, selective computation patterns in advanced algorithms and traditional dense processing architectures by implementing native hardware support for dynamic sparsity. SpiNNext will enable new possibilities in AI development while maintaining European technological sovereignty. The remarkable energy efficiency of our technology translates directly to significant environmental sustainability through significant reductions in AI-related carbon footprint.","Multi-paradigm AI Hardware, Foundational AI Models, Large Language Models (LLMs), Brain-inspired Architecture, Neuromorphic Computing, SpiNNaker Technology",,HORIZON-EIC-2025-ACCELERATOR-02-CHALLENGES-03,GenAI4EU: Creating European Champions in Generative AI,HORIZON-EIC-ACC,HORIZON-EIC-2025-ACCELERATOR-02,HORIZON-EIC-2025-ACCELERATOR-02,2025-12-01,2027-11-30,HORIZON_EUROPE,2025,HORIZON_EUROPE|2024_PLUS,42
101275563,SUNSECA,Selenium Utilization for Novel Solar Energy Conversion Applications,"In the incoming decades, Europe will face a surge in energy demand, driven by electrification, digitalization and the need of decarbonization. The European Union’s Green Deal urges a transition to renewable energy, targeting climate neutrality by 2050. Photovoltaic (PV) energy has emerged as a fundamental resource for this shift, offering scalable and decentralized power generation. However, meeting these goals demands next generation PV technologies that are sustainable, highly efficient and affordable. Among the emerging materials, selenium (Se) is a promising candidate for sustainable PV technologies due to its low toxicity, large abundance and high stability. Very recently, Se-based solar cells achieve efficiencies of 8% in outdoor and up to 15% for indoor applications. Despite its big potential, several challenges remain. One main barrier is the reduction of recombination losses to enhance the efficiency by optimizing interfacial band alignment and incorporating advanced charge transport layers. Additionally, film morphology and orientation strongly affect the charge transport and recombination dynamics within the solar cell. Another relevant issue is the replacement of toxic materials in the fabrication process. The project SUNSECA aims to develop Se-based PV devices for novel applications such as indoor, integrated PV and IoT. Research will focus on innovative approaches in the fabrication and post-deposition processes to optimize the structural and electrooptical properties of the Se thin films on different substrates. The proposed processes can be transferable to industry and present viable alternatives to the conventional ones. Different electron/hole transport layers as well as the interfaces will be investigated, and only inorganic and non-toxic materials will be used to ensure the stability and sustainability of the PV devices. SUNSECA will progress with the fabrication of novel high-efficient tandem devices architectures using Se-based top solar cells.","material science, photovoltaics, energy, nanotechnology",solar energy | internet of things | transport layer | coating and films | energy conversion,HORIZON-MSCA-2025-PF-01-01,MSCA Postdoctoral Fellowships 2025,HORIZON-TMA-MSCA-PF-EF,HORIZON-MSCA-2025-PF,HORIZON-MSCA-2025-PF,2026-09-01,2028-08-31,HORIZON_EUROPE,2026,HORIZON_EUROPE|2024_PLUS,43
101217884,C2CA,Revolutionary solution to unlock concrete-to-concrete circularity,"C2CA, a spin-out of TU Delft, is transforming the construction industry by upcycling waste concrete into a low-carbon cement substitute, addressing the urgent challenge of reducing CO2 emissions from cement production. Cement accounts for 8% of global emissions, yet its low-cost, availability, performance and versatility make it essential and much desired. Reducing these emissions has been challenging—until now.C2CA’s breakthrough process converts low-value waste concrete into high-quality, low-carbon materials, particularly a highly reactive cementitious binder. Unlike competitors who downcycle concrete into low-grade aggregates, C2CA produces premium materials to replace cement, delivering both environmental benefits and commercial viability. Our low-carbon cement competes on cost and quality with traditional alternatives like fly ash and slag, which are being phased out. While new options like calcined clay and mine tailings are costly or energy-intensive to produce and transport.By 2024, C2CA has developed its core machines on an industrial scale, processing over 1,000 tons of waste concrete. Our materials have been validated in multiple pilot projects, proving technical and commercial viability. The next milestone is building our full-scale upcycling plant.EIC funding is essential for advancing our project, which requires significant capital and has long lead times. Proving our plant’s reliability is crucial for commercial rollout, but we encounter technical, regulatory, and market risks that complicate investment, including energy price volatility and a preference for traditional materials. With the EIC support we can overcome the barriers, complete our flagship plant, demonstrate our technologies at an industrial scale, and build a comprehensive testing facility. This facility will streamline the process at a smaller scale to accelerate innovation and include a material testing lab to ensure the successful market introduction of recycled concrete.","circular concrete, waste concrete upcycling, CO2 emission reduction, green cement, low carbon cement, decarbonization",thermodynamic engineering | materials engineering | sustainable building,HORIZON-EIC-2024-ACCELERATOROPEN-01,EIC Accelerator Open 2024,HORIZON-EIC-ACC,HORIZON-EIC-2024-ACCELERATOR-02,HORIZON-EIC-2024-ACCELERATOR-02,2025-06-01,2027-05-31,HORIZON_EUROPE,2025,HORIZON_EUROPE|2024_PLUS,44
101287905,PEAT-GENIE,Simulating Management Decisions with Peatland Digital Twins and Generative AI,"Large-scale initiatives such as Destination Earth (DestinE) and Research Infrastructures (RIs) generate vast volumes of high-quality observational and simulation data. However, their usability and accessibility remain limited, particularly for non-technical users, due to fragmented toolchains, technical barriers, and the lack of intuitive interfaces. PEAT-GENIE develops a modular, interoperable, and inclusive AI platform that transforms complex environmental data into decision-ready insights through natural language interaction, visual scenario simulation, and local impact assessments.By integrating data from RIs, Copernicus Earth Observation, DestinE components (e.g., Climate DT, Data Lake), and national sources, the platform will power AI-driven Digital Twins for peatland ecosystems, delivering robust predictions for hydrology, GHG flux, biodiversity, and land cover. Two Generative AI interfaces—a “what-if” simulation engine and a multilingual explanation tool—will provide inclusive, transparent, and expertise-sensitive access to environmental models. Uncertainty quantification and provenance tracking will be embedded to ensure interpretability and build trust in the outputs.Validated in real-world pilot sites across four EU countries, PEAT-GENIE offers a scalable, cross-sectoral blueprint for climate resilience, ecological restoration, and AI-powered environmental governance—fully aligned with the European Green Deal, GenAI4EU, the EU Biodiversity Strategy, and the AI Act. Beyond peatlands, the platform’s modular architecture, FAIR-compliant data pipelines, and GenAI interfaces are designed for reusability across other ecosystems. Co-designed with end-users, the platform’s tools, models, and outputs will be openly available, enabling future integration into DestinE services, RI catalogues, and the AI-on-Demand platform. PEAT-GENIE will thus strengthen Europe’s capacity for inclusive, trustworthy, and actionable environmental intelligence.","Digital Twins, Generative AI, Machine Learning, Natural Language Interfaces, User-Centric Design, Scenario Simulation,  AI for Environmental Management, Peatlands, Research Infrastructures",hydrology | sustainability sciences,HORIZON-INFRA-2025-01-TECH-03,AI-powered impact simulations in support of the Destination Earth initiative,HORIZON-RIA,HORIZON-INFRA-2025-01,HORIZON-INFRA-2025-01,2026-09-01,2030-08-31,HORIZON_EUROPE,2026,HORIZON_EUROPE|2024_PLUS,45
101192583,TwinShip,TWINSHIP – INTEGRATED DIGITAL TWIN FRAMEWORK TO ENABLE GREEN SHIP OPERATIONS TOWARDS ZERO EMISSION VESSELS,"The TwinShip consortium is spearheading an initiative to transform the maritime sector by creating an alliance of premier maritime technology, solution & service providers, ship design and shipping firms, classification societies, ports, software developers, and research and academic bodies. This collaboration is centered around a unique, open-source digital platform enriched with data and powered by domain knowledge-based advanced machine learning and artificial intelligence capabilities. By introducing a Digital Twin (DT) enabled Decision Support System (DSS) in the same digital platform, TwinShip is setting a course for the maritime industry's rapid digital and environmental transformation. The project sets ambitious benchmarks for reducing Greenhouse Gas emissions in international shipping, aiming for a 30-40% reduction by 2030, 80-90% by 2040, and achieving net-zero emissions by 2045, all relative to 2008 levels by utilizing its Pilot Vessels and Futuristic Unmanned Vessel Concept. This initiative focuses on leveraging both existing and emergent clean fuels and technologies, prioritizing renewable energy sources, and the implementation of unmanned vessels. The TwinShip DT-enabled DSS is crafted to navigate the industry toward achieving these significant environmental targets, demonstrating the consortium's dedication to fostering sustainability and pushing the boundaries of innovation.","Maritime, Shipping, Energy Efficiency, Emission Reduction, Digital Twin",,HORIZON-CL5-2024-D5-01-15,Advanced digitalisation and modelling utilizing operational and other data to support zero emission waterborne transport (ZEWT Partnership),HORIZON-IA,HORIZON-CL5-2024-D5-01,HORIZON-CL5-2024-D5-01,2025-02-01,2028-01-31,HORIZON_EUROPE,2025,HORIZON_EUROPE|2024_PLUS,46
101181363,BioDiMoBot,Autonomous Longtime Aquatic Biodiversity and Ecology Monitoring Robot,"The BioDiMoBot project will deliver a system for autonomous, long-term robotic assessments of aquatic biodiversity and ecology. This project will develop an innovative measurement system to monitor biodiversity and provide insight into the drivers of ecosystem degradation. Additionally, it will assess organismic and environmental stress levels by using novel biohybrid sensors. With the BioDiMoBots' ability to perform autonomous and automated multimodal long-term data collection, the project will create a user-friendly robotic tool that provides detailed insights into the ecological health of aquatic environments.The project will be driven by the needs of potential stakeholders such as researchers, small and medium-sized enterprises (SMEs) in water-related industries and policy makers. Field operations will demonstrate the transformative power of the BioDiMoBot systems by monitoring aquatic ecosystems over a long period of time. The collected data will be highly accessible to enable interdisciplinary collaboration between scientists, society and policy makers. We will respond to the need to disseminate the new methodology to a wide audienThe proposed """"BioDiMoBot"""" project aims to enhance Biohybrid sensors focusing on biodiversity measurement. Key goals include tailoring sensors for comprehensive water column investigation, ensuring long-term autonomy, establishing efficient data transfer, and integrating classical aquatic and biohybrid sensors for ecosystem evaluation. The robotic system comprises a """"surface unit"""" with solar cells for energy and communication, a """"ground unit"""" for microbial activity investigation,  ropes connecting these elements, and """"rope-climbing modules"""" with additional sensors for sampling. This integrated system offers a precise and adaptable solution for biodiversity monitoring. Emphasis will be placed on advancing the concept of """"biohybrid robots"""" through market analysis, stakeholder engagement, and company founding.""""","Biodiversity, ecology, autonomous robotic systems, biohybrid sensors, mobile sensor solutions, climate change, aquatic environments, aquaculture, life form detection, big data, artificial intelligence",ecology | sensors,HORIZON-CL6-2024-BIODIV-01-2,Digital for nature,HORIZON-IA,HORIZON-CL6-2024-BIODIV-01,HORIZON-CL6-2024-BIODIV-01,2025-01-01,2029-12-31,HORIZON_EUROPE,2025,HORIZON_EUROPE|2024_PLUS,47
101285198,PTT-NCaps,Pollen Transfection via Tuneable Polymeric Silica Nanocapsules : A Non-Transgenic Platform for Plant Genetic Manipulation,"The escalating climate crisis, population growth cause serious challenges to system reliant to plants, posing a critical threat to agricultural productivity and global food security. In the urgent quest to develop resilient crops, CRISPR-Cas9 ribonucleoprotein (RNP) complexes present a powerful and precise genome-editing tool. Their primary advantage lies in enabling non-transgenic improvement by acting transiently without the integration of foreign DNA, thereby potentially streamlining regulatory approval and public acceptance. However, the transformative potential of this technology is severely hampered by a fundamental bottleneck: the efficient delivery of these macromolecules into plant cells.  To address the delivery challenge, we propose the development of a novel, sustainable nanocarrier platform centred on a biocompatible silicon core, which serves as a scaffold for a precise layer-by-layer (LbL) assembly technique. This enables the meticulous encapsulation of functional CRISPR-Cas9 RNP complexes, thereby shielding them from enzymatic degradation in the extracellular environment. Cell-penetrating peptides (CPPs) will be incorporated to promote enhanced cellular uptake and internalisation by overcoming the cell wall barrier, while choline-based deep eutectic solvents (DES) will be employed to stabilise the RNP payload and ensure its release upon intracellular entry. By introducing the cargoes into pollen, we aim to achieve heritable edits that are directly transmitted to the progeny seeds following pollination. This method leverages the natural process of fertilisation, offering a transformative, genotype-independent solution for rapid crop improvement. The successful execution of this research will provide a robust and versatile platform technology to accelerate the development of more stress-resilient crops, ultimately contributing to sustainable agriculture and ensuring food security in the face of a rapidly changing climate.","Nanotechnology, Sustainable Agriculture, Gene editing",DNA | biomolecules | nutrition | metalloids | climatic changes,HORIZON-MSCA-2025-PF-01-01,MSCA Postdoctoral Fellowships 2025,HORIZON-TMA-MSCA-PF-EF,HORIZON-MSCA-2025-PF,HORIZON-MSCA-2025-PF,2026-07-01,2028-06-30,HORIZON_EUROPE,2026,HORIZON_EUROPE|2024_PLUS,48
101134869,Water Smart Connect,Water Smart Connect,"Today’s urgent challenges are inherently complex and systemic and will not be solved by individual actors or territories in isolation. To foster enabling innovation ecosystems across the EU, a systemic approach that is inclusive and collaborative is required. Diverse actors from separate regions ensure an equitable diffusion of benefits and maximise the value of innovation for all. This project aligns with EIE’s aims to create more connected, inclusive and efficient innovation ecosystems that support the scaling of companies and spur innovation to address important challenges in a responsible way. Previous projects and collaboration (i.e. WST, S3P) are used as the foundation for this further development.Proposal topicsThe project will focus on digitalisation within water-heavy sectors as an enabler to create a water smart society.ConceptThe project will take a threefold approach to driving cross-regional innovation with the water-smart focus area. These are:1) Prioritisation of key innovation areasRegionally, the project will generate a base of qualitative and quantitative data on existing capacities, gained from partners' experience and knowledge, and through engagement of quadruple-helix stakeholders. This process will drive the identification of innovation priority areas regionally.2) Cross-regional actionsThrough cross-regional workshops, key innovation areas and gaps will be identified with a focus on formulating cross-regional action plans that generate a pipeline of specific ideas / concepts for future projects. The workshops will analyse gaps in the competences of each of the regions to foster cross-regional collaboration. 3) Idea generation and partner matchingBased on the cross-regional workshops, the partners will select / match key innovation ideas and stakeholders through workshops, webinars, and digital co-creation. The focus will be to develop a pipeline of concepts for future collaboration ( E.g. EUREKA,  Water4All, Horizon Europe)","water technology, water smart society, cross-regional collaboration, ecosystem development",,HORIZON-EIE-2023-CONNECT-01-02,Preparatory action for setting up joint programmes among innovation ecosystems actors,HORIZON-CSA,HORIZON-EIE-2023-CONNECT-01,HORIZON-EIE-2023-CONNECT-01,2024-06-01,2025-06-30,HORIZON_EUROPE,2024,HORIZON_EUROPE|2024_PLUS,49
101151817,EPHYFLU,Bridging epidemic modelling and phylogenetic methods to understand avian influenza transmission in poultry trading networks,"Poultry production has risen as the main livestock sector worldwide, with this growth being primarily driven by low and middle income countries such as Bangladesh. Unfortunately, the high circulation of avian influenza in domestic flocks undermines economic and societal benefits of poultry production in this country and raises significant concerns for human health. Nonetheless, avian influenza transmission in Bangladeshi poultry remains poorly characterised. To fill this gap, the EPHYFLU project will shed light on the transmission patterns of H9N2 avian influenza virus, the most common strain in Bangladesh, by combining state-of-the-art mechanistic models and high quality sequence data. In particular, this project will develop novel methods to leverage genomic data to inform epidemic models, which will be used to assess the effectiveness of a range of veterinary public health interventions aiming to reduce H9N2 avian influenza transmission. This program will result in novel policy recommendations for avian influenza control in Bangladesh, and contribute to the integration of phylogenetic and mechanistic modelling.","Avian Influenza, Epidemiology, Agent Based Models, Phylogenetics, Phylodynamics, Bayesian Inference",public health | virology | influenza | animal husbandry,HORIZON-MSCA-2023-PF-01-01,MSCA Postdoctoral Fellowships 2023,HORIZON-TMA-MSCA-PF-EF,HORIZON-MSCA-2023-PF-01,HORIZON-MSCA-2023-PF-01,2024-10-02,2026-10-01,HORIZON_EUROPE,2024,HORIZON_EUROPE|2024_PLUS,50
101211177,IPconnect,Industrial Policy and Corporate Connections,"The recent rise of industrial policy (IP) worldwide is reshaping the role of the state in the economy. A key challenge for industrial policy is to involve industrial groups in policymaking and implementation without allowing them to dominate the process. The main objective of this project is to study whether corporate connections of bureaucrats are beneficial or detrimental to the design of IP with the specific objective to promote private capital transfer from one region to another. This project leverages one of the largest state-led investment programs in recent history, employing quasi-experimental methods to credibly estimate causal effects in combination with high quality administrative data. It studies the German Treuhand agency that sought to transform East Germany’s troubled state-owned enterprises suffering from low labour and energy productivity in the wake of the German reunification. The agency’s leaders, recruited from West Germany’s business elite, were tasked with attracting Western capital. However, their close connections to West German businesses raised concerns about potential conflicts of interest.This project evaluates the effectiveness of the regional capital flow through connections, first, by assessing the performance of firms acquired by connected and unconnected investors. Second, drawing on detailed data on sales contracts, the project estimates the effect of connections on transaction outcomes. Third, it assess the impact on connections on the performance of corporate investors that participated in the large-scale investment program. The project's findings will be pertinent for the design of institutional policies around the avoidance of conflicts of interest in industrial policy.","industrial policy, bureaucracy, connections",bureaucracy | productivity | employment | political economy,HORIZON-MSCA-2024-PF-01-01,MSCA Postdoctoral Fellowships 2024,HORIZON-TMA-MSCA-PF-EF,HORIZON-MSCA-2024-PF-01,HORIZON-MSCA-2024-PF-01,2025-10-01,2027-09-30,HORIZON_EUROPE,2025,HORIZON_EUROPE|2024_PLUS,51
101271961,MAP4PWV,Multiscale investigations of polymer hydrocracking on bifunctional catalysts for plastic waste valorisation,"Plastic waste is becoming increasingly problematic due to its rapid accumulation and inefficient recycling. Most plastic waste is mismanaged, posing significant environmental and health risks. There is an urgent need for effective plastic waste upcycling to mitigate its harmful impacts, foster sustainability and a greener future. This goal is envisioned by the European Green Deal. Bifunctional catalytic hydrocracking is a promising technique in scope of chemical upcycling, which can selectively convert polyolefin waste into value-added products like fuels. However, challenges remain in high economic cost of noble-metal catalysts and lack of scalable industrial applications, preventing this technique from practical implementation. The core objective is to deepen mechanistic understanding and promote practical application of non-noble-metal-based bifunctional catalytic hydrocracking, enabled by advanced computational methods. This will be achieved by developing a multiscale computational framework, spanning atomistic to process-level investigations. Two parallel catalytic models of metal surfaces and zeolite pores will be established to simulate a state-of-the-art hydrocracking system using nickel-supported ZSM-5 zeolite. Reaction profiles and complete thermodynamics at the atomic and molecular scale will be generated. Hierarchical insights from first-principles calculations will be used to develop a kinetic model, and then the activity, selectivity, stability, and yield of the bifunctional hydrocracking process will be predicted under relevant reaction conditions. To deliver this, density functional theory, machine learning, and kinetic Monte Carlo methods will be integrated into the workflow. The methodology will be validated by pioneering studies and experimental analyses from project collaborators. The project’s outcomes will address challenges in plastic waste valorisation, providing guidance to experimentalists and engineers working in plastic upcycling.","Hydrocracking,Polymer Upcycle,Kinetic modelling,Multiscale Computing,Chemical reaction engineering,Kinetic Monte Carlo,Density functional theory,Process systems engineering",recycling | inorganic compounds | polymer sciences | computational science | energy and fuels,HORIZON-MSCA-2025-PF-01-01,MSCA Postdoctoral Fellowships 2025,HORIZON-TMA-MSCA-PF-EF,HORIZON-MSCA-2025-PF,HORIZON-MSCA-2025-PF,2026-09-01,2028-08-31,HORIZON_EUROPE,2026,HORIZON_EUROPE|2024_PLUS,52
101181890,RAINS,Resilient Agricultural IrrigatioN systems for water Scarcity in Europe,"In the last years, extreme weather patterns of water scarcity (droughts) and water abundance (floods, rapid showers) are becoming more frequent and prolonged in the EU. If we do not remedy this situation, by 2050 water scarcity will lead to €12,2 billion losses per year and affect 17% of EU population. RAINS will contribute to improve the resilience of EU agriculture to water scarcity by demonstrating 10 solutions (irrigation practices, technologies and tools) that will increase the efficiency of water and nutrient management in agriculture and reduce the impact of extreme weather events. RAINS solutions include alternative forms of water supply, combined use of water and biofertilisers, improved soil water-retention, water-N/P modelling and some smart solutions (Optifangs-IA, WaterIQ) to contribute to decision-making and to integrated irrigation management across farm systems. Solutions will be demonstrated at 10 demo-farm systems representing agroecology, organic production, conventional, intensive and urban agriculture, replicated in Greece and Spain. We will also develop a hydrological and N/P model to optimised agriculture production at catchment level. A well, we will conduct co-creation workshops, knowledge transfer activities and create materials such as guidelines (2), White Papers (2) and Practice Abstracts (40). Policy focused sessions will deliver 3 sets of policy and incentives recommendations, engaging quadruple helix agricultural stakeholders, to pave the way for the uptake of sustainable irrigation and fertilization management solutions in practice in the EU.In the long term, RAINS will contribute to improve water efficiency by 50% in 12,700 ha. in more than 20 EU regions, and support >500 farmers in the transition to a more sustainable irrigation. And by 2050, the implementation of the RAINS project will save up to €6.1 billion, 244.348 million litres of water and 35.4 t CO2 eq. avoided emissions.","Water scarcity, drought, water abundance, floods, irrigation, water management, biowaste, agriculture, farming systems, water technologies, digitalization, solid water, reclaimed wastewater",irrigation | agroecology | urban horticulture,HORIZON-CL6-2024-CLIMATE-01-1,Improving irrigation practices and technologies in agriculture,HORIZON-IA,HORIZON-CL6-2024-CLIMATE-01,HORIZON-CL6-2024-CLIMATE-01,2024-11-01,2028-10-31,HORIZON_EUROPE,2024,HORIZON_EUROPE|2024_PLUS,53
101311871,UASILICA,Ukrainian Advanced Silica: Deep-Tech Green Chemistry and Low-Temperature Plasma Transformation of Agricultural Waste into Nanostructured Critical Raw Materials,"UASILICA is developing bio-based adsorbents to help agricultural and energy companies do not pay for utilization of waste they have created with plasma technologies. We extract silica and metals from waste with capex 10x lower and opex 30% lower than traditional factories and we can do it where they legally can’t due to emissions, environmental problems.We will create desiccants like silica gel cat litter, ethylene oxygen and moisture adsorbents in future , now focusing on potassium and sodium liquid glass. Energy -efficient, saving natural resources, decrease co2+nox+sox+co, water gas electricity consumption.We use a B2B model selling to distributors local, eco-friendly silica gel at 2.50 euro per kilo minimum—price parity with Chinese imports, meeting ESG goals and Franchise of technology with 50-thousand-euro territory license and 5% revenue royalty. Our first ideal customer is B2B packaging company – local ukrainian distributors in building secotrs and importers in Poland and Baltic who used to buy this materials in bulk and that fastest path to get revenue. We will replicate our factories starting in Ukraine ourselves, then adopt to franchise partners in key markets like Romania, Germany, Spain, and Poland in EU at first, then other parts of the world. Our expansion roadmap is data-driven, waste availability in 100 km, local energy costs, and market demand concentration, ranked by fastest start. Each factory serves local region.Instead of slow chemical giants our strategy fundamentally different. They use sand mining and hazardous chemicals; we use waste and green chemistry. They build massive, polluting factories; we deploy small, modular, scalable, effective factories. And we can build it where they legally can't.",critical raw materials adsorbents extraction waste agriculture gren chemistry plasma low-temperature nanomaterial,alkali metals | mining and mineral processing | plasma physics | amorphous solids | aliphatic compounds,HORIZON-EIC-2025-UKRAINIANTECH-01,Support for the Ukrainian tech innovators,HORIZON-EIC,HORIZON-EIC-2025-UKRAINIANTECH-01,HORIZON-EIC-2025-UKRAINIANTECH-01,2026-07-01,2028-06-30,HORIZON_EUROPE,2026,HORIZON_EUROPE|2024_PLUS,54
101296129,JUST-COAST,"Justice-Driven Integrated Transformation for Climate-Resilient Coastal Futures: Co-creating just, systemic, and inclusive solutions for transformative adaptation in vulnerable coastal hotspots","Just-Coast will demonstrate, replicate, and scale just, systemic climate change adaptation solutions to Europe's highly vulnerable coastal hotspots. Project objectives are to: (i) co-create place and people-centred pathways, prioritising vulnerable groups and social acceptance; (ii) design, test, and validate nature-based and hybrid solutions, alongside early-warning and digital-twin tools; (iii) foster climate-proof critical coastal infrastructure; (iv) deliver interoperable, FAIR data services and a user-centred Resilience Platform; and (v) unlock equitable, long-term finance uptake through business models and investor matchmaking. These objectives will be achieved by combining Communities of Practice, Public-Private-Civil Partnerships and Citizen Science methods with AI-enabled, site-based coastal Digital Twins, multi-hazard indicators and Early Warning Systems. Selected ecosystem-based solutions will undergo physical flume testing coupled to numerical models to calibrate and stress-test performance to 2100+. All tools and protocols are packaged in the Just-Coast Resilience Platform for reuse, upscaling and adaptation measures. Demonstrations will span seven coastal hotspots (including low-lying and outermost high-risk coastal regions), with seven additional replication hotspots to prove transferability and scale. The project directly addresses the call's scope by prioritising nature-based, socially accepted, governance, and digital solutions; embedding equity and maladaptation checks; and demonstrating TRL6-8 innovations across at least seven coastal authorities for upscaling. It integrates with projects MIP4Adapt and Climate-ADAPT, aligns monitoring to Mission KPIs, and leverages Copernicus Marine and the Coastal Thematic Hub. Outcomes include increased resilience and adaptation of regions, cities and local authorities to climate risks, with adaptive solutions made available for replication across Europe.","Services, FAIR/Open Data, Innovative Services, Co-design, Citizen Science, Vulnerability",governance | climate change adaptation | climatic changes,HORIZON-MISS-2025-01-CLIMA-03,Demonstrating solutions to help hotspots in coastal regions to adapt to climate change,HORIZON-IA,HORIZON-MISS-2025-01,HORIZON-MISS-2025-01,2026-11-01,2030-10-31,HORIZON_EUROPE,2026,HORIZON_EUROPE|2024_PLUS,55
101280903,C-METABnG,Catchment METAbolism of Blue and Green fluxes,"Catchments are key regulators of carbon (C) and nutrient fluxes across terrestrial and aquatic domains, sustaining biodiversity, water quality, and the global carbon cycle. They involve two main sources of metabolic activity, defined as the fixation and dissipation of energy by all organisms: blue metabolism, arising from biogeochemical processes in flowing waters shaped by light, flow regimes, nutrient concentrations, and organic matter supply, and green metabolism, associated with terrestrial primary production driven by the uptake of light, energy, and water by vegetation. Aquatic and terrestrial metabolism contribute simultaneously to the land-atmosphere carbon fluxes, but, despite coexisting and interacting within catchments, their intertwined dynamics remain largely unaccounted for, leaving major uncertainties in how carbon is partitioned and routed along the land-water continuum. This represents a major challenge for predicting the response of catchment carbon dynamics to climate and land-use change, with profound implications for water quality, ecosystem resilience, and carbon-climate feedbacks.The C-METABnG project will develop the first coupled framework of whole-catchment metabolism, explicitly linking blue and green metabolic activities and embedding the spatio-temporal variability of key resources such as hydroclimatic fluctuations. This addresses persistent uncertainties in the global carbon cycle, and the urgent need to improve predictability of catchment processes under climate change. To this end, the project will compile and harmonize a global dataset of blue and green metabolic observations, extend a process-based model to couple terrestrial fluxes with in-stream C processing, and advance a deterministic-probabilistic framework that captures resource variability. The ultimate goal is to provide the first predictive system for whole-catchment metabolism, directly responding to the call for integrated land-water carbon research.",Ecohydrology; Catchment hydrology; Ecohydrological modeling;Gross Primary Productivity;Ecosystem respiration; Dissolved Organic Carbon; Riverine and terrestrial metabolism; Carbon cycle; Scaling laws.,hydrology | climatic changes,HORIZON-MSCA-2025-PF-01-01,MSCA Postdoctoral Fellowships 2025,HORIZON-TMA-MSCA-PF-EF,HORIZON-MSCA-2025-PF,HORIZON-MSCA-2025-PF,2026-10-01,2028-09-30,HORIZON_EUROPE,2026,HORIZON_EUROPE|2024_PLUS,56
101281767,ACCTT,Accessible Categories in Constructive Type Theory,"Software bugs can lead to the loss of lives and money, particularly in safety-critical contexts. The formalisation of software in proof assistants can prevent this by equipping programs with computer-checked proofs of correctness. A sophisticated framework for this programme is homotopy type theory (HoTT) which is a constructive foundation of mathematics supported by computer implementations.To allow such computer formalisations to scale, it is critical to formalise category theory in HoTT, since this mathematical discipline embodies the guiding principles of abstraction and composition. The theory of accessible and locally presentable categories presents a significant challenge however, as it is firmly rooted in classical set theory.To address this, the ACCTT project will develop constructive type theoretic analogues of accessible and locally presentable categories in HoTT, as well as their important applications in the semantics of type theory. The whole project will be backed by computer-verified proofs in the proof assistant Agda.ACCTT will use type universes in lieu of cardinals traditionally employed in set theory and make formal connections between these. The applications to the semantics of type theory will be twofold. The first is in the semantics of various (co)inductive types and will proceed by establishing fixed point theorems for certain functors on locally presentable categories. The second is in the homotopical semantics of HoTT's rich identity types, by developing constructive versions of a fundamental technique known as the small object argument.Thus, ACCTT will transfer important theory and tools from set theory to HoTT, contribute to an improved understanding of inter-foundation translations, while the advances in constructive semantics will enable new computational implementations. The project will rely on my expertise in constructive mathematics—and specifically ordinals—in HoTT, as well as the formalisation thereof in Agda.",homotopy type theoryconstructive mathematicsformalisation of mathematics and proof assistantsfoundations of mathematicscategory theorysemantics of type theory,software,HORIZON-MSCA-2025-PF-01-01,MSCA Postdoctoral Fellowships 2025,HORIZON-TMA-MSCA-PF-EF,HORIZON-MSCA-2025-PF,HORIZON-MSCA-2025-PF,2026-10-01,2028-09-30,HORIZON_EUROPE,2026,HORIZON_EUROPE|2024_PLUS,57
101151788,BIOFARM,"Biobased, fully biodegradable, microplastic-free nanocarriers selectively releasing encapsulated actives for sustainable agriculture","Responding to the growing population in times of climate change, new techniques are essential to transform agriculture into a sustainable but even more productive system. Agrochemical delivery based on micro- and nanocarriers emerged as an efficient tool to decrease pesticide need against various plant diseases. However, these formulations also need non-degradable additives, such as spreading agents or adhesives. While studies underline that the widely used polymeric carriers in agrochemical delivery can release microplastics, research on additive-free or fully biodegradable formulations is very scarce.The aim of BIOFARM is to understand and develop new nanocarriers for agriculture that omit all non-degradable ingredients and release their payload only on-demand. Fully biobased and biodegradable nanocarriers will be designed as efficient vehicles to deliver and selectively release actives, without the danger of microplastics-formation. More importantly, I will design the nanocarriers surface in such a way to optimize spreading on the leaves and achieve effective adhesion to prevent other non-degradable additives. A general approach for encapsulated plant protection products in designed nanocarriers will be devised for foliar spraying. Without adding environmentally problematic additives, the enhanced adhesion of the proposed nanocarriers will be tailored through bio-polymer modification and green formulation design. The designed nanocarriers will not only be examined by various plant pathogens through vitro tests, but also will be tested on plant leaves on the field. A set of analytical techniques will be used to investigate various characteristics of the prepared nanocarriers, such as the adhesion on the leaves, biodegradation and efficiency. The proposed fully biodegradable nanocarriers represent a general concept and green formulation to replace non-degradable micro- and nanocarriers in the important foliar-spraying market of modern plant protection.","Biodegradable, biopolymer, nanocarrier, encapsulation, agrochemical delivery",pollution | agriculture,HORIZON-MSCA-2023-PF-01-01,MSCA Postdoctoral Fellowships 2023,HORIZON-TMA-MSCA-PF-EF,HORIZON-MSCA-2023-PF-01,HORIZON-MSCA-2023-PF-01,2024-09-02,2026-09-01,HORIZON_EUROPE,2024,HORIZON_EUROPE|2024_PLUS,58
101281968,G-SAFE,Geometry assisted StAbilization of Floquet Engineered phases,"Floquet engineering (FE) has become a cornerstone of quantum technology, enabling precise control over quantum simulations through periodic modulation of system parameters. Its versatility across platforms has driven breakthroughs such as the realization of topological phases and synthetic gauge fields with applications in quantum computing; control of interactions in Fermi-Hubbard models, enabling studies of mechanisms potentially linked to high-temperature superconductivity; and the creation of exotic phases with no equilibrium counterparts, such as discrete time crystals and anomalous Floquet topological insulators. However, FE is limited by heating due to resonant energy absorption, with multi-photon resonances being a key bottleneck at low- and intermediate-frequency regimes. The inadequacy of conventional Floquet theory, due to the non-uniqueness of the Floquet Hamiltonian and the failure of perturbative analysis in these regimes, has hindered systematic study of the onset of Floquet heating and its mitigation. Environmental couplings further complicate analysis, with unclear roles in suppressing or amplifying heating. G-SAFE (Geometry assisted StAbilization of Floquet Engineered phases) will tackle these challenges by: (i) uncovering mechanisms that protect certain initial states against Floquet heating and using them to prepare states that can host Floquet-engineered phases while remaining stable, and (ii) establishing a theoretical framework for analysis and control of heating in environment-coupled Floquet systems, modelled with non-Hermitian Hamiltonians. Its innovation lies in combining the recently developed geometric Floquet theory with geometric measures that were recently applied to precisely quantify heating regimes in Floquet systems. By providing a predictive and controllable framework for stabilizing Floquet-engineered phases, G-SAFE will facilitate robust quantum simulations and advance the development of next-generation quantum technologies.","Floquet Engineering, Non-equilibrium quantum dynamics, Thermalization, Periodically Driven Systems, Quantum Simulators, Open Quantum systems, Non-Hermitian systems, Computational many-body physics",geometry | superconductivity,HORIZON-MSCA-2025-PF-01-01,MSCA Postdoctoral Fellowships 2025,HORIZON-TMA-MSCA-PF-EF,HORIZON-MSCA-2025-PF,HORIZON-MSCA-2025-PF,2027-09-01,2029-08-31,HORIZON_EUROPE,2027,HORIZON_EUROPE|2024_PLUS,59
101299364,REVIVE,Non-destructive Evaluation and Service Life Extension of Vulnerable Reinforced Concrete Infrastructure,"REVIVE (Non-DestRuctive Evaluation and Service Life Extension of Vulnerable Reinforced Concrete Infrastructure) aims to revolutionise how ageing reinforced concrete (RC) bridges and tunnels are assessed, monitored, and maintained. RC is the backbone of global infrastructure but faces serious deterioration challenges due to corrosion, fatigue, and ageing, leading to high maintenance costs and safety risks. REVIVE develops a new integrated framework combining advanced Non-Destructive Evaluation (NDE) and Structural Health Monitoring (SHM) technologies with artificial intelligence, digital twins, and sustainable materials to predict structural performance and extend service life.The project will merge multi-sensor inspection data (e.g. radar, ultrasound, fibre optics) through AI-driven digital platforms, enabling accurate, real-time condition assessment. Predictive digital twin models will link monitoring data with physical behaviour to support maintenance decisions. REVIVE will also validate eco-friendly repair materials such as recycled and smart concretes, reducing CO2 emissions and supporting circular economy goals.A consortium of leading European and UK universities, research institutes, infrastructure owners, and industry partners will conduct laboratory studies and field demonstrations on real bridges and tunnels. Through international staff exchanges, training, and open science practices, REVIVE will enhance skills, foster innovation, and promote standardised, sustainable asset management. The outcomes will increase infrastructure safety, reduce costs and carbon footprint, and strengthen Europe’s leadership in resilient, digital, and green construction technologies.","Structural Engineering, Bridge Engineering, Non-destructive Testing,",sustainable economy | ultrasound,HORIZON-MSCA-2025-SE-01-01,MSCA Staff Exchanges 2025,HORIZON-TMA-MSCA-SE,HORIZON-MSCA-2025-SE-01,HORIZON-MSCA-2025-SE-01,2026-09-01,2030-08-31,HORIZON_EUROPE,2026,HORIZON_EUROPE|2024_PLUS,60
101290048,HIVE,HARMONIZED INTEGRATION AND VERIFICATION OF UAS MULTIPLE SIMULTANEOUS OPERATIONS IN THE U-SPACE ENVIRONMENT (HIVE),"The evolution of U-space must anticipate the rise of Multiple Simultaneous Operations (MSO) as a driver for scalable and economically viable drone services. Fleet operations—multiple unmanned aircraft managed under a common Fleet Management System (FMS)—are essential for logistics, surveillance, and inspection. Swarm operations—groups of aircraft flying within a tightly coordinated 1-connected envelope—have proven value in entertainment and are expanding toward higher-value applications such as public safety, search and rescue, and emergency response.Today’s U-space remains optimised for single-aircraft management, with separation provided by U-space Service Providers (USSPs). Scaling this model to fleets and swarms risks overloading service layers and limiting capacity. HIVE (Harmonized Integration and Verification of Multiple Simultaneous Operations in U-space Environment) addresses this challenge through a layered delegation framework, where selected intra-separation and conformance functions shift from ATM/U-space services to FMS or Swarm Management Systems (SMS). In such scenarios, the USSP treats the swarm as a Single Operational Object, while internal spacing, C2 management, and Remote ID are coordinated within the group.This delegation must rest on verifiable performance and safety requirements. A key research gap is the absence of air and ground risk models for MSO operations, particularly for higher-SAIL missions (e.g. SORA SAIL III+). HIVE tackles this by extending existing frameworks—CORUS ConOps, EUROCONTROL ARA, and SORA —to cover fleets and swarms.Aligned with SESAR’s transformation levers—automation, dynamic airspace, trajectory optimisation, and human–machine teaming —HIVE will deliver:operational concepts for fleets and swarms,novel MSO risk models,a preliminary compliance framework, andpre-validation activities.These outputs lay the foundation for scalable integration of MSO into U-space and the Digital European Sky.","UAS, U-SPACE, SWARMS, SORA, DRONES, UAV",aircraft | drones,HORIZON-SESAR-2025-DES-ER-03-WA1-4,Fundamental research for other topics,HORIZON-JU-RIA,HORIZON-SESAR-2025-DES-ER-03,HORIZON-SESAR-2025-DES-ER-03,2026-06-01,2028-11-30,HORIZON_EUROPE,2026,HORIZON_EUROPE|2024_PLUS,61
101283648,SUSTAIN-LH2,SUSTainable mArine cryogenIc contaiNment for Liquid Hydrogen: a data-driven framework for real-time boil-off rate prediction and boil-off gas management,"Among the broad spectrum of green technologies, hydrogen has emerged as a particularly promising option for achieving the 'near-zero' shipping on a well-to-wake basis. While the feasibility of using hydrogen onboard is generally more straightforward than other carbon-free technologies, its marine cryogenic storage is expected to be essential to advance the onboard hydrogen operations through accurate BOR prediction and robust BOG management.This project aims to improve researchers' knowledge of marine LH2 storage practice and to propose methods for facilitating the shipping industry' s safe and efficient adoption of hydrogen fuel for 'net-zero' green transition. Specifically, the project addresses 4 research objectives:RO1: Analyse the influence of insulation configurations, with a focus on unintended thermal bridge effects, on the thermal resistance of marine LH2 storage system;RO2: Develop a data-driven thermal modelling approach for real-time BOR prediction in marine LH2 storage system, incorporating dynamic sloshing and pressurised conditions at varying fuel levels;RO3: Develop a BOR-informed decision-making framework with energy, economy, and safety-boundaried optimisation for predictive BOG management in marine LH2 storage system;RO4: Disseminate research outputs, in the form of scientific knowledge and industry resources to researchers and industry practitioners, enabling them to evaluate and exploit them.The report from the European MSA highlighted that marine LH2 storage is still in its infancy and remains the most challenging aspect of hydrogen-fuelled shipping. Therefore, I aim to develop systematic methodologies and supporting tools at the host institution to address the emerging gaps in LH2 storage, building on my research experience at DUT and KTH. Through this project, I will engage in a wide range of research activities, enhancing my domain knowledge, research skills, professional network, and practical experience.",Heat Transfer Analysis; Thermal Engineering; Boil-off Rate; Cryogenic Container; Insulation Layer.,energy and fuels | naval engineering,HORIZON-MSCA-2025-PF-01-01,MSCA Postdoctoral Fellowships 2025,HORIZON-TMA-MSCA-PF-EF,HORIZON-MSCA-2025-PF,HORIZON-MSCA-2025-PF,2026-06-01,2028-05-31,HORIZON_EUROPE,2026,HORIZON_EUROPE|2024_PLUS,62
101258941,HeartVision,Illuminating new paths in heart failure therapy,"HeartVision is an ambitious high-risk, high-gain project that aims to unlock real-time, in vivo 3D microscopy of beating hearts and engineered heart tissues (EHTs) at cell-scale resolution – even deep within tissue folds.Heart failure is the leading cause of death worldwide, and today, there is no curative therapy for it. EHT transplantation offers hope, but we currently lack tools to assess its effectiveness in real time. Critical questions remain unanswered: Where do transplanted cardiomyocytes go? How do they integrate? When do they start contributing to heart function? Today, even imaging cells deep within therapy-scale EHTs is not possible - let alone in a beating heart.HeartVision will generate multiple IPs with potential in current and future clinical and biotech markets, while ensuring open access to key scientific breakthroughs. It strikes a bold balance between innovation exploitation and open science dissemination.HeartVision will realize the dream of cell-scale imaging in living organs and put it in the hands of therapy developers, reshaping how we see, study, and treat heart failure and beyond.","In vivo microscopy of live heart with cell-scale resolution, computation clearing of biological tissue, therapy development and high-throughput 3D imaging platform for engineered tissue",transplantation,HORIZON-EIC-2025-PATHFINDEROPEN,EIC Pathfinder Open,HORIZON-EIC,HORIZON-EIC-2025-PATHFINDEROPEN,HORIZON-EIC-2025-PATHFINDEROPEN,2026-07-01,2030-06-30,HORIZON_EUROPE,2026,HORIZON_EUROPE|2024_PLUS,63
101279745,NETSPY,A Differential Detection Electrogravimetric Platform for the Early Diagnosis of Neuroendocrine Tumours,"Neuroendocrine tumours (NETs) are often missed at first presentation because their symptoms mimic common gastrointestinal or inflammatory conditions. NETSPY addresses this gap by developing a dual-mode electrogravimetric biosensor that detects the established NET biomarkers Chromogranin A and B (CgA, CgB), while distinguishing them from non-specific inflammatory signals (CRP) measured in routine work-ups. The platform will be built on a custom electrochemical quartz crystal microbalance (EQCM) chip fabricated in the Tyndall/UCC cleanroom. To amplify electron transfer, an ultrathin high-entropy spinel oxide (HESO) film will be coated on the gold electrode. Aptamers for CgA/CgB (newly designed in this project) will be labelled with methylene blue to enable folding-gated electrochemical readout, while the QCM channel will report the label-free mass change. This orthogonal pairing underpins a Dual-Mode Differential Diagnosis (D3) logic: NET markers yield both frequency drop and electrochemical signal, whereas inflammatory interferents yield frequency drop with minimal electrochemical change, enabling practical serum discrimination. Outputs include prototype chips, SOPs for surface assembly, and open datasets/software. NETSPY will deliver a compact, minimally invasive route to earlier NET triage, and a generalizable blueprint for multi-marker point-of-care sensing in rare cancers. Dissemination will include high-impact publications, conference presentations, workshops with patient groups, and collaboration with Rare Cancers Europe. I will strengthen expertise in nanomaterials and biosensing at Tyndall, gain skills in aptamer design, FAIR data, and benefit from interdisciplinary supervision and UCC training resources. These activities will consolidate my independence and prepare me for national transition schemes (Research Ireland Pathway, Enterprise Ireland) and later EIC Transition/Accelerator calls.","Mass sensors, QCM, EQCM, Neuroendocrine Tumor, Biosensors",biosensing | social inequalities,HORIZON-MSCA-2025-PF-01-01,MSCA Postdoctoral Fellowships 2025,HORIZON-TMA-MSCA-PF-EF,HORIZON-MSCA-2025-PF,HORIZON-MSCA-2025-PF,2026-07-01,2028-06-30,HORIZON_EUROPE,2026,HORIZON_EUROPE|2024_PLUS,64
101135576,INTEND,Intent-based data operation in the computing continuum,"The EU strategic autonomy in the digital economy requires more and more data to be processed in the Cloud-Edge-IoT computing continuum, instead of only the central cloud. This requires advanced automation and intelligence of the continuum. At the same time, recent breakthroughs in AI research have shown unprecedented intelligence to handle creative tasks. Such human-like intelligence will eventually disrupt how people use the cloud and continuum. INTEND aims at bringing such human-like intelligence into the cognitive continuum, to achieve the novel concept of intent-based data operation, which is capable of:  (1) continually learning how to manage and adapt heterogeneous cloud/edge resources for more efficient data processing, (2) strategic decision making across the decentralized continuum for end-to-end data security and sustainability, and (3) human-friendly interaction with data stakeholders in natural language, for effective and trustworthy human-entric data operation. To achieve this ambitious objective, INTEND builds a strong consortium of world-class AI researchers and leading companies that cover the complete supply chain of the computing continuum. The project will deliver 11 novel software tools, which integrate into an INTEND toolbox. The approach and the tools will be tested and validated on 5 vertical domains, to achieve the novel intent-based data operation for video streaming pipelines, machine data platform, 5G data infrastructure, urban data space, and robotic AI applications. An open platform will be provided to support the extension with new hardware, management tools and AI models into the cognitive continuum. The outputs pave the way of migrating EU's data industry from cloud to the continuum, and implements EC's strategy of human-centric AI in the domain of data processing and computing continuum.","AI, Human-Machine Interaction, Data Operation, Edge, Intent-based data operation, Generative AI",software | automation,HORIZON-CL4-2023-DATA-01-04,"Cognitive Computing Continuum: Intelligence and automation for more efficient data processing (AI, data and robotics partnership) (RIA)",HORIZON-RIA,HORIZON-CL4-2023-DATA-01,HORIZON-CL4-2023-DATA-01,2024-01-01,2026-12-31,HORIZON_EUROPE,2024,HORIZON_EUROPE|2024_PLUS,65
101131175,FarmEVs,Plant EV farming,"Extracellular vesicles (EVs) are biomembrane-enclosed structures that are ubiquitously secreted by living cells. EVs, by transferring proteins, lipids, nucleic acids and other molecules to neighbouring or distant cells contribute to tissue homeostasis and have roles in many physiological and pathological processes. In this context, plant-derived vesicles started to receive attention as valid alternatives to EVs released by mammalian cell. Going beyond the state-of-the-art and relying on a highly interconnected approach, FarmEVs project will setup a vegetable-based system for the massive production of vesicles and explore them as high-value ingredients for plant and human health. This will be achieved through the isolation and engineerization of EV-like nanovesicles from organically grown crops. Plant derived-vesicles will be exploited for sustainable agriculture with the help of an organic farm in Finland and an agricultural university in Egypt. Moreover, we will setup plant cell cultures for EV farming and by applying emerging biotechnology we will develop EV-based solutions to increase the viral resistance of plants and the pro-symbiotic activities in legume crops.To achieve the goals, a multidisciplinary consortium with the participation of 8 partners from universities, research centres, an SME and an organic farm from 6 countries has been created with the integration of a broad expertise ranging from EV research, biomembrane modelling, plant genetics, plant physiology, virology, molecular farming, engineering and agriculture. This project will strengthen the already existing collaborations, create new ones and provide a solid cornerstone for further research efforts of the consortium participants after the ending of the project. An ambitious staff exchange programme for the transfer of scientific and transferable skills, dissemination and outreach activities was implemented into the scientific plan.","extracellular vesicles, organic farming, nanovesicles, medical physics, Innate immunity and inflammation, microfluidics",nucleic acids | sustainable agriculture | virology | cell biology | lipids,HORIZON-MSCA-2022-SE-01-01,MSCA Staff Exchanges 2022,HORIZON-TMA-MSCA-SE,HORIZON-MSCA-2022-SE-01,HORIZON-MSCA-2022-SE-01,2024-03-01,2028-02-29,HORIZON_EUROPE,2024,HORIZON_EUROPE|2024_PLUS,66
101217199,INNOVISION,Innovation in Vision Research Postdoctoral Training Network,"With   the increasing global incidence of vision impairment and ocular disease due to aging, chronic disease, and environmental factors, the need for pioneering, interdisciplinary and intersectoral research in vision science has never been greater. The 60-month INNOVISION Programme will recruit, train, and accelerate  the careers of 12 research fellows in innovative, cutting-edge techniques to tackle ocular disease and vision impairment. Each researcher will be recruited for 30 months as full-time employees, with two calls throughout the programme recruiting  six researchers each. INNOVISION will adhere to best practices in recruitment and employment, aligning to the EU’s Charter and Code for Researchers. The complexity of ocular disease demands a multifaceted approach to research that transcends traditional, siloed disciplinary boundaries. INNOVISION uses the “bottom up” research approach to address this, allowing researchers to select their supervisor, design their project, determine their secondments, and build both themselves as researchers, as well as their project goals and aims. As such, INNOVISION ingrains insights from various fields such as nanomedicine, genetics, pharmacology, chemistry, molecular biology, psychology, medicine, veterinary medicine, engineering, ophthalmology, artificial intelligence, and social sciences such as global and public health and ethnographic studies (among others), into the comprehensive training programme. Collaboration across sectors—such as academia, industry, and patient advocacy groups—ensures that research findings are not only scientifically robust but also practically applicable, facilitating the translation of discoveries from the lab to the clinic. Equally important is the need to reach out to the public and incorporate Patient and Public Involvement (PPI) initiatives, which ensure that research is aligned with the real-world needs and priorities of those directly affected by ocular disease and vision impairment.","Researcher Training, Global Health, Public Health, Innovation, Vision, Ocular, Disease, Blindness",public health | veterinary sciences | ophthalmology | pharmacology and pharmacy | molecular biology,HORIZON-MSCA-2024-COFUND-01-01,MSCA COFUND 2024,HORIZON-TMA-MSCA-Cofund-P,HORIZON-MSCA-2024-COFUND-01,HORIZON-MSCA-2024-COFUND-01,2026-01-01,2030-12-31,HORIZON_EUROPE,2026,HORIZON_EUROPE|2024_PLUS,67
101131435,iSAS,Innovate for Sustainable Accelerating Systems,"Particle accelerators have become essential instruments to improve our health, the environment, our safety, and our high-tech abilities, as well as to unlock new fundamental insights in physics, chemistry, biology, and generally enable scientific breakthroughs that improve our lives. Accelerating particles to higher energies will always require a large amount of energy. In a society where energy sustainability is critical, keeping energy consumption as low as reasonable possible is an unavoidable challenge for both research infrastructures (RIs) and industry, which collectively operate over 40,000 accelerators. Based on state-of-the-art technology, the portfolio of current and future accelerator-driven RIs in Europe could develop to consume up to 1% of Germany's annual electricity demand. With the ambition to maintain the attractiveness and competitiveness of European RIs and to enable Europe’s Green Deal, we propose to Innovate for Sustainable Accelerating Systems (iSAS) by establishing enhanced collaboration in the field to broaden, expedite and amplify the development and impact of novel energy-saving technologies to accelerate particles. For many frontier accelerators superconducting RF (SRF) systems are the enabling technology. iSAS will innovate those technologies that have been identified as being a common core of SRF accelerating systems and that have the largest leverage for energy savings to minimize the intrinsic energy consumption in all phases of operation. In the landscape of accelerator-driven RIs, solutions are being developed to reuse the waste heat produced, to develop energy-efficient magnets and to operate facilities on opportunistic schedules when energy is available. The iSAS project has a complementary focus on the energy efficiency of the SRF accelerating technologies. This will contribute to the vital transition to sustain the tremendous 20th century applications of the accelerator technology in a green and energy conscious 21st century.","Particle accelerators, superconducting radio frequency, cryomodule, superconducting cavities, RF power control, energy-recovery linac",particle accelerator | climatic change mitigation,HORIZON-INFRA-2023-TECH-01-01,New technologies and solutions for reducing the environmental and climate footprint of RIs,HORIZON-RIA,HORIZON-INFRA-2023-TECH-01,HORIZON-INFRA-2023-TECH-01,2024-03-01,2028-02-29,HORIZON_EUROPE,2024,HORIZON_EUROPE|2024_PLUS,68
101043410,MALFOY,Machine Learning for Offensive Computer Security,"Despite a long series of research, computer attacks still pose a major threat to the security of digital systems. Different malicious actors, such as cybercriminals and intelligence agencies, continuously develop new offensive techniques to evade and outsmart existing defenses. As a result, security research is in a constant arms race and needs to anticipate novel developments as early as possible.   However, one of the key technologies of the last years, machine learning, has received very little attention in offensive security so far. The simple question — ''how would a hacker use machine learning?'' — is largely unexplored and there is a striking gap in current research that hinders the anticipation of forthcoming threats.  The project Malfoy closes this gap and systematically explores how machine learning can be applied for offensive computer security. By adopting the position of an adversary, we investigate how learning algorithms can be used to find security flaws, generate exploits, and construct computer attacks. To this end, we combine offensive security techniques with modern concepts for discriminative, generative, and reinforcement learning. Our goal is to assess how these techniques can interface with each other and improve their performance through learning. Based on this analysis, we become able to devise completely novel defenses that account for the presence of machine learning in the toolchain of attackers.  Despite its offensive nature, the project thus strengthens computer security: First, it explores an uncharted area of research and hence will substantially expand our knowledge about modern computer attacks. Second, the project gives rise to novel and disruptive protection mechanisms, which enable us to move one step ahead of  attack development. Finally, the project links two disconnected areas (offensive security and machine learning) and thereby establishes a new branch of joint research.","Vulnerability Discovery; Exploit Generation; Penetration Testing; Generative Learning, Reinforcement Learning",computer security,ERC-2021-COG,ERC CONSOLIDATOR GRANTS,HORIZON-ERC,ERC-2021-COG,ERC-2021-COG,2023-01-01,2027-12-31,OTHER,2023,OTHER|2021_2023,1
101089009,Smart Nanoparticles,4D Brain-Targeting Nanomedicines for Treating Neurodegeneration,"Aging, Aging, genetic, and environmental factors have increased the prevalence of patients with neurodegenerative brain conditions, with limited treatment modalities. One prerequisite for effective brain treatments is the ability to target next-generation medications, including RNA and protein drugs, to specific neurons and brain regions. Nanotechnology platforms offer new therapeutic avenues for targeting drugs to organs and cells; their implementation in neurodegenerative diseases is nascent. In this research program, we aim to advance far beyond the state-of-the-art and elucidate the molecular and structural characteristics for designing nanotechnology drugs that target and treat brain neurodegeneration. In preliminary studies, we show that the blood-brain-barrier (BBB) overexpresses disease-specific receptors during neurodegeneration, which enable targeted nanoparticles to cross the BBB and penetrate neurons. Albeit these findings, the magnitude, mechanism, and nanotechnological molecular pattern for brain targeting are lacking. To address this fundamental gap, we will use advanced computation and engineering concepts to develop 4D-brain-targeting nanoparticles, that cross the BBB intact to target specific neuronal populations and brain regions. Robotic synthesis, coupled with active learning algorithms will be used to construct nanoparticles with combinations of targeting moieties on their surface and evaluate their neuronal specificity. Supported microfluidic BBB apparatus will be used to screen the nanoparticles ability to target and cross the BBB. A track-and-seek radar system will locate the nanoparticles in the brain, directing localized robotic biopsy of the nanoparticles in the destination cells in the brain. To connect our findings to future clinical implementation, fMRI will be used to record the therapeutic activity of the nanoparticles in the brain. This program will provide the community with essential findings to allow brain-targeted therapeutics.","Nanotechnology,  Brain Targeting,  Neurodegenerative diseases,  Brood-Brain-Barrier",neurobiology | pharmaceutical drugs | nanomedicine | radar | nano-materials,ERC-2022-COG,ERC CONSOLIDATOR GRANTS,HORIZON-ERC,ERC-2022-COG,ERC-2022-COG,2023-05-01,2028-04-30,OTHER,2023,OTHER|2021_2023,2
101069348,INPATT,INorganic Photochemical PATTerning,"Light activation finds a widely spread application to produce photochemically solid organic resins at low irradiation intensity from liquid organic precursors. The main advantages of this process are that it can be activated locally, by focusing a light beam, remotely, and switched on/off easily, in a safe and convenient irradiation regime. For these features, light-activated polymerization is used for patterning organic structures in fields of high technological, economic and social impact such as stereolithography and tooth restoration. Recently we demonstrated that a similar result can be achieved by photochemical generation of an acid or a base in a suitably designed precursor solution and that this approach can be easily extended to inorganic materials such as insoluble carbonates and phosphates. On the basis of these results, our project INorganic photochemical PATTerning (INPATT), hence the photochemically-controlled production of a solid inorganic matrix instead of an organic resin will offer a solution to the market for the problem of patterning inorganic materials with light. The ambitious objective of INPATT is to provide new liquid formulations suitable for applications in stereolithography, patterning, and tooth and art restoration.",,inorganic compounds,ERC-2022-POC1,ERC PROOF OF CONCEPT GRANTS1,HORIZON-ERC-POC,ERC-2022-POC1,ERC-2022-POC1,2022-04-01,2023-09-30,OTHER,2022,OTHER|2021_2023,3
101062190,TargetRANK,Targeting RANK receptor as a novel therapeutic strategy in triple negative breast cancer,"Breast cancer is the most common malignancy among females in the western world, resulting in nearly half a million deaths annually, mainly due to metastatic disease. Triple negative breast cancer (TNBC) accounts for almost 15–20% of all breast cancers (300.000 women diagnosed worldwide per year) and is commonly diagnosed in women younger than age 40. TNBC remains a clinical challenge due to high rate of relapse, a propensity to form visceral metastasis and limited targeted therapies. Thus, there is an urgent need to identify novel targeted therapies for the treatment of the TNBC. TargetRANK is based on the innovative idea of generating novel drugs targeting RANK receptor – instead of its ligand RANKL – for the treatment of TNBC, as well as a new panel of anti-RANK human antibodies – for research and diagnostic purposes. Small molecule inhibitors generated during the project could plausibly be positioned as a novel targeted therapy for TNBC and anti-RANK antibodies commercialized for research applications due to the lack of specific antibodies on the market. The most important benefits of TargetRANK are based on the unmet need to improve the treatment of TNBC patients, and the economic burden for public health systems generated by standard non-selected and ineffective cancer treatments. In addition, if drugs against RANK prove to be efficient, TargetRANK derived assets could also clinically benefit most of the patients suffering bone metastasis that are currently treated with bone resorption drugs, denosumab and bisphosphonates. Although our products are aimed for breast cancer, they may be therapeutically relevant for other tumors expressing RANK as non-small cell lung cancer. RANK antibodies will allow to stratify patients that might benefit from RANK blocking molecules, improving the existing treatments for skeletal-related events and reducing the main complications associated with life-altering morbidity affecting several types of prevalent cancers.",,oncology,ERC-2022-POC1,ERC PROOF OF CONCEPT GRANTS1,HORIZON-ERC-POC,ERC-2022-POC1,ERC-2022-POC1,2023-03-01,2024-08-31,OTHER,2023,OTHER|2021_2023,4
101054778,HIPSTAR,Modelling trajectories and mechanisms of childhood hip dysplasia,"With 40 million patients in Europe, osteoarthritis (OA) is the most common chronic and disabling disease. OA is incurable, and symptomatic treatments have limited effect. Therefore, prevention by identifying and targeting asymptomatic persons that develop a clear OA risk factor is sorely needed. Hip dysplasia is the strongest risk factor for hip OA.  Hip dysplasia is a condition of mechanical instability of the hip caused by insufficient coverage of the femoral head (ball) by a shallow or obliquely oriented acetabulum (socket). This results in high cartilage stress, and subsequent hip OA. In Europe we screen for developmental hip dysplasia in infants (prevalence 2%), enabling early treatment. However, we discovered that hip dysplasia can (further) develop during skeletal maturation and thus remains unrecognized. In 1100 Dutch 9-year-old children we found a 6% and 26% prevalence of marked and mild hip dysplasia, respectively. Hip dysplasia can be influenced until the stage where hip growth plates close at about age 13.   I propose a novel research program (HIPSTAR) where I will uniquely unravel the mechanisms behind late childhood hip dysplasia in order to pave the way for devising preventive measures that reduce the prevalence of adult hip dysplasia and, thus, hip OA. In a birth cohort of 8000 children (followed from foetal life until adulthood), I will first uniquely built a 5D growth model on how hip shape develops over time from age 2-18 years. I will gain novel knowledge regarding causal factors of dysplastic growth, and whether there are various phenotypes that have different underlying mechanisms. I also will study how and when dysplastic growth will already impact on the integrity of the young adult joint, and discover very early signs of joint aberration leading to OA. Finally, in a computational model, I will test the influence of loading factors on dysplastic growth mechanistically, and provide detailed information regarding the potential remedial options.","osteoarthritis, hip, growth and development, risk factor, joint diseases, phenotype",developmental biology | fetal medicine | orthopaedics | multiphysics | mathematical model,ERC-2021-ADG,ERC ADVANCED GRANTS,HORIZON-ERC,ERC-2021-ADG,ERC-2021-ADG,2023-01-01,2027-12-31,OTHER,2023,OTHER|2021_2023,5
101041677,TRANSIT-ND,Tandem Repeats Associated with Neurogenomic Somatic Instability and Neurodegeneration,"Dementia and other neurodegenerative diseases are among the leading causes of disability worldwide and have an immense societal impact due to lack of effective treatments. For developing better preventive and therapeutic strategies, it is essential to clarify their still largely elusive genetic basis and pathophysiology. Emerging insights from the study of rare hereditary repeat expansion disorders caused by elongations of repetitive DNA sequences (""""tandem repeats"""" (TRs)) indicate that TRs could induce instability of neuronal DNA (""""neurogenomic somatic instability""""), and thereby instigate molecular changes that lead to neuronal degeneration. However, the role of highly prevalent TR variations or their somatic instability in the pathogenesis of common age-associated neurodegenerative diseases is unknown. Here, I aim to assess the role of TRs and their somatic instability in the pathogenesis of neuronal degeneration, the defining hallmark of all neurodegenerative diseases. To this end, I will 1) systematically identify TRs whose size or somatic instability are related to neuronal degeneration in the general population and/or disease severity in repeat expansion disorders, using an innovative approach combining """"liquid biopsy"""" of neuronal tissue, high-throughput ultra-deep long-read DNA sequencing and ultrasensitive biomarkers of neuronal degeneration, 2) delineate the neuroanatomical pathways affected by TR somatic instability through comprehensive neuroimaging analyses, and 3) disentangle the underlying molecular and cellular mechanisms, using an extensive integrative multi-omics approach with experimental validation in neuronal cell lines and post-mortem human brain tissue. The wealth of unique insights from TRANSIT-ND could substantially increase our understanding of the pathogenesis of neuronal degeneration and provide shared targets for the prevention and treatment of a range of different neurodegenerative diseases that afflict millions of people globally.""""","neuroepidemiology, genetic epidemiology, neurodegenerative diseases, tandem repeats, repeat expansion disorders, Huntington disease, spinocerebellar ataxia, somatic instability, genetic association study",neurobiology | DNA | pathophysiology | dementia,ERC-2021-STG,ERC STARTING GRANTS,HORIZON-ERC,ERC-2021-STG,ERC-2021-STG,2022-06-01,2027-05-31,OTHER,2022,OTHER|2021_2023,6
101088366,HighEntropy2D,Two-dimensional high entropy alloys and ceramics,"“Entropy engineering” recently had exceptional impact on bulk materials science by invention of bul“Entropy engineering” recently had exceptional impact on bulk materials science by invention of bulk high entropy alloys and ceramics. The underlying idea is that by equiatomically adding ≥5 principal elements to alloys/compounds, the much increased configurational entropy stabilizes otherwise non-accessible single “high entropy” phases with an unique random elemental occupancy on a crystalline lattice and hence novel functional properties. Likewise, reducing dimensionality in “two-dimensional” (2D) materials recently had exceptional impact on materials science due to the 2D materials’ unique functional properties. Despite these exciting individual prospects of “entropy engineering” and “2D materials”, combination of these two concepts to synergetically create novel 2D high entropy materials (2D HEMs) as  a novel materials class with novel functional properties with possible applications in electronics and catalysis remains lacking. In “HighEntropy2d” we will fabricate unprecedented 2D HEMs (2D high entropy alloys, oxides and sulfides) using for the first time scalable vapour deposition and a 2D template/2D confinement approach for both 2D film and 2D nanoflake form, asses their novel properties and perform first tests of their applicability for electronic devices and catalysis. Reducing HEM dimensionality to 2D will also create a unique opportunity to for the first time study in situ and at the atomic scale currently unknown fundamental diffusion, crystallisation, phase transition and separation mechanisms in HEMs (using a globally unique (scanning) transmission electron microscopy ((S)TEM) setup), to obtain fundamental insights relevant to HEMs even beyond the here newly introduced 2D HEMs. The proven track record of principal applicant Bernhard C. Bayer in 2D materials synthesis and atomic scale in situ (S)TEM is an ideal basis for this ambitious research programme.","entropy engineering, 2D materials, high entropy alloys, graphene, aberration corrected scanning transmission, electron microscopy",nano-processes | two-dimensional nanostructures | electron microscopy | additive manufacturing | ceramics,ERC-2022-COG,ERC CONSOLIDATOR GRANTS,HORIZON-ERC,ERC-2022-COG,ERC-2022-COG,2023-06-01,2028-05-31,OTHER,2023,OTHER|2021_2023,7
101053472,NoisyFluid,Noise in Fluids,"Fluids, in complex regimes, show random features. The aim of this project is approaching several questions around the randomness of fluids by means of a theory that could be called “Stochastic Fluid Mechanics”. The distinctive feature of this theory, opposite to others that investigated the stochastic features of fluids, is that it is based on the usual continuum mechanics equations, in particular the Navier-Stokes and Euler equations, but suitably modified by the presence of random elements, like an additive or a transport type noise.Stochastic equations of fluid dynamics have been studied already for three decades and the number of foundational results is very large. However, two basic directions have been explored only partially:a) the origin and the form of noise in fluidsb) the consequences of the presence of noise.This project will make progresses in these two directions, describing the noise near boundary due to vortex productions, including the question of intrinsic stochasticity at the boundary, the propagation of additive noise at small scales to a transport-stretching noise at large scales, the consequences of transport noise on eddy viscosity, enhanced dissipation, enhanced coalescence, and other applications in turbulence and Geophysics. The most ambitious core of the project is putting together these pieces in a picture that explains the mechanism of regularization by noise for the 3D Navier-Stokes equations. The additive noise at small scales is responsible for a transport-stretching noise at larger scales which could prevent blow-up of high intensity vortex structures. We have already proved recently that a noise, of transport type only, has this regularization effect, but stretching amplifies vorticity and new progresses are needed to cope with both processes. We aim to use the experimentally observed fact that small scale velocity should be approximately orthogonal to vorticity in high intensity regions.",,geophysics,ERC-2021-ADG,ERC ADVANCED GRANTS,HORIZON-ERC,ERC-2021-ADG,ERC-2021-ADG,2023-01-01,2027-12-31,OTHER,2023,OTHER|2021_2023,8
101075733,EarlyMicroAbs,Deciphering the antibody-microbiota axis in early life,"Immunoglobulins (Igs) are thought to influence formation of the microbiota composition during a critical window of opportunity in early life. Yet, the antigen binding profiles of these Igs are vastly unknown, and it is incompletely understood how early misguided immune education contributes to the development of allergies or asthma. On an even more fundamental level, it is also unclear if or how B cell receptor (BCR) sequences of different individuals converge to binding similar microbiota antigens and how such responses form in early life.Here, we will leverage phage display as well as novel approaches to study BCR sequence/Ig function relationships, focusing on the following objectives & research questions:a) How do immune exposures in early life shape Ig repertoires and influence health later on?We hypothesize that Ig repertoire development depends on the birth mode, duration of breast feeding, & antibiotics treatments. Here, we will deeply profile the Ig repertoires of mother-child dyads against 600,000 rationally selected microbiota antigens. We will also study the immune repertoires of children with allergies and mine these data sets for associations with early life Ig data sets.b) Do BCR sequences of different individuals converge to binding similar antigens? As observed for some viral antigens, we hypothesize that also universal responses towards bacterial antigens exist and we can capture such sequences in early life. We will apply state of the art and novel proprietary methodologies to link BCR sequences with Ig binding in adults & infants.Linking BCR sequence information with the actual antigen targets, will contribute to understanding the sequence-function relationship of Ig binding and their formation in early life. Deep profiling of mother-child dyads will provide new insights to the development of Ig repertoires. By comparing these datasets with allergic children may also reveal links between early immune education & lasting impacts on health.","microbiota, antibody repertoires, BCR sequences, window of opportunity, machine learning, data scienc, bioinformatics",asthma | antibiotics | allergology,ERC-2022-STG,ERC STARTING GRANTS,HORIZON-ERC,ERC-2022-STG,ERC-2022-STG,2023-06-01,2028-05-31,OTHER,2023,OTHER|2021_2023,9
101067731,proCOLON,First-in-class beta-catenin inhibitor as treatment for colorectal cancer,"With more than 1.9 million new cases and 935,000 related deaths in 2020, colorectal cancer (CRC) is the third most common cancer in men and the second in women. While surgery is the main treatment option for lower grade CRC, patients with unresectable lesions are treated with chemotherapy. Related therapies are associated with severe drawbacks, such as systemic toxicity, low response rate, and unpredictable resistance. Molecular targeted therapies have emerged as a promising strategy to specifically target cancer cells. For CRC, the inhibition of the Wnt signalling pathway has moved into the focus of novel therapeutic approaches as it is hyperactivated in 80% of all cases. Within the pathway, the protein beta-catenin is considered a particularly attractive target. However, classic small molecule targeting strategies have failed to provide any approved drugs that inhibit beta-catenin so far.We have identified a family of peptidomimetic agents that bind beta-catenin and inhibit its interaction with the TCF/LEF transcription factors. For the first time, it was possible to obtain a crystal structure of a synthetic molecule bound to a therapeutically very attractive site on beta-catenin. In addition, we have confirmed cellular activity of these inhibitors verifying selective inhibition of the Wnt signalling pathway. These findings provide the ideal starting point for the development of novel therapeutics for Wnt-dependent cancers, in particular for CRC. These first-in-class inhibitors will provide the basis for the development of therapeutics that selectively inhibit oncogenic Wnt signalling thereby affecting the viability of corresponding cancer cells. This can enable targeted therapies for Wnt-dependent forms of CRC.",,cell signaling | surgery | proteins | oncology,ERC-2022-POC1,ERC PROOF OF CONCEPT GRANTS1,HORIZON-ERC-POC,ERC-2022-POC1,ERC-2022-POC1,2022-05-01,2023-10-31,OTHER,2022,OTHER|2021_2023,10
101076020,FutureSpace,Making the Ariane Rocket: Negotiating relations between  European integration and the future of Europe in space,"When we think about practices of European integration, we rarely think about how they may extend to outer space. Yet, a new global space race is in full swing, in which commercial and government actors worldwide are putting forward bold visions of human futures in outer space. Europe is at the cusp of deciding which role to play in this new space age. Do we witness the emergence of shared European visions for outer space, and how would these build on and inform current European integration practices? These questions are at the center of FUTURESPACE. They will be investigated using the joint European rocket Ariane as a case study. While Ariane was heralded as a symbol of European integration since its first launch in 1979, the rise of commercial companies like SpaceX has spurred profound debates about the future of the European Ariane program. My project will be unique in its attempt to expand questions of European integration to outer space by asking: Which kind of space futures are projected onto and realized through Ariane, and how do these futures relate to ideals and tensions of European integration? By exploring the intricate relations between large-scale technological projects, practices of European integration, and envisioned space futures, my project will provide empirically and theoretically rich insights into how the future of European integration in space is imagined and enacted in the global space race. Methodologically, FUTURESPACE conducts an interdisciplinary ethnography that links social science and engineering to better understand the material and imaginative aspects of this unique space infrastructure. With the increasing relevance of outer space for societies on Earth, such a project is much needed. FUTURESPACE will offer highly relevant and timely insights into how future visions of space shape forms of European collaboration in the present and how, conversely, geopolitical relations on Earth shape how, and by whom these futures are imagined.","Outer Space,  European Integration,  sociotechnical imaginaries,  New Space, Infrastructures, Technopolitics",,ERC-2022-STG,ERC STARTING GRANTS,HORIZON-ERC,ERC-2022-STG,ERC-2022-STG,2023-09-01,2028-08-31,OTHER,2023,OTHER|2021_2023,11
101083038,Nekoka,Realizing the Promise of Higher-Order SMT and Superposition for Interactive Verification,"Proof assistants (also called interactive theorem provers) have a long history of being very tedious to use. The situation has improved markedly in the past decade with the integration of first-order automatic theorem provers as backends. And recently, there have been exciting developments for more expressive logics, with the emergence of automatic provers based on optimized higher-order calculi. The Nekoka project's aim is to make higher-order SMT and -superposition a perfect fit for logical problems emerging from the verification of software and mathematics. We will start by extending higher-order SMT and -superposition and implementing them in automatic provers to provide push-button proof automation for lemmas expressed in higher-order logics. To reach end users, we will integrate the automatic provers in interactive tools: both general-purpose proof assistants and software verification platforms. As case studies, we will use our own provers and integrations to formalize quantum information theory and verify a big data framework in collaboration with domain experts. Beyond providing representative case studies, this will help build a user community around our tools and technologies. In terms of scientific impact, the improved higher-order SMT and -superposition calculi will substantially advance the art of higher-order automation and help reorient research in automated reasoning towards the needs of end users, whether computer scientists or mathematicians. Our tools will outlive the project, serving end users and continuing to be useful for future research. At the societal level, the project will herald a future in which automatic provers and proof assistants are routinely deployed in tandem to verify critical computing infrastructure and to formalize research in computer science and mathematics, thereby leading to more trustworthy software and science.","interactive theorem proving, proof assistants, automatic theorem proving, SAT solving, SMT solving, logic, proofs, software verification, formalization of mathematics",software | history | automation,ERC-2022-COG,ERC CONSOLIDATOR GRANTS,HORIZON-ERC,ERC-2022-COG,ERC-2022-COG,2023-07-01,2028-06-30,OTHER,2023,OTHER|2021_2023,12
101039794,CHORAL,Computational Hardness Of RepresentAtion Learning,"Rich internal representations of complex data are crucial to the predictive power of neural networks. Unfortunately, current statistical analyses are restricted to over-simplified networks, whose representations (i.e., weight matrices) are either random, and/or project the data in comparatively very large or very low dimensional spaces; in many applications the situation is very different. The modelisation of realistic data is another issue. There is an urgent need to reconcile theory and practice.Based on a synergy of the mathematical physics of spin glasses, matrix-models from physics, and information and random matrix theory, CHORAL’s statistical framework will delimit computational gaps in the learning, from structured data, of much more realistic models of neural networks. These gaps will quantify the discrepancy between:(i) the statistical cost of learning good representations, i.e., the minimal amount of training data required to reach a satisfactory predictive performance;(ii) the cost of efficiency, i.e., the amount of data needed when learning using tractable algorithms, such as approximate message-passing and noisy gradient descents.Comparing these costs will quantify when learning is computationally hard or not.To achieve this, CHORAL will first focus on dictionary learning, another essential task of representation learning, and then move on to multi-layer neural networks, which can be thought of as concatenated dictionary learning problems.CHORAL’s ambitious program, by defining benchmarks for algorithms used in virtually all fields of science and technology will have a direct practical impact. Equally important will be its conceptual impact: the study of information processing systems has become a major source of inspiration for mathematics.","high-dimensional inference,  theory of neural networks,  spin glasses,  disordered systems,  random matrix theory,  matrix models,  information theory,  approximate message-passing algorithm,  noisy gradient descents,  signal processing,  computational gaps",amorphous solids,ERC-2021-STG,ERC STARTING GRANTS,HORIZON-ERC,ERC-2021-STG,ERC-2021-STG,2022-10-01,2027-09-30,OTHER,2022,OTHER|2021_2023,13
101087184,CC4DYN,A quantum chemical approach to dynamic properties of real materials,"Computational materials science, using ab initio simulations and high-performance computing, is expected to play a key role in realizing the vision of ‘materials by design’. However, the goal to discover game-changing materials with scientific and industrial relevance requires highly accurate ab initio methods for excited state as well as ground state properties of atoms, molecules and solids. So far, due to the computational complexities involved, methods with systematically improvable accuracy for condensed matter systems, such as coupled-cluster theories, are mostly limited to the study of ground state properties in the clamped-nuclei approximation. This ambitious proposal aims at inducing a computational paradigm shift in the study of vibrational and optical properties of real materials by implementing a multitude of novel methods. On the one hand, we propose to reduce the computational cost of time-dependent equation-of-motion coupled-cluster theory by several orders of magnitude compared to existing approaches. On the other hand, coupled-cluster atomic forces will be implemented for machine-learning force fields in the Gaussian approximation potentials framework. Together, the proposed methods have the potential to achieve an unprecedented level of accuracy and system size for the prediction of a wide range of material properties including optical spectra and phonon frequencies. We seek to employ the newly developed approaches to resolve a number of long-standing discrepancies between theoretical predictions and experimental findings for dynamic properties of defects, molecular crystals and layered materials. These carefully selected systems highlight key problems of currently available ab initio methods and novel approaches that go beyond the state of the art will have an enormous impact in all areas of physics, chemistry and computational materials science.","First Principles simulation, Many-electron theories, Ab initio, Quantum Chemistry, CoupledCluster theory",quantum chemistry | materials engineering | computational science | molecular and chemical physics | simulation software,ERC-2022-COG,ERC CONSOLIDATOR GRANTS,HORIZON-ERC,ERC-2022-COG,ERC-2022-COG,2023-08-01,2028-07-31,OTHER,2023,OTHER|2021_2023,14
101039986,MottSwitch,Highly Energy-Efficient Resistive Switching in Defect- and Strain- Engineered Mott Insulators for Neuromorphic Computing Applications,"The pressing need for beyond-von-Neumann computing paradigms has triggered intensive efforts into understanding and controlling various resistive switching (RS) mechanisms. This switching, in which the two terminal resistance of a device is controlled by current is at the heart of emerging technologies such as resistive random access memory and neuromorphic computation. These technologies promise to revolutionize artificial neural networks and mimic the behavior of biological brains, triggering a race the for optimal RS materials.In Mott insulators electrical currents can change resistance by orders-of-magnitude due to an insulator-metal phase transition. The volatility of switching in Mott insulators can be adjusted by several tuning parameters, enabling both memory devices and neuron-like functionalities. Moreover, in terms of fundamental switching timescales and energy efficiency, Mott insulators may have very significant advantages over other RS mechanisms. These unique properties have made Mott insulators prominent candidate materials for RS. However, the physical mechanisms behind RS in these materials are not well understood and often uncontrollable, hampering realization of their full potential. We suggest two main routes towards Mott-insulator-based RS with ultrahigh energy efficiency. The first is by switching purely in the electronic sector while minimizing structural distortions. Thus, the low heat capacity of electrons may enable switching with a fraction of the energy required in an insulator-metal transition coupled to a structural transition. The second is absorption of latent heat and/or elastic energy from the surroundings of the switching volume, thus reducing the externally supplied power consumption. Our aim is to use defects, doping and strain engineering  to understand and tune RS mechanisms, and develop novel functionalities with ultra-low energy consumption.","Mott insulator, metal-insulator transition, resistive switching, neuromorphic computation, threshold switching, strain engineering, defect engineering",,ERC-2021-STG,ERC STARTING GRANTS,HORIZON-ERC,ERC-2021-STG,ERC-2021-STG,2022-09-01,2027-08-31,OTHER,2022,OTHER|2021_2023,15
101089233,DIGINEQ,"Digital Time Use, Adolescent Well-Being and Social Inequalities","In our highly unequal and digitalised world, understanding how adolescents’ digital lives intersect with social inequalities is critical. Research has consistently shown that adolescents from privileged socioeconomic backgrounds are advantaged in their academic, health and socioemotional outcomes. However, how adolescents’ digital engagement relates to social inequalities in well-being is poorly understood. DIGINEQ significantly contributes to close this major scientific gap. The project applies an innovative 24-hour time-use approach that brings a complex understanding of how exactly adolescents’ digital time use shapes social inequalities in well-being in daily life. DIGINEQ has three main objectives:1. To understand how changes in digital engagement from childhood to late adolescence explain socioeconomic disparities in well-being outcomes.2. To disentangle how exactly adolescents’ digital time use forms social inequalities in their well-being in everyday life.3. To establish if digital interventions can promote adolescents’ healthy digital engagement and improve well-being outcomes, while reducing socioeconomic gaps in these areas.  By adopting a novel approach that combines multiple disciplines and methodologies, this project brings three major scientific innovations: (1) it creates an innovative method based on mobile-app data to accurately track adolescents’ exact digital time use and measure socioeconomic gaps in well-being in real time; (2) it implements a novel mixed-method digital intervention to show if digital self-efficacy programmes can promote adolescents’ healthy digital engagement and improve well-being outcomes, while reducing related socioeconomic gaps; (3) it merges existing high-quality longitudinal time-diary data from three largescale surveys in Australia, Ireland, and the United States to illustrate how adolescents’ digital time use explains socioeconomic gaps in well-being from childhood to late adolescence.",Time use; Social inequalities; Adolescent well-being; Screen time; Quantitative sociology,social inequalities,ERC-2022-COG,ERC CONSOLIDATOR GRANTS,HORIZON-ERC,ERC-2022-COG,ERC-2022-COG,2024-10-01,2029-09-30,OTHER,2024,OTHER|2024_PLUS,1
101246792,DNA,DNA: A Dependable NIC Architecture,"The DNA project aims to develop and deploy trustworthy distributed systems on large-scale heterogeneousdatacenters (HDCs) such that their dependability properties, i.e., safety, security, and fault-tolerance, can beenforced by the foundational layers of the network hardware stack.Distributed systems have become ubiquitous in modern cloud environments, offering high availability, perfor-mance, and resource scalability. However, ensuring the dependability and performance of distributed systems inlarge-scale HDCs, which are vulnerable to malicious threats and arbitrary (Byzantine) failures, is a complex task.Existing systems are limited by (a) programmability: They lack a unified, trusted foundation for security andprogrammability, (b) security: They have vulnerabilities and may be unable to handle malicious attacks and(c) high-performance: They can be slow, especially in complex distributed systems. These limitations forceprogrammers to use ad-hoc methods, which can be expensive and unreliable.The DNA project seeks to resolve the design trade-off between security and performance by introducing anew trustworthy network-level abstraction. DNA realizes this abstraction by proposing a minimalistic,high-performance, and verifiable silicon-root-of-trust as the foundational hardware building block forimplementing trustworthy distributed systems.Our implementation of DNA on commodity SmartNICs will revolutionize the way distributed systems arebuilt in cloud environments. By providing a synergistic co-design of hardware-software networking substrate,we abstract out the hardware heterogeneity in cloud environments while providing a minimalistic interfacefor resource management, isolation, communication, and trust establishment. Overall, we aim to empowerprogrammers and significantly strengthen the dependability properties of widely adopted distributed systems.",,DNA,ERC-2025-POC,ERC PROOF OF CONCEPT GRANTS,HORIZON-ERC-POC,ERC-2025-POC,ERC-2025-POC,2026-04-01,2027-09-30,OTHER,2026,OTHER|2024_PLUS,2
101170073,SovereignPerformance,The politics of aspiring sovereignty: Understanding separatist politics from a performative perspective,"Existing analytical approaches are poorly equipped to make sense of political entities that aspire sovereign statehood and present themselves accordingly, but which lack a recognised status. The prevalent scholarship struggles to categorize sovereignty-aspiring entities.This project departs from the extant literature in that it places the unsettled nature of sovereignty-aspiring entities – their defiance of categories – at the heart of the equation. Rather than resolving the interpretative “to be of not to be” dilemmas around their status and activities, the inherent contingency of separatist politics becomes our central vantage point. Turning to political performativity and aesthetics, the project seeks to determine how the performative repertoires of sovereignty-aspiring entities create democratic political space to bend or break the bounds of the formal institutional landscape.The project centres on three case contexts, which are highly rich and highly diverse: the Catalonian independence movement, the autonomous administration of Rojava (Syria) and the Tamil nationalist movement in Sri Lanka. It takes an inductive approach to then corroborate our findings within and beyond these cases. The project is structured around four inter-connected work packages each with its own research question and method. 1) We will use political ethnography to establish what political repertoires sovereignty-aspiring entities use. 2) We will use qualitative content analysis and art-based methods to assess the aesthetic dimensions of these repertoires. 3) We will use focus-group workshops to establish constituencies' understandings of these repertoires. 4) We will build a database of separatist political repertoires around the globe to validate our findings.The project’s overall objective is to give a new impetus to the study of separatist conflicts with a rich and robust research agenda that combines a new conceptual lens with an innovative methodological approach.","Contested sovereignty, Performative politics, Political ethnography, Separatist conflict , Political violence and civil war, Catalonian independence movement, Rojava autonomous administration, Sri Lankan Tamil nationalism",databases,ERC-2024-COG,ERC CONSOLIDATOR GRANTS,HORIZON-ERC,ERC-2024-COG,ERC-2024-COG,2025-06-01,2030-05-31,OTHER,2025,OTHER|2024_PLUS,3
101225153,RGNcestry,Tracing and harnessing the ancestry of RNA-guided nucleases,"The phylogenetic, biochemical and functional diversity of these linked RGNs suggest a common origin that gave rise to the innumerable variations we observe today. However, little is known about these ancestors and the evolutionary paths that led to their modern counterparts. Recently, our team showed that reconstructed ancestors of Cas9 and Cas12a RGNs exhibit flexible substrate recognition and collateral activities distinct from any modern counterpart. This work sets the stage to uncover the evolutionary trajectories that gave rise to all related RGNs and to translate insights into new and improved biomolecular tools. As part of RGNcestry, we assembled four accomplished PIs covering CRISPR/transposon biology and technologies, ancestral sequence reconstruction and structural biology. The ensuing project will test our working hypothesis that ancestral RGNs consistently exhibit flexible properties that allow them to function in roles paralleling their modern counterparts, albeit less effectively due to a lack of specialization. To test this hypothesis and translate the resulting discoveries, we will pursue four objectives:  1.  Reconstruct a detailed ancestral tree uniting RuvC-harboring RGNs.  2.  Define the properties and functional roles of ancestral RGNs.  3.  Explore molecular features and dynamics of ancestral RGNs.  4.  Enhance and apply ancestral RGNs.If successful, our high-risk/high-reward project could reveal how RGNs evolved into the rich diversity observed today and establish a new paradigm for RGN engineering and application spanning genome editing to molecular diagnostics.","TXTL, CRISPR, transposon, ancestral reconsruction, structural biology, protein engineering, genome editing, molecular diagnostics",genomes | molecular evolution,ERC-2025-SyG,ERC SYNERGY GRANTS,HORIZON-ERC-SYG,ERC-2025-SyG,ERC-2025-SyG,2026-04-01,2032-03-31,OTHER,2026,OTHER|2024_PLUS,4
101219770,MORPHOFBD,Using morphological information to accurately date phylogenies and understand past diversification dynamics,"The fossil record provides crucial evidence to inform our study of evolution and past diversification processes. Recent methodological developments have allowed to integrate fossil species directly into the reconstruction of phylogenetic trees, providing more accurate estimates of the age of evolutionary events as well as speciation and extinction through time. However, the current methods fail to account for many of the specific characteristics of fossil samples compared to extant species. Genetic sequences are usually unavailable for fossils, so phylogenetic inferences including fossils rely on morphological characters. This morphological information interacts with other components of the analysis, such as the genetic sequence alignment, or the sorting of fossil samples into a taxonomy itself informed by morphological traits. These interactions are not accounted for by current models and could lead to strong biases in the estimates of the phylogeny, its ages and its underlying diversification process. To address these issues, the proposed project will build a new methodological framework for integrating the complex interplay between morphological evolution, diversification, and fossil sampling. We will develop new models adapted to fossil data, which will be carefully validated using realistic simulations, and then applied to several empirical datasets. Some of these datasets will serve as a comparison of our new approach to existing methods. Other datasets have never been studied under a combined phylogenetic framework with fossil evidence before, so our analyses will form a new understanding of their diversification, and build a high-quality phylogeny for future work on these groups. In conclusion, this project will pave the way for efficiently combining information on past and present species into a highly accurate and nuanced representation of the evolution of biodiversity through time.",,comparative morphology | ecosystems,ERC-2025-STG,ERC STARTING GRANTS,HORIZON-ERC,ERC-2025-STG,ERC-2025-STG,2026-02-01,2031-01-31,OTHER,2026,OTHER|2024_PLUS,5
101198490,LPS-CODE,The LPS-code: uncovering meta-level chemical structures that establish LPS as friend or foe,"The lipopolysaccharide endotoxins (LPSs) are ubiquitous microbial cell surface glycolipids of Gram-negative bacteria and are key molecular actors in the interaction with eukaryotic hosts. Traditionally, studies have focused on the role of LPS as dangerous and potent molecules with the ability to boost innate immunity in eukaryotes and cause sepsis in humans and severe pathologies in plants. In recent years, however, it has become clear that LPS is not always working as a microbial weapon. Indeed, LPS also covers the surface of symbiotic and beneficial bacteria. However, a precise chemical and molecular information on this duality remains elusive. Two central questions remain unsolved with the required chemical precision: i) which are the key features of the molecular interactions between LPSs and the host receptors; ii) how the subsequent signalling pathways lead to either pathogenicity or symbiosis in mammals and in plants. Indeed, despite the harmful image of LPS, disentangling these features of LPS chemistry could inspire new avenues for the employment of LPS and LPS-like molecules as a novel generation of therapeutics in medicine and agriculture.Thus, the key objective of LPS-CODE is to unravel the key features of the molecular interactions between LPS and the host receptors and decipher the subsequent signalling pathways in both animals and plants. This will be achieved by identifying the key microdomains within the LPS molecules that establish beneficial or detrimental interactions with the host, eventually driving elicitation or suppression of host innate immunity. LPS-CODE is grounded on (bio)-organic chemistry and chemical biology, with strong emphasis on glycan chemistry and structural glycosciences to decode the microbial language and thus decipher the chemical epitopes common to either all “friendly” or  pathogenic LPS in the interaction with both plants and animals. With this, we will finally be able to make the conceptual leap to conceive new molec","Carbohydrates, lipopolysaccharides, structural Glycoscience",bacteriology | carbohydrates | biological interactions | mammalogy | employment,ERC-2024-ADG,ERC ADVANCED GRANTS,HORIZON-ERC,ERC-2024-ADG,ERC-2024-ADG,2026-01-01,2030-12-31,OTHER,2026,OTHER|2024_PLUS,6
101165129,QScope,Deciphering Neurodegenerative Disease with fast 3D imaging & functional nanoscopy,"Neurodegenerative diseases are incurable, progressive brain disorders associated with accumulation of aberrant protein aggregates with severe effects on movement and mental functioning. The mechanism leading to neurotoxicity is far from understood, due to our lack of insight into early processes. Recently, aberrant liquid-liquid phase separation has emerged as a new concept to explain protein aggregation in neurodegenerative disease. Here, I will investigate the biophysical basis of the formation of different material states of aggregates, by capitalizing on my expertise at the interface of single-molecule biophysics and quantitative, high-resolution imaging in cells.I propose to address the following key questions, with the use of cellular models of Huntingtons Disease (HD) complemented with well-controlled in vitro experiments: How do the physico-chemical properties of protein variants and the cellular environment influence aggregation and toxicity? What role does phase separation play in Huntingtons disease? How does prion-like spreading of extracellular protein interfere with local protein assemblies in cells? HD is caused by a gene defect resulting in aggregation-prone huntingtin protein. The diverse sizes (nm-m) and conformations of the aggregates pose a remarkable challenge, and multiple complementary approaches are needed to unravel their morphology and physico-chemical properties. I will develop multimodal AI-informed quantitative microscopy and functional nanoscopy to decipher how aggregates in neurodegenerative disease form and mature. Importantly, we will work without tags and exploit virtually stained quantitative phase imaging to assess mechanical properties and cell pathophysiology, therefore minimizing interference with aggregation processes. The QScope project is expected to elucidate the role of protein aggregation and phase transitions, relevant for a broad variety of diseases, and to establish new label-free and super-resolution imaging.",Super-resolution imaging,pathophysiology | super resolution microscopy | proteins | biophysics,ERC-2024-STG,ERC STARTING GRANTS,HORIZON-ERC,ERC-2024-STG,ERC-2024-STG,2024-11-01,2029-10-31,OTHER,2024,OTHER|2024_PLUS,7
101167065,MakingBlood,Engineering an integrated platform for generation of human blood stem cells from pluripotent sources,"Life-saving blood cell replacement depends on voluntary donors. Availability is a challenge for specific groups, and 25% of patients needing blood stem cell transplants lack a compatible donor. The ideal alternative is clinical-scale production of Haematopoietic Stem Cells (HSC) from laboratory-maintained tissue-compatible sources, to provide an off-the-shelf source of blood cells. HSC are generated in the aorta/gonad/mesonephros region of the embryo, expand in the foetal liver, and are maintained in the bone marrow of adults. Current attempts to generate HSC in vitro do not consider the changing cellular, chemical, and physical characteristics of the different environments met by HSC in vivo from embryo to adult, and have been unable to reliably produce functional HSC. MakingBlood aims to establish a proof-of-concept platform for robust generation of human HSC from pluripotent stem cells by developing a self-organising gastruloid model of embryonic HSC generation without genetic manipulation, and successively recapitulating the natural foetal and adult HSC development environments. MakingBlood brings together an expert in HSC embryonic development, a national blood bank research director with expertise in adult HSC, an expert in molecular regulation of cell fate choices, and a bioengineer with expertise in mechanical and chemical integration for tissue production to deliver this breakthrough platform. By using state-of-the-art technology and multidisciplinary approaches, we will systematically detangle cellular, chemical, and physical properties of natural HSC generation, amplification and maintenance microenvironments, and iteratively identify essential elements that enable and promote HSC function. We will integrate key elements into modular scalable engineered niches to establish a HSC production platform, which can be developed as a bioreactor for on-demand blood production, and eventually replace donations as the clinical source of HSC and mature blood cells.","Gastruloids, engineered stem cell niches, mechanobiology, hematopoietic stem cells, developmental hematopoiesis",bioreactors | embryology,ERC-2024-SyG,ERC SYNERGY GRANTS,HORIZON-ERC-SYG,ERC-2024-SyG,ERC-2024-SyG,2025-07-01,2031-06-30,OTHER,2025,OTHER|2024_PLUS,8
101199747,NeuroSTARS,Astrocytic metabolism-driven epigenetics at the cornerstone of cognitive aging,"Cognitive impairment is a major source of disability and dependence during aging. Up to 40% of dementia cases are attributable to modifiable environmental risk factors, namely lifestyle, which can be actionable for prevention before the onset of cognitive decline. Physical activity and nutrition comprise promising modifiable factors affecting cognitive aging, but how the lifestyle affects cognition is not fully explained. Because of their unique location at the interface between blood vessels and synapses, astrocytes are strategically positioned to translate lifestyle contexts into specific cognitive shapes. Work from our group has demonstrated that astrocytic metabolism is remarkably dynamic and alternates lactate, ß-hydroxybutyrate and acetyl-coenzyme A production. Importantly, preliminary data indicate that these metabolites directly bind histones within astrocytes as epigenetic regulatory adaptive mechanisms. In NeuroSTARS, we will address whether such epigenetic adaptation is dictated by lifestyle-driven modulation of astrocytic metabolism to underpin cognitive performance across the lifespan. In mice subjected to controlled physical activity and dietary contexts, in combination with genetic manipulation of pivotal metabolic pathways in astrocytes, using cutting-edge metabolism and cognition assessment tools, we will (i) identify how astrocytic metabolism adapts to different lifestyle contexts throughout life, (ii) decipher the lifestyle-induced metabolic pathways that impact on metabolites-driven epigenetic regulation in astrocytes, and (iii) define the mechanism that causally links lifestyle-induced metabolism-driven epigenetic regulation within astrocytes with cognition across the lifespan. The expected output will reveal that the metabolism of astrocytes is instrumental in the coupling between lifestyle and age-associated cognitive decline, challenging the view that it merely serves to meet the energy needs of neurotransmission.","Epigenetics, Astrocytes, Metabolism, Cognitive decline",dementia | nutrition | epigenetics,ERC-2024-ADG,ERC ADVANCED GRANTS,HORIZON-ERC,ERC-2024-ADG,ERC-2024-ADG,2026-01-01,2030-12-31,OTHER,2026,OTHER|2024_PLUS,9
101263413,SABIR,"Sailing Beyond the Crisis. Comparative Perspectives on Social, Economic, and Cultural Changes in the Late Medieval Mediterranean (ca. 1250-1450)","SABIR redefines socio-economic change in the late medieval Latin Mediterranean by integrating the maritime perspective into a historiography long focused on land-based actors. Centred on the period 1250-1450 – marked by expansion, crisis, depression, and recovery – it examines how seafarers, often overlooked compared to merchants or artisans, navigated structural change. By analysing maritime labour, mobility, and precariousness within the framework of the so-called “nautical revolution,” the project reveals links between economic trends, technological shifts, and social transformation, offering new ways to reassess the debated “fourteenth-century crisis.” A comparative study of four key maritime hubs – Barcelona, Genoa, Venice, and Ragusa/Dubrovnik – provides a robust foundation for exploring resilience and adaptation. Latin seafarers were crucial connectors between the western, eastern, and southern Mediterranean, enabling transfers of knowledge and skills, partially compensating for the scarcity of Byzantine and Islamic sources. Their responses to crisis and contributions to shipbuilding and navigation underscore the transformative agency of maritime communities. Drawing on primary sources such as galley registers, maritime statutes, notarial acts, and nautical notebooks, SABIR investigates neglected aspects of shipboard life: crew composition, wages, contracts, routines, discipline – with a special focus on the multiethnic makeup of crews. Key outputs include two international conferences, two workshops, scientific publications, a geo-referenced digital platform, and a ‘Database of Latin Seafarers (1250-1450),’ designed as a long-term research tool for the study of the medieval Mediterranean.",Medieval History; Medieval Economic History; Mediterranean History; Labour History; Crew; Resilience; Crisis;  Multiculturalism; Multiethnicity; Navigation; Nautical Revolution,databases | revolutions | sea vessels,ERC-2025-ADG,ERC ADVANCED GRANTS,HORIZON-ERC,ERC-2025-ADG,ERC-2025-ADG,2026-11-01,2031-10-31,OTHER,2026,OTHER|2024_PLUS,10
101114850,MORALITES,Moral Elites: The Historical Positioning of Civil Society Leaders in National Moral Economies,"Objective: Conduct a ground-breaking historical-relational comparative study of civil society elites’ integration in and effects on four European countries’ moral economies, explaining diverging paths through career trajectories and position-takings.Question: Why, how, and with what consequences were civil society elites historically integrated into national moral economies?Hypothesis: The position and position-taking of civil society elites since the mid-19th century crucially shaped national moral economies.Motivation and scientific significance: Counters the almost completely neglected historical impact of civil society elites in elite studies, civil society scholarship, welfare state research, and political economy; challenges compartmentalisation of social science through comprehensive theoretical framework; breaks new methodological ground in integrating career trajectory analysis and NLP topic modelling textual analysis; significantly reorients scientific and public understanding of the historical role of civil society elites. Societal value: Strengthens transparency and accountability of civil society elites by pinpointing their historically changing dependencies; enhances the understanding of the role of civil society elites in stabilising and deepening democratic institutions, social policies, and regulation of the economy. Profile of PI: Strong background in historical sociology, civil society research, welfare state research, sociology of religion; strong international network with several European and US American universities; organiser of and presenter at international conferences; ambitious and original academic publishing record highly relevant to the project proposal’s study object and theoretical and methodological approach. Key deliverables: At least three quality journal articles per PhD candidate and two per post doc; two cross-WP theoretical and methodological articles and a cross-WP monograph; two edited volumes or spec","Elites, civil society, historical sociology, democratisation, social policy, institutionalism, moral economy",sociology | civil society | religions,ERC-2023-STG,ERC STARTING GRANTS,HORIZON-ERC,ERC-2023-STG,ERC-2023-STG,2024-01-01,2028-12-31,OTHER,2024,OTHER|2024_PLUS,11
101115798,SynPrePro,Empirical and mechanistic foundations for synergistic predictive processing in the sensory brain,"Humans effortlessly process over 200 spoken words per minute in casual conversation. Speech recognition algorithms still fail at this challenging task. Our superior performance stems from our capacity to predict what the speaker may say next. Understanding how the brain uses these predictions to process the sensory input is crucial to understand perceptual function and dysfunction: dyslexia, autism and psychosis have all been linked to an impaired handling of predictions.Hierarchical predictive coding (HPC) is the current leading framework to understand how predictions help us processing sensory inputs. However, HPC is only compatible with the function and organisation of the cerebral cortex. This is a decisive shortcoming: while only cortical stages have the foresight to perform conceptually accurate predictions, only subcortical stations have the temporal properties required to correctly process fast sensory inputs.SynPrePro will reformulate HPC as an integrated theory explaining how cortical and subcortical stages work together to proficiently process fast and complex sensory inputs like speech.I will use a unique experimental-theoretical approach to study the human auditory pathway as a model for sensory pathways in four work packages (WPs). WP1 will use cutting-edge human neuroimaging to unravel the implementation of HPC in the auditory pathway. WP2 will use innovative model-based neuroimaging to identify the mechanisms responsible for the generation of conceptually accurate and temporally precise predictions. In WP3 I will develop a ground-breaking computational model to identify the neural mechanisms implementing HPC in the thalamocortical loop. WP4 will use big-data analytics to disentangle how cortical and subcortical stages work together to swiftly process speech.The outcomes will turn the cortical paradigm of HPC into an integrated theory of cortico-subcortical interactions, revolutionising our understanding of perceptual function and dysfunction.","Auditory perception, thalamocortical interactions, predictive coding",,ERC-2023-STG,ERC STARTING GRANTS,HORIZON-ERC,ERC-2023-STG,ERC-2023-STG,2024-03-01,2029-02-28,OTHER,2024,OTHER|2024_PLUS,12
101188898,IMPACT,Intrinsic Microenvironment-Dependent Potentiation of Antibodies for Cancer Therapy,"The principal goal of this proof-of-concept study is to explore the feasibility of a cofactor-induced oligomerisation of IgG to potentiate the therapeutic efficacy of anti-cancer antibodies targeting the tumour site. Our idea is based on two phenomena: Firstly, in our previous studies on the interaction of heme with therapeutic antibodies we found that the interaction of Trastuzumab with heme results in the formation of well-organized oligomers through Fab-Fab interactions of two IgG molecules. These species were considerably more potent in activating the complement system and inducing killing of cancer cells. Importantly, we were able to transfer the potential for oligomeriszation mediated by heme on two unrelated monoclonal antibodies used in clinical practice, thus providing strong evidence of the feasibility of the engineering effort and the utility of its application for broad range of IgG molecules. Secondly, there is strong evidence in the literature about the ability of tumours (especially malignant) to provoke haemorrhages. Based on these two phenomena, we formulated our working hypothesis that the locally released heme and hemoproteins at tumour sites can be harnessed as trigger of oligomerization of engineered IgG molecules, thus increasing their pro-inflammatory and cytotoxic activities due to aggregation of the Fc portion in close proximity. This will result in higher antibody avidity, more efficient cross-linking of Fc-gamma receptors, better recruitment of complement proteins (C1q) and, hence, a stronger activation of the immune effector cells and the classical pathway of complement system on the surface of cancer cells. Successful accomplishment of this project will have considerable societal impact due to clinical and social significance of cancer.",,proteins | oncology,ERC-2024-POC,ERC PROOF OF CONCEPT GRANTS,HORIZON-ERC-POC,ERC-2024-POC,ERC-2024-POC,2025-03-01,2026-08-31,OTHER,2025,OTHER|2024_PLUS,13
101213672,DiMoVac,Diagnostic model and assay for personalized vaccine,"Seasonal influenza poses a major global public health challenge, causing 3-5 million cases of severe illness and 290,000-650,000 deaths annually. Influenza vaccines are crucial for preventing illness, reducing severity of infection, and limiting virus transmission; however, their efficacy varies across populations due to factors such as immune status and pre-existing comorbidities. Immunocompromised patients (e.g. rheumatoid arthritis, HIV or organ transplant recipients) are particularly vulnerable to influenza and consequent complications include hospitalization and death, as their immune systems often fail to mount adequate responses to standard vaccines.  Leveraging data from our previous ERC-St grant-funded studies, we analyzed the serological and multi-omics profiles of various cohorts across 5 time points over 4 influenza seasons. This analysis, covering multiple virus strains, identified robust molecular biomarkers linked to vaccine responses, which were validated through wet-lab experiments. Machine learning models based on pre-vaccination biomarkers were able to predict vaccine response in independent samples. Building on these findings, we propose to develop a diagnostic assay to measure these biomarkers and apply our established prediction model to stratify patients based on their responsiveness to the influenza vaccine. Samples from various patient cohorts, provided by our collaboration partners, will be used for verification and validation. Once validated, these biomarkers will be integrated into an innovative, fast, and reliable diagnostic test to predict vaccine responsiveness, through collaboration of an experienced industrial partner. Additionally, our team will create a user-interface app to translate biomarker measurements into diagnostic outcome. By enabling personalized vaccine strategies particularly for patients, this project has the potential to significantly improve influenza vaccine efficacy, reduce disease burden and ultimately save lives.",,rheumatology | influenza | immunology | HIV | vaccines,ERC-2024-POC,ERC PROOF OF CONCEPT GRANTS,HORIZON-ERC-POC,ERC-2024-POC,ERC-2024-POC,2025-05-01,2026-10-31,OTHER,2025,OTHER|2024_PLUS,14
101140447,UBICODEWRITERS,(Re-)Writing the Ubiquitin Code – Manipulating Polyubiquitin Chain Linkage to Investigate Ubiquitin Signalling in Genome Maintenance and Beyond,"Ubiquitylation is an essential posttranslational modification that governs the activities and interactions of cellular proteins. The structural diversity of polyubiquitin chains, collectively called the ubiquitin code, is thought to determine the fate of the modified proteins. Although many analytical and inhibitory ubiquitin-specific reagents exist, we lack the tools to create polyubiquitin chains of defined linkage on a protein of interest in cells to investigate their signalling functions. We recently established a method to induce substrate-specific polyubiquitylation via three major linkages, M1, K48, and K63. Based on this technology, we now propose to develop a new generation of research tools for the scientific community. This will include the identification and design of custom enzymes for assembling the rarer, still poorly characterised non-canonical linkages and a functionalisation with modules for chain editing, branching, and the identification of effectors. In a combination of biochemical, cell biological, and proteomic approaches, we will then apply these tools to major genome maintenance pathways with prominent roles in the defence against disorders such as cancer and premature ageing. Specifically, we will analyse the significance of non-canonical polyubiquitylation in the response to DNA double-strand breaks and the interplay between degradative and non-degradative ubiquitylation in the regulation of essential DNA replication and repair factors. We envision that our research will not only provide new insight into ubiquitin signalling in genome maintenance, but the new technology developed in this project will facilitate future investigations of polyubiquitin chains, their readers, and their writers in other signalling pathways. Situated at the interface between proteostasis and genome maintenance, this project will thus advance our understanding of two essential cellular surveillance systems with critical functions in human health and well-being.","Ubiquitin, polyubiquitin chain linkage, proteostasis, genome stability, DNA repair, DNA double-strand breaks, DNA replication stress, DNA damage signalling",DNA | oncology | genomes | enzymes,ERC-2023-ADG,ERC ADVANCED GRANTS,HORIZON-ERC,ERC-2023-ADG,ERC-2023-ADG,2025-01-01,2029-12-31,OTHER,2025,OTHER|2024_PLUS,15
101125450,SoBaSyC,Solid Basis for Symmetric Cryptography,"Symmetric cryptography, essential for enabling secure communications, has benefited from an explosion of new results in the last two decades, in big part due to several standardization efforts: many public competitions have been launched since 1997, where the community proposes cryptographic constructions and simultaneously evaluates their security and performance. The security of symmetric cryptography is based on cryptanalysis: we only gain confidence in a symmetric cryptographic function through extensive and continuous scrutiny. However, the current context has not allowed the community to digest all the new findings, as can be seen from several recurrent issues. The two main ones are: 1) primitives proposed at top-tier venues often get broken by slight modifications of already known techniques;2) published cryptanalysis at top conferences sometimes include mistakes or are suboptimal. They are also often re-invented and re-named.The main challenge of SoBaSyC is to establish solid bases for symmetric cryptography. Using cryptanalysis as the starting point, my aim is to unify the knowledge obtained through the years on the different families of attacks, to transform it with an algorithmic approach and to endow it with optimizations. The final result will be a toolbox congregating all our newly proposed optimized algorithms, that will provide the best known attacks on a given construction, through an easy application. Next, I plan to derive from this algorithmic approach some theoretical bounds, as well as some properties that I will include in the security proofs of symmetric constructions, providing more meaningful and realistic security arguments.This would allow, for the first time, to ensure that any newly proposed primitive or construction is already resistant to all known attacks, and will considerably increase the confidence on these functions. It will also save a considerable amount of time and allow the field to advance, at last, on solid ground.","symmetric cryptography, cryptanalysis, algorithms, attacks, automation, bounds",cryptography,ERC-2023-COG,ERC CONSOLIDATOR GRANTS,HORIZON-ERC,ERC-2023-COG,ERC-2023-COG,2024-04-01,2029-03-31,OTHER,2024,OTHER|2024_PLUS,16
101264391,HIDTECH,Revealing Hidden Innovations: Gendered Work and Perishable Technologies in Prehistory,"Over 95% of prehistoric perishable material culture (e.g., hide clothing and basketry) remains archaeologically invisible, creating fundamental gaps in our understanding of technological systems and cultural innovation. This missing majority particularly obscures two critical technologies ethnographically linked to women’s labor: hide-working and plant-fibre processing. Their invisibility not only limits our comprehension of technological evolution but also perpetuates androcentric narratives that marginalize women’s central role in innovation. HIDTECH fills these gaps by pioneering a novel methodology to reconstruct these hidden technologies across Europe and the Levant, from the Upper Palaeolithic to the Early Neolithic. Our approach integrates AI-driven quantitative use-wear analysis of durable tools (stone, bone, shell) from habitation sites and grave offerings, combined with robotic dental experiments and analysis of anterior tooth wear, revealing the use of teeth as tools. Use-wear on tools from habitation sites will enable reconstruction of missing hide and plant technologies, while analysis of grave offerings and anterior teeth of sexed individuals (identified by proteomics) will link both hidden technologies to gendered labor roles. By quantifying innovation rates in hide and plant-fibre technologies and correlating them with environmental, demographic, and social connectivity data, HIDTECH provides the first large-scale empirical framework for understanding factors shaping the development and transmission of these technologies. Crucially, by gendering these hidden technologies, HIDTECH restores women’s agency through their central contributions as innovators and specialists in perishable technologies, roles long overlooked in traditional narratives. This integrative approach not only reveals the hidden dynamics of prehistoric innovation but also challenges longstanding biases, offering a more inclusive narrative of human technological and social evolution.","Prehistoric technology, perishable materials, gender archaeology",prehistory | proteomics | innovation management | textiles,ERC-2025-ADG,ERC ADVANCED GRANTS,HORIZON-ERC,ERC-2025-ADG,ERC-2025-ADG,2027-01-01,2031-12-31,OTHER,2027,OTHER|2024_PLUS,17
101229851,CHILL-TIME,Chilling Limits and impacts on leaf-out Timing and Ecosystem dynamics under climate change,"The timing and duration of leaf emergence in temperate trees are critical for ecosystem functioning, biodiversity, and climate regulation. While phenologists have long studied the mechanisms driving leaf phenology and its response to warming climates, one key factor—winter chilling—remains poorly understood. Winter chilling influences not only when leaves emerge but whether they can emerge at all. Recognized since the 1920s, this process requires trees to experience sufficient cold conditions over winter to break dormancy and enable spring leaf emergence. Although spring leaf emergence is advancing with climate warming, insufficient winter chilling could eventually override spring warming effects, delaying or even halting leaf emergence.The project aims to: (1) experimentally quantify chilling temperature thresholds for over 200 woody species across temperate and boreal forests, including the relative importance of day versus night temperatures in dormancy release; (2) quantify biogeographic variation in chilling sensitivity linked to regional winter temperature variability; and (3) integrate experimental findings with 15–25 years of unique long-term common garden observations from species across the globe, as well as satellite observations. These insights will inform the development of refined phenology models, which can then be incorporated into dynamic global vegetation models to predict phenological shifts and their effects on forest productivity and ecosystem dynamics under future climate scenarios.By combining large-scale experiments, extensive observational datasets, and advanced modelling techniques, this interdisciplinary project bridges local empirical studies with global modelling. Its findings will advance phenology models, enhance carbon flux predictions, and support strategies to mitigate biodiversity loss and ecosystem disruptions in temperate and boreal forests under a rapidly changing climate.","Phenology, Winter chilling",satellite technology | productivity | ecosystems | climatic changes,ERC-2025-COG,ERC CONSOLIDATOR GRANTS,HORIZON-ERC,ERC-2025-COG,ERC-2025-COG,2026-04-01,2031-03-31,OTHER,2026,OTHER|2024_PLUS,18
101229568,RegenerFuse,Deciphering the molecular mechanisms of skeletal muscle fiber fusion,"Skeletal muscle fibers are highly organized multinucleated cells that grow and regenerate by fusing with myocytes derived from their resident stem cells. The fusion between myocytes and mature muscle fibers, which underpins the remarkable adaptability of muscles, is molecularly distinct from the fusion events that occur during development. This secondary fusion process, also known as myonuclear accretion, integrates mononucleated myocytes into immature myotubes or mature fibers, supporting muscle growth, repair, and regeneration throughout life. Despite its critical physiological importance, the mechanisms governing secondary fusion and the active role of myofibers in this process remain poorly understood.Leveraging the development and application of high-content screening, advanced biochemistry, genetics, cell biology, transcriptomics, and cutting-edge imaging techniques, including 3D correlative light and electron microscopy (CLEM), we aim to provide groundbreaking insights into the molecular and cellular processes of secondary fusion. To achieve this, we will address three independent but interconnected aims:Aim 1: Screen for regulators of secondary fusion and determine their effects using high-content imaging together with exploratory molecular studies.Aim 2: Elucidate the molecular mechanisms and cellular dynamics underpinning fusion hotspots.Aim 3: Establish the physiological relevance of myonuclear accretion in vivo by visualizing fusion hotspots and evaluating the impact of enhanced myoblast transplantation on muscle regeneration and function.This synergistic approach will transform our understanding of muscle physiology, bridging the molecular mechanisms with their functional outcomes. The findings promise to uncover new principles of cell fusion, organelle dynamics, and tissue adaptability, offering profound implications for muscle biology and novel therapeutic strategies for muscle-wasting diseases.","myocyte-to-myofiber fusion, cell fusion, myonuclear accretion, skeletal muscle, Correlative Light and Electron Microscopy (CLEM)",biochemistry | fibers | microscopy | physiology | transplantation,ERC-2025-COG,ERC CONSOLIDATOR GRANTS,HORIZON-ERC,ERC-2025-COG,ERC-2025-COG,2026-01-01,2030-12-31,OTHER,2026,OTHER|2024_PLUS,19
101198414,Nab-Heart,Nanobody-Targeted  Camk2d Inhibition for Cardiac Arrhythmias,"In cardiac cells, kinase enzymes are key modulators of calcium homeostasis, mitochondrial function, excitation-contraction coupling, and metabolism. Of these, the delta isoform of Ca 2+ /Calmodulin-dependent kinase (Camk2d) is particularly relevant to the induction of life-threatening cardiac arrhythmias.Of the several promising small molecule and peptide Camk2d inhibitors proposed in pre-clinical investigations, none has entered clinical applications. The severity of side effects, a well-known issue for kinase inhibitors, in this case is further amplified by the high homology and the unique Ca 2+ -dependent regulatory physiology among four Camk2 isoforms, plusthe delicate role of the ubiquitously expressed Camk2d in non-cardiac tissues. Since the major obstacle to developing a cardio-specific, Camk2d-specific inhibitor mainly relies on reaching high isoform selectivity, the Nab-Heart project will conjugate selected Nanobodies (Nbs) to a new Camk2 inhibitory peptide to develop the first selective kinase inhibitor. Such a molecule will prevent the development of life-threatening arrhythmias in a variety of cardiac conditions, spanning from inherited arrhythmias such as Long QT Syndrome toacquired and highly prevalent diseases such as atrial fibrillation and heart failure. The team will identify Nb candidates with the desired Camk2d isoform-selectivity and affinity. Optimized substrate-mimicking Camk2d-inhibitory peptides will be covalently linked to the selected Nbs (Nb-inibs) to ensure delivery of the inhibitory module to the pathologically active Camk2d target with outstanding selectivity and affinity. The strategy will be validated in vivo through cardio-specific AAV9 delivery of the Nb-inib candidates in a mouse model of Catecholaminergic Polymorphic Ventricular Tachycardia and in a Swine model of acquired heart failure, where Camk2d is known to be the trigger of life-threatening arrhythmias.",,cardiac arrhythmia | alkaline earth metals | nano-materials | homeostasis | enzymes,ERC-2024-ADG,ERC ADVANCED GRANTS,HORIZON-ERC,ERC-2024-ADG,ERC-2024-ADG,2025-11-01,2030-10-31,OTHER,2025,OTHER|2024_PLUS,20
101220159,URANUS,Understanding degradation mechanisms of metallic materials in extreme environments using element-resolved electrochemistry,"Evaluating and fabricating sustainable materials for the energy sector is crucial in addressing the current energy crisis and climate change. Despite safety and sustainability concerns, especially as the early generations of nuclear power plants (NPP) near the end of their operational lifespans, NPPs produce almost one-fifth of the world’s electrical energy. However, controlling material degradation and reprocessing issues in NPPs remains surprisingly understudied due to the extreme operating conditions. Up to 95% of uranium from spent nuclear fuel can be recycled through reprocessing in concentrated nitric acid at temperatures exceeding 100°C, although the underlying mechanisms and the role of alloying elements in the fuel container are not yet well understood.Electrochemical methods have been applied in these extreme electrolytes to investigate materials degradation mechanisms providing in situ global responses. However, these methods are limited as they rely on assumptions developed in aqueous media and do not provide direct, element-specific information, necessitating complementary ex situ surface characterizations. To bridge the gap, the URANUS project will develop a novel element-resolved electrochemistry setup for extreme electrolytes, leveraging the unique expertise of the PI in this field.Element-by-element degradation mechanisms of metallic materials in concentrated nitric acid will be elucidated for the first time, tracking the fate of each alloying element. Other non-aqueous electrolytes including molten salt systems will also be investigated with this approach. This will open new avenues for controlling the corrosion of materials in the energy sector. The unique element-resolved database generated from this project will serve as input parameters for training machine learning models aimed at efficiently discovering optimal alloys in specific environments, thereby reducing the consumption of raw and scarce materials during the materials design process.",in situ element-resolved electrochemistry; AESEC; corrosion mechanism in extreme electrolytes; spent nuclear waste reprocessing; stainless steels; Ni alloys; database for alloy design,electrochemistry | energy and fuels,ERC-2025-STG,ERC STARTING GRANTS,HORIZON-ERC,ERC-2025-STG,ERC-2025-STG,2026-01-01,2030-12-31,OTHER,2026,OTHER|2024_PLUS,21
101087847,SuperQLev,"Entanglement of an array of massive, magnetically levitated superconducting microparticles on a chip","Quantum states of massive objects have fascinated us since the inception of quantum mechanics. Nowadays molecules of thousands of atoms and nanomechanical resonators weighing picogram can be brought into quantum states. This capability enables tests of the validity of quantum mechanics and provides new avenues for quantum technologies. Entangled states are particularly relevant in this context as they unlock multipartite quantum correlations that, amongst others, enable precise measurements beyond the standard quantum limit and novel tests for the interplay between quantum mechanics and gravity. However, no experiment to date demonstrated entanglement between a scalable number of massive particles, which would access a novel parameter regime in terms of mass, quantum correlation, and particle number. SuperQLev will fill this gap and demonstrate entanglement of the center-of-mass motion of an array of magnetically levitated superconducting microparticles on chip. This achievement will break new ground by exploring multipartite quantum states of massive objects ranging over six orders of magnitude in mass, from pico- to microgram. SuperQLev will make this possible by merging two technologies into a unique experimental platform. The first technology is magnetic levitation of superconducting microparticles, which offers the capability of levitating massive particles at ultralow mechanical dissipation. My group has made pioneering contributions by realizing chip-based magnetic levitation of superconducting microparticles. The second technology is superconducting quantum circuits that offer a versatile toolbox for quantum control. SuperQLev will merge these two platforms to reach quantum control over the motion of levitated superconducting particles via inductive coupling to superconducting circuits. This hitherto unexplored hybrid quantum platform allows SuperQLev to conduct ground-breaking proof-of-principle experiments in quantum sensing and fundamental physics.","superconducting levitation, magnetomechanics, superconducting quantum circuits, macroscopic quantum physics, quantum sensing",superconductivity,ERC-2022-COG,ERC CONSOLIDATOR GRANTS,HORIZON-ERC,ERC-2022-COG,ERC-2022-COG,2024-01-01,2028-12-31,OTHER,2024,OTHER|2024_PLUS,22
101200916,OA-CONNECT,Connecting Joint Function to Chondrocyte Biology in Knee Osteoarthritis,"Osteoarthritis (OA), a degenerative joint disease, debilitates the lives of 242 million people globally but remains without a cure.The knee joint is most frequently affected, causing pain, loss of joint function, and reduced quality of life. OA-CONNECTinstigates an innovative approach to understanding the fundamental cause of OA by posing a question that could previouslynever be answered: ‘What causes mechanical loads to switch from supporting to disrupting cartilage health in OA?’OA-CONNECT introduces a unique, integrated approach CONNECT-ing joint function to chondrocyte biology to unravelthe OA Mechanome, the maladaptive dynamic interplay of mechanical and biological drivers of OA cartilage degenerationacross cellular-, tissue- and joint- scales by:(1) Connecting the spatial mechanical and cell molecular dynamics underlying OA cartilage adaptation to loading, using multimodalread-outs from spatial omics, functional microscopy, and high-field MRI.(2) Predicting cartilage degeneration by connecting knee joint cartilage loads during movement to local cellular mechanobiologicalprocesses, using a multi-scale mechanobiology-inspired adaptive modeling framework informed by datasets of (1).(3) Elucidating cartilage degeneration probability and mechanotherapy success in subjects with early knee OA, integrating themulti-scale model of (2) with machine learning, multi-variate and population-based methods leveraging the use of clinicallyaccessible ‘real-world’ data. Prospective cohort and proof-of-concept studies will capture the dynamics of mechanical andbiological drivers and the impact of three current mechanotherapies.The field of OA needs a shift in focus as the approaches of the past 20 years could not bring the mechanistic insights requiredto develop treatment strategies. By dissecting the Goldilocks problem of mechanical load, OA-CONNECT will initiate agroundbreaking shift in unraveling mechanobiological drivers in an uncharted direction.","computational biomechanics, biomedical engineering, cartilage mechanobiology, musculoskeletal rehabilitation, multi-scale modeling, osteoarthritis, functional biomarkers",cell biology | microscopy,ERC-2024-ADG,ERC ADVANCED GRANTS,HORIZON-ERC,ERC-2024-ADG,ERC-2024-ADG,2025-10-01,2030-09-30,OTHER,2025,OTHER|2024_PLUS,23
101201156,FreeQCC,Free Electrons to Bound Electrons and Photons Quantum Coherent Coupling,"Quantum coherence, a cornerstone of modern physics, encompasses phenomena like quantum entanglement and Rabi oscillations, which lack classical analogs. FreeQCC seeks to expand the frontiers of quantum mechanics by leveraging advances in free electron beam nanophysics and quantum nano-optics. Key questions include whether a free electron can be entangled with an atom or photon, and if a solid qubit's quantum coherence can be imprinted onto a free electron beam. By exploiting the quantum properties of free electron beams and their interactions with matter and radiation, FreeQCC aims to reveal atomic-scale dynamics and quantum coherence effects previously inaccessible. The project will develop cutting-edge experiments using advanced electron and optical microscopy technologies, enabling precise control and measurement of free electrons and photons' quantum states. This includes measuring at the nanoscale optical polarization of nanophotonic devices via free electrons linear and orbital angular momentum transfer and photon polarization, and characterizing nanometric artificial atoms with ultra-high spatial and spectral resolution. These efforts will demonstrate entanglement between free electrons and photons mediated by plasmons, and the measurement of Rabi oscillations in individual artificial atoms with free electron beams. FreeQCC addresses the challenge of balancing temporal, energetic, and spatial resolutions while maintaining the sensitivity and cryogenic conditions needed to preserve quantum coherence. Ultimately, FreeQCC aims to provide new insights into quantum mechanics and open unprecedented opportunities for manipulating and measuring quantum coherence at the nanoscale, potentially pioneering a new field in free electron physics and introducing a groundbreaking tool for quantum information technologies.","quantum nano-optics,  quantum coherence,  plasmonics,  photonics,  quantum dots,  cathodoluminescence,  electron energy loss and gain spectroscopy,  scanning transmission electron microscope",quasiparticles | quantum computers | photons,ERC-2024-ADG,ERC ADVANCED GRANTS,HORIZON-ERC,ERC-2024-ADG,ERC-2024-ADG,2026-01-01,2030-12-31,OTHER,2026,OTHER|2024_PLUS,24
101088285,SupraValent,Supramolecular & Covalent Bonds for Engineering Spatiotemporal Complexity in Hydrogel Biomaterials,"Current biomaterials poorly recapitulate the tough, responsive, and spatiotemporal behavior of native extracellular matrices (ECM). This recapitulation of ECM complexity is imperative to create environments that can effectively communicate with living cells. A key missing component in synthetic ECM-mimetics is spatiotemporal control of material dynamics. Supramolecular biomaterials hold significant promise to fill this need, yet their poor mechanical properties often limit application. I hypothesize that strategic combinations of dynamic supramolecular assemblies with reversible/degradable covalent bonds can lead to tough, hierarchical, and spatiotemporally complex hydrogels. After all, nearly all hierarchical materials in nature are composed of optimized combinations of supramolecular and covalent bonds. In SupraValent, I will test my hypothesis with the design and exploration of spatiotemporal changes to hydrogel properties via covalent modification of 1D supramolecular polymers. SupraValent will first create structure/dynamics/property relationships of supramolecular assemblies between solution-phase studies and hydrogel materials. I will leverage this information to create tough supramolecular biomaterials and bioinks, which allow for the introduction of spatiotemporal gradients and cell-mediated changes (via degradation) to the material’s properties. Then, I will introduce innovative cell/material constructs where the cells create covalent bonds on the materials over the lifetime of culture. Here, genetically modified bacteria will introduce the spatiotemporal complexity into the construct, moving towards living material’s modifications. These studies will transform the way we create and control timescales in dynamic biomaterials, and open supramolecular hydrogels to new applications. Furthermore, this work will provide a much-needed breakthrough to creating life-like materials with controllable properties.","Tissue engineering, Dynamic hydrogels, engineered living materials, bioprinting",bacteriology | polymer sciences | biomaterials,ERC-2022-COG,ERC CONSOLIDATOR GRANTS,HORIZON-ERC,ERC-2022-COG,ERC-2022-COG,2024-01-01,2028-12-31,OTHER,2024,OTHER|2024_PLUS,25
101162673,EmoDevo,Building emotional circuits: interfacing intrinsic programs with early-life experiences,"Emotion regulation and responses to fear and stress are vital for survival and interactions with the environment. Within the brain, the amygdala governs emotional states through specialised nuclei and connectivity, controlling anxiety, fear reactions, and emotional learning.In mammals, amygdala circuits mature postnatally and are influenced by mother-offspring bonding, which impairment causes early-life stress and leads to lasting consequences on anxiety. However, the molecular and cellular mechanisms underlying amygdala neuron differentiation and wiring, their reliance on intrinsic programs, potential sex differences, and impact of early-life experiences remain poorly understood.Here, I hypothesise that the differentiation of amygdala neurons relies on transcriptional programs, which vary between sexes and are modulated by early-life stress. Building on advanced technologies and expertise for single-cell gene expression, spatial position and connectivity analyses, that I developed in my prior work, I propose to test this in the amygdalae of female and male mice, by:1. Identifying transcriptional programs guiding neuron differentiation using single-nucleus and spatial transcriptomics.2. Characterizing projection development and intrinsic programs using barcoded axon tracings combined with transcriptomics.3. Determining the role of intrinsic determinants and the impact of early-life stress on projection development and function using CRISPR-Cas9-mediated gene manipulation, maternal separation, 3D axon tracings, and anxiety/emotional memory tests.These experiments will reveal transcriptional programs governing amygdala circuit development and sex dimorphisms. They will identify amygdala neuron types sensitive to environment, potentially more prone to be affected in diseases. This research will contribute to understanding the genetic and environmental aspects of emotional dysregulation, a common feature in neuropsychiatric disorders, including anxiety disorders.",Amygdala; Neuron differentiation; Axon development; Sexual dimorphism; Early-life stress; Maternal separation; Single-cell RNA sequencing; Spatial transcriptomics; Gene expression manipulation,neurobiology,ERC-2024-STG,ERC STARTING GRANTS,HORIZON-ERC,ERC-2024-STG,ERC-2024-STG,2024-10-01,2029-09-30,OTHER,2024,OTHER|2024_PLUS,26
101169737,SLEEPAWAY,Forgetting unwanted memories in sleep,"What we remember and forget lies at the core of who we are. But how do our brains shape our memories of the past? Sleep promotes the flexible use of memory by reactivating and thereby strengthening information that is most relevant to our future needs. Whether memory reactivation in sleep also weakens unwanted components of prior experience is unknown, but represents a major gap in our understanding of memory and how sleep influences our autobiographical identities. SLEEPAWAY combines an innovative technique for manipulating lab-based and real-world memories with an unprecedented array of neuroimaging methodologies to test the novel hypothesis that memory reactivation during sleep weakens unwanted memories in service of adaptive forgetting. Using magnetoencephalography with optically pumped magnetometers (OPM-MEG), I will first determine whether reactivating a target memory in slow-wave sleep weakens unwanted memories from the same experience, making them less accessible. Second, I will bring together OPM-MEG, fMRI and immersive virtual reality to obtain the first anatomically localised evidence of emotional memory reactivation in human rapid eye movement sleep, closing an important translational gap with extant animal models. Third, I will employ fMRI and EEG to examine the intriguing possibility that memory reactivation in sleep facilitates emotion regulation by weakening negative interpretations of real-world events, fostering a concrete pathway towards clinical intervention. Finally, to advance understanding of the symbiotic relationship between endogenous memory operations in the waking and sleeping brain, I will use OPM-MEG to test the prediction that active forgetting during wakefulness inhibits spontaneous memory reactivation in later sleep. In sum, SLEEPAWAY will make a substantial novel theoretical contribution by delineating the basic mechanisms through which our brains eradicate unwanted details of the past to support our cognitive and emotional goals.",Forgetting Sleep,,ERC-2024-COG,ERC CONSOLIDATOR GRANTS,HORIZON-ERC,ERC-2024-COG,ERC-2024-COG,2025-10-01,2030-09-30,OTHER,2025,OTHER|2024_PLUS,27
