concept_uri,code,label,types,broader,narrower,goals,english_labels
http://data.europa.eu/sdg/1,1,End poverty in all its forms everywhere,http://metadata.un.org/sdg/ontology#Goal|http://www.w3.org/2004/02/skos/core#Concept,,http://data.europa.eu/sdg/1.1|http://data.europa.eu/sdg/1.2|http://data.europa.eu/sdg/1.3|http://data.europa.eu/sdg/1.4|http://data.europa.eu/sdg/1.5|http://data.europa.eu/sdg/1.a|http://data.europa.eu/sdg/1.b,http://data.europa.eu/sdg/1,"[""End poverty in all its forms everywhere""]"
http://data.europa.eu/sdg/1.1,1.1,"By 2030, eradicate extreme poverty for all people everywhere, currently measured as people living on less than $1.25 a day",http://metadata.un.org/sdg/ontology#Target|http://www.w3.org/2004/02/skos/core#Concept,http://data.europa.eu/sdg/1,http://data.europa.eu/sdg/C010101,http://data.europa.eu/sdg/1,"[""By 2030, eradicate extreme poverty for all people everywhere, currently measured as people living on less than $1.25 a day""]"
http://data.europa.eu/sdg/1.2,1.2,"By 2030, reduce at least by half the proportion of men, women and children of all ages living in poverty in all its dimensions according to national definitions",http://metadata.un.org/sdg/ontology#Target|http://www.w3.org/2004/02/skos/core#Concept,http://data.europa.eu/sdg/1,http://data.europa.eu/sdg/C010201|http://data.europa.eu/sdg/C010202,http://data.europa.eu/sdg/1,"[""By 2030, reduce at least by half the proportion of men, women and children of all ages living in poverty in all its dimensions according to national definitions""]"
http://data.europa.eu/sdg/1.3,1.3,"Implement nationally appropriate social protection systems and measures for all, including floors, and by 2030 achieve substantial coverage of the poor and the vulnerable",http://metadata.un.org/sdg/ontology#Target|http://www.w3.org/2004/02/skos/core#Concept,http://data.europa.eu/sdg/1,http://data.europa.eu/sdg/C010301,http://data.europa.eu/sdg/1,"[""Implement nationally appropriate social protection systems and measures for all, including floors, and by 2030 achieve substantial coverage of the poor and the vulnerable""]"
http://data.europa.eu/sdg/1.4,1.4,"By 2030, ensure that all men and women, in particular the poor and the vulnerable, have equal rights to economic resources, as well as access to basic services, ownership and control over land and other forms of property, inheritance, natural resources, appropriate new technology and financial services, including microfinance",http://metadata.un.org/sdg/ontology#Target|http://www.w3.org/2004/02/skos/core#Concept,http://data.europa.eu/sdg/1,http://data.europa.eu/sdg/C010401|http://data.europa.eu/sdg/C010402,http://data.europa.eu/sdg/1,"[""By 2030, ensure that all men and women, in particular the poor and the vulnerable, have equal rights to economic resources, as well as access to basic services, ownership and control over land and other forms of property, inheritance, natural resources, appropriate new technology and financial services, including microfinance""]"
http://data.europa.eu/sdg/1.5,1.5,"By 2030, build the resilience of the poor and those in vulnerable situations and reduce their exposure and vulnerability to climate-related extreme events and other economic, social and environmental shocks and disasters",http://metadata.un.org/sdg/ontology#Target|http://www.w3.org/2004/02/skos/core#Concept,http://data.europa.eu/sdg/1,http://data.europa.eu/sdg/C010502|http://data.europa.eu/sdg/C200303|http://data.europa.eu/sdg/C200304|http://data.europa.eu/sdg/C200305,http://data.europa.eu/sdg/1,"[""By 2030, build the resilience of the poor and those in vulnerable situations and reduce their exposure and vulnerability to climate-related extreme events and other economic, social and environmental shocks and disasters""]"
http://data.europa.eu/sdg/1.a,1.a,"Ensure significant mobilization of resources from a variety of sources, including through enhanced development cooperation, in order to provide adequate and predictable means for developing countries, in particular least developed countries, to implement programmes and policies to end poverty in all its dimensions",http://metadata.un.org/sdg/ontology#Target|http://www.w3.org/2004/02/skos/core#Concept,http://data.europa.eu/sdg/1,http://data.europa.eu/sdg/C010a01|http://data.europa.eu/sdg/C010a02|http://data.europa.eu/sdg/C010a03,http://data.europa.eu/sdg/1,"[""Ensure significant mobilization of resources from a variety of sources, including through enhanced development cooperation, in order to provide adequate and predictable means for developing countries, in particular least developed countries, to implement programmes and policies to end poverty in all its dimensions""]"
http://data.europa.eu/sdg/1.b,1.b,"Create sound policy frameworks at the national, regional and international levels, based on pro-poor and gender-sensitive development strategies, to support accelerated investment in poverty eradication actions",http://metadata.un.org/sdg/ontology#Target|http://www.w3.org/2004/02/skos/core#Concept,http://data.europa.eu/sdg/1,http://data.europa.eu/sdg/C010b01,http://data.europa.eu/sdg/1,"[""Create sound policy frameworks at the national, regional and international levels, based on pro-poor and gender-sensitive development strategies, to support accelerated investment in poverty eradication actions""]"
http://data.europa.eu/sdg/10,10,Reduce inequality within and among countries,http://metadata.un.org/sdg/ontology#Goal|http://www.w3.org/2004/02/skos/core#Concept,,http://data.europa.eu/sdg/10.1|http://data.europa.eu/sdg/10.2|http://data.europa.eu/sdg/10.3|http://data.europa.eu/sdg/10.4|http://data.europa.eu/sdg/10.5|http://data.europa.eu/sdg/10.6|http://data.europa.eu/sdg/10.7|http://data.europa.eu/sdg/10.a|http://data.europa.eu/sdg/10.b|http://data.europa.eu/sdg/10.c,http://data.europa.eu/sdg/10,"[""Reduce inequality within and among countries""]"
http://data.europa.eu/sdg/10.1,10.1,"By 2030, progressively achieve and sustain income growth of the bottom 40 per cent of the population at a rate higher than the national average",http://metadata.un.org/sdg/ontology#Target|http://www.w3.org/2004/02/skos/core#Concept,http://data.europa.eu/sdg/10,http://data.europa.eu/sdg/C100101,http://data.europa.eu/sdg/10,"[""By 2030, progressively achieve and sustain income growth of the bottom 40 per cent of the population at a rate higher than the national average""]"
http://data.europa.eu/sdg/10.2,10.2,"By 2030, empower and promote the social, economic and political inclusion of all, irrespective of age, sex, disability, race, ethnicity, origin, religion or economic or other status",http://metadata.un.org/sdg/ontology#Target|http://www.w3.org/2004/02/skos/core#Concept,http://data.europa.eu/sdg/10,http://data.europa.eu/sdg/C100201,http://data.europa.eu/sdg/10,"[""By 2030, empower and promote the social, economic and political inclusion of all, irrespective of age, sex, disability, race, ethnicity, origin, religion or economic or other status""]"
http://data.europa.eu/sdg/10.3,10.3,"Ensure equal opportunity and reduce inequalities of outcome, including by eliminating discriminatory laws, policies and practices and promoting appropriate legislation, policies and action in this regard",http://metadata.un.org/sdg/ontology#Target|http://www.w3.org/2004/02/skos/core#Concept,http://data.europa.eu/sdg/10,http://data.europa.eu/sdg/C200204,http://data.europa.eu/sdg/10,"[""Ensure equal opportunity and reduce inequalities of outcome, including by eliminating discriminatory laws, policies and practices and promoting appropriate legislation, policies and action in this regard""]"
http://data.europa.eu/sdg/10.4,10.4,"Adopt policies, especially fiscal, wage and social protection policies, and progressively achieve greater equality",http://metadata.un.org/sdg/ontology#Target|http://www.w3.org/2004/02/skos/core#Concept,http://data.europa.eu/sdg/10,http://data.europa.eu/sdg/C100401,http://data.europa.eu/sdg/10,"[""Adopt policies, especially fiscal, wage and social protection policies, and progressively achieve greater equality""]"
http://data.europa.eu/sdg/10.5,10.5,Improve the regulation and monitoring of global financial markets and institutions and strengthen the implementation of such regulations,http://metadata.un.org/sdg/ontology#Target|http://www.w3.org/2004/02/skos/core#Concept,http://data.europa.eu/sdg/10,http://data.europa.eu/sdg/C100501,http://data.europa.eu/sdg/10,"[""Improve the regulation and monitoring of global financial markets and institutions and strengthen the implementation of such regulations""]"
http://data.europa.eu/sdg/10.6,10.6,"Ensure enhanced representation and voice for developing countries in decision-making in global international economic and financial institutions in order to deliver more effective, credible, accountable and legitimate institutions",http://metadata.un.org/sdg/ontology#Target|http://www.w3.org/2004/02/skos/core#Concept,http://data.europa.eu/sdg/10,http://data.europa.eu/sdg/C200205,http://data.europa.eu/sdg/10,"[""Ensure enhanced representation and voice for developing countries in decision-making in global international economic and financial institutions in order to deliver more effective, credible, accountable and legitimate institutions""]"
http://data.europa.eu/sdg/10.7,10.7,"Facilitate orderly, safe, regular and responsible migration and mobility of people, including through the implementation of planned and well-managed migration policies",http://metadata.un.org/sdg/ontology#Target|http://www.w3.org/2004/02/skos/core#Concept,http://data.europa.eu/sdg/10,http://data.europa.eu/sdg/C100701|http://data.europa.eu/sdg/C100702,http://data.europa.eu/sdg/10,"[""Facilitate orderly, safe, regular and responsible migration and mobility of people, including through the implementation of planned and well-managed migration policies""]"
http://data.europa.eu/sdg/10.a,10.a,"Implement the principle of special and differential treatment for developing countries, in particular least developed countries, in accordance with World Trade Organization agreements",http://metadata.un.org/sdg/ontology#Target|http://www.w3.org/2004/02/skos/core#Concept,http://data.europa.eu/sdg/10,http://data.europa.eu/sdg/C100a01,http://data.europa.eu/sdg/10,"[""Implement the principle of special and differential treatment for developing countries, in particular least developed countries, in accordance with World Trade Organization agreements""]"
http://data.europa.eu/sdg/10.b,10.b,"Encourage official development assistance and financial flows, including foreign direct investment, to States where the need is greatest, in particular least developed countries, African countries, small island developing States and landlocked developing countries, in accordance with their national plans and programmes",http://metadata.un.org/sdg/ontology#Target|http://www.w3.org/2004/02/skos/core#Concept,http://data.europa.eu/sdg/10,http://data.europa.eu/sdg/C100b01,http://data.europa.eu/sdg/10,"[""Encourage official development assistance and financial flows, including foreign direct investment, to States where the need is greatest, in particular least developed countries, African countries, small island developing States and landlocked developing countries, in accordance with their national plans and programmes""]"
http://data.europa.eu/sdg/10.c,10.c,"By 2030, reduce to less than 3 per cent the transaction costs of migrant remittances and eliminate remittance corridors with costs higher than 5 per cent",http://metadata.un.org/sdg/ontology#Target|http://www.w3.org/2004/02/skos/core#Concept,http://data.europa.eu/sdg/10,http://data.europa.eu/sdg/C100c01,http://data.europa.eu/sdg/10,"[""By 2030, reduce to less than 3 per cent the transaction costs of migrant remittances and eliminate remittance corridors with costs higher than 5 per cent""]"
http://data.europa.eu/sdg/11,11,"Make cities and human settlements inclusive, safe, resilient and sustainable",http://metadata.un.org/sdg/ontology#Goal|http://www.w3.org/2004/02/skos/core#Concept,,http://data.europa.eu/sdg/11.1|http://data.europa.eu/sdg/11.2|http://data.europa.eu/sdg/11.3|http://data.europa.eu/sdg/11.4|http://data.europa.eu/sdg/11.5|http://data.europa.eu/sdg/11.6|http://data.europa.eu/sdg/11.7|http://data.europa.eu/sdg/11.a|http://data.europa.eu/sdg/11.b|http://data.europa.eu/sdg/11.c,http://data.europa.eu/sdg/11,"[""Make cities and human settlements inclusive, safe, resilient and sustainable""]"
http://data.europa.eu/sdg/11.1,11.1,"By 2030, ensure access for all to adequate, safe and affordable housing and basic services and upgrade slums",http://metadata.un.org/sdg/ontology#Target|http://www.w3.org/2004/02/skos/core#Concept,http://data.europa.eu/sdg/11,http://data.europa.eu/sdg/C110101,http://data.europa.eu/sdg/11,"[""By 2030, ensure access for all to adequate, safe and affordable housing and basic services and upgrade slums""]"
http://data.europa.eu/sdg/11.2,11.2,"By 2030, provide access to safe, affordable, accessible and sustainable transport systems for all, improving road safety, notably by expanding public transport, with special attention to the needs of those in vulnerable situations, women, children, persons with disabilities and older persons",http://metadata.un.org/sdg/ontology#Target|http://www.w3.org/2004/02/skos/core#Concept,http://data.europa.eu/sdg/11,http://data.europa.eu/sdg/C110201,http://data.europa.eu/sdg/11,"[""By 2030, provide access to safe, affordable, accessible and sustainable transport systems for all, improving road safety, notably by expanding public transport, with special attention to the needs of those in vulnerable situations, women, children, persons with disabilities and older persons""]"
http://data.europa.eu/sdg/11.3,11.3,"By 2030, enhance inclusive and sustainable urbanization and capacity for participatory, integrated and sustainable human settlement planning and management in all countries",http://metadata.un.org/sdg/ontology#Target|http://www.w3.org/2004/02/skos/core#Concept,http://data.europa.eu/sdg/11,http://data.europa.eu/sdg/C110301|http://data.europa.eu/sdg/C110302,http://data.europa.eu/sdg/11,"[""By 2030, enhance inclusive and sustainable urbanization and capacity for participatory, integrated and sustainable human settlement planning and management in all countries""]"
http://data.europa.eu/sdg/11.4,11.4,Strengthen efforts to protect and safeguard the world’s cultural and natural heritage,http://metadata.un.org/sdg/ontology#Target|http://www.w3.org/2004/02/skos/core#Concept,http://data.europa.eu/sdg/11,http://data.europa.eu/sdg/C110401,http://data.europa.eu/sdg/11,"[""Strengthen efforts to protect and safeguard the world’s cultural and natural heritage""]"
http://data.europa.eu/sdg/11.5,11.5,"By 2030, significantly reduce the number of deaths and the number of people affected and substantially decrease the direct economic losses relative to global gross domestic product caused by disasters, including water-related disasters, with a focus on protecting the poor and people in vulnerable situations",http://metadata.un.org/sdg/ontology#Target|http://www.w3.org/2004/02/skos/core#Concept,http://data.europa.eu/sdg/11,http://data.europa.eu/sdg/C110502|http://data.europa.eu/sdg/C200303,http://data.europa.eu/sdg/11,"[""By 2030, significantly reduce the number of deaths and the number of people affected and substantially decrease the direct economic losses relative to global gross domestic product caused by disasters, including water-related disasters, with a focus on protecting the poor and people in vulnerable situations""]"
http://data.europa.eu/sdg/11.6,11.6,"By 2030, reduce the adverse per capita environmental impact of cities, including by paying special attention to air quality and municipal and other waste management",http://metadata.un.org/sdg/ontology#Target|http://www.w3.org/2004/02/skos/core#Concept,http://data.europa.eu/sdg/11,http://data.europa.eu/sdg/C110601|http://data.europa.eu/sdg/C110602,http://data.europa.eu/sdg/11,"[""By 2030, reduce the adverse per capita environmental impact of cities, including by paying special attention to air quality and municipal and other waste management""]"
http://data.europa.eu/sdg/11.7,11.7,"By 2030, provide universal access to safe, inclusive and accessible, green and public spaces, in particular for women and children, older persons and persons with disabilities",http://metadata.un.org/sdg/ontology#Target|http://www.w3.org/2004/02/skos/core#Concept,http://data.europa.eu/sdg/11,http://data.europa.eu/sdg/C110701|http://data.europa.eu/sdg/C110702,http://data.europa.eu/sdg/11,"[""By 2030, provide universal access to safe, inclusive and accessible, green and public spaces, in particular for women and children, older persons and persons with disabilities""]"
http://data.europa.eu/sdg/11.a,11.a,"Support positive economic, social and environmental links between urban, peri-urban and rural areas by strengthening national and regional development planning",http://metadata.un.org/sdg/ontology#Target|http://www.w3.org/2004/02/skos/core#Concept,http://data.europa.eu/sdg/11,http://data.europa.eu/sdg/C110a01,http://data.europa.eu/sdg/11,"[""Support positive economic, social and environmental links between urban, peri-urban and rural areas by strengthening national and regional development planning""]"
http://data.europa.eu/sdg/11.b,11.b,"By 2020, substantially increase the number of cities and human settlements adopting and implementing integrated policies and plans towards inclusion, resource efficiency, mitigation and adaptation to climate change, resilience to disasters, and develop and implement, in line with the Sendai Framework for Disaster Risk Reduction 2015–2030, holistic disaster risk management at all levels",http://metadata.un.org/sdg/ontology#Target|http://www.w3.org/2004/02/skos/core#Concept,http://data.europa.eu/sdg/11,http://data.europa.eu/sdg/C200304|http://data.europa.eu/sdg/C200305,http://data.europa.eu/sdg/11,"[""By 2020, substantially increase the number of cities and human settlements adopting and implementing integrated policies and plans towards inclusion, resource efficiency, mitigation and adaptation to climate change, resilience to disasters, and develop and implement, in line with the Sendai Framework for Disaster Risk Reduction 2015–2030, holistic disaster risk management at all levels""]"
http://data.europa.eu/sdg/11.c,11.c,"Support least developed countries, including through financial and technical assistance, in building sustainable and resilient buildings utilizing local materials",http://metadata.un.org/sdg/ontology#Target|http://www.w3.org/2004/02/skos/core#Concept,http://data.europa.eu/sdg/11,http://data.europa.eu/sdg/C110c01,http://data.europa.eu/sdg/11,"[""Support least developed countries, including through financial and technical assistance, in building sustainable and resilient buildings utilizing local materials""]"
http://data.europa.eu/sdg/12,12,Ensure sustainable consumption and production patterns,http://metadata.un.org/sdg/ontology#Goal|http://www.w3.org/2004/02/skos/core#Concept,,http://data.europa.eu/sdg/12.1|http://data.europa.eu/sdg/12.2|http://data.europa.eu/sdg/12.3|http://data.europa.eu/sdg/12.4|http://data.europa.eu/sdg/12.5|http://data.europa.eu/sdg/12.6|http://data.europa.eu/sdg/12.7|http://data.europa.eu/sdg/12.8|http://data.europa.eu/sdg/12.a|http://data.europa.eu/sdg/12.b|http://data.europa.eu/sdg/12.c,http://data.europa.eu/sdg/12,"[""Ensure sustainable consumption and production patterns""]"
http://data.europa.eu/sdg/12.1,12.1,"Implement the 10‑Year Framework of Programmes on Sustainable Consumption and Production Patterns, all countries taking action, with developed countries taking the lead, taking into account the development and capabilities of developing countries",http://metadata.un.org/sdg/ontology#Target|http://www.w3.org/2004/02/skos/core#Concept,http://data.europa.eu/sdg/12,http://data.europa.eu/sdg/C120101,http://data.europa.eu/sdg/12,"[""Implement the 10‑Year Framework of Programmes on Sustainable Consumption and Production Patterns, all countries taking action, with developed countries taking the lead, taking into account the development and capabilities of developing countries""]"
http://data.europa.eu/sdg/12.2,12.2,"By 2030, achieve the sustainable management and efficient use of natural resources",http://metadata.un.org/sdg/ontology#Target|http://www.w3.org/2004/02/skos/core#Concept,http://data.europa.eu/sdg/12,http://data.europa.eu/sdg/C200202|http://data.europa.eu/sdg/C200203,http://data.europa.eu/sdg/12,"[""By 2030, achieve the sustainable management and efficient use of natural resources""]"
http://data.europa.eu/sdg/12.3,12.3,"By 2030,halve per capita global food waste at the retail and consumer levels and reduce food losses along production and supply chains, including post-harvest losses",http://metadata.un.org/sdg/ontology#Target|http://www.w3.org/2004/02/skos/core#Concept,http://data.europa.eu/sdg/12,http://data.europa.eu/sdg/C120301,http://data.europa.eu/sdg/12,"[""By 2030,d"", ""By 2030,halve per capita global food waste at the retail and consumer levels and reduce food losses along production and supply chains, including post-harvest losses""]"
http://data.europa.eu/sdg/12.4,12.4,"By 2020, achieve the environmentally sound management of chemicals and all wastes throughout their life cycle, in accordance with agreed international frameworks, and significantly reduce their release to air, water and soil in order to minimize their adverse impacts on human health and the environment",http://metadata.un.org/sdg/ontology#Target|http://www.w3.org/2004/02/skos/core#Concept,http://data.europa.eu/sdg/12,http://data.europa.eu/sdg/C120401|http://data.europa.eu/sdg/C120402,http://data.europa.eu/sdg/12,"[""By 2020, achieve the environmentally sound management of chemicals and all wastes throughout their life cycle, in accordance with agreed international frameworks, and significantly reduce their release to air, water and soil in order to minimize their adverse impacts on human health and the environment""]"
http://data.europa.eu/sdg/12.5,12.5,"By 2030, substantially reduce waste generation through prevention, reduction, recycling and reuse",http://metadata.un.org/sdg/ontology#Target|http://www.w3.org/2004/02/skos/core#Concept,http://data.europa.eu/sdg/12,http://data.europa.eu/sdg/C120501,http://data.europa.eu/sdg/12,"[""By 2030, substantially reduce waste generation through prevention, reduction, recycling and reuse""]"
http://data.europa.eu/sdg/12.6,12.6,"Encourage companies, especially large and transnational companies, to adopt sustainable practices and to integrate sustainability information into their reporting cycle",http://metadata.un.org/sdg/ontology#Target|http://www.w3.org/2004/02/skos/core#Concept,http://data.europa.eu/sdg/12,http://data.europa.eu/sdg/C120601,http://data.europa.eu/sdg/12,"[""Encourage companies, especially large and transnational companies, to adopt sustainable practices and to integrate sustainability information into their reporting cycle""]"
http://data.europa.eu/sdg/12.7,12.7,"Promote public procurement practices that are sustainable, in accordance with national policies and priorities",http://metadata.un.org/sdg/ontology#Target|http://www.w3.org/2004/02/skos/core#Concept,http://data.europa.eu/sdg/12,http://data.europa.eu/sdg/C120701,http://data.europa.eu/sdg/12,"[""Promote public procurement practices that are sustainable, in accordance with national policies and priorities""]"
http://data.europa.eu/sdg/12.8,12.8,"By 2030, ensure that people everywhere have the relevant information and awareness for sustainable development and lifestyles in harmony with nature",http://metadata.un.org/sdg/ontology#Target|http://www.w3.org/2004/02/skos/core#Concept,http://data.europa.eu/sdg/12,http://data.europa.eu/sdg/C120801,http://data.europa.eu/sdg/12,"[""By 2030, ensure that people everywhere have the relevant information and awareness for sustainable development and lifestyles in harmony with nature""]"
http://data.europa.eu/sdg/12.a,12.a,Support developing countries to strengthen their scientific and technological capacity to move towards more sustainable patterns of consumption and production,http://metadata.un.org/sdg/ontology#Target|http://www.w3.org/2004/02/skos/core#Concept,http://data.europa.eu/sdg/12,http://data.europa.eu/sdg/C120a01,http://data.europa.eu/sdg/12,"[""Support developing countries to strengthen their scientific and technological capacity to move towards more sustainable patterns of consumption and production""]"
http://data.europa.eu/sdg/12.b,12.b,Develop and implement tools to monitor sustainable development impacts for sustainable tourism that creates jobs and promotes local culture and products,http://metadata.un.org/sdg/ontology#Target|http://www.w3.org/2004/02/skos/core#Concept,http://data.europa.eu/sdg/12,http://data.europa.eu/sdg/C120b01,http://data.europa.eu/sdg/12,"[""Develop and implement tools to monitor sustainable development impacts for sustainable tourism that creates jobs and promotes local culture and products""]"
http://data.europa.eu/sdg/12.c,12.c,"Rationalize inefficient fossil-fuel subsidies that encourage wasteful consumption by removing market distortions, in accordance with national circumstances, including by restructuring taxation and phasing out those harmful subsidies, where they exist, to reflect their environmental impacts, taking fully into account the specific needs and conditions of developing countries and minimizing the possible adverse impacts on their development in a manner that protects the poor and the affected communities",http://metadata.un.org/sdg/ontology#Target|http://www.w3.org/2004/02/skos/core#Concept,http://data.europa.eu/sdg/12,http://data.europa.eu/sdg/C120c01,http://data.europa.eu/sdg/12,"[""Rationalize inefficient fossil-fuel subsidies that encourage wasteful consumption by removing market distortions, in accordance with national circumstances, including by restructuring taxation and phasing out those harmful subsidies, where they exist, to reflect their environmental impacts, taking fully into account the specific needs and conditions of developing countries and minimizing the possible adverse impacts on their development in a manner that protects the poor and the affected communities""]"
http://data.europa.eu/sdg/13,13,Take urgent action to combat climate change and its impacts,http://metadata.un.org/sdg/ontology#Goal|http://www.w3.org/2004/02/skos/core#Concept,,http://data.europa.eu/sdg/13.1|http://data.europa.eu/sdg/13.2|http://data.europa.eu/sdg/13.3|http://data.europa.eu/sdg/13.a|http://data.europa.eu/sdg/13.b,http://data.europa.eu/sdg/13,"[""Take urgent action to combat climate change and its impacts""]"
http://data.europa.eu/sdg/13.1,13.1,Strengthen resilience and adaptive capacity to climate-related hazards and natural disasters in all countries,http://metadata.un.org/sdg/ontology#Target|http://www.w3.org/2004/02/skos/core#Concept,http://data.europa.eu/sdg/13,http://data.europa.eu/sdg/C200303|http://data.europa.eu/sdg/C200304|http://data.europa.eu/sdg/C200305,http://data.europa.eu/sdg/13,"[""Strengthen resilience and adaptive capacity to climate-related hazards and natural disasters in all countries""]"
http://data.europa.eu/sdg/13.2,13.2,"Integrate climate change measures into national policies, strategies and planning",http://metadata.un.org/sdg/ontology#Target|http://www.w3.org/2004/02/skos/core#Concept,http://data.europa.eu/sdg/13,http://data.europa.eu/sdg/C130201,http://data.europa.eu/sdg/13,"[""Integrate climate change measures into national policies, strategies and planning""]"
http://data.europa.eu/sdg/13.3,13.3,"Improve education, awareness-raising and human and institutional capacity on climate change mitigation, adaptation, impact reduction and early warning",http://metadata.un.org/sdg/ontology#Target|http://www.w3.org/2004/02/skos/core#Concept,http://data.europa.eu/sdg/13,http://data.europa.eu/sdg/C130301|http://data.europa.eu/sdg/C130302,http://data.europa.eu/sdg/13,"[""Improve education, awareness-raising and human and institutional capacity on climate change mitigation, adaptation, impact reduction and early warning""]"
http://data.europa.eu/sdg/13.a,13.a,Implement the commitment undertaken by developed-country parties to the United Nations Framework Convention on Climate Change to a goal of mobilizing jointly $100 billion annually by 2020 from all sources to address the needs of developing countries in the context of meaningful mitigation actions and transparency on implementation and fully operationalize the Green Climate Fund through its capitalization as soon as possible,http://metadata.un.org/sdg/ontology#Target|http://www.w3.org/2004/02/skos/core#Concept,http://data.europa.eu/sdg/13,http://data.europa.eu/sdg/C130a01,http://data.europa.eu/sdg/13,"[""Implement the commitment undertaken by developed-country parties to the United Nations Framework Convention on Climate Change to a goal of mobilizing jointly $100 billion annually by 2020 from all sources to address the needs of developing countries in the context of meaningful mitigation actions and transparency on implementation and fully operationalize the Green Climate Fund through its capitalization as soon as possible""]"
http://data.europa.eu/sdg/13.b,13.b,"Promote mechanisms for raising capacity for effective climate change-related planning and management in least developed countries and small island developing States, including focusing on women, youth and local and marginalized communities",http://metadata.un.org/sdg/ontology#Target|http://www.w3.org/2004/02/skos/core#Concept,http://data.europa.eu/sdg/13,http://data.europa.eu/sdg/C130b01,http://data.europa.eu/sdg/13,"[""Promote mechanisms for raising capacity for effective climate change-related planning and management in least developed countries and small island developing States, including focusing on women, youth and local and marginalized communities""]"
http://data.europa.eu/sdg/14,14,"Conserve and sustainably use the oceans, seas and marine resources for sustainable development",http://metadata.un.org/sdg/ontology#Goal|http://www.w3.org/2004/02/skos/core#Concept,,http://data.europa.eu/sdg/14.1|http://data.europa.eu/sdg/14.2|http://data.europa.eu/sdg/14.3|http://data.europa.eu/sdg/14.4|http://data.europa.eu/sdg/14.5|http://data.europa.eu/sdg/14.6|http://data.europa.eu/sdg/14.7|http://data.europa.eu/sdg/14.a|http://data.europa.eu/sdg/14.b|http://data.europa.eu/sdg/14.c,http://data.europa.eu/sdg/14,"[""Conserve and sustainably use the oceans, seas and marine resources for sustainable development""]"
http://data.europa.eu/sdg/14.1,14.1,"By 2025, prevent and significantly reduce marine pollution of all kinds, in particular from land-based activities, including marine debris and nutrient pollution",http://metadata.un.org/sdg/ontology#Target|http://www.w3.org/2004/02/skos/core#Concept,http://data.europa.eu/sdg/14,http://data.europa.eu/sdg/C140101,http://data.europa.eu/sdg/14,"[""By 2025, prevent and significantly reduce marine pollution of all kinds, in particular from land-based activities, including marine debris and nutrient pollution""]"
http://data.europa.eu/sdg/14.2,14.2,"By 2020, sustainably manage and protect marine and coastal ecosystems to avoid significant adverse impacts, including by strengthening their resilience, and take action for their restoration in order to achieve healthy and productive oceans",http://metadata.un.org/sdg/ontology#Target|http://www.w3.org/2004/02/skos/core#Concept,http://data.europa.eu/sdg/14,http://data.europa.eu/sdg/C140201,http://data.europa.eu/sdg/14,"[""By 2020, sustainably manage and protect marine and coastal ecosystems to avoid significant adverse impacts, including by strengthening their resilience, and take action for their restoration in order to achieve healthy and productive oceans""]"
http://data.europa.eu/sdg/14.3,14.3,"Minimize and address the impacts of ocean acidification, including through enhanced scientific cooperation at all levels",http://metadata.un.org/sdg/ontology#Target|http://www.w3.org/2004/02/skos/core#Concept,http://data.europa.eu/sdg/14,http://data.europa.eu/sdg/C140301,http://data.europa.eu/sdg/14,"[""Minimize and address the impacts of ocean acidification, including through enhanced scientific cooperation at all levels""]"
http://data.europa.eu/sdg/14.4,14.4,"By 2020, effectively regulate harvesting and end overfishing, illegal, unreported and unregulated fishing and destructive fishing practices and implement science-based management plans, in order to restore fish stocks in the shortest time feasible, at least to levels that can produce maximum sustainable yield as determined by their biological characteristics",http://metadata.un.org/sdg/ontology#Target|http://www.w3.org/2004/02/skos/core#Concept,http://data.europa.eu/sdg/14,http://data.europa.eu/sdg/C140401,http://data.europa.eu/sdg/14,"[""By 2020, effectively regulate harvesting and end overfishing, illegal, unreported and unregulated fishing and destructive fishing practices and implement science-based management plans, in order to restore fish stocks in the shortest time feasible, at least to levels that can produce maximum sustainable yield as determined by their biological characteristics""]"
http://data.europa.eu/sdg/14.5,14.5,"By 2020, conserve at least 10 per cent of coastal and marine areas, consistent with national and international law and based on the best available scientific information",http://metadata.un.org/sdg/ontology#Target|http://www.w3.org/2004/02/skos/core#Concept,http://data.europa.eu/sdg/14,http://data.europa.eu/sdg/C140501,http://data.europa.eu/sdg/14,"[""By 2020, conserve at least 10 per cent of coastal and marine areas, consistent with national and international law and based on the best available scientific information""]"
http://data.europa.eu/sdg/14.6,14.6,"By 2020, prohibit certain forms of fisheries subsidies which contribute to overcapacity and overfishing, eliminate subsidies that contribute to illegal, unreported and unregulated fishing and refrain from introducing new such subsidies, recognizing that appropriate and effective special and differential treatment for developing and least developed countries should be an integral part of the World Trade Organization fisheries subsidies negotiation3",http://metadata.un.org/sdg/ontology#Target|http://www.w3.org/2004/02/skos/core#Concept,http://data.europa.eu/sdg/14,http://data.europa.eu/sdg/C140601,http://data.europa.eu/sdg/14,"[""By 2020, prohibit certain forms of fisheries subsidies which contribute to overcapacity and overfishing, eliminate subsidies that contribute to illegal, unreported and unregulated fishing and refrain from introducing new such subsidies, recognizing that appropriate and effective special and differential treatment for developing and least developed countries should be an integral part of the World Trade Organization fisheries subsidies negotiation3""]"
http://data.europa.eu/sdg/14.7,14.7,"By 2030, increase the economic benefits to small island developing States and least developed countries from the sustainable use of marine resources, including through sustainable management of fisheries, aquaculture and tourism",http://metadata.un.org/sdg/ontology#Target|http://www.w3.org/2004/02/skos/core#Concept,http://data.europa.eu/sdg/14,http://data.europa.eu/sdg/C140701,http://data.europa.eu/sdg/14,"[""By 2030, increase the economic benefits to small island developing States and least developed countries from the sustainable use of marine resources, including through sustainable management of fisheries, aquaculture and tourism""]"
http://data.europa.eu/sdg/14.a,14.a,"Increase scientific knowledge, develop research capacity and transfer marine technology, taking into account the Intergovernmental Oceanographic Commission Criteria and Guidelines on the Transfer of Marine Technology, in order to improve ocean health and to enhance the contribution of marine biodiversity to the development of developing countries, in particular small island developing States and least developed countries",http://metadata.un.org/sdg/ontology#Target|http://www.w3.org/2004/02/skos/core#Concept,http://data.europa.eu/sdg/14,http://data.europa.eu/sdg/C140a01,http://data.europa.eu/sdg/14,"[""Increase scientific knowledge, develop research capacity and transfer marine technology, taking into account the Intergovernmental Oceanographic Commission Criteria and Guidelines on the Transfer of Marine Technology, in order to improve ocean health and to enhance the contribution of marine biodiversity to the development of developing countries, in particular small island developing States and least developed countries""]"
http://data.europa.eu/sdg/14.b,14.b,Provide access for small-scale artisanal fishers to marine resources and markets,http://metadata.un.org/sdg/ontology#Target|http://www.w3.org/2004/02/skos/core#Concept,http://data.europa.eu/sdg/14,http://data.europa.eu/sdg/C140b01,http://data.europa.eu/sdg/14,"[""Provide access for small-scale artisanal fishers to marine resources and markets""]"
http://data.europa.eu/sdg/14.c,14.c,"Enhance the conservation and sustainable use of oceans and their resources by implementing international law as reflected in the United Nations Convention on the Law of the Sea, which provides the legal framework for the conservation and sustainable use of oceans and their resources, as recalled in paragraph 158 of “The future we want”",http://metadata.un.org/sdg/ontology#Target|http://www.w3.org/2004/02/skos/core#Concept,http://data.europa.eu/sdg/14,http://data.europa.eu/sdg/C140c01,http://data.europa.eu/sdg/14,"[""Enhance the conservation and sustainable use of oceans and their resources by implementing international law as reflected in the United Nations Convention on the Law of the Sea, which provides the legal framework for the conservation and sustainable use of oceans and their resources, as recalled in paragraph 158 of “The future we want”""]"
http://data.europa.eu/sdg/15,15,"Protect, restore and promote sustainable use of terrestrial ecosystems, sustainably manage forests, combat desertification, and halt and reverse land degradation and halt biodiversity loss",http://metadata.un.org/sdg/ontology#Goal|http://www.w3.org/2004/02/skos/core#Concept,,http://data.europa.eu/sdg/15.1|http://data.europa.eu/sdg/15.2|http://data.europa.eu/sdg/15.3|http://data.europa.eu/sdg/15.4|http://data.europa.eu/sdg/15.5|http://data.europa.eu/sdg/15.6|http://data.europa.eu/sdg/15.7|http://data.europa.eu/sdg/15.8|http://data.europa.eu/sdg/15.9|http://data.europa.eu/sdg/15.a|http://data.europa.eu/sdg/15.b|http://data.europa.eu/sdg/15.c,http://data.europa.eu/sdg/15,"[""Protect, restore and promote sustainable use of terrestrial ecosystems, sustainably manage forests, combat desertification, and halt and reverse land degradation and halt biodiversity loss""]"
http://data.europa.eu/sdg/15.1,15.1,"By 2020, ensure the conservation, restoration and sustainable use of terrestrial and inland freshwater ecosystems and their services, in particular forests, wetlands, mountains and drylands, in line with obligations under international agreements",http://metadata.un.org/sdg/ontology#Target|http://www.w3.org/2004/02/skos/core#Concept,http://data.europa.eu/sdg/15,http://data.europa.eu/sdg/C150101|http://data.europa.eu/sdg/C150102,http://data.europa.eu/sdg/15,"[""By 2020, ensure the conservation, restoration and sustainable use of terrestrial and inland freshwater ecosystems and their services, in particular forests, wetlands, mountains and drylands, in line with obligations under international agreements""]"
http://data.europa.eu/sdg/15.2,15.2,"By 2020, promote the implementation of sustainable management of all types of forests, halt deforestation, restore degraded forests and substantially increase afforestation and reforestation globally",http://metadata.un.org/sdg/ontology#Target|http://www.w3.org/2004/02/skos/core#Concept,http://data.europa.eu/sdg/15,http://data.europa.eu/sdg/C150201,http://data.europa.eu/sdg/15,"[""By 2020, promote the implementation of sustainable management of all types of forests, halt deforestation, restore degraded forests and substantially increase afforestation and reforestation globally""]"
http://data.europa.eu/sdg/15.3,15.3,"By 2030, combat desertification, restore degraded land and soil, including land affected by desertification, drought and floods, and strive to achieve a land degradation-neutral world",http://metadata.un.org/sdg/ontology#Target|http://www.w3.org/2004/02/skos/core#Concept,http://data.europa.eu/sdg/15,http://data.europa.eu/sdg/C150301,http://data.europa.eu/sdg/15,"[""By 2030, combat desertification, restore degraded land and soil, including land affected by desertification, drought and floods, and strive to achieve a land degradation-neutral world""]"
http://data.europa.eu/sdg/15.4,15.4,"By 2030, ensure the conservation of mountain ecosystems, including their biodiversity, in order to enhance their capacity to provide benefits that are essential for sustainable development",http://metadata.un.org/sdg/ontology#Target|http://www.w3.org/2004/02/skos/core#Concept,http://data.europa.eu/sdg/15,http://data.europa.eu/sdg/C150401|http://data.europa.eu/sdg/C150402,http://data.europa.eu/sdg/15,"[""By 2030, ensure the conservation of mountain ecosystems, including their biodiversity, in order to enhance their capacity to provide benefits that are essential for sustainable development""]"
http://data.europa.eu/sdg/15.5,15.5,"Take urgent and significant action to reduce the degradation of natural habitats, halt the loss of biodiversity and, by 2020, protect and prevent the extinction of threatened species",http://metadata.un.org/sdg/ontology#Target|http://www.w3.org/2004/02/skos/core#Concept,http://data.europa.eu/sdg/15,http://data.europa.eu/sdg/C150501,http://data.europa.eu/sdg/15,"[""Take urgent and significant action to reduce the degradation of natural habitats, halt the loss of biodiversity and, by 2020, protect and prevent the extinction of threatened species""]"
http://data.europa.eu/sdg/15.6,15.6,"Promote fair and equitable sharing of the benefits arising from the utilization of genetic resources and promote appropriate access to such resources, as internationally agreed",http://metadata.un.org/sdg/ontology#Target|http://www.w3.org/2004/02/skos/core#Concept,http://data.europa.eu/sdg/15,http://data.europa.eu/sdg/C150601,http://data.europa.eu/sdg/15,"[""Promote fair and equitable sharing of the benefits arising from the utilization of genetic resources and promote appropriate access to such resources, as internationally agreed""]"
http://data.europa.eu/sdg/15.7,15.7,Take urgent action to end poaching and trafficking of protected species of flora and fauna and address both demand and supply of illegal wildlife products,http://metadata.un.org/sdg/ontology#Target|http://www.w3.org/2004/02/skos/core#Concept,http://data.europa.eu/sdg/15,http://data.europa.eu/sdg/C200206,http://data.europa.eu/sdg/15,"[""Take urgent action to end poaching and trafficking of protected species of flora and fauna and address both demand and supply of illegal wildlife products""]"
http://data.europa.eu/sdg/15.8,15.8,"By 2020, introduce measures to prevent the introduction and significantly reduce the impact of invasive alien species on land and water ecosystems and control or eradicate the priority species",http://metadata.un.org/sdg/ontology#Target|http://www.w3.org/2004/02/skos/core#Concept,http://data.europa.eu/sdg/15,http://data.europa.eu/sdg/C150801,http://data.europa.eu/sdg/15,"[""By 2020, introduce measures to prevent the introduction and significantly reduce the impact of invasive alien species on land and water ecosystems and control or eradicate the priority species""]"
http://data.europa.eu/sdg/15.9,15.9,"By 2020, integrate ecosystem and biodiversity values into national and local planning, development processes, poverty reduction strategies and accounts",http://metadata.un.org/sdg/ontology#Target|http://www.w3.org/2004/02/skos/core#Concept,http://data.europa.eu/sdg/15,http://data.europa.eu/sdg/C150901,http://data.europa.eu/sdg/15,"[""By 2020, integrate ecosystem and biodiversity values into national and local planning, development processes, poverty reduction strategies and accounts""]"
http://data.europa.eu/sdg/15.a,15.a,Mobilize and significantly increase financial resources from all sources to conserve and sustainably use biodiversity and ecosystems,http://metadata.un.org/sdg/ontology#Target|http://www.w3.org/2004/02/skos/core#Concept,http://data.europa.eu/sdg/15,http://data.europa.eu/sdg/C200207,http://data.europa.eu/sdg/15,"[""Mobilize and significantly increase financial resources from all sources to conserve and sustainably use biodiversity and ecosystems""]"
http://data.europa.eu/sdg/15.b,15.b,"Mobilize significant resources from all sources and at all levels to finance sustainable forest management and provide adequate incentives to developing countries to advance such management, including for conservation and reforestation",http://metadata.un.org/sdg/ontology#Target|http://www.w3.org/2004/02/skos/core#Concept,http://data.europa.eu/sdg/15,http://data.europa.eu/sdg/C200207,http://data.europa.eu/sdg/15,"[""Mobilize significant resources from all sources and at all levels to finance sustainable forest management and provide adequate incentives to developing countries to advance such management, including for conservation and reforestation""]"
http://data.europa.eu/sdg/15.c,15.c,"Enhance global support for efforts to combat poaching and trafficking of protected species, including by increasing the capacity of local communities to pursue sustainable livelihood opportunities",http://metadata.un.org/sdg/ontology#Target|http://www.w3.org/2004/02/skos/core#Concept,http://data.europa.eu/sdg/15,http://data.europa.eu/sdg/C200206,http://data.europa.eu/sdg/15,"[""Enhance global support for efforts to combat poaching and trafficking of protected species, including by increasing the capacity of local communities to pursue sustainable livelihood opportunities""]"
http://data.europa.eu/sdg/16,16,"Promote peaceful and inclusive societies for sustainable development, provide access to justice for all and build effective, accountable and inclusive institutions at all levels",http://metadata.un.org/sdg/ontology#Goal|http://www.w3.org/2004/02/skos/core#Concept,,http://data.europa.eu/sdg/16.1|http://data.europa.eu/sdg/16.10|http://data.europa.eu/sdg/16.2|http://data.europa.eu/sdg/16.3|http://data.europa.eu/sdg/16.4|http://data.europa.eu/sdg/16.5|http://data.europa.eu/sdg/16.6|http://data.europa.eu/sdg/16.7|http://data.europa.eu/sdg/16.8|http://data.europa.eu/sdg/16.9|http://data.europa.eu/sdg/16.a|http://data.europa.eu/sdg/16.b,http://data.europa.eu/sdg/16,"[""Promote peaceful and inclusive societies for sustainable development, provide access to justice for all and build effective, accountable and inclusive institutions at all levels""]"
http://data.europa.eu/sdg/16.1,16.1,Significantly reduce all forms of violence and related death rates everywhere,http://metadata.un.org/sdg/ontology#Target|http://www.w3.org/2004/02/skos/core#Concept,http://data.europa.eu/sdg/16,http://data.europa.eu/sdg/C160101|http://data.europa.eu/sdg/C160102|http://data.europa.eu/sdg/C160103|http://data.europa.eu/sdg/C160104,http://data.europa.eu/sdg/16,"[""Significantly reduce all forms of violence and related death rates everywhere""]"
http://data.europa.eu/sdg/16.10,16.10,"Ensure public access to information and protect fundamental freedoms, in accordance with national legislation and international agreements",http://metadata.un.org/sdg/ontology#Target|http://www.w3.org/2004/02/skos/core#Concept,http://data.europa.eu/sdg/16,http://data.europa.eu/sdg/C161001|http://data.europa.eu/sdg/C161002,http://data.europa.eu/sdg/16,"[""Ensure public access to information and protect fundamental freedoms, in accordance with national legislation and international agreements""]"
http://data.europa.eu/sdg/16.2,16.2,"End abuse, exploitation, trafficking and all forms of violence against and torture of children",http://metadata.un.org/sdg/ontology#Target|http://www.w3.org/2004/02/skos/core#Concept,http://data.europa.eu/sdg/16,http://data.europa.eu/sdg/C160201|http://data.europa.eu/sdg/C160202|http://data.europa.eu/sdg/C160203,http://data.europa.eu/sdg/16,"[""End abuse, exploitation, trafficking and all forms of violence against and torture of children""]"
http://data.europa.eu/sdg/16.3,16.3,Promote the rule of law at the national and international levels and ensure equal access to justice for all,http://metadata.un.org/sdg/ontology#Target|http://www.w3.org/2004/02/skos/core#Concept,http://data.europa.eu/sdg/16,http://data.europa.eu/sdg/C160301|http://data.europa.eu/sdg/C160302,http://data.europa.eu/sdg/16,"[""Promote the rule of law at the national and international levels and ensure equal access to justice for all""]"
http://data.europa.eu/sdg/16.4,16.4,"By 2030, significantly reduce illicit financial and arms flows, strengthen the recovery and return of stolen assets and combat all forms of organized crime",http://metadata.un.org/sdg/ontology#Target|http://www.w3.org/2004/02/skos/core#Concept,http://data.europa.eu/sdg/16,http://data.europa.eu/sdg/C160401|http://data.europa.eu/sdg/C160402,http://data.europa.eu/sdg/16,"[""By 2030, significantly reduce illicit financial and arms flows, strengthen the recovery and return of stolen assets and combat all forms of organized crime""]"
http://data.europa.eu/sdg/16.5,16.5,Substantially reduce corruption and bribery in all their forms,http://metadata.un.org/sdg/ontology#Target|http://www.w3.org/2004/02/skos/core#Concept,http://data.europa.eu/sdg/16,http://data.europa.eu/sdg/C160501|http://data.europa.eu/sdg/C160502,http://data.europa.eu/sdg/16,"[""Substantially reduce corruption and bribery in all their forms""]"
http://data.europa.eu/sdg/16.6,16.6,"Develop effective, accountable and transparent institutions at all levels",http://metadata.un.org/sdg/ontology#Target|http://www.w3.org/2004/02/skos/core#Concept,http://data.europa.eu/sdg/16,http://data.europa.eu/sdg/C160601|http://data.europa.eu/sdg/C160602,http://data.europa.eu/sdg/16,"[""Develop effective, accountable and transparent institutions at all levels""]"
http://data.europa.eu/sdg/16.7,16.7,"Ensure responsive, inclusive, participatory and representative decision-making at all levels",http://metadata.un.org/sdg/ontology#Target|http://www.w3.org/2004/02/skos/core#Concept,http://data.europa.eu/sdg/16,http://data.europa.eu/sdg/C160701|http://data.europa.eu/sdg/C160702,http://data.europa.eu/sdg/16,"[""Ensure responsive, inclusive, participatory and representative decision-making at all levels""]"
http://data.europa.eu/sdg/16.8,16.8,Broaden and strengthen the participation of developing countries in the institutions of global governance,http://metadata.un.org/sdg/ontology#Target|http://www.w3.org/2004/02/skos/core#Concept,http://data.europa.eu/sdg/16,http://data.europa.eu/sdg/C200205,http://data.europa.eu/sdg/16,"[""Broaden and strengthen the participation of developing countries in the institutions of global governance""]"
http://data.europa.eu/sdg/16.9,16.9,"By 2030, provide legal identity for all, including birth registration",http://metadata.un.org/sdg/ontology#Target|http://www.w3.org/2004/02/skos/core#Concept,http://data.europa.eu/sdg/16,http://data.europa.eu/sdg/C160901,http://data.europa.eu/sdg/16,"[""By 2030, provide legal identity for all, including birth registration""]"
http://data.europa.eu/sdg/16.a,16.a,"Strengthen relevant national institutions, including through international cooperation, for building capacity at all levels, in particular in developing countries, to prevent violence and combat terrorism and crime",http://metadata.un.org/sdg/ontology#Target|http://www.w3.org/2004/02/skos/core#Concept,http://data.europa.eu/sdg/16,http://data.europa.eu/sdg/C160a01,http://data.europa.eu/sdg/16,"[""Strengthen relevant national institutions, including through international cooperation, for building capacity at all levels, in particular in developing countries, to prevent violence and combat terrorism and crime""]"
http://data.europa.eu/sdg/16.b,16.b,Promote and enforce non-discriminatory laws and policies for sustainable development,http://metadata.un.org/sdg/ontology#Target|http://www.w3.org/2004/02/skos/core#Concept,http://data.europa.eu/sdg/16,http://data.europa.eu/sdg/C200204,http://data.europa.eu/sdg/16,"[""Promote and enforce non-discriminatory laws and policies for sustainable development""]"
http://data.europa.eu/sdg/17,17,Strengthen the means of implementation and revitalize the Global Partnership for Sustainable Development,http://metadata.un.org/sdg/ontology#Goal|http://www.w3.org/2004/02/skos/core#Concept,,http://data.europa.eu/sdg/17.1|http://data.europa.eu/sdg/17.10|http://data.europa.eu/sdg/17.11|http://data.europa.eu/sdg/17.12|http://data.europa.eu/sdg/17.13|http://data.europa.eu/sdg/17.14|http://data.europa.eu/sdg/17.15|http://data.europa.eu/sdg/17.16|http://data.europa.eu/sdg/17.17|http://data.europa.eu/sdg/17.18|http://data.europa.eu/sdg/17.19|http://data.europa.eu/sdg/17.2|http://data.europa.eu/sdg/17.3|http://data.europa.eu/sdg/17.4|http://data.europa.eu/sdg/17.5|http://data.europa.eu/sdg/17.6|http://data.europa.eu/sdg/17.7|http://data.europa.eu/sdg/17.8|http://data.europa.eu/sdg/17.9,http://data.europa.eu/sdg/17,"[""Strengthen the means of implementation and revitalize the Global Partnership for Sustainable Development""]"
http://data.europa.eu/sdg/17.1,17.1,"Strengthen domestic resource mobilization, including through international support to developing countries, to improve domestic capacity for tax and other revenue collection",http://metadata.un.org/sdg/ontology#Target|http://www.w3.org/2004/02/skos/core#Concept,http://data.europa.eu/sdg/17,http://data.europa.eu/sdg/C170101|http://data.europa.eu/sdg/C170102,http://data.europa.eu/sdg/17,"[""Strengthen domestic resource mobilization, including through international support to developing countries, to improve domestic capacity for tax and other revenue collection""]"
http://data.europa.eu/sdg/17.10,17.10,"Promote a universal, rules-based, open, non‑discriminatory and equitable multilateral trading system under the World Trade Organization, including through the conclusion of negotiations under its Doha Development Agenda",http://metadata.un.org/sdg/ontology#Target|http://www.w3.org/2004/02/skos/core#Concept,http://data.europa.eu/sdg/17,http://data.europa.eu/sdg/C171001,http://data.europa.eu/sdg/17,"[""Promote a universal, rules-based, open, non‑discriminatory and equitable multilateral trading system under the World Trade Organization, including through the conclusion of negotiations under its Doha Development Agenda""]"
http://data.europa.eu/sdg/17.11,17.11,"Significantly increase the exports of developing countries, in particular with a view to doubling the least developed countries’ share of global exports by 2020",http://metadata.un.org/sdg/ontology#Target|http://www.w3.org/2004/02/skos/core#Concept,http://data.europa.eu/sdg/17,http://data.europa.eu/sdg/C171101,http://data.europa.eu/sdg/17,"[""Significantly increase the exports of developing countries, in particular with a view to doubling the least developed countries’ share of global exports by 2020""]"
http://data.europa.eu/sdg/17.12,17.12,"Realize timely implementation of duty-free and quota-free market access on a lasting basis for all least developed countries, consistent with World Trade Organization decisions, including by ensuring that preferential rules of origin applicable to imports from least developed countries are transparent and simple, and contribute to facilitating market access",http://metadata.un.org/sdg/ontology#Target|http://www.w3.org/2004/02/skos/core#Concept,http://data.europa.eu/sdg/17,http://data.europa.eu/sdg/C171201,http://data.europa.eu/sdg/17,"[""Realize timely implementation of duty-free and quota-free market access on a lasting basis for all least developed countries, consistent with World Trade Organization decisions, including by ensuring that preferential rules of origin applicable to imports from least developed countries are transparent and simple, and contribute to facilitating market access""]"
http://data.europa.eu/sdg/17.13,17.13,"Enhance global macroeconomic stability, including through policy coordination and policy coherence",http://metadata.un.org/sdg/ontology#Target|http://www.w3.org/2004/02/skos/core#Concept,http://data.europa.eu/sdg/17,http://data.europa.eu/sdg/C171301,http://data.europa.eu/sdg/17,"[""Enhance global macroeconomic stability, including through policy coordination and policy coherence""]"
http://data.europa.eu/sdg/17.14,17.14,Enhance policy coherence for sustainable development,http://metadata.un.org/sdg/ontology#Target|http://www.w3.org/2004/02/skos/core#Concept,http://data.europa.eu/sdg/17,http://data.europa.eu/sdg/C171401,http://data.europa.eu/sdg/17,"[""Enhance policy coherence for sustainable development""]"
http://data.europa.eu/sdg/17.15,17.15,Respect each country’s policy space and leadership to establish and implement policies for poverty eradication and sustainable development,http://metadata.un.org/sdg/ontology#Target|http://www.w3.org/2004/02/skos/core#Concept,http://data.europa.eu/sdg/17,http://data.europa.eu/sdg/C171501,http://data.europa.eu/sdg/17,"[""Respect each country’s policy space and leadership to establish and implement policies for poverty eradication and sustainable development""]"
http://data.europa.eu/sdg/17.16,17.16,"Enhance the Global Partnership for Sustainable Development, complemented by multi-stakeholder partnerships that mobilize and share knowledge, expertise, technology and financial resources, to support the achievement of the Sustainable Development Goals in all countries, in particular developing countries",http://metadata.un.org/sdg/ontology#Target|http://www.w3.org/2004/02/skos/core#Concept,http://data.europa.eu/sdg/17,http://data.europa.eu/sdg/C171601,http://data.europa.eu/sdg/17,"[""Enhance the Global Partnership for Sustainable Development, complemented by multi-stakeholder partnerships that mobilize and share knowledge, expertise, technology and financial resources, to support the achievement of the Sustainable Development Goals in all countries, in particular developing countries""]"
http://data.europa.eu/sdg/17.17,17.17,"Encourage and promote effective public, public-private and civil society partnerships, building on the experience and resourcing strategies of partnerships",http://metadata.un.org/sdg/ontology#Target|http://www.w3.org/2004/02/skos/core#Concept,http://data.europa.eu/sdg/17,http://data.europa.eu/sdg/C171701,http://data.europa.eu/sdg/17,"[""Encourage and promote effective public, public-private and civil society partnerships, building on the experience and resourcing strategies of partnerships""]"
http://data.europa.eu/sdg/17.18,17.18,"By 2020, enhance capacity-building support to developing countries, including for least developed countries and small island developing States, to increase significantly the availability of high-quality, timely and reliable data disaggregated by income, gender, age, race, ethnicity, migratory status, disability, geographic location and other characteristics relevant in national contexts",http://metadata.un.org/sdg/ontology#Target|http://www.w3.org/2004/02/skos/core#Concept,http://data.europa.eu/sdg/17,http://data.europa.eu/sdg/C171801|http://data.europa.eu/sdg/C171802|http://data.europa.eu/sdg/C171803,http://data.europa.eu/sdg/17,"[""By 2020, enhance capacity-building support to developing countries, including for least developed countries and small island developing States, to increase significantly the availability of high-quality, timely and reliable data disaggregated by income, gender, age, race, ethnicity, migratory status, disability, geographic location and other characteristics relevant in national contexts""]"
http://data.europa.eu/sdg/17.19,17.19,"By 2030, build on existing initiatives to develop measurements of progress on sustainable development that complement gross domestic product, and support statistical capacity-building in developing countries",http://metadata.un.org/sdg/ontology#Target|http://www.w3.org/2004/02/skos/core#Concept,http://data.europa.eu/sdg/17,http://data.europa.eu/sdg/C171901|http://data.europa.eu/sdg/C171902,http://data.europa.eu/sdg/17,"[""By 2030, build on existing initiatives to develop measurements of progress on sustainable development that complement gross domestic product, and support statistical capacity-building in developing countries""]"
http://data.europa.eu/sdg/17.2,17.2,"Developed countries to implement fully their official development assistance commitments, including the commitment by many developed countries to achieve the target of 0.7 per cent of gross national income for official development assistance (ODA/GNI) to developing countries and 0.15 to 0.20 per cent of ODA/GNI to least developed countries; ODA providers are encouraged to consider setting a target to provide at least 0.20 per cent of ODA/GNI to least developed countries",http://metadata.un.org/sdg/ontology#Target|http://www.w3.org/2004/02/skos/core#Concept,http://data.europa.eu/sdg/17,http://data.europa.eu/sdg/C170201,http://data.europa.eu/sdg/17,"[""Developed countries to implement fully their official development assistance commitments, including the commitment by many developed countries to achieve the target of 0.7 per cent of gross national income for official development assistance (ODA/GNI) to developing countries and 0.15 to 0.20 per cent of ODA/GNI to least developed countries; ODA providers are encouraged to consider setting a target to provide at least 0.20 per cent of ODA/GNI to least developed countries""]"
http://data.europa.eu/sdg/17.3,17.3,Mobilize additional financial resources for developing countries from multiple sources,http://metadata.un.org/sdg/ontology#Target|http://www.w3.org/2004/02/skos/core#Concept,http://data.europa.eu/sdg/17,http://data.europa.eu/sdg/C170301|http://data.europa.eu/sdg/C170302,http://data.europa.eu/sdg/17,"[""Mobilize additional financial resources for developing countries from multiple sources""]"
http://data.europa.eu/sdg/17.4,17.4,"Assist developing countries in attaining long-term debt sustainability through coordinated policies aimed at fostering debt financing, debt relief and debt restructuring, as appropriate, and address the external debt of highly indebted poor countries to reduce debt distress",http://metadata.un.org/sdg/ontology#Target|http://www.w3.org/2004/02/skos/core#Concept,http://data.europa.eu/sdg/17,http://data.europa.eu/sdg/C170401,http://data.europa.eu/sdg/17,"[""Assist developing countries in attaining long-term debt sustainability through coordinated policies aimed at fostering debt financing, debt relief and debt restructuring, as appropriate, and address the external debt of highly indebted poor countries to reduce debt distress""]"
http://data.europa.eu/sdg/17.5,17.5,Adopt and implement investment promotion regimes for least developed countries,http://metadata.un.org/sdg/ontology#Target|http://www.w3.org/2004/02/skos/core#Concept,http://data.europa.eu/sdg/17,http://data.europa.eu/sdg/C170501,http://data.europa.eu/sdg/17,"[""Adopt and implement investment promotion regimes for least developed countries""]"
http://data.europa.eu/sdg/17.6,17.6,"Enhance North-South, South-South and triangular regional and international cooperation on and access to science, technology and innovation and enhance knowledge-sharing on mutually agreed terms, including through improved coordination among existing mechanisms, in particular at the United Nations level, and through a global technology facilitation mechanism",http://metadata.un.org/sdg/ontology#Target|http://www.w3.org/2004/02/skos/core#Concept,http://data.europa.eu/sdg/17,http://data.europa.eu/sdg/C170601|http://data.europa.eu/sdg/C170602,http://data.europa.eu/sdg/17,"[""Enhance North-South, South-South and triangular regional and international cooperation on and access to science, technology and innovation and enhance knowledge-sharing on mutually agreed terms, including through improved coordination among existing mechanisms, in particular at the United Nations level, and through a global technology facilitation mechanism""]"
http://data.europa.eu/sdg/17.7,17.7,"Promote the development, transfer, dissemination and diffusion of environmentally sound technologies to developing countries on favourable terms, including on concessional and preferential terms, as mutually agreed",http://metadata.un.org/sdg/ontology#Target|http://www.w3.org/2004/02/skos/core#Concept,http://data.europa.eu/sdg/17,http://data.europa.eu/sdg/C170701,http://data.europa.eu/sdg/17,"[""Promote the development, transfer, dissemination and diffusion of environmentally sound technologies to developing countries on favourable terms, including on concessional and preferential terms, as mutually agreed""]"
http://data.europa.eu/sdg/17.8,17.8,"Fully operationalize the technology bank and science, technology and innovation capacity-building mechanism for least developed countries by 2017 and enhance the use of enabling technology, in particular information and communications technology",http://metadata.un.org/sdg/ontology#Target|http://www.w3.org/2004/02/skos/core#Concept,http://data.europa.eu/sdg/17,http://data.europa.eu/sdg/C170801,http://data.europa.eu/sdg/17,"[""Fully operationalize the technology bank and science, technology and innovation capacity-building mechanism for least developed countries by 2017 and enhance the use of enabling technology, in particular information and communications technology""]"
http://data.europa.eu/sdg/17.9,17.9,"Enhance international support for implementing effective and targeted capacity-building in developing countries to support national plans to implement all the Sustainable Development Goals, including through North-South, South-South and triangular cooperation",http://metadata.un.org/sdg/ontology#Target|http://www.w3.org/2004/02/skos/core#Concept,http://data.europa.eu/sdg/17,http://data.europa.eu/sdg/C170901,http://data.europa.eu/sdg/17,"[""Enhance international support for implementing effective and targeted capacity-building in developing countries to support national plans to implement all the Sustainable Development Goals, including through North-South, South-South and triangular cooperation""]"
http://data.europa.eu/sdg/2,2,"End hunger, achieve food security and improved nutrition and promote sustainable agriculture",http://metadata.un.org/sdg/ontology#Goal|http://www.w3.org/2004/02/skos/core#Concept,,http://data.europa.eu/sdg/2.1|http://data.europa.eu/sdg/2.2|http://data.europa.eu/sdg/2.3|http://data.europa.eu/sdg/2.4|http://data.europa.eu/sdg/2.5|http://data.europa.eu/sdg/2.a|http://data.europa.eu/sdg/2.b|http://data.europa.eu/sdg/2.c,http://data.europa.eu/sdg/2,"[""End hunger, achieve food security and improved nutrition and promote sustainable agriculture""]"
http://data.europa.eu/sdg/2.1,2.1,"By 2030, end hunger and ensure access by all people, in particular the poor and people in vulnerable situations, including infants, to safe, nutritious and sufficient food all year round",http://metadata.un.org/sdg/ontology#Target|http://www.w3.org/2004/02/skos/core#Concept,http://data.europa.eu/sdg/2,http://data.europa.eu/sdg/C020101|http://data.europa.eu/sdg/C020102,http://data.europa.eu/sdg/2,"[""By 2030, end hunger and ensure access by all people, in particular the poor and people in vulnerable situations, including infants, to safe, nutritious and sufficient food all year round""]"
http://data.europa.eu/sdg/2.2,2.2,"By 2030, end all forms of malnutrition, including achieving, by 2025, the internationally agreed targets on stunting and wasting in children under 5 years of age, and address the nutritional needs of adolescent girls, pregnant and lactating women and older persons",http://metadata.un.org/sdg/ontology#Target|http://www.w3.org/2004/02/skos/core#Concept,http://data.europa.eu/sdg/2,http://data.europa.eu/sdg/C020201|http://data.europa.eu/sdg/C020202,http://data.europa.eu/sdg/2,"[""By 2030, end all forms of malnutrition, including achieving, by 2025, the internationally agreed targets on stunting and wasting in children under 5 years of age, and address the nutritional needs of adolescent girls, pregnant and lactating women and older persons""]"
http://data.europa.eu/sdg/2.3,2.3,"By 2030, double the agricultural productivity and incomes of small-scale food producers, in particular women, indigenous peoples, family farmers, pastoralists and fishers, including through secure and equal access to land, other productive resources and inputs, knowledge, financial services, markets and opportunities for value addition and non-farm employment",http://metadata.un.org/sdg/ontology#Target|http://www.w3.org/2004/02/skos/core#Concept,http://data.europa.eu/sdg/2,http://data.europa.eu/sdg/C020301|http://data.europa.eu/sdg/C020302,http://data.europa.eu/sdg/2,"[""By 2030, double the agricultural productivity and incomes of small-scale food producers, in particular women, indigenous peoples, family farmers, pastoralists and fishers, including through secure and equal access to land, other productive resources and inputs, knowledge, financial services, markets and opportunities for value addition and non-farm employment""]"
http://data.europa.eu/sdg/2.4,2.4,"By 2030, ensure sustainable food production systems and implement resilient agricultural practices that increase productivity and production, that help maintain ecosystems, that strengthen capacity for adaptation to climate change, extreme weather, drought, flooding and other disasters and that progressively improve land and soil quality",http://metadata.un.org/sdg/ontology#Target|http://www.w3.org/2004/02/skos/core#Concept,http://data.europa.eu/sdg/2,http://data.europa.eu/sdg/C020401,http://data.europa.eu/sdg/2,"[""By 2030, ensure sustainable food production systems and implement resilient agricultural practices that increase productivity and production, that help maintain ecosystems, that strengthen capacity for adaptation to climate change, extreme weather, drought, flooding and other disasters and that progressively improve land and soil quality""]"
http://data.europa.eu/sdg/2.5,2.5,"By 2020, maintain the genetic diversity of seeds, cultivated plants and farmed and domesticated animals and their related wild species, including through soundly managed and diversified seed and plant banks at the national, regional and international levels, and promote access to and fair and equitable sharing of benefits arising from the utilization of genetic resources and associated traditional knowledge, as internationally agreed",http://metadata.un.org/sdg/ontology#Target|http://www.w3.org/2004/02/skos/core#Concept,http://data.europa.eu/sdg/2,http://data.europa.eu/sdg/C020501|http://data.europa.eu/sdg/C020502,http://data.europa.eu/sdg/2,"[""By 2020, maintain the genetic diversity of seeds, cultivated plants and farmed and domesticated animals and their related wild species, including through soundly managed and diversified seed and plant banks at the national, regional and international levels, and promote access to and fair and equitable sharing of benefits arising from the utilization of genetic resources and associated traditional knowledge, as internationally agreed""]"
http://data.europa.eu/sdg/2.a,2.a,"Increase investment, including through enhanced international cooperation, in rural infrastructure, agricultural research and extension services, technology development and plant and livestock gene banks in order to enhance agricultural productive capacity in developing countries, in particular least developed countries",http://metadata.un.org/sdg/ontology#Target|http://www.w3.org/2004/02/skos/core#Concept,http://data.europa.eu/sdg/2,http://data.europa.eu/sdg/C020a01|http://data.europa.eu/sdg/C020a02,http://data.europa.eu/sdg/2,"[""Increase investment, including through enhanced international cooperation, in rural infrastructure, agricultural research and extension services, technology development and plant and livestock gene banks in order to enhance agricultural productive capacity in developing countries, in particular least developed countries""]"
http://data.europa.eu/sdg/2.b,2.b,"Correct and prevent trade restrictions and distortions in world agricultural markets, including through the parallel elimination of all forms of agricultural export subsidies and all export measures with equivalent effect, in accordance with the mandate of the Doha Development Round",http://metadata.un.org/sdg/ontology#Target|http://www.w3.org/2004/02/skos/core#Concept,http://data.europa.eu/sdg/2,http://data.europa.eu/sdg/C020b02,http://data.europa.eu/sdg/2,"[""Correct and prevent trade restrictions and distortions in world agricultural markets, including through the parallel elimination of all forms of agricultural export subsidies and all export measures with equivalent effect, in accordance with the mandate of the Doha Development Round""]"
http://data.europa.eu/sdg/2.c,2.c,"Adopt measures to ensure the proper functioning of food commodity markets and their derivatives and facilitate timely access to market information, including on food reserves, in order to help limit extreme food price volatility",http://metadata.un.org/sdg/ontology#Target|http://www.w3.org/2004/02/skos/core#Concept,http://data.europa.eu/sdg/2,http://data.europa.eu/sdg/C020c01,http://data.europa.eu/sdg/2,"[""Adopt measures to ensure the proper functioning of food commodity markets and their derivatives and facilitate timely access to market information, including on food reserves, in order to help limit extreme food price volatility""]"
http://data.europa.eu/sdg/3,3,Ensure healthy lives and promote well-being for all at all ages,http://metadata.un.org/sdg/ontology#Goal|http://www.w3.org/2004/02/skos/core#Concept,,http://data.europa.eu/sdg/3.1|http://data.europa.eu/sdg/3.2|http://data.europa.eu/sdg/3.3|http://data.europa.eu/sdg/3.4|http://data.europa.eu/sdg/3.5|http://data.europa.eu/sdg/3.6|http://data.europa.eu/sdg/3.7|http://data.europa.eu/sdg/3.8|http://data.europa.eu/sdg/3.9|http://data.europa.eu/sdg/3.a|http://data.europa.eu/sdg/3.b|http://data.europa.eu/sdg/3.c|http://data.europa.eu/sdg/3.d,http://data.europa.eu/sdg/3,"[""Ensure healthy lives and promote well-being for all at all ages""]"
http://data.europa.eu/sdg/3.1,3.1,"By 2030, reduce the global maternal mortality ratio to less than 70 per 100,000 live births",http://metadata.un.org/sdg/ontology#Target|http://www.w3.org/2004/02/skos/core#Concept,http://data.europa.eu/sdg/3,http://data.europa.eu/sdg/C030101|http://data.europa.eu/sdg/C030102,http://data.europa.eu/sdg/3,"[""By 2030, reduce the global maternal mortality ratio to less than 70 per 100,000 live births""]"
http://data.europa.eu/sdg/3.2,3.2,"By 2030, end preventable deaths of newborns and children under 5 years of age, with all countries aiming to reduce neonatal mortality to at least as low as 12 per 1,000 live births and under‑5 mortality to at least as low as 25 per 1,000 live births",http://metadata.un.org/sdg/ontology#Target|http://www.w3.org/2004/02/skos/core#Concept,http://data.europa.eu/sdg/3,http://data.europa.eu/sdg/C030201|http://data.europa.eu/sdg/C030202,http://data.europa.eu/sdg/3,"[""By 2030, end preventable deaths of newborns and children under 5 years of age, with all countries aiming to reduce neonatal mortality to at least as low as 12 per 1,000 live births and under‑5 mortality to at least as low as 25 per 1,000 live births""]"
http://data.europa.eu/sdg/3.3,3.3,"By 2030, end the epidemics of AIDS, tuberculosis, malaria and neglected tropical diseases and combat hepatitis, water-borne diseases and other communicable diseases",http://metadata.un.org/sdg/ontology#Target|http://www.w3.org/2004/02/skos/core#Concept,http://data.europa.eu/sdg/3,http://data.europa.eu/sdg/C030301|http://data.europa.eu/sdg/C030302|http://data.europa.eu/sdg/C030303|http://data.europa.eu/sdg/C030304|http://data.europa.eu/sdg/C030305,http://data.europa.eu/sdg/3,"[""By 2030, end the epidemics of AIDS, tuberculosis, malaria and neglected tropical diseases and combat hepatitis, water-borne diseases and other communicable diseases""]"
http://data.europa.eu/sdg/3.4,3.4,"By 2030, reduce by one third premature mortality from non-communicable diseases through prevention and treatment and promote mental health and well-being",http://metadata.un.org/sdg/ontology#Target|http://www.w3.org/2004/02/skos/core#Concept,http://data.europa.eu/sdg/3,http://data.europa.eu/sdg/C030401|http://data.europa.eu/sdg/C030402,http://data.europa.eu/sdg/3,"[""By 2030, reduce by one third premature mortality from non-communicable diseases through prevention and treatment and promote mental health and well-being""]"
http://data.europa.eu/sdg/3.5,3.5,"Strengthen the prevention and treatment of substance abuse, including narcotic drug abuse and harmful use of alcohol",http://metadata.un.org/sdg/ontology#Target|http://www.w3.org/2004/02/skos/core#Concept,http://data.europa.eu/sdg/3,http://data.europa.eu/sdg/C030501|http://data.europa.eu/sdg/C030502,http://data.europa.eu/sdg/3,"[""Strengthen the prevention and treatment of substance abuse, including narcotic drug abuse and harmful use of alcohol""]"
http://data.europa.eu/sdg/3.6,3.6,"By 2020, halve the number of global deaths and injuries from road traffic accidents",http://metadata.un.org/sdg/ontology#Target|http://www.w3.org/2004/02/skos/core#Concept,http://data.europa.eu/sdg/3,http://data.europa.eu/sdg/C030601,http://data.europa.eu/sdg/3,"[""By 2020, halve the number of global deaths and injuries from road traffic accidents""]"
http://data.europa.eu/sdg/3.7,3.7,"By 2030, ensure universal access to sexual and reproductive health-care services, including for family planning, information and education, and the integration of reproductive health into national strategies and programmes",http://metadata.un.org/sdg/ontology#Target|http://www.w3.org/2004/02/skos/core#Concept,http://data.europa.eu/sdg/3,http://data.europa.eu/sdg/C030701|http://data.europa.eu/sdg/C030702,http://data.europa.eu/sdg/3,"[""By 2030, ensure universal access to sexual and reproductive health-care services, including for family planning, information and education, and the integration of reproductive health into national strategies and programmes""]"
http://data.europa.eu/sdg/3.8,3.8,"Achieve universal health coverage, including financial risk protection, access to quality essential health-care services and access to safe, effective, quality and affordable essential medicines and vaccines for all",http://metadata.un.org/sdg/ontology#Target|http://www.w3.org/2004/02/skos/core#Concept,http://data.europa.eu/sdg/3,http://data.europa.eu/sdg/C030801|http://data.europa.eu/sdg/C030802,http://data.europa.eu/sdg/3,"[""Achieve universal health coverage, including financial risk protection, access to quality essential health-care services and access to safe, effective, quality and affordable essential medicines and vaccines for all""]"
http://data.europa.eu/sdg/3.9,3.9,"By 2030, substantially reduce the number of deaths and illnesses from hazardous chemicals and air, water and soil pollution and contamination",http://metadata.un.org/sdg/ontology#Target|http://www.w3.org/2004/02/skos/core#Concept,http://data.europa.eu/sdg/3,http://data.europa.eu/sdg/C030901|http://data.europa.eu/sdg/C030902|http://data.europa.eu/sdg/C030903,http://data.europa.eu/sdg/3,"[""By 2030, substantially reduce the number of deaths and illnesses from hazardous chemicals and air, water and soil pollution and contamination""]"
http://data.europa.eu/sdg/3.a,3.a,"Strengthen the implementation of the World Health Organization Framework Convention on Tobacco Control in all countries, as appropriate",http://metadata.un.org/sdg/ontology#Target|http://www.w3.org/2004/02/skos/core#Concept,http://data.europa.eu/sdg/3,http://data.europa.eu/sdg/C030a01,http://data.europa.eu/sdg/3,"[""Strengthen the implementation of the World Health Organization Framework Convention on Tobacco Control in all countries, as appropriate""]"
http://data.europa.eu/sdg/3.b,3.b,"Support the research and development of vaccines and medicines for the communicable and non‑communicable diseases that primarily affect developing countries, provide access to affordable essential medicines and vaccines, in accordance with the Doha Declaration on the TRIPS Agreement and Public Health, which affirms the right of developing countries to use to the full the provisions in the Agreement on Trade-Related Aspects of Intellectual Property Rights regarding flexibilities to protect public health, and, in particular, provide access to medicines for all",http://metadata.un.org/sdg/ontology#Target|http://www.w3.org/2004/02/skos/core#Concept,http://data.europa.eu/sdg/3,http://data.europa.eu/sdg/C030b01|http://data.europa.eu/sdg/C030b02|http://data.europa.eu/sdg/C030b03,http://data.europa.eu/sdg/3,"[""Support the research and development of vaccines and medicines for the communicable and non‑communicable diseases that primarily affect developing countries, provide access to affordable essential medicines and vaccines, in accordance with the Doha Declaration on the TRIPS Agreement and Public Health, which affirms the right of developing countries to use to the full the provisions in the Agreement on Trade-Related Aspects of Intellectual Property Rights regarding flexibilities to protect public health, and, in particular, provide access to medicines for all""]"
http://data.europa.eu/sdg/3.c,3.c,"Substantially increase health financing and the recruitment, development, training and retention of the health workforce in developing countries, especially in least developed countries and small island developing States",http://metadata.un.org/sdg/ontology#Target|http://www.w3.org/2004/02/skos/core#Concept,http://data.europa.eu/sdg/3,http://data.europa.eu/sdg/C030c01,http://data.europa.eu/sdg/3,"[""Substantially increase health financing and the recruitment, development, training and retention of the health workforce in developing countries, especially in least developed countries and small island developing States""]"
http://data.europa.eu/sdg/3.d,3.d,"Strengthen the capacity of all countries, in particular developing countries, for early warning, risk reduction and management of national and global health risks",http://metadata.un.org/sdg/ontology#Target|http://www.w3.org/2004/02/skos/core#Concept,http://data.europa.eu/sdg/3,http://data.europa.eu/sdg/C030d01,http://data.europa.eu/sdg/3,"[""Strengthen the capacity of all countries, in particular developing countries, for early warning, risk reduction and management of national and global health risks""]"
http://data.europa.eu/sdg/4,4,Ensure inclusive and equitable quality education and promote lifelong learning opportunities for all,http://metadata.un.org/sdg/ontology#Goal|http://www.w3.org/2004/02/skos/core#Concept,,http://data.europa.eu/sdg/4.1|http://data.europa.eu/sdg/4.2|http://data.europa.eu/sdg/4.3|http://data.europa.eu/sdg/4.4|http://data.europa.eu/sdg/4.5|http://data.europa.eu/sdg/4.6|http://data.europa.eu/sdg/4.7|http://data.europa.eu/sdg/4.a|http://data.europa.eu/sdg/4.b|http://data.europa.eu/sdg/4.c,http://data.europa.eu/sdg/4,"[""Ensure inclusive and equitable quality education and promote lifelong learning opportunities for all""]"
http://data.europa.eu/sdg/4.1,4.1,"By 2030, ensure that all girls and boys complete free, equitable and quality primary and secondary education leading to relevant and effective learning outcomes",http://metadata.un.org/sdg/ontology#Target|http://www.w3.org/2004/02/skos/core#Concept,http://data.europa.eu/sdg/4,http://data.europa.eu/sdg/C040101,http://data.europa.eu/sdg/4,"[""By 2030, ensure that all girls and boys complete free, equitable and quality primary and secondary education leading to relevant and effective learning outcomes""]"
http://data.europa.eu/sdg/4.2,4.2,"By 2030, ensure that all girls and boys have access to quality early childhood development, care and pre‑primary education so that they are ready for primary education",http://metadata.un.org/sdg/ontology#Target|http://www.w3.org/2004/02/skos/core#Concept,http://data.europa.eu/sdg/4,http://data.europa.eu/sdg/C040201|http://data.europa.eu/sdg/C040202,http://data.europa.eu/sdg/4,"[""By 2030, ensure that all girls and boys have access to quality early childhood development, care and pre‑primary education so that they are ready for primary education""]"
http://data.europa.eu/sdg/4.3,4.3,"By 2030, ensure equal access for all women and men to affordable and quality technical, vocational and tertiary education, including university",http://metadata.un.org/sdg/ontology#Target|http://www.w3.org/2004/02/skos/core#Concept,http://data.europa.eu/sdg/4,http://data.europa.eu/sdg/C040301,http://data.europa.eu/sdg/4,"[""By 2030, ensure equal access for all women and men to affordable and quality technical, vocational and tertiary education, including university""]"
http://data.europa.eu/sdg/4.4,4.4,"By 2030, substantially increase the number of youth and adults who have relevant skills, including technical and vocational skills, for employment, decent jobs and entrepreneurship",http://metadata.un.org/sdg/ontology#Target|http://www.w3.org/2004/02/skos/core#Concept,http://data.europa.eu/sdg/4,http://data.europa.eu/sdg/C040401,http://data.europa.eu/sdg/4,"[""By 2030, substantially increase the number of youth and adults who have relevant skills, including technical and vocational skills, for employment, decent jobs and entrepreneurship""]"
http://data.europa.eu/sdg/4.5,4.5,"By 2030, eliminate gender disparities in education and ensure equal access to all levels of education and vocational training for the vulnerable, including persons with disabilities, indigenous peoples and children in vulnerable situations",http://metadata.un.org/sdg/ontology#Target|http://www.w3.org/2004/02/skos/core#Concept,http://data.europa.eu/sdg/4,http://data.europa.eu/sdg/C040501,http://data.europa.eu/sdg/4,"[""By 2030, eliminate gender disparities in education and ensure equal access to all levels of education and vocational training for the vulnerable, including persons with disabilities, indigenous peoples and children in vulnerable situations""]"
http://data.europa.eu/sdg/4.6,4.6,"By 2030, ensure that all youth and a substantial proportion of adults, both men and women, achieve literacy and numeracy",http://metadata.un.org/sdg/ontology#Target|http://www.w3.org/2004/02/skos/core#Concept,http://data.europa.eu/sdg/4,http://data.europa.eu/sdg/C040601,http://data.europa.eu/sdg/4,"[""By 2030, ensure that all youth and a substantial proportion of adults, both men and women, achieve literacy and numeracy""]"
http://data.europa.eu/sdg/4.7,4.7,"By 2030, ensure that all learners acquire the knowledge and skills needed to promote sustainable development, including, among others, through education for sustainable development and sustainable lifestyles, human rights, gender equality, promotion of a culture of peace and non-violence, global citizenship and appreciation of cultural diversity and of culture’s contribution to sustainable development",http://metadata.un.org/sdg/ontology#Target|http://www.w3.org/2004/02/skos/core#Concept,http://data.europa.eu/sdg/4,http://data.europa.eu/sdg/C040701,http://data.europa.eu/sdg/4,"[""By 2030, ensure that all learners acquire the knowledge and skills needed to promote sustainable development, including, among others, through education for sustainable development and sustainable lifestyles, human rights, gender equality, promotion of a culture of peace and non-violence, global citizenship and appreciation of cultural diversity and of culture’s contribution to sustainable development""]"
http://data.europa.eu/sdg/4.a,4.a,"Build and upgrade education facilities that are child, disability and gender sensitive and provide safe, non-violent, inclusive and effective learning environments for all",http://metadata.un.org/sdg/ontology#Target|http://www.w3.org/2004/02/skos/core#Concept,http://data.europa.eu/sdg/4,http://data.europa.eu/sdg/C040a01,http://data.europa.eu/sdg/4,"[""Build and upgrade education facilities that are child, disability and gender sensitive and provide safe, non-violent, inclusive and effective learning environments for all""]"
http://data.europa.eu/sdg/4.b,4.b,"By 2020, substantially expand globally the number of scholarships available to developing countries, in particular least developed countries, small island developing States and African countries, for enrolment in higher education, including vocational training and information and communications technology, technical, engineering and scientific programmes, in developed countries and other developing countries",http://metadata.un.org/sdg/ontology#Target|http://www.w3.org/2004/02/skos/core#Concept,http://data.europa.eu/sdg/4,http://data.europa.eu/sdg/C040b01,http://data.europa.eu/sdg/4,"[""By 2020, substantially expand globally the number of scholarships available to developing countries, in particular least developed countries, small island developing States and African countries, for enrolment in higher education, including vocational training and information and communications technology, technical, engineering and scientific programmes, in developed countries and other developing countries""]"
http://data.europa.eu/sdg/4.c,4.c,"By 2030, substantially increase the supply of qualified teachers, including through international cooperation for teacher training in developing countries, especially least developed countries and small island developing States",http://metadata.un.org/sdg/ontology#Target|http://www.w3.org/2004/02/skos/core#Concept,http://data.europa.eu/sdg/4,http://data.europa.eu/sdg/C040c01,http://data.europa.eu/sdg/4,"[""By 2030, substantially increase the supply of qualified teachers, including through international cooperation for teacher training in developing countries, especially least developed countries and small island developing States""]"
http://data.europa.eu/sdg/5,5,Achieve gender equality and empower all women and girls,http://metadata.un.org/sdg/ontology#Goal|http://www.w3.org/2004/02/skos/core#Concept,,http://data.europa.eu/sdg/5.1|http://data.europa.eu/sdg/5.2|http://data.europa.eu/sdg/5.3|http://data.europa.eu/sdg/5.4|http://data.europa.eu/sdg/5.5|http://data.europa.eu/sdg/5.6|http://data.europa.eu/sdg/5.a|http://data.europa.eu/sdg/5.b|http://data.europa.eu/sdg/5.c,http://data.europa.eu/sdg/5,"[""Achieve gender equality and empower all women and girls""]"
http://data.europa.eu/sdg/5.1,5.1,End all forms of discrimination against all women and girls everywhere,http://metadata.un.org/sdg/ontology#Target|http://www.w3.org/2004/02/skos/core#Concept,http://data.europa.eu/sdg/5,http://data.europa.eu/sdg/C050101,http://data.europa.eu/sdg/5,"[""End all forms of discrimination against all women and girls everywhere""]"
http://data.europa.eu/sdg/5.2,5.2,"Eliminate all forms of violence against all women and girls in the public and private spheres, including trafficking and sexual and other types of exploitation",http://metadata.un.org/sdg/ontology#Target|http://www.w3.org/2004/02/skos/core#Concept,http://data.europa.eu/sdg/5,http://data.europa.eu/sdg/C050201|http://data.europa.eu/sdg/C050202,http://data.europa.eu/sdg/5,"[""Eliminate all forms of violence against all women and girls in the public and private spheres, including trafficking and sexual and other types of exploitation""]"
http://data.europa.eu/sdg/5.3,5.3,"Eliminate all harmful practices, such as child, early and forced marriage and female genital mutilation",http://metadata.un.org/sdg/ontology#Target|http://www.w3.org/2004/02/skos/core#Concept,http://data.europa.eu/sdg/5,http://data.europa.eu/sdg/C050301|http://data.europa.eu/sdg/C050302,http://data.europa.eu/sdg/5,"[""Eliminate all harmful practices, such as child, early and forced marriage and female genital mutilation""]"
http://data.europa.eu/sdg/5.4,5.4,"Recognize and value unpaid care and domestic work through the provision of public services, infrastructure and social protection policies and the promotion of shared responsibility within the household and the family as nationally appropriate",http://metadata.un.org/sdg/ontology#Target|http://www.w3.org/2004/02/skos/core#Concept,http://data.europa.eu/sdg/5,http://data.europa.eu/sdg/C050401,http://data.europa.eu/sdg/5,"[""Recognize and value unpaid care and domestic work through the provision of public services, infrastructure and social protection policies and the promotion of shared responsibility within the household and the family as nationally appropriate""]"
http://data.europa.eu/sdg/5.5,5.5,"Ensure women’s full and effective participation and equal opportunities for leadership at all levels of decision-making in political, economic and public life",http://metadata.un.org/sdg/ontology#Target|http://www.w3.org/2004/02/skos/core#Concept,http://data.europa.eu/sdg/5,http://data.europa.eu/sdg/C050501|http://data.europa.eu/sdg/C050502,http://data.europa.eu/sdg/5,"[""Ensure women’s full and effective participation and equal opportunities for leadership at all levels of decision-making in political, economic and public life""]"
http://data.europa.eu/sdg/5.6,5.6,Ensure universal access to sexual and reproductive health and reproductive rights as agreed in accordance with the Programme of Action of the International Conference on Population and Development and the Beijing Platform for Action and the outcome documents of their review conferences,http://metadata.un.org/sdg/ontology#Target|http://www.w3.org/2004/02/skos/core#Concept,http://data.europa.eu/sdg/5,http://data.europa.eu/sdg/C050601|http://data.europa.eu/sdg/C050602,http://data.europa.eu/sdg/5,"[""Ensure universal access to sexual and reproductive health and reproductive rights as agreed in accordance with the Programme of Action of the International Conference on Population and Development and the Beijing Platform for Action and the outcome documents of their review conferences""]"
http://data.europa.eu/sdg/5.a,5.a,"Undertake reforms to give women equal rights to economic resources, as well as access to ownership and control over land and other forms of property, financial services, inheritance and natural resources, in accordance with national laws",http://metadata.un.org/sdg/ontology#Target|http://www.w3.org/2004/02/skos/core#Concept,http://data.europa.eu/sdg/5,http://data.europa.eu/sdg/C050a01|http://data.europa.eu/sdg/C050a02,http://data.europa.eu/sdg/5,"[""Undertake reforms to give women equal rights to economic resources, as well as access to ownership and control over land and other forms of property, financial services, inheritance and natural resources, in accordance with national laws""]"
http://data.europa.eu/sdg/5.b,5.b,"Enhance the use of enabling technology, in particular information and communications technology, to promote the empowerment of women",http://metadata.un.org/sdg/ontology#Target|http://www.w3.org/2004/02/skos/core#Concept,http://data.europa.eu/sdg/5,http://data.europa.eu/sdg/C050b01,http://data.europa.eu/sdg/5,"[""Enhance the use of enabling technology, in particular information and communications technology, to promote the empowerment of women""]"
http://data.europa.eu/sdg/5.c,5.c,Adopt and strengthen sound policies and enforceable legislation for the promotion of gender equality and the empowerment of all women and girls at all levels,http://metadata.un.org/sdg/ontology#Target|http://www.w3.org/2004/02/skos/core#Concept,http://data.europa.eu/sdg/5,http://data.europa.eu/sdg/C050c01,http://data.europa.eu/sdg/5,"[""Adopt and strengthen sound policies and enforceable legislation for the promotion of gender equality and the empowerment of all women and girls at all levels""]"
http://data.europa.eu/sdg/6,6,Ensure availability and sustainable management of water and sanitation for all,http://metadata.un.org/sdg/ontology#Goal|http://www.w3.org/2004/02/skos/core#Concept,,http://data.europa.eu/sdg/6.1|http://data.europa.eu/sdg/6.2|http://data.europa.eu/sdg/6.3|http://data.europa.eu/sdg/6.4|http://data.europa.eu/sdg/6.5|http://data.europa.eu/sdg/6.6|http://data.europa.eu/sdg/6.a|http://data.europa.eu/sdg/6.b,http://data.europa.eu/sdg/6,"[""Ensure availability and sustainable management of water and sanitation for all""]"
http://data.europa.eu/sdg/6.1,6.1,"By 2030, achieve universal and equitable access to safe and affordable drinking water for all",http://metadata.un.org/sdg/ontology#Target|http://www.w3.org/2004/02/skos/core#Concept,http://data.europa.eu/sdg/6,http://data.europa.eu/sdg/C060101,http://data.europa.eu/sdg/6,"[""By 2030, achieve universal and equitable access to safe and affordable drinking water for all""]"
http://data.europa.eu/sdg/6.2,6.2,"By 2030, achieve access to adequate and equitable sanitation and hygiene for all and end open defecation, paying special attention to the needs of women and girls and those in vulnerable situations",http://metadata.un.org/sdg/ontology#Target|http://www.w3.org/2004/02/skos/core#Concept,http://data.europa.eu/sdg/6,http://data.europa.eu/sdg/C060201,http://data.europa.eu/sdg/6,"[""By 2030, achieve access to adequate and equitable sanitation and hygiene for all and end open defecation, paying special attention to the needs of women and girls and those in vulnerable situations""]"
http://data.europa.eu/sdg/6.3,6.3,"By 2030, improve water quality by reducing pollution, eliminating dumping and minimizing release of hazardous chemicals and materials, halving the proportion of untreated wastewater and substantially increasing recycling and safe reuse globally",http://metadata.un.org/sdg/ontology#Target|http://www.w3.org/2004/02/skos/core#Concept,http://data.europa.eu/sdg/6,http://data.europa.eu/sdg/C060301|http://data.europa.eu/sdg/C060302,http://data.europa.eu/sdg/6,"[""By 2030, improve water quality by reducing pollution, eliminating dumping and minimizing release of hazardous chemicals and materials, halving the proportion of untreated wastewater and substantially increasing recycling and safe reuse globally""]"
http://data.europa.eu/sdg/6.4,6.4,"By 2030, substantially increase water-use efficiency across all sectors and ensure sustainable withdrawals and supply of freshwater to address water scarcity and substantially reduce the number of people suffering from water scarcity",http://metadata.un.org/sdg/ontology#Target|http://www.w3.org/2004/02/skos/core#Concept,http://data.europa.eu/sdg/6,http://data.europa.eu/sdg/C060401|http://data.europa.eu/sdg/C060402,http://data.europa.eu/sdg/6,"[""By 2030, substantially increase water-use efficiency across all sectors and ensure sustainable withdrawals and supply of freshwater to address water scarcity and substantially reduce the number of people suffering from water scarcity""]"
http://data.europa.eu/sdg/6.5,6.5,"By 2030, implement integrated water resources management at all levels, including through transboundary cooperation as appropriate",http://metadata.un.org/sdg/ontology#Target|http://www.w3.org/2004/02/skos/core#Concept,http://data.europa.eu/sdg/6,http://data.europa.eu/sdg/C060501|http://data.europa.eu/sdg/C060502,http://data.europa.eu/sdg/6,"[""By 2030, implement integrated water resources management at all levels, including through transboundary cooperation as appropriate""]"
http://data.europa.eu/sdg/6.6,6.6,"By 2020, protect and restore water-related ecosystems, including mountains, forests, wetlands, rivers, aquifers and lakes",http://metadata.un.org/sdg/ontology#Target|http://www.w3.org/2004/02/skos/core#Concept,http://data.europa.eu/sdg/6,http://data.europa.eu/sdg/C060601,http://data.europa.eu/sdg/6,"[""By 2020, protect and restore water-related ecosystems, including mountains, forests, wetlands, rivers, aquifers and lakes""]"
http://data.europa.eu/sdg/6.a,6.a,"By 2030, expand international cooperation and capacity-building support to developing countries in water- and sanitation-related activities and programmes, including water harvesting, desalination, water efficiency, wastewater treatment, recycling and reuse technologies",http://metadata.un.org/sdg/ontology#Target|http://www.w3.org/2004/02/skos/core#Concept,http://data.europa.eu/sdg/6,http://data.europa.eu/sdg/C060a01,http://data.europa.eu/sdg/6,"[""By 2030, expand international cooperation and capacity-building support to developing countries in water- and sanitation-related activities and programmes, including water harvesting, desalination, water efficiency, wastewater treatment, recycling and reuse technologies""]"
http://data.europa.eu/sdg/6.b,6.b,Support and strengthen the participation of local communities in improving water and sanitation management,http://metadata.un.org/sdg/ontology#Target|http://www.w3.org/2004/02/skos/core#Concept,http://data.europa.eu/sdg/6,http://data.europa.eu/sdg/C060b01,http://data.europa.eu/sdg/6,"[""Support and strengthen the participation of local communities in improving water and sanitation management""]"
http://data.europa.eu/sdg/7,7,"Ensure access to affordable, reliable, sustainable and modern energy for all",http://metadata.un.org/sdg/ontology#Goal|http://www.w3.org/2004/02/skos/core#Concept,,http://data.europa.eu/sdg/7.1|http://data.europa.eu/sdg/7.2|http://data.europa.eu/sdg/7.3|http://data.europa.eu/sdg/7.a|http://data.europa.eu/sdg/7.b,http://data.europa.eu/sdg/7,"[""Ensure access to affordable, reliable, sustainable and modern energy for all""]"
http://data.europa.eu/sdg/7.1,7.1,"By 2030, ensure universal access to affordable, reliable and modern energy services",http://metadata.un.org/sdg/ontology#Target|http://www.w3.org/2004/02/skos/core#Concept,http://data.europa.eu/sdg/7,http://data.europa.eu/sdg/C070101|http://data.europa.eu/sdg/C070102,http://data.europa.eu/sdg/7,"[""By 2030, ensure universal access to affordable, reliable and modern energy services""]"
http://data.europa.eu/sdg/7.2,7.2,"By 2030, increase substantially the share of renewable energy in the global energy mix",http://metadata.un.org/sdg/ontology#Target|http://www.w3.org/2004/02/skos/core#Concept,http://data.europa.eu/sdg/7,http://data.europa.eu/sdg/C070201,http://data.europa.eu/sdg/7,"[""By 2030, increase substantially the share of renewable energy in the global energy mix""]"
http://data.europa.eu/sdg/7.3,7.3,"By 2030, double the global rate of improvement in energy efficiency",http://metadata.un.org/sdg/ontology#Target|http://www.w3.org/2004/02/skos/core#Concept,http://data.europa.eu/sdg/7,http://data.europa.eu/sdg/C070301,http://data.europa.eu/sdg/7,"[""By 2030, double the global rate of improvement in energy efficiency""]"
http://data.europa.eu/sdg/7.a,7.a,"By 2030, enhance international cooperation to facilitate access to clean energy research and technology, including renewable energy, energy efficiency and advanced and cleaner fossil-fuel technology, and promote investment in energy infrastructure and clean energy technology",http://metadata.un.org/sdg/ontology#Target|http://www.w3.org/2004/02/skos/core#Concept,http://data.europa.eu/sdg/7,http://data.europa.eu/sdg/C070a01,http://data.europa.eu/sdg/7,"[""By 2030, enhance international cooperation to facilitate access to clean energy research and technology, including renewable energy, energy efficiency and advanced and cleaner fossil-fuel technology, and promote investment in energy infrastructure and clean energy technology""]"
http://data.europa.eu/sdg/7.b,7.b,"By 2030, expand infrastructure and upgrade technology for supplying modern and sustainable energy services for all in developing countries, in particular least developed countries, small island developing States and landlocked developing countries, in accordance with their respective programmes of support",http://metadata.un.org/sdg/ontology#Target|http://www.w3.org/2004/02/skos/core#Concept,http://data.europa.eu/sdg/7,http://data.europa.eu/sdg/C070b01,http://data.europa.eu/sdg/7,"[""By 2030, expand infrastructure and upgrade technology for supplying modern and sustainable energy services for all in developing countries, in particular least developed countries, small island developing States and landlocked developing countries, in accordance with their respective programmes of support""]"
http://data.europa.eu/sdg/8,8,"Promote sustained, inclusive and sustainable economic growth, full and productive employment and decent work for all",http://metadata.un.org/sdg/ontology#Goal|http://www.w3.org/2004/02/skos/core#Concept,,http://data.europa.eu/sdg/8.1|http://data.europa.eu/sdg/8.10|http://data.europa.eu/sdg/8.2|http://data.europa.eu/sdg/8.3|http://data.europa.eu/sdg/8.4|http://data.europa.eu/sdg/8.5|http://data.europa.eu/sdg/8.6|http://data.europa.eu/sdg/8.7|http://data.europa.eu/sdg/8.8|http://data.europa.eu/sdg/8.9|http://data.europa.eu/sdg/8.a|http://data.europa.eu/sdg/8.b,http://data.europa.eu/sdg/8,"[""Promote sustained, inclusive and sustainable economic growth, full and productive employment and decent work for all""]"
http://data.europa.eu/sdg/8.1,8.1,"Sustain per capita economic growth in accordance with national circumstances and, in particular, at least 7 per cent gross domestic product growth per annum in the least developed countries",http://metadata.un.org/sdg/ontology#Target|http://www.w3.org/2004/02/skos/core#Concept,http://data.europa.eu/sdg/8,http://data.europa.eu/sdg/C080101,http://data.europa.eu/sdg/8,"[""Sustain per capita economic growth in accordance with national circumstances and, in particular, at least 7 per cent gross domestic product growth per annum in the least developed countries""]"
http://data.europa.eu/sdg/8.10,8.10,"Strengthen the capacity of domestic financial institutions to encourage and expand access to banking, insurance and financial services for all",http://metadata.un.org/sdg/ontology#Target|http://www.w3.org/2004/02/skos/core#Concept,http://data.europa.eu/sdg/8,http://data.europa.eu/sdg/C081001|http://data.europa.eu/sdg/C081002,http://data.europa.eu/sdg/8,"[""Strengthen the capacity of domestic financial institutions to encourage and expand access to banking, insurance and financial services for all""]"
http://data.europa.eu/sdg/8.2,8.2,"Achieve higher levels of economic productivity through diversification, technological upgrading and innovation, including through a focus on high-value added and labour-intensive sectors",http://metadata.un.org/sdg/ontology#Target|http://www.w3.org/2004/02/skos/core#Concept,http://data.europa.eu/sdg/8,http://data.europa.eu/sdg/C080201,http://data.europa.eu/sdg/8,"[""Achieve higher levels of economic productivity through diversification, technological upgrading and innovation, including through a focus on high-value added and labour-intensive sectors""]"
http://data.europa.eu/sdg/8.3,8.3,"Promote development-oriented policies that support productive activities, decent job creation, entrepreneurship, creativity and innovation, and encourage the formalization and growth of micro-, small- and medium-sized enterprises, including through access to financial services",http://metadata.un.org/sdg/ontology#Target|http://www.w3.org/2004/02/skos/core#Concept,http://data.europa.eu/sdg/8,http://data.europa.eu/sdg/C080301,http://data.europa.eu/sdg/8,"[""Promote development-oriented policies that support productive activities, decent job creation, entrepreneurship, creativity and innovation, and encourage the formalization and growth of micro-, small- and medium-sized enterprises, including through access to financial services""]"
http://data.europa.eu/sdg/8.4,8.4,"Improve progressively, through 2030, global resource efficiency in consumption and production and endeavour to decouple economic growth from environmental degradation, in accordance with the 10‑Year Framework of Programmes on Sustainable Consumption and Production, with developed countries taking the lead",http://metadata.un.org/sdg/ontology#Target|http://www.w3.org/2004/02/skos/core#Concept,http://data.europa.eu/sdg/8,http://data.europa.eu/sdg/C200202|http://data.europa.eu/sdg/C200203,http://data.europa.eu/sdg/8,"[""Improve progressively, through 2030, global resource efficiency in consumption and production and endeavour to decouple economic growth from environmental degradation, in accordance with the 10‑Year Framework of Programmes on Sustainable Consumption and Production, with developed countries taking the lead""]"
http://data.europa.eu/sdg/8.5,8.5,"By 2030, achieve full and productive employment and decent work for all women and men, including for young people and persons with disabilities, and equal pay for work of equal value",http://metadata.un.org/sdg/ontology#Target|http://www.w3.org/2004/02/skos/core#Concept,http://data.europa.eu/sdg/8,http://data.europa.eu/sdg/C080501|http://data.europa.eu/sdg/C080502,http://data.europa.eu/sdg/8,"[""By 2030, achieve full and productive employment and decent work for all women and men, including for young people and persons with disabilities, and equal pay for work of equal value""]"
http://data.europa.eu/sdg/8.6,8.6,"By 2020, substantially reduce the proportion of youth not in employment, education or training",http://metadata.un.org/sdg/ontology#Target|http://www.w3.org/2004/02/skos/core#Concept,http://data.europa.eu/sdg/8,http://data.europa.eu/sdg/C080601,http://data.europa.eu/sdg/8,"[""By 2020, substantially reduce the proportion of youth not in employment, education or training""]"
http://data.europa.eu/sdg/8.7,8.7,"Take immediate and effective measures to eradicate forced labour, end modern slavery and human trafficking and secure the prohibition and elimination of the worst forms of child labour, including recruitment and use of child soldiers, and by 2025 end child labour in all its forms",http://metadata.un.org/sdg/ontology#Target|http://www.w3.org/2004/02/skos/core#Concept,http://data.europa.eu/sdg/8,http://data.europa.eu/sdg/C080701,http://data.europa.eu/sdg/8,"[""Take immediate and effective measures to eradicate forced labour, end modern slavery and human trafficking and secure the prohibition and elimination of the worst forms of child labour, including recruitment and use of child soldiers, and by 2025 end child labour in all its forms""]"
http://data.europa.eu/sdg/8.8,8.8,"Protect labour rights and promote safe and secure working environments for all workers, including migrant workers, in particular women migrants, and those in precarious employment",http://metadata.un.org/sdg/ontology#Target|http://www.w3.org/2004/02/skos/core#Concept,http://data.europa.eu/sdg/8,http://data.europa.eu/sdg/C080801|http://data.europa.eu/sdg/C080802,http://data.europa.eu/sdg/8,"[""Protect labour rights and promote safe and secure working environments for all workers, including migrant workers, in particular women migrants, and those in precarious employment""]"
http://data.europa.eu/sdg/8.9,8.9,"By 2030, devise and implement policies to promote sustainable tourism that creates jobs and promotes local culture and products",http://metadata.un.org/sdg/ontology#Target|http://www.w3.org/2004/02/skos/core#Concept,http://data.europa.eu/sdg/8,http://data.europa.eu/sdg/C080901|http://data.europa.eu/sdg/C080902,http://data.europa.eu/sdg/8,"[""By 2030, devise and implement policies to promote sustainable tourism that creates jobs and promotes local culture and products""]"
http://data.europa.eu/sdg/8.a,8.a,"Increase Aid for Trade support for developing countries, in particular least developed countries, including through the Enhanced Integrated Framework for Trade-related Technical Assistance to Least Developed Countries",http://metadata.un.org/sdg/ontology#Target|http://www.w3.org/2004/02/skos/core#Concept,http://data.europa.eu/sdg/8,http://data.europa.eu/sdg/C080a01,http://data.europa.eu/sdg/8,"[""Increase Aid for Trade support for developing countries, in particular least developed countries, including through the Enhanced Integrated Framework for Trade-related Technical Assistance to Least Developed Countries""]"
http://data.europa.eu/sdg/8.b,8.b,"By 2020, develop and operationalize a global strategy for youth employment and implement the Global Jobs Pact of the International Labour Organization",http://metadata.un.org/sdg/ontology#Target|http://www.w3.org/2004/02/skos/core#Concept,http://data.europa.eu/sdg/8,http://data.europa.eu/sdg/C080b01,http://data.europa.eu/sdg/8,"[""By 2020, develop and operationalize a global strategy for youth employment and implement the Global Jobs Pact of the International Labour Organization""]"
http://data.europa.eu/sdg/9,9,"Build resilient infrastructure, promote inclusive and sustainable industrialization and foster innovation",http://metadata.un.org/sdg/ontology#Goal|http://www.w3.org/2004/02/skos/core#Concept,,http://data.europa.eu/sdg/9.1|http://data.europa.eu/sdg/9.2|http://data.europa.eu/sdg/9.3|http://data.europa.eu/sdg/9.4|http://data.europa.eu/sdg/9.5|http://data.europa.eu/sdg/9.a|http://data.europa.eu/sdg/9.b|http://data.europa.eu/sdg/9.c,http://data.europa.eu/sdg/9,"[""Build resilient infrastructure, promote inclusive and sustainable industrialization and foster innovation""]"
http://data.europa.eu/sdg/9.1,9.1,"Develop quality, reliable, sustainable and resilient infrastructure, including regional and transborder infrastructure, to support economic development and human well-being, with a focus on affordable and equitable access for all",http://metadata.un.org/sdg/ontology#Target|http://www.w3.org/2004/02/skos/core#Concept,http://data.europa.eu/sdg/9,http://data.europa.eu/sdg/C090101|http://data.europa.eu/sdg/C090102,http://data.europa.eu/sdg/9,"[""Develop quality, reliable, sustainable and resilient infrastructure, including regional and transborder infrastructure, to support economic development and human well-being, with a focus on affordable and equitable access for all""]"
http://data.europa.eu/sdg/9.2,9.2,"Promote inclusive and sustainable industrialization and, by 2030, significantly raise industry’s share of employment and gross domestic product, in line with national circumstances, and double its share in least developed countries",http://metadata.un.org/sdg/ontology#Target|http://www.w3.org/2004/02/skos/core#Concept,http://data.europa.eu/sdg/9,http://data.europa.eu/sdg/C090201|http://data.europa.eu/sdg/C090202,http://data.europa.eu/sdg/9,"[""Promote inclusive and sustainable industrialization and, by 2030, significantly raise industry’s share of employment and gross domestic product, in line with national circumstances, and double its share in least developed countries""]"
http://data.europa.eu/sdg/9.3,9.3,"Increase the access of small-scale industrial and other enterprises, in particular in developing countries, to financial services, including affordable credit, and their integration into value chains and markets",http://metadata.un.org/sdg/ontology#Target|http://www.w3.org/2004/02/skos/core#Concept,http://data.europa.eu/sdg/9,http://data.europa.eu/sdg/C090301|http://data.europa.eu/sdg/C090302,http://data.europa.eu/sdg/9,"[""Increase the access of small-scale industrial and other enterprises, in particular in developing countries, to financial services, including affordable credit, and their integration into value chains and markets""]"
http://data.europa.eu/sdg/9.4,9.4,"By 2030, upgrade infrastructure and retrofit industries to make them sustainable, with increased resource-use efficiency and greater adoption of clean and environmentally sound technologies and industrial processes, with all countries taking action in accordance with their respective capabilities",http://metadata.un.org/sdg/ontology#Target|http://www.w3.org/2004/02/skos/core#Concept,http://data.europa.eu/sdg/9,http://data.europa.eu/sdg/C090401,http://data.europa.eu/sdg/9,"[""By 2030, upgrade infrastructure and retrofit industries to make them sustainable, with increased resource-use efficiency and greater adoption of clean and environmentally sound technologies and industrial processes, with all countries taking action in accordance with their respective capabilities""]"
http://data.europa.eu/sdg/9.5,9.5,"Enhance scientific research, upgrade the technological capabilities of industrial sectors in all countries, in particular developing countries, including, by 2030, encouraging innovation and substantially increasing the number of research and development workers per 1 million people and public and private research and development spending",http://metadata.un.org/sdg/ontology#Target|http://www.w3.org/2004/02/skos/core#Concept,http://data.europa.eu/sdg/9,http://data.europa.eu/sdg/C090501|http://data.europa.eu/sdg/C090502,http://data.europa.eu/sdg/9,"[""Enhance scientific research, upgrade the technological capabilities of industrial sectors in all countries, in particular developing countries, including, by 2030, encouraging innovation and substantially increasing the number of research and development workers per 1 million people and public and private research and development spending""]"
http://data.europa.eu/sdg/9.a,9.a,"Facilitate sustainable and resilient infrastructure development in developing countries through enhanced financial, technological and technical support to African countries, least developed countries, landlocked developing countries and small island developing States",http://metadata.un.org/sdg/ontology#Target|http://www.w3.org/2004/02/skos/core#Concept,http://data.europa.eu/sdg/9,http://data.europa.eu/sdg/C090a01,http://data.europa.eu/sdg/9,"[""Facilitate sustainable and resilient infrastructure development in developing countries through enhanced financial, technological and technical support to African countries, least developed countries, landlocked developing countries and small island developing States""]"
http://data.europa.eu/sdg/9.b,9.b,"Support domestic technology development, research and innovation in developing countries, including by ensuring a conducive policy environment for, inter alia, industrial diversification and value addition to commodities",http://metadata.un.org/sdg/ontology#Target|http://www.w3.org/2004/02/skos/core#Concept,http://data.europa.eu/sdg/9,http://data.europa.eu/sdg/C090b01,http://data.europa.eu/sdg/9,"[""Support domestic technology development, research and innovation in developing countries, including by ensuring a conducive policy environment for, inter alia, industrial diversification and value addition to commodities""]"
http://data.europa.eu/sdg/9.c,9.c,Significantly increase access to information and communications technology and strive to provide universal and affordable access to the Internet in least developed countries by 2020,http://metadata.un.org/sdg/ontology#Target|http://www.w3.org/2004/02/skos/core#Concept,http://data.europa.eu/sdg/9,http://data.europa.eu/sdg/C090c01,http://data.europa.eu/sdg/9,"[""Significantly increase access to information and communications technology and strive to provide universal and affordable access to the Internet in least developed countries by 2020""]"
http://data.europa.eu/sdg/AG_FPA_CFPI,AG_FPA_CFPI,Consumer Food Price Index,http://metadata.un.org/sdg/ontology#Series|http://www.w3.org/2004/02/skos/core#Concept,http://data.europa.eu/sdg/C020c01,,http://data.europa.eu/sdg/2,"[""Consumer Food Price Index""]"
http://data.europa.eu/sdg/AG_FPA_COMM,AG_FPA_COMM,"Indicator of Food Price Anomalies (IFPA), by type of product",http://metadata.un.org/sdg/ontology#Series|http://www.w3.org/2004/02/skos/core#Concept,http://data.europa.eu/sdg/C020c01,,http://data.europa.eu/sdg/2,"[""Indicator of Food Price Anomalies (IFPA), by type of product""]"
http://data.europa.eu/sdg/AG_LND_DGRD,AG_LND_DGRD,Proportion of land that is degraded over total land area (%),http://metadata.un.org/sdg/ontology#Series|http://www.w3.org/2004/02/skos/core#Concept,http://data.europa.eu/sdg/C150301,,http://data.europa.eu/sdg/15,"[""Proportion of land that is degraded over total land area (%)""]"
http://data.europa.eu/sdg/AG_LND_FRST,AG_LND_FRST,Forest area as a proportion of total land area (%),http://metadata.un.org/sdg/ontology#Series|http://www.w3.org/2004/02/skos/core#Concept,http://data.europa.eu/sdg/C150101,,http://data.europa.eu/sdg/15,"[""Forest area as a proportion of total land area (%)""]"
http://data.europa.eu/sdg/AG_LND_FRSTBIOPHA,AG_LND_FRSTBIOPHA,Above-ground biomass in forest per hectare (tonnes per hectare),http://metadata.un.org/sdg/ontology#Series|http://www.w3.org/2004/02/skos/core#Concept,http://data.europa.eu/sdg/C150201,,http://data.europa.eu/sdg/15,"[""Above-ground biomass in forest per hectare (tonnes per hectare)""]"
http://data.europa.eu/sdg/AG_LND_FRSTCERT,AG_LND_FRSTCERT,Forest area certified under an independently verified certification scheme (thousands of hectares),http://metadata.un.org/sdg/ontology#Series|http://www.w3.org/2004/02/skos/core#Concept,http://data.europa.eu/sdg/C150201,,http://data.europa.eu/sdg/15,"[""Forest area certified under an independently verified certification scheme (thousands of hectares)""]"
http://data.europa.eu/sdg/AG_LND_FRSTCHG,AG_LND_FRSTCHG,Forest area net change rate (%),http://metadata.un.org/sdg/ontology#Series|http://www.w3.org/2004/02/skos/core#Concept,http://data.europa.eu/sdg/C150201,,http://data.europa.eu/sdg/15,"[""Forest area net change rate (%)""]"
http://data.europa.eu/sdg/AG_LND_FRSTMGT,AG_LND_FRSTMGT,Proportion of forest area with a long-term management plan (%),http://metadata.un.org/sdg/ontology#Series|http://www.w3.org/2004/02/skos/core#Concept,http://data.europa.eu/sdg/C150201,,http://data.europa.eu/sdg/15,"[""Proportion of forest area with a long-term management plan (%)""]"
http://data.europa.eu/sdg/AG_LND_FRSTN,AG_LND_FRSTN,Forest area (thousands of hectares),http://metadata.un.org/sdg/ontology#Series|http://www.w3.org/2004/02/skos/core#Concept,http://data.europa.eu/sdg/C150101,,http://data.europa.eu/sdg/15,"[""Forest area (thousands of hectares)""]"
http://data.europa.eu/sdg/AG_LND_FRSTPRCT,AG_LND_FRSTPRCT,Proportion of forest area within legally established protected areas (%),http://metadata.un.org/sdg/ontology#Series|http://www.w3.org/2004/02/skos/core#Concept,http://data.europa.eu/sdg/C150201,,http://data.europa.eu/sdg/15,"[""Proportion of forest area within legally established protected areas (%)""]"
http://data.europa.eu/sdg/AG_LND_TOTL,AG_LND_TOTL,Land area (thousands of hectares),http://metadata.un.org/sdg/ontology#Series|http://www.w3.org/2004/02/skos/core#Concept,http://data.europa.eu/sdg/C150101,,http://data.europa.eu/sdg/15,"[""Land area (thousands of hectares)""]"
http://data.europa.eu/sdg/AG_PRD_AGVAS,AG_PRD_AGVAS,Agriculture value added share of GDP (%),http://metadata.un.org/sdg/ontology#Series|http://www.w3.org/2004/02/skos/core#Concept,http://data.europa.eu/sdg/C020a01,,http://data.europa.eu/sdg/2,"[""Agriculture value added share of GDP (%)""]"
http://data.europa.eu/sdg/AG_PRD_FIESSI,AG_PRD_FIESSI,Prevalence of severe food insecurity in the adult population (%),http://metadata.un.org/sdg/ontology#Series|http://www.w3.org/2004/02/skos/core#Concept,http://data.europa.eu/sdg/C020102,,http://data.europa.eu/sdg/2,"[""Prevalence of severe food insecurity in the adult population (%)""]"
http://data.europa.eu/sdg/AG_PRD_FIESSIN,AG_PRD_FIESSIN,Total population in severe food insecurity (thousands of people),http://metadata.un.org/sdg/ontology#Series|http://www.w3.org/2004/02/skos/core#Concept,http://data.europa.eu/sdg/C020102,,http://data.europa.eu/sdg/2,"[""Total population in severe food insecurity (thousands of people)""]"
http://data.europa.eu/sdg/AG_PRD_ORTIND,AG_PRD_ORTIND,Agriculture orientation index for government expenditures,http://metadata.un.org/sdg/ontology#Series|http://www.w3.org/2004/02/skos/core#Concept,http://data.europa.eu/sdg/C020a01,,http://data.europa.eu/sdg/2,"[""Agriculture orientation index for government expenditures""]"
http://data.europa.eu/sdg/AG_PRD_XSUBDY,AG_PRD_XSUBDY,Agricultural export subsidies (millions of current United States dollars),http://metadata.un.org/sdg/ontology#Series|http://www.w3.org/2004/02/skos/core#Concept,http://data.europa.eu/sdg/C020b02,,http://data.europa.eu/sdg/2,"[""Agricultural export subsidies (millions of current United States dollars)""]"
http://data.europa.eu/sdg/AG_XPD_AGSGB,AG_XPD_AGSGB,Agriculture share of Government Expenditure (%),http://metadata.un.org/sdg/ontology#Series|http://www.w3.org/2004/02/skos/core#Concept,http://data.europa.eu/sdg/C020a01,,http://data.europa.eu/sdg/2,"[""Agriculture share of Government Expenditure (%)""]"
http://data.europa.eu/sdg/BX_TRF_PWKR,BX_TRF_PWKR,Volume of remittances (in United States dollars) as a proportion of total GDP (%),http://metadata.un.org/sdg/ontology#Series|http://www.w3.org/2004/02/skos/core#Concept,http://data.europa.eu/sdg/C170302,,http://data.europa.eu/sdg/17,"[""Volume of remittances (in United States dollars) as a proportion of total GDP (%)""]"
http://data.europa.eu/sdg/C010101,C010101,"Proportion of population below the international poverty line, by sex, age, employment status and geographical location (urban/rural)",http://metadata.un.org/sdg/ontology#Indicator|http://www.w3.org/2004/02/skos/core#Concept,http://data.europa.eu/sdg/1.1,http://data.europa.eu/sdg/SI_POV_DAY1|http://data.europa.eu/sdg/SI_POV_EMP1,http://data.europa.eu/sdg/1,"[""Proportion of population below the international poverty line, by sex, age, employment status and geographical location (urban/rural)""]"
http://data.europa.eu/sdg/C010201,C010201,"Proportion of population living below the national poverty line, by sex and age",http://metadata.un.org/sdg/ontology#Indicator|http://www.w3.org/2004/02/skos/core#Concept,http://data.europa.eu/sdg/1.2,http://data.europa.eu/sdg/SI_POV_NAHC,http://data.europa.eu/sdg/1,"[""Proportion of population living below the national poverty line, by sex and age""]"
http://data.europa.eu/sdg/C010202,C010202,"Proportion of men, women and children of all ages living in poverty in all its dimensions according to national definitions",http://metadata.un.org/sdg/ontology#Indicator|http://www.w3.org/2004/02/skos/core#Concept,http://data.europa.eu/sdg/1.2,,http://data.europa.eu/sdg/1,"[""Proportion of men, women and children of all ages living in poverty in all its dimensions according to national definitions""]"
http://data.europa.eu/sdg/C010301,C010301,"Proportion of population covered by social protection floors/systems, by sex, distinguishing children, unemployed persons, older persons, persons with disabilities, pregnant women, newborns, work-injury victims and the poor and the vulnerable",http://metadata.un.org/sdg/ontology#Indicator|http://www.w3.org/2004/02/skos/core#Concept,http://data.europa.eu/sdg/1.3,http://data.europa.eu/sdg/SI_COV_BENFTS|http://data.europa.eu/sdg/SI_COV_CHLD|http://data.europa.eu/sdg/SI_COV_DISAB|http://data.europa.eu/sdg/SI_COV_LMKT|http://data.europa.eu/sdg/SI_COV_LMKTPQ|http://data.europa.eu/sdg/SI_COV_MATNL|http://data.europa.eu/sdg/SI_COV_PENSN|http://data.europa.eu/sdg/SI_COV_POOR|http://data.europa.eu/sdg/SI_COV_SOCAST|http://data.europa.eu/sdg/SI_COV_SOCASTPQ|http://data.europa.eu/sdg/SI_COV_SOCINS|http://data.europa.eu/sdg/SI_COV_SOCINSPQ|http://data.europa.eu/sdg/SI_COV_UEMP|http://data.europa.eu/sdg/SI_COV_VULN|http://data.europa.eu/sdg/SI_COV_WKINJRY,http://data.europa.eu/sdg/1,"[""Proportion of population covered by social protection floors/systems, by sex, distinguishing children, unemployed persons, older persons, persons with disabilities, pregnant women, newborns, work-injury victims and the poor and the vulnerable""]"
http://data.europa.eu/sdg/C010401,C010401,Proportion of population living in households with access to basic services,http://metadata.un.org/sdg/ontology#Indicator|http://www.w3.org/2004/02/skos/core#Concept,http://data.europa.eu/sdg/1.4,http://data.europa.eu/sdg/SP_ACS_BSRVH2O|http://data.europa.eu/sdg/SP_ACS_BSRVSAN,http://data.europa.eu/sdg/1,"[""Proportion of population living in households with access to basic services""]"
http://data.europa.eu/sdg/C010402,C010402,"Proportion of total adult population with secure tenure rights to land, (a) with legally recognized documentation, and (b) who perceive their rights to land as secure, by sex and type of tenure",http://metadata.un.org/sdg/ontology#Indicator|http://www.w3.org/2004/02/skos/core#Concept,http://data.europa.eu/sdg/1.4,,http://data.europa.eu/sdg/1,"[""Proportion of total adult population with secure tenure rights to land, (a) with legally recognized documentation, and (b) who perceive their rights to land as secure, by sex and type of tenure""]"
http://data.europa.eu/sdg/C010502,C010502,Direct economic loss attributed to disasters in relation to global gross domestic product (GDP),http://metadata.un.org/sdg/ontology#Indicator|http://www.w3.org/2004/02/skos/core#Concept,http://data.europa.eu/sdg/1.5,http://data.europa.eu/sdg/VC_DSR_AGLH|http://data.europa.eu/sdg/VC_DSR_AGLN|http://data.europa.eu/sdg/VC_DSR_CHLN|http://data.europa.eu/sdg/VC_DSR_CILN|http://data.europa.eu/sdg/VC_DSR_DDPA|http://data.europa.eu/sdg/VC_DSR_GDPLS|http://data.europa.eu/sdg/VC_DSR_HOLH|http://data.europa.eu/sdg/VC_DSR_HOLN|http://data.europa.eu/sdg/VC_DSR_LSGP,http://data.europa.eu/sdg/1,"[""Direct economic loss attributed to disasters in relation to global gross domestic product (GDP)""]"
http://data.europa.eu/sdg/C010a01,C010a01,Proportion of domestically generated resources allocated by the government directly to poverty reduction programmes,http://metadata.un.org/sdg/ontology#Indicator|http://www.w3.org/2004/02/skos/core#Concept,http://data.europa.eu/sdg/1.a,,http://data.europa.eu/sdg/1,"[""Proportion of domestically generated resources allocated by the government directly to poverty reduction programmes""]"
http://data.europa.eu/sdg/C010a02,C010a02,"Proportion of total government spending on essential services (education, health and social protection)",http://metadata.un.org/sdg/ontology#Indicator|http://www.w3.org/2004/02/skos/core#Concept,http://data.europa.eu/sdg/1.a,http://data.europa.eu/sdg/SD_XPD_ESED,http://data.europa.eu/sdg/1,"[""Proportion of total government spending on essential services (education, health and social protection)""]"
http://data.europa.eu/sdg/C010a03,C010a03,Sum of total grants and non-debt-creating inflows directly allocated to poverty reduction programmes as a proportion of GDP,http://metadata.un.org/sdg/ontology#Indicator|http://www.w3.org/2004/02/skos/core#Concept,http://data.europa.eu/sdg/1.a,,http://data.europa.eu/sdg/1,"[""Sum of total grants and non-debt-creating inflows directly allocated to poverty reduction programmes as a proportion of GDP""]"
http://data.europa.eu/sdg/C010b01,C010b01,"Proportion of government recurrent and capital spending to sectors that disproportionately benefit women, the poor and vulnerable groups",http://metadata.un.org/sdg/ontology#Indicator|http://www.w3.org/2004/02/skos/core#Concept,http://data.europa.eu/sdg/1.b,,http://data.europa.eu/sdg/1,"[""Proportion of government recurrent and capital spending to sectors that disproportionately benefit women, the poor and vulnerable groups""]"
http://data.europa.eu/sdg/C020101,C020101,Prevalence of undernourishment,http://metadata.un.org/sdg/ontology#Indicator|http://www.w3.org/2004/02/skos/core#Concept,http://data.europa.eu/sdg/2.1,http://data.europa.eu/sdg/SN_ITK_DEFC|http://data.europa.eu/sdg/SN_ITK_DEFCN,http://data.europa.eu/sdg/2,"[""Prevalence of undernourishment""]"
http://data.europa.eu/sdg/C020102,C020102,"Prevalence of moderate or severe food insecurity in the population, based on the Food Insecurity Experience Scale (FIES)",http://metadata.un.org/sdg/ontology#Indicator|http://www.w3.org/2004/02/skos/core#Concept,http://data.europa.eu/sdg/2.1,http://data.europa.eu/sdg/AG_PRD_FIESSI|http://data.europa.eu/sdg/AG_PRD_FIESSIN,http://data.europa.eu/sdg/2,"[""Prevalence of moderate or severe food insecurity in the population, based on the Food Insecurity Experience Scale (FIES)""]"
http://data.europa.eu/sdg/C020201,C020201,Prevalence of stunting (height for age <-2 standard deviation from the median of the World Health Organization (WHO) Child Growth Standards) among children under 5 years of age,http://metadata.un.org/sdg/ontology#Indicator|http://www.w3.org/2004/02/skos/core#Concept,http://data.europa.eu/sdg/2.2,http://data.europa.eu/sdg/SH_STA_STUNT|http://data.europa.eu/sdg/SH_STA_STUNTN,http://data.europa.eu/sdg/2,"[""Prevalence of stunting (height for age <-2 standard deviation from the median of the World Health Organization (WHO) Child Growth Standards) among children under 5 years of age""]"
http://data.europa.eu/sdg/C020202,C020202,"Prevalence of malnutrition (weight for height >+2 or <-2 standard deviation from the median of the WHO Child Growth Standards) among children under 5 years of age, by type (wasting and overweight)",http://metadata.un.org/sdg/ontology#Indicator|http://www.w3.org/2004/02/skos/core#Concept,http://data.europa.eu/sdg/2.2,http://data.europa.eu/sdg/SH_STA_OVRWGT|http://data.europa.eu/sdg/SH_STA_OVRWGTN|http://data.europa.eu/sdg/SH_STA_WASTE|http://data.europa.eu/sdg/SH_STA_WASTEN,http://data.europa.eu/sdg/2,"[""Prevalence of malnutrition (weight for height >+2 or <-2 standard deviation from the median of the WHO Child Growth Standards) among children under 5 years of age, by type (wasting and overweight)""]"
http://data.europa.eu/sdg/C020301,C020301,Volume of production per labour unit by classes of farming/pastoral/forestry enterprise size,http://metadata.un.org/sdg/ontology#Indicator|http://www.w3.org/2004/02/skos/core#Concept,http://data.europa.eu/sdg/2.3,http://data.europa.eu/sdg/PD_AGR_SSFP,http://data.europa.eu/sdg/2,"[""Volume of production per labour unit by classes of farming/pastoral/forestry enterprise size""]"
http://data.europa.eu/sdg/C020302,C020302,"Average income of small-scale food producers, by sex and indigenous status",http://metadata.un.org/sdg/ontology#Indicator|http://www.w3.org/2004/02/skos/core#Concept,http://data.europa.eu/sdg/2.3,http://data.europa.eu/sdg/SI_AGR_SSFP,http://data.europa.eu/sdg/2,"[""Average income of small-scale food producers, by sex and indigenous status""]"
http://data.europa.eu/sdg/C020401,C020401,Proportion of agricultural area under productive and sustainable agriculture,http://metadata.un.org/sdg/ontology#Indicator|http://www.w3.org/2004/02/skos/core#Concept,http://data.europa.eu/sdg/2.4,,http://data.europa.eu/sdg/2,"[""Proportion of agricultural area under productive and sustainable agriculture""]"
http://data.europa.eu/sdg/C020501,C020501,Number of plant and animal genetic resources for food and agriculture secured in either medium- or long-term conservation facilities,http://metadata.un.org/sdg/ontology#Indicator|http://www.w3.org/2004/02/skos/core#Concept,http://data.europa.eu/sdg/2.5,http://data.europa.eu/sdg/ER_GRF_ANIMRCNT|http://data.europa.eu/sdg/ER_GRF_PLNTSTOR,http://data.europa.eu/sdg/2,"[""Number of plant and animal genetic resources for food and agriculture secured in either medium- or long-term conservation facilities""]"
http://data.europa.eu/sdg/C020502,C020502,"Proportion of local breeds classified as being at risk, not at risk or at unknown level of risk of extinction",http://metadata.un.org/sdg/ontology#Indicator|http://www.w3.org/2004/02/skos/core#Concept,http://data.europa.eu/sdg/2.5,http://data.europa.eu/sdg/ER_RSK_LBREDS,http://data.europa.eu/sdg/2,"[""Proportion of local breeds classified as being at risk, not at risk or at unknown level of risk of extinction""]"
http://data.europa.eu/sdg/C020a01,C020a01,The agriculture orientation index for government expenditures,http://metadata.un.org/sdg/ontology#Indicator|http://www.w3.org/2004/02/skos/core#Concept,http://data.europa.eu/sdg/2.a,http://data.europa.eu/sdg/AG_PRD_AGVAS|http://data.europa.eu/sdg/AG_PRD_ORTIND|http://data.europa.eu/sdg/AG_XPD_AGSGB,http://data.europa.eu/sdg/2,"[""The agriculture orientation index for government expenditures""]"
http://data.europa.eu/sdg/C020a02,C020a02,Total official flows (official development assistance plus other official flows) to the agriculture sector,http://metadata.un.org/sdg/ontology#Indicator|http://www.w3.org/2004/02/skos/core#Concept,http://data.europa.eu/sdg/2.a,http://data.europa.eu/sdg/DC_TOF_AGRL,http://data.europa.eu/sdg/2,"[""Total official flows (official development assistance plus other official flows) to the agriculture sector""]"
http://data.europa.eu/sdg/C020b02,C020b02,Agricultural export subsidies,http://metadata.un.org/sdg/ontology#Indicator|http://www.w3.org/2004/02/skos/core#Concept,http://data.europa.eu/sdg/2.b,http://data.europa.eu/sdg/AG_PRD_XSUBDY,http://data.europa.eu/sdg/2,"[""Agricultural export subsidies""]"
http://data.europa.eu/sdg/C020c01,C020c01,Indicator of food price anomalies,http://metadata.un.org/sdg/ontology#Indicator|http://www.w3.org/2004/02/skos/core#Concept,http://data.europa.eu/sdg/2.c,http://data.europa.eu/sdg/AG_FPA_CFPI|http://data.europa.eu/sdg/AG_FPA_COMM,http://data.europa.eu/sdg/2,"[""Indicator of food price anomalies""]"
http://data.europa.eu/sdg/C030101,C030101,Maternal mortality ratio,http://metadata.un.org/sdg/ontology#Indicator|http://www.w3.org/2004/02/skos/core#Concept,http://data.europa.eu/sdg/3.1,http://data.europa.eu/sdg/SH_STA_MMR,http://data.europa.eu/sdg/3,"[""Maternal mortality ratio""]"
http://data.europa.eu/sdg/C030102,C030102,Proportion of births attended by skilled health personnel,http://metadata.un.org/sdg/ontology#Indicator|http://www.w3.org/2004/02/skos/core#Concept,http://data.europa.eu/sdg/3.1,http://data.europa.eu/sdg/SH_STA_BRTC,http://data.europa.eu/sdg/3,"[""Proportion of births attended by skilled health personnel""]"
http://data.europa.eu/sdg/C030201,C030201,Under‑5 mortality rate,http://metadata.un.org/sdg/ontology#Indicator|http://www.w3.org/2004/02/skos/core#Concept,http://data.europa.eu/sdg/3.2,http://data.europa.eu/sdg/SH_DYN_IMRT|http://data.europa.eu/sdg/SH_DYN_IMRTN|http://data.europa.eu/sdg/SH_DYN_MORT|http://data.europa.eu/sdg/SH_DYN_MORTN,http://data.europa.eu/sdg/3,"[""Under‑5 mortality rate""]"
http://data.europa.eu/sdg/C030202,C030202,Neonatal mortality rate,http://metadata.un.org/sdg/ontology#Indicator|http://www.w3.org/2004/02/skos/core#Concept,http://data.europa.eu/sdg/3.2,http://data.europa.eu/sdg/SH_DYN_NMRT|http://data.europa.eu/sdg/SH_DYN_NMRTN,http://data.europa.eu/sdg/3,"[""Neonatal mortality rate""]"
http://data.europa.eu/sdg/C030301,C030301,"Number of new HIV infections per 1,000 uninfected population, by sex, age and key populations",http://metadata.un.org/sdg/ontology#Indicator|http://www.w3.org/2004/02/skos/core#Concept,http://data.europa.eu/sdg/3.3,http://data.europa.eu/sdg/SH_HIV_INCD,http://data.europa.eu/sdg/3,"[""Number of new HIV infections per 1,000 uninfected population, by sex, age and key populations""]"
http://data.europa.eu/sdg/C030302,C030302,"Tuberculosis incidence per 100,000 population",http://metadata.un.org/sdg/ontology#Indicator|http://www.w3.org/2004/02/skos/core#Concept,http://data.europa.eu/sdg/3.3,http://data.europa.eu/sdg/SH_TBS_INCID,http://data.europa.eu/sdg/3,"[""Tuberculosis incidence per 100,000 population""]"
http://data.europa.eu/sdg/C030303,C030303,"Malaria incidence per 1,000 population",http://metadata.un.org/sdg/ontology#Indicator|http://www.w3.org/2004/02/skos/core#Concept,http://data.europa.eu/sdg/3.3,http://data.europa.eu/sdg/SH_STA_MALR,http://data.europa.eu/sdg/3,"[""Malaria incidence per 1,000 population""]"
http://data.europa.eu/sdg/C030304,C030304,"Hepatitis B incidence per 100,000 population",http://metadata.un.org/sdg/ontology#Indicator|http://www.w3.org/2004/02/skos/core#Concept,http://data.europa.eu/sdg/3.3,http://data.europa.eu/sdg/SH_HAP_HBSAG,http://data.europa.eu/sdg/3,"[""Hepatitis B incidence per 100,000 population""]"
http://data.europa.eu/sdg/C030305,C030305,Number of people requiring interventions against neglected tropical diseases,http://metadata.un.org/sdg/ontology#Indicator|http://www.w3.org/2004/02/skos/core#Concept,http://data.europa.eu/sdg/3.3,http://data.europa.eu/sdg/SH_TRP_INTVN,http://data.europa.eu/sdg/3,"[""Number of people requiring interventions against neglected tropical diseases""]"
http://data.europa.eu/sdg/C030401,C030401,"Mortality rate attributed to cardiovascular disease, cancer, diabetes or chronic respiratory disease",http://metadata.un.org/sdg/ontology#Indicator|http://www.w3.org/2004/02/skos/core#Concept,http://data.europa.eu/sdg/3.4,http://data.europa.eu/sdg/SH_DTH_NCOM|http://data.europa.eu/sdg/SH_DTH_RNCOM,http://data.europa.eu/sdg/3,"[""Mortality rate attributed to cardiovascular disease, cancer, diabetes or chronic respiratory disease""]"
http://data.europa.eu/sdg/C030402,C030402,Suicide mortality rate,http://metadata.un.org/sdg/ontology#Indicator|http://www.w3.org/2004/02/skos/core#Concept,http://data.europa.eu/sdg/3.4,http://data.europa.eu/sdg/SH_STA_SCIDE|http://data.europa.eu/sdg/SH_STA_SCIDEN,http://data.europa.eu/sdg/3,"[""Suicide mortality rate""]"
http://data.europa.eu/sdg/C030501,C030501,"Coverage of treatment interventions (pharmacological, psychosocial and rehabilitation and aftercare services) for substance use disorders",http://metadata.un.org/sdg/ontology#Indicator|http://www.w3.org/2004/02/skos/core#Concept,http://data.europa.eu/sdg/3.5,,http://data.europa.eu/sdg/3,"[""Coverage of treatment interventions (pharmacological, psychosocial and rehabilitation and aftercare services) for substance use disorders""]"
http://data.europa.eu/sdg/C030502,C030502,"Harmful use of alcohol, defined according to the national context as alcohol per capita consumption (aged 15 years and older) within a calendar year in litres of pure alcohol",http://metadata.un.org/sdg/ontology#Indicator|http://www.w3.org/2004/02/skos/core#Concept,http://data.europa.eu/sdg/3.5,http://data.europa.eu/sdg/SH_ALC_CONSPT,http://data.europa.eu/sdg/3,"[""Harmful use of alcohol, defined according to the national context as alcohol per capita consumption (aged 15 years and older) within a calendar year in litres of pure alcohol""]"
http://data.europa.eu/sdg/C030601,C030601,Death rate due to road traffic injuries,http://metadata.un.org/sdg/ontology#Indicator|http://www.w3.org/2004/02/skos/core#Concept,http://data.europa.eu/sdg/3.6,http://data.europa.eu/sdg/SH_STA_TRAF,http://data.europa.eu/sdg/3,"[""Death rate due to road traffic injuries""]"
http://data.europa.eu/sdg/C030701,C030701,Proportion of women of reproductive age (aged 15–49 years) who have their need for family planning satisfied with modern methods,http://metadata.un.org/sdg/ontology#Indicator|http://www.w3.org/2004/02/skos/core#Concept,http://data.europa.eu/sdg/3.7,http://data.europa.eu/sdg/SH_FPL_MTMM,http://data.europa.eu/sdg/3,"[""Proportion of women of reproductive age (aged 15–49 years) who have their need for family planning satisfied with modern methods""]"
http://data.europa.eu/sdg/C030702,C030702,"Adolescent birth rate (aged 10–14 years; aged 15–19 years) per 1,000 women in that age group",http://metadata.un.org/sdg/ontology#Indicator|http://www.w3.org/2004/02/skos/core#Concept,http://data.europa.eu/sdg/3.7,http://data.europa.eu/sdg/SP_DYN_ADKL,http://data.europa.eu/sdg/3,"[""Adolescent birth rate (aged 10–14 years; aged 15–19 years) per 1,000 women in that age group""]"
http://data.europa.eu/sdg/C030801,C030801,"Coverage of essential health services (defined as the average coverage of essential services based on tracer interventions that include reproductive, maternal, newborn and child health, infectious diseases, non-communicable diseases and service capacity and access, among the general and the most disadvantaged population)",http://metadata.un.org/sdg/ontology#Indicator|http://www.w3.org/2004/02/skos/core#Concept,http://data.europa.eu/sdg/3.8,http://data.europa.eu/sdg/SH_ACS_UNHC,http://data.europa.eu/sdg/3,"[""Coverage of essential health services (defined as the average coverage of essential services based on tracer interventions that include reproductive, maternal, newborn and child health, infectious diseases, non-communicable diseases and service capacity and access, among the general and the most disadvantaged population)""]"
http://data.europa.eu/sdg/C030802,C030802,Proportion of population with large household expenditures on health as a share of total household expenditure or income,http://metadata.un.org/sdg/ontology#Indicator|http://www.w3.org/2004/02/skos/core#Concept,http://data.europa.eu/sdg/3.8,http://data.europa.eu/sdg/SH_XPD_EARN10|http://data.europa.eu/sdg/SH_XPD_EARN25,http://data.europa.eu/sdg/3,"[""Proportion of population with large household expenditures on health as a share of total household expenditure or income""]"
http://data.europa.eu/sdg/C030901,C030901,Mortality rate attributed to household and ambient air pollution,http://metadata.un.org/sdg/ontology#Indicator|http://www.w3.org/2004/02/skos/core#Concept,http://data.europa.eu/sdg/3.9,http://data.europa.eu/sdg/SH_AAP_ASMORT|http://data.europa.eu/sdg/SH_AAP_MORT|http://data.europa.eu/sdg/SH_HAP_ASMORT|http://data.europa.eu/sdg/SH_HAP_MORT|http://data.europa.eu/sdg/SH_STA_AIRP|http://data.europa.eu/sdg/SH_STA_ASAIRP,http://data.europa.eu/sdg/3,"[""Mortality rate attributed to household and ambient air pollution""]"
http://data.europa.eu/sdg/C030902,C030902,"Mortality rate attributed to unsafe water, unsafe sanitation and lack of hygiene (exposure to unsafe Water, Sanitation and Hygiene for All (WASH) services)",http://metadata.un.org/sdg/ontology#Indicator|http://www.w3.org/2004/02/skos/core#Concept,http://data.europa.eu/sdg/3.9,http://data.europa.eu/sdg/SH_STA_WASH,http://data.europa.eu/sdg/3,"[""Mortality rate attributed to unsafe water, unsafe sanitation and lack of hygiene (exposure to unsafe Water, Sanitation and Hygiene for All (WASH) services)""]"
http://data.europa.eu/sdg/C030903,C030903,Mortality rate attributed to unintentional poisoning,http://metadata.un.org/sdg/ontology#Indicator|http://www.w3.org/2004/02/skos/core#Concept,http://data.europa.eu/sdg/3.9,http://data.europa.eu/sdg/SH_STA_POISN,http://data.europa.eu/sdg/3,"[""Mortality rate attributed to unintentional poisoning""]"
http://data.europa.eu/sdg/C030a01,C030a01,Age-standardized prevalence of current tobacco use among persons aged 15 years and older,http://metadata.un.org/sdg/ontology#Indicator|http://www.w3.org/2004/02/skos/core#Concept,http://data.europa.eu/sdg/3.a,http://data.europa.eu/sdg/SH_PRV_SMOK,http://data.europa.eu/sdg/3,"[""Age-standardized prevalence of current tobacco use among persons aged 15 years and older""]"
http://data.europa.eu/sdg/C030b01,C030b01,Proportion of the target population covered by all vaccines included in their national programme,http://metadata.un.org/sdg/ontology#Indicator|http://www.w3.org/2004/02/skos/core#Concept,http://data.europa.eu/sdg/3.b,http://data.europa.eu/sdg/SH_ACS_DTP3|http://data.europa.eu/sdg/SH_ACS_MCV2|http://data.europa.eu/sdg/SH_ACS_PCV3,http://data.europa.eu/sdg/3,"[""Proportion of the target population covered by all vaccines included in their national programme""]"
http://data.europa.eu/sdg/C030b02,C030b02,Total net official development assistance to medical research and basic health sectors,http://metadata.un.org/sdg/ontology#Indicator|http://www.w3.org/2004/02/skos/core#Concept,http://data.europa.eu/sdg/3.b,http://data.europa.eu/sdg/DC_TOF_HLTHL|http://data.europa.eu/sdg/DC_TOF_HLTHNT,http://data.europa.eu/sdg/3,"[""Total net official development assistance to medical research and basic health sectors""]"
http://data.europa.eu/sdg/C030b03,C030b03,Proportion of health facilities that have a core set of relevant essential medicines available and affordable on a sustainable basis,http://metadata.un.org/sdg/ontology#Indicator|http://www.w3.org/2004/02/skos/core#Concept,http://data.europa.eu/sdg/3.b,,http://data.europa.eu/sdg/3,"[""Proportion of health facilities that have a core set of relevant essential medicines available and affordable on a sustainable basis""]"
http://data.europa.eu/sdg/C030c01,C030c01,Health worker density and distribution,http://metadata.un.org/sdg/ontology#Indicator|http://www.w3.org/2004/02/skos/core#Concept,http://data.europa.eu/sdg/3.c,http://data.europa.eu/sdg/SH_MED_HEAWOR,http://data.europa.eu/sdg/3,"[""Health worker density and distribution""]"
http://data.europa.eu/sdg/C030d01,C030d01,International Health Regulations (IHR) capacity and health emergency preparedness,http://metadata.un.org/sdg/ontology#Indicator|http://www.w3.org/2004/02/skos/core#Concept,http://data.europa.eu/sdg/3.d,http://data.europa.eu/sdg/SH_IHR_CAPS,http://data.europa.eu/sdg/3,"[""International Health Regulations (IHR) capacity and health emergency preparedness""]"
http://data.europa.eu/sdg/C040101,C040101,"Proportion of children and young people (a) in grades 2/3; (b) at the end of primary; and (c) at the end of lower secondary achieving at least a minimum proficiency level in (i) reading and (ii) mathematics, by sex",http://metadata.un.org/sdg/ontology#Indicator|http://www.w3.org/2004/02/skos/core#Concept,http://data.europa.eu/sdg/4.1,http://data.europa.eu/sdg/SE_MAT_PROF|http://data.europa.eu/sdg/SE_REA_PROF,http://data.europa.eu/sdg/4,"[""Proportion of children and young people (a) in grades 2/3; (b) at the end of primary; and (c) at the end of lower secondary achieving at least a minimum proficiency level in (i) reading and (ii) mathematics, by sex""]"
http://data.europa.eu/sdg/C040201,C040201,"Proportion of children under 5 years of age who are developmentally on track in health, learning and psychosocial well-being, by sex",http://metadata.un.org/sdg/ontology#Indicator|http://www.w3.org/2004/02/skos/core#Concept,http://data.europa.eu/sdg/4.2,http://data.europa.eu/sdg/SE_DEV_ONTRK,http://data.europa.eu/sdg/4,"[""Proportion of children under 5 years of age who are developmentally on track in health, learning and psychosocial well-being, by sex""]"
http://data.europa.eu/sdg/C040202,C040202,"Participation rate in organized learning (one year before the official primary entry age), by sex",http://metadata.un.org/sdg/ontology#Indicator|http://www.w3.org/2004/02/skos/core#Concept,http://data.europa.eu/sdg/4.2,http://data.europa.eu/sdg/SE_PRE_PARTN,http://data.europa.eu/sdg/4,"[""Participation rate in organized learning (one year before the official primary entry age), by sex""]"
http://data.europa.eu/sdg/C040301,C040301,"Participation rate of youth and adults in formal and non-formal education and training in the previous 12 months, by sex",http://metadata.un.org/sdg/ontology#Indicator|http://www.w3.org/2004/02/skos/core#Concept,http://data.europa.eu/sdg/4.3,http://data.europa.eu/sdg/SE_ADT_EDUCTRN,http://data.europa.eu/sdg/4,"[""Participation rate of youth and adults in formal and non-formal education and training in the previous 12 months, by sex""]"
http://data.europa.eu/sdg/C040401,C040401,"Proportion of youth and adults with information and communications technology (ICT) skills, by type of skill",http://metadata.un.org/sdg/ontology#Indicator|http://www.w3.org/2004/02/skos/core#Concept,http://data.europa.eu/sdg/4.4,http://data.europa.eu/sdg/SE_ADT_ACTS,http://data.europa.eu/sdg/4,"[""Proportion of youth and adults with information and communications technology (ICT) skills, by type of skill""]"
http://data.europa.eu/sdg/C040501,C040501,"Parity indices (female/male, rural/urban, bottom/top wealth quintile and others such as disability status, indigenous peoples and conflict-affected, as data become available) for all education indicators on this list that can be disaggregated",http://metadata.un.org/sdg/ontology#Indicator|http://www.w3.org/2004/02/skos/core#Concept,http://data.europa.eu/sdg/4.5,http://data.europa.eu/sdg/SE_GPI_FUNPROF|http://data.europa.eu/sdg/SE_GPI_ICTS|http://data.europa.eu/sdg/SE_GPI_MATACH|http://data.europa.eu/sdg/SE_GPI_PART|http://data.europa.eu/sdg/SE_GPI_REAACH|http://data.europa.eu/sdg/SE_GPI_TRATEA|http://data.europa.eu/sdg/SE_IMP_FPOF|http://data.europa.eu/sdg/SE_LGP_ACHIMA|http://data.europa.eu/sdg/SE_LGP_ACHIRE|http://data.europa.eu/sdg/SE_NAP_ACHIMA|http://data.europa.eu/sdg/SE_NAP_ACHIRE|http://data.europa.eu/sdg/SE_PRE_GPIPARTN|http://data.europa.eu/sdg/SE_SEP_FUNPROF|http://data.europa.eu/sdg/SE_SEP_MATACH|http://data.europa.eu/sdg/SE_SEP_REAACH|http://data.europa.eu/sdg/SE_URP_MATACH|http://data.europa.eu/sdg/SE_URP_REAACH,http://data.europa.eu/sdg/4,"[""Parity indices (female/male, rural/urban, bottom/top wealth quintile and others such as disability status, indigenous peoples and conflict-affected, as data become available) for all education indicators on this list that can be disaggregated""]"
http://data.europa.eu/sdg/C040601,C040601,"Proportion of population in a given age group achieving at least a fixed level of proficiency in functional (a) literacy and (b) numeracy skills, by sex",http://metadata.un.org/sdg/ontology#Indicator|http://www.w3.org/2004/02/skos/core#Concept,http://data.europa.eu/sdg/4.6,http://data.europa.eu/sdg/SE_ADT_FUNS,http://data.europa.eu/sdg/4,"[""Proportion of population in a given age group achieving at least a fixed level of proficiency in functional (a) literacy and (b) numeracy skills, by sex""]"
http://data.europa.eu/sdg/C040701,C040701,"Extent to which (i) global citizenship education and (ii) education for sustainable development, including gender equality and human rights, are mainstreamed at all levels in (a) national education policies; (b) curricula; (c) teacher education; and (d) student assessment",http://metadata.un.org/sdg/ontology#Indicator|http://www.w3.org/2004/02/skos/core#Concept,http://data.europa.eu/sdg/4.7,,http://data.europa.eu/sdg/4,"[""Extent to which (i) global citizenship education and (ii) education for sustainable development, including gender equality and human rights, are mainstreamed at all levels in (a) national education policies; (b) curricula; (c) teacher education; and (d) student assessment""]"
http://data.europa.eu/sdg/C040a01,C040a01,Proportion of schools with access to (a) electricity; (b) the Internet for pedagogical purposes; (c) computers for pedagogical purposes; (d) adapted infrastructure and materials for students with disabilities; (e) basic drinking water; (f) single-sex basic sanitation facilities; and (g) basic handwashing facilities (as per the WASH indicator definitions),http://metadata.un.org/sdg/ontology#Indicator|http://www.w3.org/2004/02/skos/core#Concept,http://data.europa.eu/sdg/4.a,http://data.europa.eu/sdg/SE_ACC_COMP|http://data.europa.eu/sdg/SE_ACC_DWAT|http://data.europa.eu/sdg/SE_ACC_ELEC|http://data.europa.eu/sdg/SE_ACC_HNWA|http://data.europa.eu/sdg/SE_ACC_INTN|http://data.europa.eu/sdg/SE_ACC_SANI|http://data.europa.eu/sdg/SE_INF_DSBL,http://data.europa.eu/sdg/4,"[""Proportion of schools with access to (a) electricity; (b) the Internet for pedagogical purposes; (c) computers for pedagogical purposes; (d) adapted infrastructure and materials for students with disabilities; (e) basic drinking water; (f) single-sex basic sanitation facilities; and (g) basic handwashing facilities (as per the WASH indicator definitions)""]"
http://data.europa.eu/sdg/C040b01,C040b01,Volume of official development assistance flows for scholarships by sector and type of study,http://metadata.un.org/sdg/ontology#Indicator|http://www.w3.org/2004/02/skos/core#Concept,http://data.europa.eu/sdg/4.b,http://data.europa.eu/sdg/DC_TOF_SCHIPSL,http://data.europa.eu/sdg/4,"[""Volume of official development assistance flows for scholarships by sector and type of study""]"
http://data.europa.eu/sdg/C040c01,C040c01,Proportion of teachers in: (a) pre-primary; (b) primary; (c) lower secondary; and (d) upper secondary education who have received at least the minimum organized teacher training (e.g. pedagogical training) pre-service or in-service required for teaching at the relevant level in a given country,http://metadata.un.org/sdg/ontology#Indicator|http://www.w3.org/2004/02/skos/core#Concept,http://data.europa.eu/sdg/4.c,http://data.europa.eu/sdg/SE_TRA_GRDL,http://data.europa.eu/sdg/4,"[""Proportion of teachers in: (a) pre-primary; (b) primary; (c) lower secondary; and (d) upper secondary education who have received at least the minimum organized teacher training (e.g. pedagogical training) pre-service or in-service required for teaching at the relevant level in a given country""]"
http://data.europa.eu/sdg/C050101,C050101,"Whether or not legal frameworks are in place to promote, enforce and monitor equality and non‑discrimination on the basis of sex",http://metadata.un.org/sdg/ontology#Indicator|http://www.w3.org/2004/02/skos/core#Concept,http://data.europa.eu/sdg/5.1,http://data.europa.eu/sdg/SG_LGL_GENEQEMP|http://data.europa.eu/sdg/SG_LGL_GENEQLFP|http://data.europa.eu/sdg/SG_LGL_GENEQMAR|http://data.europa.eu/sdg/SG_LGL_GENEQVAW,http://data.europa.eu/sdg/5,"[""Whether or not legal frameworks are in place to promote, enforce and monitor equality and non‑discrimination on the basis of sex""]"
http://data.europa.eu/sdg/C050201,C050201,"Proportion of ever-partnered women and girls aged 15 years and older subjected to physical, sexual or psychological violence by a current or former intimate partner in the previous 12 months, by form of violence and by age",http://metadata.un.org/sdg/ontology#Indicator|http://www.w3.org/2004/02/skos/core#Concept,http://data.europa.eu/sdg/5.2,http://data.europa.eu/sdg/VC_VAW_MARR,http://data.europa.eu/sdg/5,"[""Proportion of ever-partnered women and girls aged 15 years and older subjected to physical, sexual or psychological violence by a current or former intimate partner in the previous 12 months, by form of violence and by age""]"
http://data.europa.eu/sdg/C050202,C050202,"Proportion of women and girls aged 15 years and older subjected to sexual violence by persons other than an intimate partner in the previous 12 months, by age and place of occurrence",http://metadata.un.org/sdg/ontology#Indicator|http://www.w3.org/2004/02/skos/core#Concept,http://data.europa.eu/sdg/5.2,,http://data.europa.eu/sdg/5,"[""Proportion of women and girls aged 15 years and older subjected to sexual violence by persons other than an intimate partner in the previous 12 months, by age and place of occurrence""]"
http://data.europa.eu/sdg/C050301,C050301,Proportion of women aged 20–24 years who were married or in a union before age 15 and before age 18,http://metadata.un.org/sdg/ontology#Indicator|http://www.w3.org/2004/02/skos/core#Concept,http://data.europa.eu/sdg/5.3,http://data.europa.eu/sdg/SP_DYN_MRBF15|http://data.europa.eu/sdg/SP_DYN_MRBF18,http://data.europa.eu/sdg/5,"[""Proportion of women aged 20–24 years who were married or in a union before age 15 and before age 18""]"
http://data.europa.eu/sdg/C050302,C050302,"Proportion of girls and women aged 15–49 years who have undergone female genital mutilation/cutting, by age",http://metadata.un.org/sdg/ontology#Indicator|http://www.w3.org/2004/02/skos/core#Concept,http://data.europa.eu/sdg/5.3,http://data.europa.eu/sdg/SH_STA_FGMS,http://data.europa.eu/sdg/5,"[""Proportion of girls and women aged 15–49 years who have undergone female genital mutilation/cutting, by age""]"
http://data.europa.eu/sdg/C050401,C050401,"Proportion of time spent on unpaid domestic and care work, by sex, age and location",http://metadata.un.org/sdg/ontology#Indicator|http://www.w3.org/2004/02/skos/core#Concept,http://data.europa.eu/sdg/5.4,http://data.europa.eu/sdg/SL_DOM_TSPD|http://data.europa.eu/sdg/SL_DOM_TSPDCW|http://data.europa.eu/sdg/SL_DOM_TSPDDC,http://data.europa.eu/sdg/5,"[""Proportion of time spent on unpaid domestic and care work, by sex, age and location""]"
http://data.europa.eu/sdg/C050501,C050501,Proportion of seats held by women in (a) national parliaments and (b) local governments,http://metadata.un.org/sdg/ontology#Indicator|http://www.w3.org/2004/02/skos/core#Concept,http://data.europa.eu/sdg/5.5,http://data.europa.eu/sdg/SG_GEN_LOCGELS|http://data.europa.eu/sdg/SG_GEN_PARL|http://data.europa.eu/sdg/SG_GEN_PARLN|http://data.europa.eu/sdg/SG_GEN_PARLNT,http://data.europa.eu/sdg/5,"[""Proportion of seats held by women in (a) national parliaments and (b) local governments""]"
http://data.europa.eu/sdg/C050502,C050502,Proportion of women in managerial positions,http://metadata.un.org/sdg/ontology#Indicator|http://www.w3.org/2004/02/skos/core#Concept,http://data.europa.eu/sdg/5.5,http://data.europa.eu/sdg/IC_GEN_MGTL|http://data.europa.eu/sdg/IC_GEN_MGTN,http://data.europa.eu/sdg/5,"[""Proportion of women in managerial positions""]"
http://data.europa.eu/sdg/C050601,C050601,"Proportion of women aged 15–49 years who make their own informed decisions regarding sexual relations, contraceptive use and reproductive health care",http://metadata.un.org/sdg/ontology#Indicator|http://www.w3.org/2004/02/skos/core#Concept,http://data.europa.eu/sdg/5.6,http://data.europa.eu/sdg/SH_FPL_INFM|http://data.europa.eu/sdg/SH_FPL_INFMCU|http://data.europa.eu/sdg/SH_FPL_INFMRH|http://data.europa.eu/sdg/SH_FPL_INFMSR,http://data.europa.eu/sdg/5,"[""Proportion of women aged 15–49 years who make their own informed decisions regarding sexual relations, contraceptive use and reproductive health care""]"
http://data.europa.eu/sdg/C050602,C050602,"Number of countries with laws and regulations that guarantee full and equal access to women and men aged 15 years and older to sexual and reproductive health care, information and education",http://metadata.un.org/sdg/ontology#Indicator|http://www.w3.org/2004/02/skos/core#Concept,http://data.europa.eu/sdg/5.6,,http://data.europa.eu/sdg/5,"[""Number of countries with laws and regulations that guarantee full and equal access to women and men aged 15 years and older to sexual and reproductive health care, information and education""]"
http://data.europa.eu/sdg/C050a01,C050a01,"(a) Proportion of total agricultural population with ownership or secure rights over agricultural land, by sex; and (b) share of women among owners or rights-bearers of agricultural land, by type of tenure",http://metadata.un.org/sdg/ontology#Indicator|http://www.w3.org/2004/02/skos/core#Concept,http://data.europa.eu/sdg/5.a,,http://data.europa.eu/sdg/5,"[""(a) Proportion of total agricultural population with ownership or secure rights over agricultural land, by sex; and (b) share of women among owners or rights-bearers of agricultural land, by type of tenure""]"
http://data.europa.eu/sdg/C050a02,C050a02,Proportion of countries where the legal framework (including customary law) guarantees women’s equal rights to land ownership and/or control,http://metadata.un.org/sdg/ontology#Indicator|http://www.w3.org/2004/02/skos/core#Concept,http://data.europa.eu/sdg/5.a,,http://data.europa.eu/sdg/5,"[""Proportion of countries where the legal framework (including customary law) guarantees women’s equal rights to land ownership and/or control""]"
http://data.europa.eu/sdg/C050b01,C050b01,"Proportion of individuals who own a mobile telephone, by sex",http://metadata.un.org/sdg/ontology#Indicator|http://www.w3.org/2004/02/skos/core#Concept,http://data.europa.eu/sdg/5.b,http://data.europa.eu/sdg/IT_MOB_OWN,http://data.europa.eu/sdg/5,"[""Proportion of individuals who own a mobile telephone, by sex""]"
http://data.europa.eu/sdg/C050c01,C050c01,Proportion of countries with systems to track and make public allocations for gender equality and women’s empowerment,http://metadata.un.org/sdg/ontology#Indicator|http://www.w3.org/2004/02/skos/core#Concept,http://data.europa.eu/sdg/5.c,http://data.europa.eu/sdg/SG_GEN_EQPWN,http://data.europa.eu/sdg/5,"[""Proportion of countries with systems to track and make public allocations for gender equality and women’s empowerment""]"
http://data.europa.eu/sdg/C060101,C060101,Proportion of population using safely managed drinking water services,http://metadata.un.org/sdg/ontology#Indicator|http://www.w3.org/2004/02/skos/core#Concept,http://data.europa.eu/sdg/6.1,http://data.europa.eu/sdg/SH_H2O_SAFE,http://data.europa.eu/sdg/6,"[""Proportion of population using safely managed drinking water services""]"
http://data.europa.eu/sdg/C060201,C060201,Proportion of population using (a) safely managed sanitation services and (b) a hand-washing facility with soap and water,http://metadata.un.org/sdg/ontology#Indicator|http://www.w3.org/2004/02/skos/core#Concept,http://data.europa.eu/sdg/6.2,http://data.europa.eu/sdg/SH_SAN_DEFECT|http://data.europa.eu/sdg/SH_SAN_HNDWSH|http://data.europa.eu/sdg/SH_SAN_SAFE,http://data.europa.eu/sdg/6,"[""Proportion of population using (a) safely managed sanitation services and (b) a hand-washing facility with soap and water""]"
http://data.europa.eu/sdg/C060301,C060301,Proportion of wastewater safely treated,http://metadata.un.org/sdg/ontology#Indicator|http://www.w3.org/2004/02/skos/core#Concept,http://data.europa.eu/sdg/6.3,http://data.europa.eu/sdg/EN_WWT_WWDS,http://data.europa.eu/sdg/6,"[""Proportion of wastewater safely treated""]"
http://data.europa.eu/sdg/C060302,C060302,Proportion of bodies of water with good ambient water quality,http://metadata.un.org/sdg/ontology#Indicator|http://www.w3.org/2004/02/skos/core#Concept,http://data.europa.eu/sdg/6.3,http://data.europa.eu/sdg/EN_H2O_GRAMBQ|http://data.europa.eu/sdg/EN_H2O_OPAMBQ|http://data.europa.eu/sdg/EN_H2O_RVAMBQ|http://data.europa.eu/sdg/EN_H2O_WBAMBQ,http://data.europa.eu/sdg/6,"[""Proportion of bodies of water with good ambient water quality""]"
http://data.europa.eu/sdg/C060401,C060401,Change in water-use efficiency over time,http://metadata.un.org/sdg/ontology#Indicator|http://www.w3.org/2004/02/skos/core#Concept,http://data.europa.eu/sdg/6.4,http://data.europa.eu/sdg/ER_H2O_WUEYST,http://data.europa.eu/sdg/6,"[""Change in water-use efficiency over time""]"
http://data.europa.eu/sdg/C060402,C060402,Level of water stress: freshwater withdrawal as a proportion of available freshwater resources,http://metadata.un.org/sdg/ontology#Indicator|http://www.w3.org/2004/02/skos/core#Concept,http://data.europa.eu/sdg/6.4,http://data.europa.eu/sdg/ER_H2O_STRESS,http://data.europa.eu/sdg/6,"[""Level of water stress: freshwater withdrawal as a proportion of available freshwater resources""]"
http://data.europa.eu/sdg/C060501,C060501,Degree of integrated water resources management implementation (0–100),http://metadata.un.org/sdg/ontology#Indicator|http://www.w3.org/2004/02/skos/core#Concept,http://data.europa.eu/sdg/6.5,http://data.europa.eu/sdg/ER_H2O_IWRMD|http://data.europa.eu/sdg/ER_H2O_IWRMP,http://data.europa.eu/sdg/6,"[""Degree of integrated water resources management implementation (0–100)""]"
http://data.europa.eu/sdg/C060502,C060502,Proportion of transboundary basin area with an operational arrangement for water cooperation,http://metadata.un.org/sdg/ontology#Indicator|http://www.w3.org/2004/02/skos/core#Concept,http://data.europa.eu/sdg/6.5,http://data.europa.eu/sdg/EG_TBA_H2CO|http://data.europa.eu/sdg/EG_TBA_H2COAQ|http://data.europa.eu/sdg/EG_TBA_H2CORL,http://data.europa.eu/sdg/6,"[""Proportion of transboundary basin area with an operational arrangement for water cooperation""]"
http://data.europa.eu/sdg/C060601,C060601,Change in the extent of water-related ecosystems over time,http://metadata.un.org/sdg/ontology#Indicator|http://www.w3.org/2004/02/skos/core#Concept,http://data.europa.eu/sdg/6.6,http://data.europa.eu/sdg/EN_WBE_NDETOT|http://data.europa.eu/sdg/EN_WBE_NDOPW|http://data.europa.eu/sdg/EN_WBE_NDQLGRW|http://data.europa.eu/sdg/EN_WBE_NDQLOPW|http://data.europa.eu/sdg/EN_WBE_NDQLRVR|http://data.europa.eu/sdg/EN_WBE_NDQLTOT|http://data.europa.eu/sdg/EN_WBE_NDQTGRW|http://data.europa.eu/sdg/EN_WBE_NDQTOPW|http://data.europa.eu/sdg/EN_WBE_NDQTRVR|http://data.europa.eu/sdg/EN_WBE_NDQTTOT|http://data.europa.eu/sdg/EN_WBE_NDRV|http://data.europa.eu/sdg/EN_WBE_NDWTL|http://data.europa.eu/sdg/EN_WBE_PMNR|http://data.europa.eu/sdg/EN_WBE_PMPN|http://data.europa.eu/sdg/EN_WBE_PMPP|http://data.europa.eu/sdg/EN_WBE_PMPR,http://data.europa.eu/sdg/6,"[""Change in the extent of water-related ecosystems over time""]"
http://data.europa.eu/sdg/C060a01,C060a01,Amount of water- and sanitation-related official development assistance that is part of a government-coordinated spending plan,http://metadata.un.org/sdg/ontology#Indicator|http://www.w3.org/2004/02/skos/core#Concept,http://data.europa.eu/sdg/6.a,http://data.europa.eu/sdg/DC_TOF_WASHL,http://data.europa.eu/sdg/6,"[""Amount of water- and sanitation-related official development assistance that is part of a government-coordinated spending plan""]"
http://data.europa.eu/sdg/C060b01,C060b01,Proportion of local administrative units with established and operational policies and procedures for participation of local communities in water and sanitation management,http://metadata.un.org/sdg/ontology#Indicator|http://www.w3.org/2004/02/skos/core#Concept,http://data.europa.eu/sdg/6.b,http://data.europa.eu/sdg/ER_H2O_PARTIC|http://data.europa.eu/sdg/ER_H2O_PRDU|http://data.europa.eu/sdg/ER_H2O_PROCED|http://data.europa.eu/sdg/ER_H2O_RURP|http://data.europa.eu/sdg/ER_WAT_PART|http://data.europa.eu/sdg/ER_WAT_PARTIC|http://data.europa.eu/sdg/ER_WAT_PRDU|http://data.europa.eu/sdg/ER_WAT_PROCED,http://data.europa.eu/sdg/6,"[""Proportion of local administrative units with established and operational policies and procedures for participation of local communities in water and sanitation management""]"
http://data.europa.eu/sdg/C070101,C070101,Proportion of population with access to electricity,http://metadata.un.org/sdg/ontology#Indicator|http://www.w3.org/2004/02/skos/core#Concept,http://data.europa.eu/sdg/7.1,http://data.europa.eu/sdg/EG_ELC_ACCS,http://data.europa.eu/sdg/7,"[""Proportion of population with access to electricity""]"
http://data.europa.eu/sdg/C070102,C070102,Proportion of population with primary reliance on clean fuels and technology,http://metadata.un.org/sdg/ontology#Indicator|http://www.w3.org/2004/02/skos/core#Concept,http://data.europa.eu/sdg/7.1,http://data.europa.eu/sdg/EG_EGY_CLEAN,http://data.europa.eu/sdg/7,"[""Proportion of population with primary reliance on clean fuels and technology""]"
http://data.europa.eu/sdg/C070201,C070201,Renewable energy share in the total final energy consumption,http://metadata.un.org/sdg/ontology#Indicator|http://www.w3.org/2004/02/skos/core#Concept,http://data.europa.eu/sdg/7.2,http://data.europa.eu/sdg/EG_FEC_RNEW,http://data.europa.eu/sdg/7,"[""Renewable energy share in the total final energy consumption""]"
http://data.europa.eu/sdg/C070301,C070301,Energy intensity measured in terms of primary energy and GDP,http://metadata.un.org/sdg/ontology#Indicator|http://www.w3.org/2004/02/skos/core#Concept,http://data.europa.eu/sdg/7.3,http://data.europa.eu/sdg/EG_EGY_PRIM,http://data.europa.eu/sdg/7,"[""Energy intensity measured in terms of primary energy and GDP""]"
http://data.europa.eu/sdg/C070a01,C070a01,"International financial flows to developing countries in support of clean energy research and development and renewable energy production, including in hybrid systems",http://metadata.un.org/sdg/ontology#Indicator|http://www.w3.org/2004/02/skos/core#Concept,http://data.europa.eu/sdg/7.a,http://data.europa.eu/sdg/EG_IFF_RANDN,http://data.europa.eu/sdg/7,"[""International financial flows to developing countries in support of clean energy research and development and renewable energy production, including in hybrid systems""]"
http://data.europa.eu/sdg/C070b01,C070b01,Investments in energy efficiency as a proportion of GDP and the amount of foreign direct investment in financial transfer for infrastructure and technology to sustainable development services,http://metadata.un.org/sdg/ontology#Indicator|http://www.w3.org/2004/02/skos/core#Concept,http://data.europa.eu/sdg/7.b,,http://data.europa.eu/sdg/7,"[""Investments in energy efficiency as a proportion of GDP and the amount of foreign direct investment in financial transfer for infrastructure and technology to sustainable development services""]"
http://data.europa.eu/sdg/C080101,C080101,Annual growth rate of real GDP per capita,http://metadata.un.org/sdg/ontology#Indicator|http://www.w3.org/2004/02/skos/core#Concept,http://data.europa.eu/sdg/8.1,http://data.europa.eu/sdg/NY_GDP_PCAP,http://data.europa.eu/sdg/8,"[""Annual growth rate of real GDP per capita""]"
http://data.europa.eu/sdg/C080201,C080201,Annual growth rate of real GDP per employed person,http://metadata.un.org/sdg/ontology#Indicator|http://www.w3.org/2004/02/skos/core#Concept,http://data.europa.eu/sdg/8.2,http://data.europa.eu/sdg/SL_EMP_PCAP,http://data.europa.eu/sdg/8,"[""Annual growth rate of real GDP per employed person""]"
http://data.europa.eu/sdg/C080301,C080301,"Proportion of informal employment in non‑agriculture employment, by sex",http://metadata.un.org/sdg/ontology#Indicator|http://www.w3.org/2004/02/skos/core#Concept,http://data.europa.eu/sdg/8.3,http://data.europa.eu/sdg/SL_ISV_IFRM,http://data.europa.eu/sdg/8,"[""Proportion of informal employment in non‑agriculture employment, by sex""]"
http://data.europa.eu/sdg/C080501,C080501,"Average hourly earnings of female and male employees, by occupation, age and persons with disabilities",http://metadata.un.org/sdg/ontology#Indicator|http://www.w3.org/2004/02/skos/core#Concept,http://data.europa.eu/sdg/8.5,http://data.europa.eu/sdg/SL_EMP_AEARN,http://data.europa.eu/sdg/8,"[""Average hourly earnings of female and male employees, by occupation, age and persons with disabilities""]"
http://data.europa.eu/sdg/C080502,C080502,"Unemployment rate, by sex, age and persons with disabilities",http://metadata.un.org/sdg/ontology#Indicator|http://www.w3.org/2004/02/skos/core#Concept,http://data.europa.eu/sdg/8.5,http://data.europa.eu/sdg/SL_TLF_UEM|http://data.europa.eu/sdg/SL_TLF_UEMDIS,http://data.europa.eu/sdg/8,"[""Unemployment rate, by sex, age and persons with disabilities""]"
http://data.europa.eu/sdg/C080601,C080601,"Proportion of youth (aged 15–24 years) not in education, employment or training",http://metadata.un.org/sdg/ontology#Indicator|http://www.w3.org/2004/02/skos/core#Concept,http://data.europa.eu/sdg/8.6,http://data.europa.eu/sdg/SL_TLF_NEET,http://data.europa.eu/sdg/8,"[""Proportion of youth (aged 15–24 years) not in education, employment or training""]"
http://data.europa.eu/sdg/C080701,C080701,"Proportion and number of children aged 5–17 years engaged in child labour, by sex and age",http://metadata.un.org/sdg/ontology#Indicator|http://www.w3.org/2004/02/skos/core#Concept,http://data.europa.eu/sdg/8.7,http://data.europa.eu/sdg/SL_TLF_CHLDEA|http://data.europa.eu/sdg/SL_TLF_CHLDEC,http://data.europa.eu/sdg/8,"[""Proportion and number of children aged 5–17 years engaged in child labour, by sex and age""]"
http://data.europa.eu/sdg/C080801,C080801,"Frequency rates of fatal and non-fatal occupational injuries, by sex and migrant status",http://metadata.un.org/sdg/ontology#Indicator|http://www.w3.org/2004/02/skos/core#Concept,http://data.europa.eu/sdg/8.8,http://data.europa.eu/sdg/SL_EMP_FTLINJUR|http://data.europa.eu/sdg/SL_EMP_INJUR,http://data.europa.eu/sdg/8,"[""Frequency rates of fatal and non-fatal occupational injuries, by sex and migrant status""]"
http://data.europa.eu/sdg/C080802,C080802,"Level of national compliance with labour rights (freedom of association and collective bargaining) based on International Labour Organization (ILO) textual sources and national legislation, by sex and migrant status",http://metadata.un.org/sdg/ontology#Indicator|http://www.w3.org/2004/02/skos/core#Concept,http://data.europa.eu/sdg/8.8,,http://data.europa.eu/sdg/8,"[""Level of national compliance with labour rights (freedom of association and collective bargaining) based on International Labour Organization (ILO) textual sources and national legislation, by sex and migrant status""]"
http://data.europa.eu/sdg/C080901,C080901,Tourism direct GDP as a proportion of total GDP and in growth rate,http://metadata.un.org/sdg/ontology#Indicator|http://www.w3.org/2004/02/skos/core#Concept,http://data.europa.eu/sdg/8.9,,http://data.europa.eu/sdg/8,"[""Tourism direct GDP as a proportion of total GDP and in growth rate""]"
http://data.europa.eu/sdg/C080902,C080902,Proportion of jobs in sustainable tourism industries out of total tourism jobs,http://metadata.un.org/sdg/ontology#Indicator|http://www.w3.org/2004/02/skos/core#Concept,http://data.europa.eu/sdg/8.9,,http://data.europa.eu/sdg/8,"[""Proportion of jobs in sustainable tourism industries out of total tourism jobs""]"
http://data.europa.eu/sdg/C080a01,C080a01,Aid for Trade commitments and disbursements,http://metadata.un.org/sdg/ontology#Indicator|http://www.w3.org/2004/02/skos/core#Concept,http://data.europa.eu/sdg/8.a,http://data.europa.eu/sdg/DC_TOF_TRDCMDL|http://data.europa.eu/sdg/DC_TOF_TRDCML|http://data.europa.eu/sdg/DC_TOF_TRDDBMDL|http://data.europa.eu/sdg/DC_TOF_TRDDBML,http://data.europa.eu/sdg/8,"[""Aid for Trade commitments and disbursements""]"
http://data.europa.eu/sdg/C080b01,C080b01,"Existence of a developed and operationalized national strategy for youth employment, as a distinct strategy or as part of a national employment strategy",http://metadata.un.org/sdg/ontology#Indicator|http://www.w3.org/2004/02/skos/core#Concept,http://data.europa.eu/sdg/8.b,,http://data.europa.eu/sdg/8,"[""Existence of a developed and operationalized national strategy for youth employment, as a distinct strategy or as part of a national employment strategy""]"
http://data.europa.eu/sdg/C081001,C081001,"(a) Number of commercial bank branches per 100,000 adults and (b) number of automated teller machines (ATMs) per 100,000 adults",http://metadata.un.org/sdg/ontology#Indicator|http://www.w3.org/2004/02/skos/core#Concept,http://data.europa.eu/sdg/8.10,http://data.europa.eu/sdg/FB_ATM_TOTL|http://data.europa.eu/sdg/FB_CBK_BRCH,http://data.europa.eu/sdg/8,"[""(a) Number of commercial bank branches per 100,000 adults and (b) number of automated teller machines (ATMs) per 100,000 adults""]"
http://data.europa.eu/sdg/C081002,C081002,Proportion of adults (15 years and older) with an account at a bank or other financial institution or with a mobile-money-service provider,http://metadata.un.org/sdg/ontology#Indicator|http://www.w3.org/2004/02/skos/core#Concept,http://data.europa.eu/sdg/8.10,http://data.europa.eu/sdg/FB_BNK_ACCSS,http://data.europa.eu/sdg/8,"[""Proportion of adults (15 years and older) with an account at a bank or other financial institution or with a mobile-money-service provider""]"
http://data.europa.eu/sdg/C090101,C090101,Proportion of the rural population who live within 2 km of an all-season road,http://metadata.un.org/sdg/ontology#Indicator|http://www.w3.org/2004/02/skos/core#Concept,http://data.europa.eu/sdg/9.1,,http://data.europa.eu/sdg/9,"[""Proportion of the rural population who live within 2 km of an all-season road""]"
http://data.europa.eu/sdg/C090102,C090102,"Passenger and freight volumes, by mode of transport",http://metadata.un.org/sdg/ontology#Indicator|http://www.w3.org/2004/02/skos/core#Concept,http://data.europa.eu/sdg/9.1,http://data.europa.eu/sdg/IS_RDP_FRGVOL|http://data.europa.eu/sdg/IS_RDP_PFVOL,http://data.europa.eu/sdg/9,"[""Passenger and freight volumes, by mode of transport""]"
http://data.europa.eu/sdg/C090201,C090201,Manufacturing value added as a proportion of GDP and per capita,http://metadata.un.org/sdg/ontology#Indicator|http://www.w3.org/2004/02/skos/core#Concept,http://data.europa.eu/sdg/9.2,http://data.europa.eu/sdg/NV_IND_MANF|http://data.europa.eu/sdg/NV_IND_MANFPC,http://data.europa.eu/sdg/9,"[""Manufacturing value added as a proportion of GDP and per capita""]"
http://data.europa.eu/sdg/C090202,C090202,Manufacturing employment as a proportion of total employment,http://metadata.un.org/sdg/ontology#Indicator|http://www.w3.org/2004/02/skos/core#Concept,http://data.europa.eu/sdg/9.2,http://data.europa.eu/sdg/SL_TLF_MANF,http://data.europa.eu/sdg/9,"[""Manufacturing employment as a proportion of total employment""]"
http://data.europa.eu/sdg/C090301,C090301,Proportion of small-scale industries in total industry value added,http://metadata.un.org/sdg/ontology#Indicator|http://www.w3.org/2004/02/skos/core#Concept,http://data.europa.eu/sdg/9.3,http://data.europa.eu/sdg/NV_IND_SSIS,http://data.europa.eu/sdg/9,"[""Proportion of small-scale industries in total industry value added""]"
http://data.europa.eu/sdg/C090302,C090302,Proportion of small-scale industries with a loan or line of credit,http://metadata.un.org/sdg/ontology#Indicator|http://www.w3.org/2004/02/skos/core#Concept,http://data.europa.eu/sdg/9.3,http://data.europa.eu/sdg/FC_ACC_SSID,http://data.europa.eu/sdg/9,"[""Proportion of small-scale industries with a loan or line of credit""]"
http://data.europa.eu/sdg/C090401,C090401,CO2 emission per unit of value added,http://metadata.un.org/sdg/ontology#Indicator|http://www.w3.org/2004/02/skos/core#Concept,http://data.europa.eu/sdg/9.4,http://data.europa.eu/sdg/EN_ATM_CO2|http://data.europa.eu/sdg/EN_ATM_CO2GDP|http://data.europa.eu/sdg/EN_ATM_CO2MVA,http://data.europa.eu/sdg/9,"[""CO2 emission per unit of value added""]"
http://data.europa.eu/sdg/C090501,C090501,Research and development expenditure as a proportion of GDP,http://metadata.un.org/sdg/ontology#Indicator|http://www.w3.org/2004/02/skos/core#Concept,http://data.europa.eu/sdg/9.5,http://data.europa.eu/sdg/GB_XPD_RSDV,http://data.europa.eu/sdg/9,"[""Research and development expenditure as a proportion of GDP""]"
http://data.europa.eu/sdg/C090502,C090502,Researchers (in full-time equivalent) per million inhabitants,http://metadata.un.org/sdg/ontology#Indicator|http://www.w3.org/2004/02/skos/core#Concept,http://data.europa.eu/sdg/9.5,http://data.europa.eu/sdg/GB_POP_SCIERD,http://data.europa.eu/sdg/9,"[""Researchers (in full-time equivalent) per million inhabitants""]"
http://data.europa.eu/sdg/C090a01,C090a01,Total official international support (official development assistance plus other official flows) to infrastructure,http://metadata.un.org/sdg/ontology#Indicator|http://www.w3.org/2004/02/skos/core#Concept,http://data.europa.eu/sdg/9.a,http://data.europa.eu/sdg/DC_TOF_INFRAL,http://data.europa.eu/sdg/9,"[""Total official international support (official development assistance plus other official flows) to infrastructure""]"
http://data.europa.eu/sdg/C090b01,C090b01,Proportion of medium and high-tech industry value added in total value added,http://metadata.un.org/sdg/ontology#Indicator|http://www.w3.org/2004/02/skos/core#Concept,http://data.europa.eu/sdg/9.b,http://data.europa.eu/sdg/NV_IND_TECH,http://data.europa.eu/sdg/9,"[""Proportion of medium and high-tech industry value added in total value added""]"
http://data.europa.eu/sdg/C090c01,C090c01,"Proportion of population covered by a mobile network, by technology",http://metadata.un.org/sdg/ontology#Indicator|http://www.w3.org/2004/02/skos/core#Concept,http://data.europa.eu/sdg/9.c,http://data.europa.eu/sdg/IT_MOB_NTWK,http://data.europa.eu/sdg/9,"[""Proportion of population covered by a mobile network, by technology""]"
http://data.europa.eu/sdg/C100101,C100101,Growth rates of household expenditure or income per capita among the bottom 40 per cent of the population and the total population,http://metadata.un.org/sdg/ontology#Indicator|http://www.w3.org/2004/02/skos/core#Concept,http://data.europa.eu/sdg/10.1,http://data.europa.eu/sdg/SI_HEI_BTN40|http://data.europa.eu/sdg/SI_HEI_TOTL,http://data.europa.eu/sdg/10,"[""Growth rates of household expenditure or income per capita among the bottom 40 per cent of the population and the total population""]"
http://data.europa.eu/sdg/C100201,C100201,"Proportion of people living below 50 per cent of median income, by sex, age and persons with disabilities",http://metadata.un.org/sdg/ontology#Indicator|http://www.w3.org/2004/02/skos/core#Concept,http://data.europa.eu/sdg/10.2,,http://data.europa.eu/sdg/10,"[""Proportion of people living below 50 per cent of median income, by sex, age and persons with disabilities""]"
http://data.europa.eu/sdg/C100401,C100401,"Labour share of GDP, comprising wages and social protection transfers",http://metadata.un.org/sdg/ontology#Indicator|http://www.w3.org/2004/02/skos/core#Concept,http://data.europa.eu/sdg/10.4,http://data.europa.eu/sdg/SL_EMP_GTOTL,http://data.europa.eu/sdg/10,"[""Labour share of GDP, comprising wages and social protection transfers""]"
http://data.europa.eu/sdg/C100501,C100501,Financial Soundness Indicators,http://metadata.un.org/sdg/ontology#Indicator|http://www.w3.org/2004/02/skos/core#Concept,http://data.europa.eu/sdg/10.5,http://data.europa.eu/sdg/FI_FSI_FSANL|http://data.europa.eu/sdg/FI_FSI_FSERA|http://data.europa.eu/sdg/FI_FSI_FSKA|http://data.europa.eu/sdg/FI_FSI_FSKNL|http://data.europa.eu/sdg/FI_FSI_FSKRTC|http://data.europa.eu/sdg/FI_FSI_FSLS|http://data.europa.eu/sdg/FI_FSI_FSSNO,http://data.europa.eu/sdg/10,"[""Financial Soundness Indicators""]"
http://data.europa.eu/sdg/C100701,C100701,Recruitment cost borne by employee as a proportion of monthly income earned in country of destination,http://metadata.un.org/sdg/ontology#Indicator|http://www.w3.org/2004/02/skos/core#Concept,http://data.europa.eu/sdg/10.7,,http://data.europa.eu/sdg/10,"[""Recruitment cost borne by employee as a proportion of monthly income earned in country of destination""]"
http://data.europa.eu/sdg/C100702,C100702,"Number of countries with migration policies that facilitate orderly, safe, regular and responsible migration and mobility of people",http://metadata.un.org/sdg/ontology#Indicator|http://www.w3.org/2004/02/skos/core#Concept,http://data.europa.eu/sdg/10.7,,http://data.europa.eu/sdg/10,"[""Number of countries with migration policies that facilitate orderly, safe, regular and responsible migration and mobility of people""]"
http://data.europa.eu/sdg/C100a01,C100a01,Proportion of tariff lines applied to imports from least developed countries and developing countries with zero-tariff,http://metadata.un.org/sdg/ontology#Indicator|http://www.w3.org/2004/02/skos/core#Concept,http://data.europa.eu/sdg/10.a,http://data.europa.eu/sdg/TM_TRF_ZERO,http://data.europa.eu/sdg/10,"[""Proportion of tariff lines applied to imports from least developed countries and developing countries with zero-tariff""]"
http://data.europa.eu/sdg/C100b01,C100b01,"Total resource flows for development, by recipient and donor countries and type of flow (e.g. official development assistance, foreign direct investment and other flows)",http://metadata.un.org/sdg/ontology#Indicator|http://www.w3.org/2004/02/skos/core#Concept,http://data.europa.eu/sdg/10.b,http://data.europa.eu/sdg/DC_TRF_TFDV|http://data.europa.eu/sdg/DC_TRF_TOTDL|http://data.europa.eu/sdg/DC_TRF_TOTL,http://data.europa.eu/sdg/10,"[""Total resource flows for development, by recipient and donor countries and type of flow (e.g. official development assistance, foreign direct investment and other flows)""]"
http://data.europa.eu/sdg/C100c01,C100c01,Remittance costs as a proportion of the amount remitted,http://metadata.un.org/sdg/ontology#Indicator|http://www.w3.org/2004/02/skos/core#Concept,http://data.europa.eu/sdg/10.c,http://data.europa.eu/sdg/SI_RMT_COST,http://data.europa.eu/sdg/10,"[""Remittance costs as a proportion of the amount remitted""]"
http://data.europa.eu/sdg/C110101,C110101,"Proportion of urban population living in slums, informal settlements or inadequate housing",http://metadata.un.org/sdg/ontology#Indicator|http://www.w3.org/2004/02/skos/core#Concept,http://data.europa.eu/sdg/11.1,http://data.europa.eu/sdg/EN_LND_SLUM,http://data.europa.eu/sdg/11,"[""Proportion of urban population living in slums, informal settlements or inadequate housing""]"
http://data.europa.eu/sdg/C110201,C110201,"Proportion of population that has convenient access to public transport, by sex, age and persons with disabilities",http://metadata.un.org/sdg/ontology#Indicator|http://www.w3.org/2004/02/skos/core#Concept,http://data.europa.eu/sdg/11.2,,http://data.europa.eu/sdg/11,"[""Proportion of population that has convenient access to public transport, by sex, age and persons with disabilities""]"
http://data.europa.eu/sdg/C110301,C110301,Ratio of land consumption rate to population growth rate,http://metadata.un.org/sdg/ontology#Indicator|http://www.w3.org/2004/02/skos/core#Concept,http://data.europa.eu/sdg/11.3,,http://data.europa.eu/sdg/11,"[""Ratio of land consumption rate to population growth rate""]"
http://data.europa.eu/sdg/C110302,C110302,Proportion of cities with a direct participation structure of civil society in urban planning and management that operate regularly and democratically,http://metadata.un.org/sdg/ontology#Indicator|http://www.w3.org/2004/02/skos/core#Concept,http://data.europa.eu/sdg/11.3,,http://data.europa.eu/sdg/11,"[""Proportion of cities with a direct participation structure of civil society in urban planning and management that operate regularly and democratically""]"
http://data.europa.eu/sdg/C110401,C110401,"Total expenditure (public and private) per capita spent on the preservation, protection and conservation of all cultural and natural heritage, by type of heritage (cultural, natural, mixed and World Heritage Centre designation), level of government (national, regional and local/municipal), type of expenditure (operating expenditure/investment) and type of private funding (donations in kind, private non-profit sector and sponsorship)",http://metadata.un.org/sdg/ontology#Indicator|http://www.w3.org/2004/02/skos/core#Concept,http://data.europa.eu/sdg/11.4,,http://data.europa.eu/sdg/11,"[""Total expenditure (public and private) per capita spent on the preservation, protection and conservation of all cultural and natural heritage, by type of heritage (cultural, natural, mixed and World Heritage Centre designation), level of government (national, regional and local/municipal), type of expenditure (operating expenditure/investment) and type of private funding (donations in kind, private non-profit sector and sponsorship)""]"
http://data.europa.eu/sdg/C110502,C110502,"Direct economic loss in relation to global GDP, damage to critical infrastructure and number of disruptions to basic services, attributed to disasters",http://metadata.un.org/sdg/ontology#Indicator|http://www.w3.org/2004/02/skos/core#Concept,http://data.europa.eu/sdg/11.5,http://data.europa.eu/sdg/VC_DSR_AGLH|http://data.europa.eu/sdg/VC_DSR_AGLN|http://data.europa.eu/sdg/VC_DSR_BSDN|http://data.europa.eu/sdg/VC_DSR_CDAN|http://data.europa.eu/sdg/VC_DSR_CDYN|http://data.europa.eu/sdg/VC_DSR_CHLN|http://data.europa.eu/sdg/VC_DSR_CILN|http://data.europa.eu/sdg/VC_DSR_DDPA|http://data.europa.eu/sdg/VC_DSR_EFDN|http://data.europa.eu/sdg/VC_DSR_ESDN|http://data.europa.eu/sdg/VC_DSR_GDPLS|http://data.europa.eu/sdg/VC_DSR_HFDN|http://data.europa.eu/sdg/VC_DSR_HOLH|http://data.europa.eu/sdg/VC_DSR_HOLN|http://data.europa.eu/sdg/VC_DSR_HSDN|http://data.europa.eu/sdg/VC_DSR_LSGP|http://data.europa.eu/sdg/VC_DSR_OBDN,http://data.europa.eu/sdg/11,"[""Direct economic loss in relation to global GDP, damage to critical infrastructure and number of disruptions to basic services, attributed to disasters""]"
http://data.europa.eu/sdg/C110601,C110601,"Proportion of urban solid waste regularly collected and with adequate final discharge out of total urban solid waste generated, by cities",http://metadata.un.org/sdg/ontology#Indicator|http://www.w3.org/2004/02/skos/core#Concept,http://data.europa.eu/sdg/11.6,http://data.europa.eu/sdg/EN_REF_WASCOL,http://data.europa.eu/sdg/11,"[""Proportion of urban solid waste regularly collected and with adequate final discharge out of total urban solid waste generated, by cities""]"
http://data.europa.eu/sdg/C110602,C110602,Annual mean levels of fine particulate matter (e.g. PM2.5 and PM10) in cities (population weighted),http://metadata.un.org/sdg/ontology#Indicator|http://www.w3.org/2004/02/skos/core#Concept,http://data.europa.eu/sdg/11.6,http://data.europa.eu/sdg/EN_ATM_PM25,http://data.europa.eu/sdg/11,"[""Annual mean levels of fine particulate matter (e.g. PM2.5 and PM10) in cities (population weighted)""]"
http://data.europa.eu/sdg/C110701,C110701,"Average share of the built-up area of cities that is open space for public use for all, by sex, age and persons with disabilities",http://metadata.un.org/sdg/ontology#Indicator|http://www.w3.org/2004/02/skos/core#Concept,http://data.europa.eu/sdg/11.7,,http://data.europa.eu/sdg/11,"[""Average share of the built-up area of cities that is open space for public use for all, by sex, age and persons with disabilities""]"
http://data.europa.eu/sdg/C110702,C110702,"Proportion of persons victim of physical or sexual harassment, by sex, age, disability status and place of occurrence, in the previous 12 months",http://metadata.un.org/sdg/ontology#Indicator|http://www.w3.org/2004/02/skos/core#Concept,http://data.europa.eu/sdg/11.7,,http://data.europa.eu/sdg/11,"[""Proportion of persons victim of physical or sexual harassment, by sex, age, disability status and place of occurrence, in the previous 12 months""]"
http://data.europa.eu/sdg/C110a01,C110a01,"Proportion of population living in cities that implement urban and regional development plans integrating population projections and resource needs, by size of city",http://metadata.un.org/sdg/ontology#Indicator|http://www.w3.org/2004/02/skos/core#Concept,http://data.europa.eu/sdg/11.a,,http://data.europa.eu/sdg/11,"[""Proportion of population living in cities that implement urban and regional development plans integrating population projections and resource needs, by size of city""]"
http://data.europa.eu/sdg/C110c01,C110c01,"Proportion of financial support to the least developed countries that is allocated to the construction and retrofitting of sustainable, resilient and resource-efficient buildings utilizing local materials",http://metadata.un.org/sdg/ontology#Indicator|http://www.w3.org/2004/02/skos/core#Concept,http://data.europa.eu/sdg/11.c,,http://data.europa.eu/sdg/11,"[""Proportion of financial support to the least developed countries that is allocated to the construction and retrofitting of sustainable, resilient and resource-efficient buildings utilizing local materials""]"
http://data.europa.eu/sdg/C120101,C120101,Number of countries with sustainable consumption and production (SCP) national action plans or SCP mainstreamed as a priority or a target into national policies,http://metadata.un.org/sdg/ontology#Indicator|http://www.w3.org/2004/02/skos/core#Concept,http://data.europa.eu/sdg/12.1,http://data.europa.eu/sdg/SG_SCP_CNTRY|http://data.europa.eu/sdg/SG_SCP_CORMEC|http://data.europa.eu/sdg/SG_SCP_MACPOL|http://data.europa.eu/sdg/SG_SCP_POLINS,http://data.europa.eu/sdg/12,"[""Number of countries with sustainable consumption and production (SCP) national action plans or SCP mainstreamed as a priority or a target into national policies""]"
http://data.europa.eu/sdg/C120301,C120301,(a) Food loss index and (b) food waste index,http://metadata.un.org/sdg/ontology#Indicator|http://www.w3.org/2004/02/skos/core#Concept,http://data.europa.eu/sdg/12.3,,http://data.europa.eu/sdg/12,"[""(a) Food loss index and (b) food waste index""]"
http://data.europa.eu/sdg/C120401,C120401,"Number of parties to international multilateral environmental agreements on hazardous waste, and other chemicals that meet their commitments and obligations in transmitting information as required by each relevant agreement",http://metadata.un.org/sdg/ontology#Indicator|http://www.w3.org/2004/02/skos/core#Concept,http://data.europa.eu/sdg/12.4,http://data.europa.eu/sdg/SG_HAZ_CMRBASEL|http://data.europa.eu/sdg/SG_HAZ_CMRMNTRL|http://data.europa.eu/sdg/SG_HAZ_CMRROTDAM|http://data.europa.eu/sdg/SG_HAZ_CMRSTHOLM,http://data.europa.eu/sdg/12,"[""Number of parties to international multilateral environmental agreements on hazardous waste, and other chemicals that meet their commitments and obligations in transmitting information as required by each relevant agreement""]"
http://data.europa.eu/sdg/C120402,C120402,"Hazardous waste generated per capita and proportion of hazardous waste treated, by type of treatment",http://metadata.un.org/sdg/ontology#Indicator|http://www.w3.org/2004/02/skos/core#Concept,http://data.europa.eu/sdg/12.4,,http://data.europa.eu/sdg/12,"[""Hazardous waste generated per capita and proportion of hazardous waste treated, by type of treatment""]"
http://data.europa.eu/sdg/C120501,C120501,"National recycling rate, tons of material recycled",http://metadata.un.org/sdg/ontology#Indicator|http://www.w3.org/2004/02/skos/core#Concept,http://data.europa.eu/sdg/12.5,,http://data.europa.eu/sdg/12,"[""National recycling rate, tons of material recycled""]"
http://data.europa.eu/sdg/C120601,C120601,Number of companies publishing sustainability reports,http://metadata.un.org/sdg/ontology#Indicator|http://www.w3.org/2004/02/skos/core#Concept,http://data.europa.eu/sdg/12.6,,http://data.europa.eu/sdg/12,"[""Number of companies publishing sustainability reports""]"
http://data.europa.eu/sdg/C120701,C120701,Number of countries implementing sustainable public procurement policies and action plans,http://metadata.un.org/sdg/ontology#Indicator|http://www.w3.org/2004/02/skos/core#Concept,http://data.europa.eu/sdg/12.7,,http://data.europa.eu/sdg/12,"[""Number of countries implementing sustainable public procurement policies and action plans""]"
http://data.europa.eu/sdg/C120801,C120801,Extent to which (i) global citizenship education and (ii) education for sustainable development (including climate change education) are mainstreamed in (a) national education policies; (b) curricula; (c) teacher education; and (d) student assessment,http://metadata.un.org/sdg/ontology#Indicator|http://www.w3.org/2004/02/skos/core#Concept,http://data.europa.eu/sdg/12.8,,http://data.europa.eu/sdg/12,"[""Extent to which (i) global citizenship education and (ii) education for sustainable development (including climate change education) are mainstreamed in (a) national education policies; (b) curricula; (c) teacher education; and (d) student assessment""]"
http://data.europa.eu/sdg/C120a01,C120a01,Amount of support to developing countries on research and development for sustainable consumption and production and environmentally sound technologies,http://metadata.un.org/sdg/ontology#Indicator|http://www.w3.org/2004/02/skos/core#Concept,http://data.europa.eu/sdg/12.a,,http://data.europa.eu/sdg/12,"[""Amount of support to developing countries on research and development for sustainable consumption and production and environmentally sound technologies""]"
http://data.europa.eu/sdg/C120b01,C120b01,Number of sustainable tourism strategies or policies and implemented action plans with agreed monitoring and evaluation tools,http://metadata.un.org/sdg/ontology#Indicator|http://www.w3.org/2004/02/skos/core#Concept,http://data.europa.eu/sdg/12.b,,http://data.europa.eu/sdg/12,"[""Number of sustainable tourism strategies or policies and implemented action plans with agreed monitoring and evaluation tools""]"
http://data.europa.eu/sdg/C120c01,C120c01,Amount of fossil-fuel subsidies per unit of GDP (production and consumption) and as a proportion of total national expenditure on fossil fuels,http://metadata.un.org/sdg/ontology#Indicator|http://www.w3.org/2004/02/skos/core#Concept,http://data.europa.eu/sdg/12.c,http://data.europa.eu/sdg/ER_FFS_PRTSPC|http://data.europa.eu/sdg/ER_FFS_PRTSPR|http://data.europa.eu/sdg/ER_FFS_PRTSST,http://data.europa.eu/sdg/12,"[""Amount of fossil-fuel subsidies per unit of GDP (production and consumption) and as a proportion of total national expenditure on fossil fuels""]"
http://data.europa.eu/sdg/C130201,C130201,"Number of countries that have communicated the establishment or operationalization of an integrated policy/strategy/plan which increases their ability to adapt to the adverse impacts of climate change, and foster climate resilience and low greenhouse gas emissions development in a manner that does not threaten food production (including a national adaptation plan, nationally determined contribution, national communication, biennial update report or other)",http://metadata.un.org/sdg/ontology#Indicator|http://www.w3.org/2004/02/skos/core#Concept,http://data.europa.eu/sdg/13.2,,http://data.europa.eu/sdg/13,"[""Number of countries that have communicated the establishment or operationalization of an integrated policy/strategy/plan which increases their ability to adapt to the adverse impacts of climate change, and foster climate resilience and low greenhouse gas emissions development in a manner that does not threaten food production (including a national adaptation plan, nationally determined contribution, national communication, biennial update report or other)""]"
http://data.europa.eu/sdg/C130301,C130301,"Number of countries that have integrated mitigation, adaptation, impact reduction and early warning into primary, secondary and tertiary curricula",http://metadata.un.org/sdg/ontology#Indicator|http://www.w3.org/2004/02/skos/core#Concept,http://data.europa.eu/sdg/13.3,,http://data.europa.eu/sdg/13,"[""Number of countries that have integrated mitigation, adaptation, impact reduction and early warning into primary, secondary and tertiary curricula""]"
http://data.europa.eu/sdg/C130302,C130302,"Number of countries that have communicated the strengthening of institutional, systemic and individual capacity-building to implement adaptation, mitigation and technology transfer, and development actions",http://metadata.un.org/sdg/ontology#Indicator|http://www.w3.org/2004/02/skos/core#Concept,http://data.europa.eu/sdg/13.3,,http://data.europa.eu/sdg/13,"[""Number of countries that have communicated the strengthening of institutional, systemic and individual capacity-building to implement adaptation, mitigation and technology transfer, and development actions""]"
http://data.europa.eu/sdg/C130a01,C130a01,Mobilized amount of United States dollars per year between 2020 and 2025 accountable towards the $100 billion commitment,http://metadata.un.org/sdg/ontology#Indicator|http://www.w3.org/2004/02/skos/core#Concept,http://data.europa.eu/sdg/13.a,,http://data.europa.eu/sdg/13,"[""Mobilized amount of United States dollars per year between 2020 and 2025 accountable towards the $100 billion commitment""]"
http://data.europa.eu/sdg/C130b01,C130b01,"Number of least developed countries and small island developing States that are receiving specialized support, and amount of support, including finance, technology and capacity-building, for mechanisms for raising capacities for effective climate change-related planning and management, including focusing on women, youth and local and marginalized communities",http://metadata.un.org/sdg/ontology#Indicator|http://www.w3.org/2004/02/skos/core#Concept,http://data.europa.eu/sdg/13.b,,http://data.europa.eu/sdg/13,"[""Number of least developed countries and small island developing States that are receiving specialized support, and amount of support, including finance, technology and capacity-building, for mechanisms for raising capacities for effective climate change-related planning and management, including focusing on women, youth and local and marginalized communities""]"
http://data.europa.eu/sdg/C140101,C140101,Index of coastal eutrophication and floating plastic debris density,http://metadata.un.org/sdg/ontology#Indicator|http://www.w3.org/2004/02/skos/core#Concept,http://data.europa.eu/sdg/14.1,,http://data.europa.eu/sdg/14,"[""Index of coastal eutrophication and floating plastic debris density""]"
http://data.europa.eu/sdg/C140201,C140201,Proportion of national exclusive economic zones managed using ecosystem-based approaches,http://metadata.un.org/sdg/ontology#Indicator|http://www.w3.org/2004/02/skos/core#Concept,http://data.europa.eu/sdg/14.2,,http://data.europa.eu/sdg/14,"[""Proportion of national exclusive economic zones managed using ecosystem-based approaches""]"
http://data.europa.eu/sdg/C140301,C140301,Average marine acidity (pH) measured at agreed suite of representative sampling stations,http://metadata.un.org/sdg/ontology#Indicator|http://www.w3.org/2004/02/skos/core#Concept,http://data.europa.eu/sdg/14.3,,http://data.europa.eu/sdg/14,"[""Average marine acidity (pH) measured at agreed suite of representative sampling stations""]"
http://data.europa.eu/sdg/C140401,C140401,Proportion of fish stocks within biologically sustainable levels,http://metadata.un.org/sdg/ontology#Indicator|http://www.w3.org/2004/02/skos/core#Concept,http://data.europa.eu/sdg/14.4,http://data.europa.eu/sdg/ER_H2O_FWTL,http://data.europa.eu/sdg/14,"[""Proportion of fish stocks within biologically sustainable levels""]"
http://data.europa.eu/sdg/C140501,C140501,Coverage of protected areas in relation to marine areas,http://metadata.un.org/sdg/ontology#Indicator|http://www.w3.org/2004/02/skos/core#Concept,http://data.europa.eu/sdg/14.5,http://data.europa.eu/sdg/ER_MRN_MARIN|http://data.europa.eu/sdg/ER_MRN_MARINT|http://data.europa.eu/sdg/ER_MRN_MPA,http://data.europa.eu/sdg/14,"[""Coverage of protected areas in relation to marine areas""]"
http://data.europa.eu/sdg/C140601,C140601,"Degree of implementation of international instruments aiming to combat illegal, unreported and unregulated fishing",http://metadata.un.org/sdg/ontology#Indicator|http://www.w3.org/2004/02/skos/core#Concept,http://data.europa.eu/sdg/14.6,http://data.europa.eu/sdg/ER_REG_UNFCIM,http://data.europa.eu/sdg/14,"[""Degree of implementation of international instruments aiming to combat illegal, unreported and unregulated fishing""]"
http://data.europa.eu/sdg/C140701,C140701,"Sustainable fisheries as a proportion of GDP in small island developing States, least developed countries and all countries",http://metadata.un.org/sdg/ontology#Indicator|http://www.w3.org/2004/02/skos/core#Concept,http://data.europa.eu/sdg/14.7,,http://data.europa.eu/sdg/14,"[""Sustainable fisheries as a proportion of GDP in small island developing States, least developed countries and all countries""]"
http://data.europa.eu/sdg/C140a01,C140a01,Proportion of total research budget allocated to research in the field of marine technology,http://metadata.un.org/sdg/ontology#Indicator|http://www.w3.org/2004/02/skos/core#Concept,http://data.europa.eu/sdg/14.a,http://data.europa.eu/sdg/ER_RDE_OSEX,http://data.europa.eu/sdg/14,"[""Proportion of total research budget allocated to research in the field of marine technology""]"
http://data.europa.eu/sdg/C140b01,C140b01,Degree of application of a legal/regulatory/ policy/institutional framework which recognizes and protects access rights for small-scale fisheries,http://metadata.un.org/sdg/ontology#Indicator|http://www.w3.org/2004/02/skos/core#Concept,http://data.europa.eu/sdg/14.b,http://data.europa.eu/sdg/ER_REG_SSFRAR,http://data.europa.eu/sdg/14,"[""Degree of application of a legal/regulatory/ policy/institutional framework which recognizes and protects access rights for small-scale fisheries""]"
http://data.europa.eu/sdg/C140c01,C140c01,"Number of countries making progress in ratifying, accepting and implementing through legal, policy and institutional frameworks, ocean-related instruments that implement international law, as reflected in the United Nations Convention on the Law of the Sea, for the conservation and sustainable use of the oceans and their resources",http://metadata.un.org/sdg/ontology#Indicator|http://www.w3.org/2004/02/skos/core#Concept,http://data.europa.eu/sdg/14.c,,http://data.europa.eu/sdg/14,"[""Number of countries making progress in ratifying, accepting and implementing through legal, policy and institutional frameworks, ocean-related instruments that implement international law, as reflected in the United Nations Convention on the Law of the Sea, for the conservation and sustainable use of the oceans and their resources""]"
http://data.europa.eu/sdg/C150101,C150101,Forest area as a proportion of total land area,http://metadata.un.org/sdg/ontology#Indicator|http://www.w3.org/2004/02/skos/core#Concept,http://data.europa.eu/sdg/15.1,http://data.europa.eu/sdg/AG_LND_FRST|http://data.europa.eu/sdg/AG_LND_FRSTN|http://data.europa.eu/sdg/AG_LND_TOTL,http://data.europa.eu/sdg/15,"[""Forest area as a proportion of total land area""]"
http://data.europa.eu/sdg/C150102,C150102,"Proportion of important sites for terrestrial and freshwater biodiversity that are covered by protected areas, by ecosystem type",http://metadata.un.org/sdg/ontology#Indicator|http://www.w3.org/2004/02/skos/core#Concept,http://data.europa.eu/sdg/15.1,http://data.europa.eu/sdg/ER_PTD_FRWRT|http://data.europa.eu/sdg/ER_PTD_TERRS,http://data.europa.eu/sdg/15,"[""Proportion of important sites for terrestrial and freshwater biodiversity that are covered by protected areas, by ecosystem type""]"
http://data.europa.eu/sdg/C150201,C150201,Progress towards sustainable forest management,http://metadata.un.org/sdg/ontology#Indicator|http://www.w3.org/2004/02/skos/core#Concept,http://data.europa.eu/sdg/15.2,http://data.europa.eu/sdg/AG_LND_FRSTBIOPHA|http://data.europa.eu/sdg/AG_LND_FRSTCERT|http://data.europa.eu/sdg/AG_LND_FRSTCHG|http://data.europa.eu/sdg/AG_LND_FRSTMGT|http://data.europa.eu/sdg/AG_LND_FRSTPRCT,http://data.europa.eu/sdg/15,"[""Progress towards sustainable forest management""]"
http://data.europa.eu/sdg/C150301,C150301,Proportion of land that is degraded over total land area,http://metadata.un.org/sdg/ontology#Indicator|http://www.w3.org/2004/02/skos/core#Concept,http://data.europa.eu/sdg/15.3,http://data.europa.eu/sdg/AG_LND_DGRD,http://data.europa.eu/sdg/15,"[""Proportion of land that is degraded over total land area""]"
http://data.europa.eu/sdg/C150401,C150401,Coverage by protected areas of important sites for mountain biodiversity,http://metadata.un.org/sdg/ontology#Indicator|http://www.w3.org/2004/02/skos/core#Concept,http://data.europa.eu/sdg/15.4,http://data.europa.eu/sdg/ER_PTD_MOTN,http://data.europa.eu/sdg/15,"[""Coverage by protected areas of important sites for mountain biodiversity""]"
http://data.europa.eu/sdg/C150402,C150402,Mountain Green Cover Index,http://metadata.un.org/sdg/ontology#Indicator|http://www.w3.org/2004/02/skos/core#Concept,http://data.europa.eu/sdg/15.4,http://data.europa.eu/sdg/ER_MTN_GRNCOV|http://data.europa.eu/sdg/ER_MTN_GRNCVI|http://data.europa.eu/sdg/ER_MTN_TOTL,http://data.europa.eu/sdg/15,"[""Mountain Green Cover Index""]"
http://data.europa.eu/sdg/C150501,C150501,Red List Index,http://metadata.un.org/sdg/ontology#Indicator|http://www.w3.org/2004/02/skos/core#Concept,http://data.europa.eu/sdg/15.5,http://data.europa.eu/sdg/ER_RSK_LSTI,http://data.europa.eu/sdg/15,"[""Red List Index""]"
http://data.europa.eu/sdg/C150601,C150601,"Number of countries that have adopted legislative, administrative and policy frameworks to ensure fair and equitable sharing of benefits",http://metadata.un.org/sdg/ontology#Indicator|http://www.w3.org/2004/02/skos/core#Concept,http://data.europa.eu/sdg/15.6,http://data.europa.eu/sdg/ER_CBD_ABSCLRHS|http://data.europa.eu/sdg/ER_CBD_NAGOYA|http://data.europa.eu/sdg/ER_CBD_ORSPGRFA|http://data.europa.eu/sdg/ER_CBD_PTYPGRFA|http://data.europa.eu/sdg/ER_CBD_SMTA,http://data.europa.eu/sdg/15,"[""Number of countries that have adopted legislative, administrative and policy frameworks to ensure fair and equitable sharing of benefits""]"
http://data.europa.eu/sdg/C150801,C150801,Proportion of countries adopting relevant national legislation and adequately resourcing the prevention or control of invasive alien species,http://metadata.un.org/sdg/ontology#Indicator|http://www.w3.org/2004/02/skos/core#Concept,http://data.europa.eu/sdg/15.8,,http://data.europa.eu/sdg/15,"[""Proportion of countries adopting relevant national legislation and adequately resourcing the prevention or control of invasive alien species""]"
http://data.europa.eu/sdg/C150901,C150901,Progress towards national targets established in accordance with Aichi Biodiversity Target 2 of the Strategic Plan for Biodiversity 2011–2020,http://metadata.un.org/sdg/ontology#Indicator|http://www.w3.org/2004/02/skos/core#Concept,http://data.europa.eu/sdg/15.9,,http://data.europa.eu/sdg/15,"[""Progress towards national targets established in accordance with Aichi Biodiversity Target 2 of the Strategic Plan for Biodiversity 2011–2020""]"
http://data.europa.eu/sdg/C160101,C160101,"Number of victims of intentional homicide per 100,000 population, by sex and age",http://metadata.un.org/sdg/ontology#Indicator|http://www.w3.org/2004/02/skos/core#Concept,http://data.europa.eu/sdg/16.1,http://data.europa.eu/sdg/VC_IHR_PSRC|http://data.europa.eu/sdg/VC_IHR_PSRCN,http://data.europa.eu/sdg/16,"[""Number of victims of intentional homicide per 100,000 population, by sex and age""]"
http://data.europa.eu/sdg/C160102,C160102,"Conflict-related deaths per 100,000 population, by sex, age and cause",http://metadata.un.org/sdg/ontology#Indicator|http://www.w3.org/2004/02/skos/core#Concept,http://data.europa.eu/sdg/16.1,,http://data.europa.eu/sdg/16,"[""Conflict-related deaths per 100,000 population, by sex, age and cause""]"
http://data.europa.eu/sdg/C160103,C160103,"Proportion of population subjected to (a) physical violence, (b) psychological violence and (c) sexual violence in the previous 12 months",http://metadata.un.org/sdg/ontology#Indicator|http://www.w3.org/2004/02/skos/core#Concept,http://data.europa.eu/sdg/16.1,http://data.europa.eu/sdg/VC_VOV_PHYL|http://data.europa.eu/sdg/VC_VOV_ROBB|http://data.europa.eu/sdg/VC_VOV_SEXL,http://data.europa.eu/sdg/16,"[""Proportion of population subjected to (a) physical violence, (b) psychological violence and (c) sexual violence in the previous 12 months""]"
http://data.europa.eu/sdg/C160104,C160104,Proportion of population that feel safe walking alone around the area they live,http://metadata.un.org/sdg/ontology#Indicator|http://www.w3.org/2004/02/skos/core#Concept,http://data.europa.eu/sdg/16.1,http://data.europa.eu/sdg/VC_SNS_WALN,http://data.europa.eu/sdg/16,"[""Proportion of population that feel safe walking alone around the area they live""]"
http://data.europa.eu/sdg/C160201,C160201,Proportion of children aged 1–17 years who experienced any physical punishment and/or psychological aggression by caregivers in the past month,http://metadata.un.org/sdg/ontology#Indicator|http://www.w3.org/2004/02/skos/core#Concept,http://data.europa.eu/sdg/16.2,http://data.europa.eu/sdg/VC_VAW_PHYPYV,http://data.europa.eu/sdg/16,"[""Proportion of children aged 1–17 years who experienced any physical punishment and/or psychological aggression by caregivers in the past month""]"
http://data.europa.eu/sdg/C160202,C160202,"Number of victims of human trafficking per 100,000 population, by sex, age and form of exploitation",http://metadata.un.org/sdg/ontology#Indicator|http://www.w3.org/2004/02/skos/core#Concept,http://data.europa.eu/sdg/16.2,http://data.europa.eu/sdg/VC_HTF_DETV|http://data.europa.eu/sdg/VC_HTF_DETVFL|http://data.europa.eu/sdg/VC_HTF_DETVOG|http://data.europa.eu/sdg/VC_HTF_DETVOP|http://data.europa.eu/sdg/VC_HTF_DETVSX,http://data.europa.eu/sdg/16,"[""Number of victims of human trafficking per 100,000 population, by sex, age and form of exploitation""]"
http://data.europa.eu/sdg/C160203,C160203,Proportion of young women and men aged 18–29 years who experienced sexual violence by age 18,http://metadata.un.org/sdg/ontology#Indicator|http://www.w3.org/2004/02/skos/core#Concept,http://data.europa.eu/sdg/16.2,http://data.europa.eu/sdg/VC_VAW_SXVLN,http://data.europa.eu/sdg/16,"[""Proportion of young women and men aged 18–29 years who experienced sexual violence by age 18""]"
http://data.europa.eu/sdg/C160301,C160301,Proportion of victims of violence in the previous 12 months who reported their victimization to competent authorities or other officially recognized conflict resolution mechanisms,http://metadata.un.org/sdg/ontology#Indicator|http://www.w3.org/2004/02/skos/core#Concept,http://data.europa.eu/sdg/16.3,http://data.europa.eu/sdg/VC_PRR_PHYV|http://data.europa.eu/sdg/VC_PRR_ROBB|http://data.europa.eu/sdg/VC_PRR_SEXV,http://data.europa.eu/sdg/16,"[""Proportion of victims of violence in the previous 12 months who reported their victimization to competent authorities or other officially recognized conflict resolution mechanisms""]"
http://data.europa.eu/sdg/C160302,C160302,Unsentenced detainees as a proportion of overall prison population,http://metadata.un.org/sdg/ontology#Indicator|http://www.w3.org/2004/02/skos/core#Concept,http://data.europa.eu/sdg/16.3,http://data.europa.eu/sdg/VC_PRS_UNSEC,http://data.europa.eu/sdg/16,"[""Unsentenced detainees as a proportion of overall prison population""]"
http://data.europa.eu/sdg/C160401,C160401,Total value of inward and outward illicit financial flows (in current United States dollars),http://metadata.un.org/sdg/ontology#Indicator|http://www.w3.org/2004/02/skos/core#Concept,http://data.europa.eu/sdg/16.4,,http://data.europa.eu/sdg/16,"[""Total value of inward and outward illicit financial flows (in current United States dollars)""]"
http://data.europa.eu/sdg/C160402,C160402,"Proportion of seized, found or surrendered arms whose illicit origin or context has been traced or established by a competent authority in line with international instruments",http://metadata.un.org/sdg/ontology#Indicator|http://www.w3.org/2004/02/skos/core#Concept,http://data.europa.eu/sdg/16.4,,http://data.europa.eu/sdg/16,"[""Proportion of seized, found or surrendered arms whose illicit origin or context has been traced or established by a competent authority in line with international instruments""]"
http://data.europa.eu/sdg/C160501,C160501,"Proportion of persons who had at least one contact with a public official and who paid a bribe to a public official, or were asked for a bribe by those public officials, during the previous 12 months",http://metadata.un.org/sdg/ontology#Indicator|http://www.w3.org/2004/02/skos/core#Concept,http://data.europa.eu/sdg/16.5,http://data.europa.eu/sdg/IU_COR_BRIB,http://data.europa.eu/sdg/16,"[""Proportion of persons who had at least one contact with a public official and who paid a bribe to a public official, or were asked for a bribe by those public officials, during the previous 12 months""]"
http://data.europa.eu/sdg/C160502,C160502,"Proportion of businesses that had at least one contact with a public official and that paid a bribe to a public official, or were asked for a bribe by those public officials during the previous 12 months",http://metadata.un.org/sdg/ontology#Indicator|http://www.w3.org/2004/02/skos/core#Concept,http://data.europa.eu/sdg/16.5,http://data.europa.eu/sdg/IC_FRM_BRIB,http://data.europa.eu/sdg/16,"[""Proportion of businesses that had at least one contact with a public official and that paid a bribe to a public official, or were asked for a bribe by those public officials during the previous 12 months""]"
http://data.europa.eu/sdg/C160601,C160601,"Primary government expenditures as a proportion of original approved budget, by sector (or by budget codes or similar)",http://metadata.un.org/sdg/ontology#Indicator|http://www.w3.org/2004/02/skos/core#Concept,http://data.europa.eu/sdg/16.6,http://data.europa.eu/sdg/GF_XPD_GBPC,http://data.europa.eu/sdg/16,"[""Primary government expenditures as a proportion of original approved budget, by sector (or by budget codes or similar)""]"
http://data.europa.eu/sdg/C160602,C160602,Proportion of population satisfied with their last experience of public services,http://metadata.un.org/sdg/ontology#Indicator|http://www.w3.org/2004/02/skos/core#Concept,http://data.europa.eu/sdg/16.6,,http://data.europa.eu/sdg/16,"[""Proportion of population satisfied with their last experience of public services""]"
http://data.europa.eu/sdg/C160701,C160701,"Proportions of positions in national and local institutions, including (a) the legislatures; (b) the public service; and (c) the judiciary, compared to national distributions, by sex, age, persons with disabilities and population groups",http://metadata.un.org/sdg/ontology#Indicator|http://www.w3.org/2004/02/skos/core#Concept,http://data.europa.eu/sdg/16.7,,http://data.europa.eu/sdg/16,"[""Proportions of positions in national and local institutions, including (a) the legislatures; (b) the public service; and (c) the judiciary, compared to national distributions, by sex, age, persons with disabilities and population groups""]"
http://data.europa.eu/sdg/C160702,C160702,"Proportion of population who believe decision-making is inclusive and responsive, by sex, age, disability and population group",http://metadata.un.org/sdg/ontology#Indicator|http://www.w3.org/2004/02/skos/core#Concept,http://data.europa.eu/sdg/16.7,,http://data.europa.eu/sdg/16,"[""Proportion of population who believe decision-making is inclusive and responsive, by sex, age, disability and population group""]"
http://data.europa.eu/sdg/C160901,C160901,"Proportion of children under 5 years of age whose births have been registered with a civil authority, by age",http://metadata.un.org/sdg/ontology#Indicator|http://www.w3.org/2004/02/skos/core#Concept,http://data.europa.eu/sdg/16.9,http://data.europa.eu/sdg/SG_REG_BRTH,http://data.europa.eu/sdg/16,"[""Proportion of children under 5 years of age whose births have been registered with a civil authority, by age""]"
http://data.europa.eu/sdg/C160a01,C160a01,Existence of independent national human rights institutions in compliance with the Paris Principles,http://metadata.un.org/sdg/ontology#Indicator|http://www.w3.org/2004/02/skos/core#Concept,http://data.europa.eu/sdg/16.a,http://data.europa.eu/sdg/SG_NHR_IMPL|http://data.europa.eu/sdg/SG_NHR_IMPLN|http://data.europa.eu/sdg/SG_NHR_INTEXST|http://data.europa.eu/sdg/SG_NHR_INTEXSTN|http://data.europa.eu/sdg/SG_NHR_NOAPPLN|http://data.europa.eu/sdg/SG_NHR_NOSTUSN,http://data.europa.eu/sdg/16,"[""Existence of independent national human rights institutions in compliance with the Paris Principles""]"
http://data.europa.eu/sdg/C161001,C161001,"Number of verified cases of killing, kidnapping, enforced disappearance, arbitrary detention and torture of journalists, associated media personnel, trade unionists and human rights advocates in the previous 12 months",http://metadata.un.org/sdg/ontology#Indicator|http://www.w3.org/2004/02/skos/core#Concept,http://data.europa.eu/sdg/16.10,http://data.europa.eu/sdg/VC_VAW_MTUHRA,http://data.europa.eu/sdg/16,"[""Number of verified cases of killing, kidnapping, enforced disappearance, arbitrary detention and torture of journalists, associated media personnel, trade unionists and human rights advocates in the previous 12 months""]"
http://data.europa.eu/sdg/C161002,C161002,"Number of countries that adopt and implement constitutional, statutory and/or policy guarantees for public access to information",http://metadata.un.org/sdg/ontology#Indicator|http://www.w3.org/2004/02/skos/core#Concept,http://data.europa.eu/sdg/16.10,http://data.europa.eu/sdg/SG_INF_ACCSS,http://data.europa.eu/sdg/16,"[""Number of countries that adopt and implement constitutional, statutory and/or policy guarantees for public access to information""]"
http://data.europa.eu/sdg/C170101,C170101,"Total government revenue as a proportion of GDP, by source",http://metadata.un.org/sdg/ontology#Indicator|http://www.w3.org/2004/02/skos/core#Concept,http://data.europa.eu/sdg/17.1,http://data.europa.eu/sdg/GR_G14_GDP,http://data.europa.eu/sdg/17,"[""Total government revenue as a proportion of GDP, by source""]"
http://data.europa.eu/sdg/C170102,C170102,Proportion of domestic budget funded by domestic taxes,http://metadata.un.org/sdg/ontology#Indicator|http://www.w3.org/2004/02/skos/core#Concept,http://data.europa.eu/sdg/17.1,http://data.europa.eu/sdg/GC_GOB_TAXD,http://data.europa.eu/sdg/17,"[""Proportion of domestic budget funded by domestic taxes""]"
http://data.europa.eu/sdg/C170201,C170201,"Net official development assistance, total and to least developed countries, as a proportion of the Organization for Economic Cooperation and Development (OECD) Development Assistance Committee donors’ gross national income (GNI)",http://metadata.un.org/sdg/ontology#Indicator|http://www.w3.org/2004/02/skos/core#Concept,http://data.europa.eu/sdg/17.2,http://data.europa.eu/sdg/DC_ODA_LDCG|http://data.europa.eu/sdg/DC_ODA_LDCS|http://data.europa.eu/sdg/DC_ODA_LLDC|http://data.europa.eu/sdg/DC_ODA_LLDCG|http://data.europa.eu/sdg/DC_ODA_SIDS|http://data.europa.eu/sdg/DC_ODA_SIDSG|http://data.europa.eu/sdg/DC_ODA_TOTG|http://data.europa.eu/sdg/DC_ODA_TOTGGE|http://data.europa.eu/sdg/DC_ODA_TOTL|http://data.europa.eu/sdg/DC_ODA_TOTLGE,http://data.europa.eu/sdg/17,"[""Net official development assistance, total and to least developed countries, as a proportion of the Organization for Economic Cooperation and Development (OECD) Development Assistance Committee donors’ gross national income (GNI)""]"
http://data.europa.eu/sdg/C170301,C170301,"Foreign direct investment (FDI), official development assistance and South-South cooperation as a proportion of total domestic budget",http://metadata.un.org/sdg/ontology#Indicator|http://www.w3.org/2004/02/skos/core#Concept,http://data.europa.eu/sdg/17.3,,http://data.europa.eu/sdg/17,"[""Foreign direct investment (FDI), official development assistance and South-South cooperation as a proportion of total domestic budget""]"
http://data.europa.eu/sdg/C170302,C170302,Volume of remittances (in United States dollars) as a proportion of total GDP,http://metadata.un.org/sdg/ontology#Indicator|http://www.w3.org/2004/02/skos/core#Concept,http://data.europa.eu/sdg/17.3,http://data.europa.eu/sdg/BX_TRF_PWKR,http://data.europa.eu/sdg/17,"[""Volume of remittances (in United States dollars) as a proportion of total GDP""]"
http://data.europa.eu/sdg/C170401,C170401,Debt service as a proportion of exports of goods and services,http://metadata.un.org/sdg/ontology#Indicator|http://www.w3.org/2004/02/skos/core#Concept,http://data.europa.eu/sdg/17.4,http://data.europa.eu/sdg/DT_TDS_DECT,http://data.europa.eu/sdg/17,"[""Debt service as a proportion of exports of goods and services""]"
http://data.europa.eu/sdg/C170501,C170501,Number of countries that adopt and implement investment promotion regimes for least developed countries,http://metadata.un.org/sdg/ontology#Indicator|http://www.w3.org/2004/02/skos/core#Concept,http://data.europa.eu/sdg/17.5,,http://data.europa.eu/sdg/17,"[""Number of countries that adopt and implement investment promotion regimes for least developed countries""]"
http://data.europa.eu/sdg/C170601,C170601,"Number of science and/or technology cooperation agreements and programmes between countries, by type of cooperation",http://metadata.un.org/sdg/ontology#Indicator|http://www.w3.org/2004/02/skos/core#Concept,http://data.europa.eu/sdg/17.6,,http://data.europa.eu/sdg/17,"[""Number of science and/or technology cooperation agreements and programmes between countries, by type of cooperation""]"
http://data.europa.eu/sdg/C170602,C170602,"Fixed Internet broadband subscriptions per 100 inhabitants, by speed",http://metadata.un.org/sdg/ontology#Indicator|http://www.w3.org/2004/02/skos/core#Concept,http://data.europa.eu/sdg/17.6,http://data.europa.eu/sdg/IT_NET_BBN|http://data.europa.eu/sdg/IT_NET_BBP,http://data.europa.eu/sdg/17,"[""Fixed Internet broadband subscriptions per 100 inhabitants, by speed""]"
http://data.europa.eu/sdg/C170701,C170701,"Total amount of approved funding for developing countries to promote the development, transfer, dissemination and diffusion of environmentally sound technologies",http://metadata.un.org/sdg/ontology#Indicator|http://www.w3.org/2004/02/skos/core#Concept,http://data.europa.eu/sdg/17.7,,http://data.europa.eu/sdg/17,"[""Total amount of approved funding for developing countries to promote the development, transfer, dissemination and diffusion of environmentally sound technologies""]"
http://data.europa.eu/sdg/C170801,C170801,Proportion of individuals using the Internet,http://metadata.un.org/sdg/ontology#Indicator|http://www.w3.org/2004/02/skos/core#Concept,http://data.europa.eu/sdg/17.8,http://data.europa.eu/sdg/IT_USE_ii99,http://data.europa.eu/sdg/17,"[""Proportion of individuals using the Internet""]"
http://data.europa.eu/sdg/C170901,C170901,"Dollar value of financial and technical assistance (including through North-South, South‑South and triangular cooperation) committed to developing countries",http://metadata.un.org/sdg/ontology#Indicator|http://www.w3.org/2004/02/skos/core#Concept,http://data.europa.eu/sdg/17.9,http://data.europa.eu/sdg/DC_FTA_TOTAL,http://data.europa.eu/sdg/17,"[""Dollar value of financial and technical assistance (including through North-South, South‑South and triangular cooperation) committed to developing countries""]"
http://data.europa.eu/sdg/C171001,C171001,Worldwide weighted tariff-average,http://metadata.un.org/sdg/ontology#Indicator|http://www.w3.org/2004/02/skos/core#Concept,http://data.europa.eu/sdg/17.10,http://data.europa.eu/sdg/TM_TAX_WWTAV,http://data.europa.eu/sdg/17,"[""Worldwide weighted tariff-average""]"
http://data.europa.eu/sdg/C171101,C171101,Developing countries’ and least developed countries’ share of global exports,http://metadata.un.org/sdg/ontology#Indicator|http://www.w3.org/2004/02/skos/core#Concept,http://data.europa.eu/sdg/17.11,http://data.europa.eu/sdg/TX_EXP_GBMRCH|http://data.europa.eu/sdg/TX_EXP_GBSVR|http://data.europa.eu/sdg/TX_IMP_GBMRCH|http://data.europa.eu/sdg/TX_IMP_GBSVR,http://data.europa.eu/sdg/17,"[""Developing countries’ and least developed countries’ share of global exports""]"
http://data.europa.eu/sdg/C171201,C171201,"Average tariffs faced by developing countries, least developed countries and small island developing States",http://metadata.un.org/sdg/ontology#Indicator|http://www.w3.org/2004/02/skos/core#Concept,http://data.europa.eu/sdg/17.12,http://data.europa.eu/sdg/TM_TAX_ATRFD,http://data.europa.eu/sdg/17,"[""Average tariffs faced by developing countries, least developed countries and small island developing States""]"
http://data.europa.eu/sdg/C171301,C171301,Macroeconomic Dashboard,http://metadata.un.org/sdg/ontology#Indicator|http://www.w3.org/2004/02/skos/core#Concept,http://data.europa.eu/sdg/17.13,,http://data.europa.eu/sdg/17,"[""Macroeconomic Dashboard""]"
http://data.europa.eu/sdg/C171401,C171401,Number of countries with mechanisms in place to enhance policy coherence of sustainable development,http://metadata.un.org/sdg/ontology#Indicator|http://www.w3.org/2004/02/skos/core#Concept,http://data.europa.eu/sdg/17.14,,http://data.europa.eu/sdg/17,"[""Number of countries with mechanisms in place to enhance policy coherence of sustainable development""]"
http://data.europa.eu/sdg/C171501,C171501,Extent of use of country-owned results frameworks and planning tools by providers of development cooperation,http://metadata.un.org/sdg/ontology#Indicator|http://www.w3.org/2004/02/skos/core#Concept,http://data.europa.eu/sdg/17.15,http://data.europa.eu/sdg/SG_PLN_PRPOLRES|http://data.europa.eu/sdg/SG_PLN_PRVNDI|http://data.europa.eu/sdg/SG_PLN_PRVRICTRY|http://data.europa.eu/sdg/SG_PLN_PRVRIMON|http://data.europa.eu/sdg/SG_PLN_RECNDI|http://data.europa.eu/sdg/SG_PLN_RECRICTRY|http://data.europa.eu/sdg/SG_PLN_RECRIMON|http://data.europa.eu/sdg/SG_PLN_REPOLRES,http://data.europa.eu/sdg/17,"[""Extent of use of country-owned results frameworks and planning tools by providers of development cooperation""]"
http://data.europa.eu/sdg/C171601,C171601,Number of countries reporting progress in multi-stakeholder development effectiveness monitoring frameworks that support the achievement of the sustainable development goals,http://metadata.un.org/sdg/ontology#Indicator|http://www.w3.org/2004/02/skos/core#Concept,http://data.europa.eu/sdg/17.16,http://data.europa.eu/sdg/SG_PLN_MSTKSDG,http://data.europa.eu/sdg/17,"[""Number of countries reporting progress in multi-stakeholder development effectiveness monitoring frameworks that support the achievement of the sustainable development goals""]"
http://data.europa.eu/sdg/C171701,C171701,Amount of United States dollars committed to (a) public-private partnerships and (b) civil society partnerships,http://metadata.un.org/sdg/ontology#Indicator|http://www.w3.org/2004/02/skos/core#Concept,http://data.europa.eu/sdg/17.17,,http://data.europa.eu/sdg/17,"[""Amount of United States dollars committed to (a) public-private partnerships and (b) civil society partnerships""]"
http://data.europa.eu/sdg/C171801,C171801,"Proportion of sustainable development indicators produced at the national level with full disaggregation when relevant to the target, in accordance with the Fundamental Principles of Official Statistics",http://metadata.un.org/sdg/ontology#Indicator|http://www.w3.org/2004/02/skos/core#Concept,http://data.europa.eu/sdg/17.18,,http://data.europa.eu/sdg/17,"[""Proportion of sustainable development indicators produced at the national level with full disaggregation when relevant to the target, in accordance with the Fundamental Principles of Official Statistics""]"
http://data.europa.eu/sdg/C171802,C171802,Number of countries that have national statistical legislation that complies with the Fundamental Principles of Official Statistics,http://metadata.un.org/sdg/ontology#Indicator|http://www.w3.org/2004/02/skos/core#Concept,http://data.europa.eu/sdg/17.18,http://data.europa.eu/sdg/SG_STT_FPOS,http://data.europa.eu/sdg/17,"[""Number of countries that have national statistical legislation that complies with the Fundamental Principles of Official Statistics""]"
http://data.europa.eu/sdg/C171803,C171803,"Number of countries with a national statistical plan that is fully funded and under implementation, by source of funding",http://metadata.un.org/sdg/ontology#Indicator|http://www.w3.org/2004/02/skos/core#Concept,http://data.europa.eu/sdg/17.18,http://data.europa.eu/sdg/SG_STT_NSDSFDDNR|http://data.europa.eu/sdg/SG_STT_NSDSFDGVT|http://data.europa.eu/sdg/SG_STT_NSDSFDOTHR|http://data.europa.eu/sdg/SG_STT_NSDSFND|http://data.europa.eu/sdg/SG_STT_NSDSIMPL,http://data.europa.eu/sdg/17,"[""Number of countries with a national statistical plan that is fully funded and under implementation, by source of funding""]"
http://data.europa.eu/sdg/C171901,C171901,Dollar value of all resources made available to strengthen statistical capacity in developing countries,http://metadata.un.org/sdg/ontology#Indicator|http://www.w3.org/2004/02/skos/core#Concept,http://data.europa.eu/sdg/17.19,http://data.europa.eu/sdg/SG_STT_CAPTY,http://data.europa.eu/sdg/17,"[""Dollar value of all resources made available to strengthen statistical capacity in developing countries""]"
http://data.europa.eu/sdg/C171902,C171902,Proportion of countries that (a) have conducted at least one population and housing census in the last 10 years; and (b) have achieved 100 per cent birth registration and 80 per cent death registration,http://metadata.un.org/sdg/ontology#Indicator|http://www.w3.org/2004/02/skos/core#Concept,http://data.europa.eu/sdg/17.19,http://data.europa.eu/sdg/SG_REG_BRTH90|http://data.europa.eu/sdg/SG_REG_BRTH90N|http://data.europa.eu/sdg/SG_REG_CENSUS|http://data.europa.eu/sdg/SG_REG_CENSUSN|http://data.europa.eu/sdg/SG_REG_DETH75|http://data.europa.eu/sdg/SG_REG_DETH75N,http://data.europa.eu/sdg/17,"[""Proportion of countries that (a) have conducted at least one population and housing census in the last 10 years; and (b) have achieved 100 per cent birth registration and 80 per cent death registration""]"
http://data.europa.eu/sdg/C200202,C200202,"Material footprint, material footprint per capita, and material footprint per GDP",http://metadata.un.org/sdg/ontology#Indicator|http://www.w3.org/2004/02/skos/core#Concept,http://data.europa.eu/sdg/12.2|http://data.europa.eu/sdg/8.4,http://data.europa.eu/sdg/EN_MAT_FTPRPC|http://data.europa.eu/sdg/EN_MAT_FTPRPG|http://data.europa.eu/sdg/EN_MAT_FTPRTN,http://data.europa.eu/sdg/12|http://data.europa.eu/sdg/8,"[""Material footprint, material footprint per capita, and material footprint per GDP""]"
http://data.europa.eu/sdg/C200203,C200203,"Domestic material consumption, domestic material consumption per capita,  and domestic material consumption per GDP",http://metadata.un.org/sdg/ontology#Indicator|http://www.w3.org/2004/02/skos/core#Concept,http://data.europa.eu/sdg/12.2|http://data.europa.eu/sdg/8.4,http://data.europa.eu/sdg/EN_MAT_DOMCMPC|http://data.europa.eu/sdg/EN_MAT_DOMCMPG|http://data.europa.eu/sdg/EN_MAT_DOMCMPT,http://data.europa.eu/sdg/12|http://data.europa.eu/sdg/8,"[""Domestic material consumption, domestic material consumption per capita,  and domestic material consumption per GDP""]"
http://data.europa.eu/sdg/C200204,C200204,Proportion of population reporting having personally felt discriminated against or harassed in the previous 12 months on the basis of a ground of discrimination prohibited under international human rights law,http://metadata.un.org/sdg/ontology#Indicator|http://www.w3.org/2004/02/skos/core#Concept,http://data.europa.eu/sdg/10.3|http://data.europa.eu/sdg/16.b,,http://data.europa.eu/sdg/10|http://data.europa.eu/sdg/16,"[""Proportion of population reporting having personally felt discriminated against or harassed in the previous 12 months on the basis of a ground of discrimination prohibited under international human rights law""]"
http://data.europa.eu/sdg/C200205,C200205,Proportion of members and voting rights of developing countries in international organizations,http://metadata.un.org/sdg/ontology#Indicator|http://www.w3.org/2004/02/skos/core#Concept,http://data.europa.eu/sdg/10.6|http://data.europa.eu/sdg/16.8,http://data.europa.eu/sdg/SG_INT_MBRDEV|http://data.europa.eu/sdg/SG_INT_VRTDEV,http://data.europa.eu/sdg/10|http://data.europa.eu/sdg/16,"[""Proportion of members and voting rights of developing countries in international organizations""]"
http://data.europa.eu/sdg/C200206,C200206,Proportion of traded wildlife that was poached or illicitly trafficked,http://metadata.un.org/sdg/ontology#Indicator|http://www.w3.org/2004/02/skos/core#Concept,http://data.europa.eu/sdg/15.7|http://data.europa.eu/sdg/15.c,,http://data.europa.eu/sdg/15,"[""Proportion of traded wildlife that was poached or illicitly trafficked""]"
http://data.europa.eu/sdg/C200207,C200207,Official development assistance and public expenditure on conservation and sustainable use of biodiversity and ecosystems,http://metadata.un.org/sdg/ontology#Indicator|http://www.w3.org/2004/02/skos/core#Concept,http://data.europa.eu/sdg/15.a|http://data.europa.eu/sdg/15.b,http://data.europa.eu/sdg/DC_ODA_BDVDL|http://data.europa.eu/sdg/DC_ODA_BDVL,http://data.europa.eu/sdg/15,"[""Official development assistance and public expenditure on conservation and sustainable use of biodiversity and ecosystems""]"
http://data.europa.eu/sdg/C200303,C200303,"Number of deaths, missing persons and directly affected persons attributed to disasters per 100,000 population",http://metadata.un.org/sdg/ontology#Indicator|http://www.w3.org/2004/02/skos/core#Concept,http://data.europa.eu/sdg/1.5|http://data.europa.eu/sdg/11.5|http://data.europa.eu/sdg/13.1,http://data.europa.eu/sdg/VC_DSR_AFFCT|http://data.europa.eu/sdg/VC_DSR_DAFF|http://data.europa.eu/sdg/VC_DSR_DDHN|http://data.europa.eu/sdg/VC_DSR_DYHN|http://data.europa.eu/sdg/VC_DSR_IJILN|http://data.europa.eu/sdg/VC_DSR_MISS|http://data.europa.eu/sdg/VC_DSR_MMHN|http://data.europa.eu/sdg/VC_DSR_MORT|http://data.europa.eu/sdg/VC_DSR_MTMN|http://data.europa.eu/sdg/VC_DSR_MTMP|http://data.europa.eu/sdg/VC_DSR_PDAN|http://data.europa.eu/sdg/VC_DSR_PDLN|http://data.europa.eu/sdg/VC_DSR_PDYN,http://data.europa.eu/sdg/1|http://data.europa.eu/sdg/11|http://data.europa.eu/sdg/13,"[""Number of deaths, missing persons and directly affected persons attributed to disasters per 100,000 population""]"
http://data.europa.eu/sdg/C200304,C200304,Number of countries that adopt and implement national disaster risk reduction strategies in line with the Sendai Framework for Disaster Risk Reduction 2015–2030,http://metadata.un.org/sdg/ontology#Indicator|http://www.w3.org/2004/02/skos/core#Concept,http://data.europa.eu/sdg/1.5|http://data.europa.eu/sdg/11.b|http://data.europa.eu/sdg/13.1,http://data.europa.eu/sdg/SG_DSR_LGRGSR,http://data.europa.eu/sdg/1|http://data.europa.eu/sdg/11|http://data.europa.eu/sdg/13,"[""Number of countries that adopt and implement national disaster risk reduction strategies in line with the Sendai Framework for Disaster Risk Reduction 2015–2030""]"
http://data.europa.eu/sdg/C200305,C200305,Proportion of local governments that adopt and implement local disaster risk reduction strategies in line with national disaster risk reduction strategies,http://metadata.un.org/sdg/ontology#Indicator|http://www.w3.org/2004/02/skos/core#Concept,http://data.europa.eu/sdg/1.5|http://data.europa.eu/sdg/11.b|http://data.europa.eu/sdg/13.1,http://data.europa.eu/sdg/SG_DSR_SILN|http://data.europa.eu/sdg/SG_DSR_SILS|http://data.europa.eu/sdg/SG_GOV_LOGV,http://data.europa.eu/sdg/1|http://data.europa.eu/sdg/11|http://data.europa.eu/sdg/13,"[""Proportion of local governments that adopt and implement local disaster risk reduction strategies in line with national disaster risk reduction strategies""]"
http://data.europa.eu/sdg/DC_FTA_TOTAL,DC_FTA_TOTAL,Total official development assistance (gross disbursement) for technical cooperation (millions of 2017 United States dollars),http://metadata.un.org/sdg/ontology#Series|http://www.w3.org/2004/02/skos/core#Concept,http://data.europa.eu/sdg/C170901,,http://data.europa.eu/sdg/17,"[""Total official development assistance (gross disbursement) for technical cooperation (millions of 2017 United States dollars)""]"
http://data.europa.eu/sdg/DC_ODA_BDVDL,DC_ODA_BDVDL,"Total official development assistance for biodiversity, by donor countries (millions of constant 2017 United States dollars)",http://metadata.un.org/sdg/ontology#Series|http://www.w3.org/2004/02/skos/core#Concept,http://data.europa.eu/sdg/C200207,,http://data.europa.eu/sdg/15,"[""Total official development assistance for biodiversity, by donor countries (millions of constant 2017 United States dollars)""]"
http://data.europa.eu/sdg/DC_ODA_BDVL,DC_ODA_BDVL,"Total official development assistance for biodiversity, by recipient countries (millions of constant 2017 United States dollars)",http://metadata.un.org/sdg/ontology#Series|http://www.w3.org/2004/02/skos/core#Concept,http://data.europa.eu/sdg/C200207,,http://data.europa.eu/sdg/15,"[""Total official development assistance for biodiversity, by recipient countries (millions of constant 2017 United States dollars)""]"
http://data.europa.eu/sdg/DC_ODA_LDCG,DC_ODA_LDCG,"Net official development assistance (ODA) to LDCs as a percentage of OECD-DAC donors' GNI, by donor countries (%)",http://metadata.un.org/sdg/ontology#Series|http://www.w3.org/2004/02/skos/core#Concept,http://data.europa.eu/sdg/C170201,,http://data.europa.eu/sdg/17,"[""Net official development assistance (ODA) to LDCs as a percentage of OECD-DAC donors' GNI, by donor countries (%)""]"
http://data.europa.eu/sdg/DC_ODA_LDCS,DC_ODA_LDCS,"Net official development assistance (ODA) to LDCs from OECD-DAC countries, by donor countries (millions of constant 2017 United States dollars)",http://metadata.un.org/sdg/ontology#Series|http://www.w3.org/2004/02/skos/core#Concept,http://data.europa.eu/sdg/C170201,,http://data.europa.eu/sdg/17,"[""Net official development assistance (ODA) to LDCs from OECD-DAC countries, by donor countries (millions of constant 2017 United States dollars)""]"
http://data.europa.eu/sdg/DC_ODA_LLDC,DC_ODA_LLDC,"Net official development assistance (ODA) to landlocked developing countries from OECD-DAC countries, by donor countries (millions of constant 2017 United States dollars)",http://metadata.un.org/sdg/ontology#Series|http://www.w3.org/2004/02/skos/core#Concept,http://data.europa.eu/sdg/C170201,,http://data.europa.eu/sdg/17,"[""Net official development assistance (ODA) to landlocked developing countries from OECD-DAC countries, by donor countries (millions of constant 2017 United States dollars)""]"
http://data.europa.eu/sdg/DC_ODA_LLDCG,DC_ODA_LLDCG,"Net official development assistance (ODA) to landlocked developing countries as a percentage of OECD-DAC donors' GNI, by donor countries (%)",http://metadata.un.org/sdg/ontology#Series|http://www.w3.org/2004/02/skos/core#Concept,http://data.europa.eu/sdg/C170201,,http://data.europa.eu/sdg/17,"[""Net official development assistance (ODA) to landlocked developing countries as a percentage of OECD-DAC donors' GNI, by donor countries (%)""]"
http://data.europa.eu/sdg/DC_ODA_SIDS,DC_ODA_SIDS,"Net official development assistance (ODA) to small island states (SIDS) from OECD-DAC countries, by donor countries (millions of constant 2017 United States dollars)",http://metadata.un.org/sdg/ontology#Series|http://www.w3.org/2004/02/skos/core#Concept,http://data.europa.eu/sdg/C170201,,http://data.europa.eu/sdg/17,"[""Net official development assistance (ODA) to small island states (SIDS) from OECD-DAC countries, by donor countries (millions of constant 2017 United States dollars)""]"
http://data.europa.eu/sdg/DC_ODA_SIDSG,DC_ODA_SIDSG,"Net official development assistance (ODA) to small island states (SIDS) as a percentage of OECD-DAC donors' GNI, by donor countries (%)",http://metadata.un.org/sdg/ontology#Series|http://www.w3.org/2004/02/skos/core#Concept,http://data.europa.eu/sdg/C170201,,http://data.europa.eu/sdg/17,"[""Net official development assistance (ODA) to small island states (SIDS) as a percentage of OECD-DAC donors' GNI, by donor countries (%)""]"
http://data.europa.eu/sdg/DC_ODA_TOTG,DC_ODA_TOTG,"Net official development assistance (ODA) as a percentage of OECD-DAC donors' GNI, by donor countries (%)",http://metadata.un.org/sdg/ontology#Series|http://www.w3.org/2004/02/skos/core#Concept,http://data.europa.eu/sdg/C170201,,http://data.europa.eu/sdg/17,"[""Net official development assistance (ODA) as a percentage of OECD-DAC donors' GNI, by donor countries (%)""]"
http://data.europa.eu/sdg/DC_ODA_TOTGGE,DC_ODA_TOTGGE,"Net official development assistance (ODA) as a percentage of OECD-DAC donors' GNI (grant equivalent methodology), by donor countries (%)",http://metadata.un.org/sdg/ontology#Series|http://www.w3.org/2004/02/skos/core#Concept,http://data.europa.eu/sdg/C170201,,http://data.europa.eu/sdg/17,"[""Net official development assistance (ODA) as a percentage of OECD-DAC donors' GNI (grant equivalent methodology), by donor countries (%)""]"
http://data.europa.eu/sdg/DC_ODA_TOTL,DC_ODA_TOTL,"Net official development assistance (ODA) from OECD-DAC countries, by donor countries (millions of constant 2017 United States dollars)",http://metadata.un.org/sdg/ontology#Series|http://www.w3.org/2004/02/skos/core#Concept,http://data.europa.eu/sdg/C170201,,http://data.europa.eu/sdg/17,"[""Net official development assistance (ODA) from OECD-DAC countries, by donor countries (millions of constant 2017 United States dollars)""]"
http://data.europa.eu/sdg/DC_ODA_TOTLGE,DC_ODA_TOTLGE,"Net official development assistance (ODA) from OECD-DAC countries (grant equivalent methodology), by donor countries (millions of constant 2017 United States dollars)",http://metadata.un.org/sdg/ontology#Series|http://www.w3.org/2004/02/skos/core#Concept,http://data.europa.eu/sdg/C170201,,http://data.europa.eu/sdg/17,"[""Net official development assistance (ODA) from OECD-DAC countries (grant equivalent methodology), by donor countries (millions of constant 2017 United States dollars)""]"
http://data.europa.eu/sdg/DC_TOF_AGRL,DC_TOF_AGRL,"Total official flows (disbursements) for agriculture, by recipient countries (millions of constant 2017 United States dollars)",http://metadata.un.org/sdg/ontology#Series|http://www.w3.org/2004/02/skos/core#Concept,http://data.europa.eu/sdg/C020a02,,http://data.europa.eu/sdg/2,"[""Total official flows (disbursements) for agriculture, by recipient countries (millions of constant 2017 United States dollars)""]"
http://data.europa.eu/sdg/DC_TOF_HLTHL,DC_TOF_HLTHL,"Total official development assistance to medical research and basic heath sectors, gross disbursement, by recipient countries (millions of constant 2017 United States dollars)",http://metadata.un.org/sdg/ontology#Series|http://www.w3.org/2004/02/skos/core#Concept,http://data.europa.eu/sdg/C030b02,,http://data.europa.eu/sdg/3,"[""Total official development assistance to medical research and basic heath sectors, gross disbursement, by recipient countries (millions of constant 2017 United States dollars)""]"
http://data.europa.eu/sdg/DC_TOF_HLTHNT,DC_TOF_HLTHNT,"Total official development assistance to medical research and basic heath sectors, net disbursement, by recipient countries (millions of constant 2017 United States dollars)",http://metadata.un.org/sdg/ontology#Series|http://www.w3.org/2004/02/skos/core#Concept,http://data.europa.eu/sdg/C030b02,,http://data.europa.eu/sdg/3,"[""Total official development assistance to medical research and basic heath sectors, net disbursement, by recipient countries (millions of constant 2017 United States dollars)""]"
http://data.europa.eu/sdg/DC_TOF_INFRAL,DC_TOF_INFRAL,"Total official flows for infrastructure, by recipient countries (millions of constant 2017 United States dollars)",http://metadata.un.org/sdg/ontology#Series|http://www.w3.org/2004/02/skos/core#Concept,http://data.europa.eu/sdg/C090a01,,http://data.europa.eu/sdg/9,"[""Total official flows for infrastructure, by recipient countries (millions of constant 2017 United States dollars)""]"
http://data.europa.eu/sdg/DC_TOF_SCHIPSL,DC_TOF_SCHIPSL,"Total official flows for scholarships, by recipient countries (millions of constant 2017 United States dollars)",http://metadata.un.org/sdg/ontology#Series|http://www.w3.org/2004/02/skos/core#Concept,http://data.europa.eu/sdg/C040b01,,http://data.europa.eu/sdg/4,"[""Total official flows for scholarships, by recipient countries (millions of constant 2017 United States dollars)""]"
http://data.europa.eu/sdg/DC_TOF_TRDCMDL,DC_TOF_TRDCMDL,"Total official flows (commitments) for Aid for Trade, by donor countries (millions of constant 2017 United States dollars)",http://metadata.un.org/sdg/ontology#Series|http://www.w3.org/2004/02/skos/core#Concept,http://data.europa.eu/sdg/C080a01,,http://data.europa.eu/sdg/8,"[""Total official flows (commitments) for Aid for Trade, by donor countries (millions of constant 2017 United States dollars)""]"
http://data.europa.eu/sdg/DC_TOF_TRDCML,DC_TOF_TRDCML,"Total official flows (commitments) for Aid for Trade, by recipient countries (millions of constant 2017 United States dollars)",http://metadata.un.org/sdg/ontology#Series|http://www.w3.org/2004/02/skos/core#Concept,http://data.europa.eu/sdg/C080a01,,http://data.europa.eu/sdg/8,"[""Total official flows (commitments) for Aid for Trade, by recipient countries (millions of constant 2017 United States dollars)""]"
http://data.europa.eu/sdg/DC_TOF_TRDDBMDL,DC_TOF_TRDDBMDL,"Total official flows (disbursement) for Aid for Trade, by donor countries (millions of constant 2017 United States dollars)",http://metadata.un.org/sdg/ontology#Series|http://www.w3.org/2004/02/skos/core#Concept,http://data.europa.eu/sdg/C080a01,,http://data.europa.eu/sdg/8,"[""Total official flows (disbursement) for Aid for Trade, by donor countries (millions of constant 2017 United States dollars)""]"
http://data.europa.eu/sdg/DC_TOF_TRDDBML,DC_TOF_TRDDBML,"Total official flows (disbursement) for Aid for Trade, by recipient countries (millions of constant 2017 United States dollars)",http://metadata.un.org/sdg/ontology#Series|http://www.w3.org/2004/02/skos/core#Concept,http://data.europa.eu/sdg/C080a01,,http://data.europa.eu/sdg/8,"[""Total official flows (disbursement) for Aid for Trade, by recipient countries (millions of constant 2017 United States dollars)""]"
http://data.europa.eu/sdg/DC_TOF_WASHL,DC_TOF_WASHL,"Total official development assistance (gross disbursement) for water supply and sanitation, by recipient countries (millions of constant 2017 United States dollars)",http://metadata.un.org/sdg/ontology#Series|http://www.w3.org/2004/02/skos/core#Concept,http://data.europa.eu/sdg/C060a01,,http://data.europa.eu/sdg/6,"[""Total official development assistance (gross disbursement) for water supply and sanitation, by recipient countries (millions of constant 2017 United States dollars)""]"
http://data.europa.eu/sdg/DC_TRF_TFDV,DC_TRF_TFDV,"Total resource flows for development, by recipient and donor countries (millions of current United States dollars)",http://metadata.un.org/sdg/ontology#Series|http://www.w3.org/2004/02/skos/core#Concept,http://data.europa.eu/sdg/C100b01,,http://data.europa.eu/sdg/10,"[""Total resource flows for development, by recipient and donor countries (millions of current United States dollars)""]"
http://data.europa.eu/sdg/DC_TRF_TOTDL,DC_TRF_TOTDL,"Total assistance for development, by donor countries (millions of current United States dollars)",http://metadata.un.org/sdg/ontology#Series|http://www.w3.org/2004/02/skos/core#Concept,http://data.europa.eu/sdg/C100b01,,http://data.europa.eu/sdg/10,"[""Total assistance for development, by donor countries (millions of current United States dollars)""]"
http://data.europa.eu/sdg/DC_TRF_TOTL,DC_TRF_TOTL,"Total assistance for development, by recipient countries (millions of current United States dollars)",http://metadata.un.org/sdg/ontology#Series|http://www.w3.org/2004/02/skos/core#Concept,http://data.europa.eu/sdg/C100b01,,http://data.europa.eu/sdg/10,"[""Total assistance for development, by recipient countries (millions of current United States dollars)""]"
http://data.europa.eu/sdg/DT_TDS_DECT,DT_TDS_DECT,Debt service as a proportion of exports of goods and services (%),http://metadata.un.org/sdg/ontology#Series|http://www.w3.org/2004/02/skos/core#Concept,http://data.europa.eu/sdg/C170401,,http://data.europa.eu/sdg/17,"[""Debt service as a proportion of exports of goods and services (%)""]"
http://data.europa.eu/sdg/EG_EGY_CLEAN,EG_EGY_CLEAN,Proportion of population with primary reliance on clean fuels and technology (%),http://metadata.un.org/sdg/ontology#Series|http://www.w3.org/2004/02/skos/core#Concept,http://data.europa.eu/sdg/C070102,,http://data.europa.eu/sdg/7,"[""Proportion of population with primary reliance on clean fuels and technology (%)""]"
http://data.europa.eu/sdg/EG_EGY_PRIM,EG_EGY_PRIM,Energy intensity level of primary energy (megajoules per constant 2011 purchasing power parity GDP),http://metadata.un.org/sdg/ontology#Series|http://www.w3.org/2004/02/skos/core#Concept,http://data.europa.eu/sdg/C070301,,http://data.europa.eu/sdg/7,"[""Energy intensity level of primary energy (megajoules per constant 2011 purchasing power parity GDP)""]"
http://data.europa.eu/sdg/EG_ELC_ACCS,EG_ELC_ACCS,"Proportion of population with access to electricity, by urban/rural (%)",http://metadata.un.org/sdg/ontology#Series|http://www.w3.org/2004/02/skos/core#Concept,http://data.europa.eu/sdg/C070101,,http://data.europa.eu/sdg/7,"[""Proportion of population with access to electricity, by urban/rural (%)""]"
http://data.europa.eu/sdg/EG_FEC_RNEW,EG_FEC_RNEW,Renewable energy share in the total final energy consumption (%),http://metadata.un.org/sdg/ontology#Series|http://www.w3.org/2004/02/skos/core#Concept,http://data.europa.eu/sdg/C070201,,http://data.europa.eu/sdg/7,"[""Renewable energy share in the total final energy consumption (%)""]"
http://data.europa.eu/sdg/EG_IFF_RANDN,EG_IFF_RANDN,"International financial flows to developing countries in support of clean energy research and development and renewable energy production, including in hybrid systems (millions of constant 2016 United States dollars)",http://metadata.un.org/sdg/ontology#Series|http://www.w3.org/2004/02/skos/core#Concept,http://data.europa.eu/sdg/C070a01,,http://data.europa.eu/sdg/7,"[""International financial flows to developing countries in support of clean energy research and development and renewable energy production, including in hybrid systems (millions of constant 2016 United States dollars)""]"
http://data.europa.eu/sdg/EG_TBA_H2CO,EG_TBA_H2CO,Proportion of transboundary basins (river and lake basins and aquifers) with an operational arrangement for water cooperation (%),http://metadata.un.org/sdg/ontology#Series|http://www.w3.org/2004/02/skos/core#Concept,http://data.europa.eu/sdg/C060502,,http://data.europa.eu/sdg/6,"[""Proportion of transboundary basins (river and lake basins and aquifers) with an operational arrangement for water cooperation (%)""]"
http://data.europa.eu/sdg/EG_TBA_H2COAQ,EG_TBA_H2COAQ,Proportion of transboundary aquifers with an operational arrangement for water cooperation (%),http://metadata.un.org/sdg/ontology#Series|http://www.w3.org/2004/02/skos/core#Concept,http://data.europa.eu/sdg/C060502,,http://data.europa.eu/sdg/6,"[""Proportion of transboundary aquifers with an operational arrangement for water cooperation (%)""]"
http://data.europa.eu/sdg/EG_TBA_H2CORL,EG_TBA_H2CORL,Proportion of transboundary river and lake basins with an operational arrangement for water cooperation (%),http://metadata.un.org/sdg/ontology#Series|http://www.w3.org/2004/02/skos/core#Concept,http://data.europa.eu/sdg/C060502,,http://data.europa.eu/sdg/6,"[""Proportion of transboundary river and lake basins with an operational arrangement for water cooperation (%)""]"
http://data.europa.eu/sdg/EN_ATM_CO2,EN_ATM_CO2,Carbon dioxide emissions from fuel combustion (millions of tonnes),http://metadata.un.org/sdg/ontology#Series|http://www.w3.org/2004/02/skos/core#Concept,http://data.europa.eu/sdg/C090401,,http://data.europa.eu/sdg/9,"[""Carbon dioxide emissions from fuel combustion (millions of tonnes)""]"
http://data.europa.eu/sdg/EN_ATM_CO2GDP,EN_ATM_CO2GDP,Carbon dioxide emissions per unit of GDP (kilogrammes of CO2 per constant 2010 United States dollars),http://metadata.un.org/sdg/ontology#Series|http://www.w3.org/2004/02/skos/core#Concept,http://data.europa.eu/sdg/C090401,,http://data.europa.eu/sdg/9,"[""Carbon dioxide emissions per unit of GDP (kilogrammes of CO2 per constant 2010 United States dollars)""]"
http://data.europa.eu/sdg/EN_ATM_CO2MVA,EN_ATM_CO2MVA,Carbon dioxide emissions per unit of manufacturing value added (kilogrammes of CO2 per constant 2010 United States dollars),http://metadata.un.org/sdg/ontology#Series|http://www.w3.org/2004/02/skos/core#Concept,http://data.europa.eu/sdg/C090401,,http://data.europa.eu/sdg/9,"[""Carbon dioxide emissions per unit of manufacturing value added (kilogrammes of CO2 per constant 2010 United States dollars)""]"
http://data.europa.eu/sdg/EN_ATM_PM25,EN_ATM_PM25,"Annual mean levels of fine particulate matter in cities, urban population (micrograms per cubic meter)",http://metadata.un.org/sdg/ontology#Series|http://www.w3.org/2004/02/skos/core#Concept,http://data.europa.eu/sdg/C110602,,http://data.europa.eu/sdg/11,"[""Annual mean levels of fine particulate matter in cities, urban population (micrograms per cubic meter)""]"
http://data.europa.eu/sdg/EN_H2O_GRAMBQ,EN_H2O_GRAMBQ,Proportion of groundwater bodies with good ambient water quality (%),http://metadata.un.org/sdg/ontology#Series|http://www.w3.org/2004/02/skos/core#Concept,http://data.europa.eu/sdg/C060302,,http://data.europa.eu/sdg/6,"[""Proportion of groundwater bodies with good ambient water quality (%)""]"
http://data.europa.eu/sdg/EN_H2O_OPAMBQ,EN_H2O_OPAMBQ,Proportion of open water bodies with good ambient water quality (%),http://metadata.un.org/sdg/ontology#Series|http://www.w3.org/2004/02/skos/core#Concept,http://data.europa.eu/sdg/C060302,,http://data.europa.eu/sdg/6,"[""Proportion of open water bodies with good ambient water quality (%)""]"
http://data.europa.eu/sdg/EN_H2O_RVAMBQ,EN_H2O_RVAMBQ,Proportion of river water bodies with good ambient water quality (%),http://metadata.un.org/sdg/ontology#Series|http://www.w3.org/2004/02/skos/core#Concept,http://data.europa.eu/sdg/C060302,,http://data.europa.eu/sdg/6,"[""Proportion of river water bodies with good ambient water quality (%)""]"
http://data.europa.eu/sdg/EN_H2O_WBAMBQ,EN_H2O_WBAMBQ,Proportion of bodies of water with good ambient water quality (%),http://metadata.un.org/sdg/ontology#Series|http://www.w3.org/2004/02/skos/core#Concept,http://data.europa.eu/sdg/C060302,,http://data.europa.eu/sdg/6,"[""Proportion of bodies of water with good ambient water quality (%)""]"
http://data.europa.eu/sdg/EN_LND_SLUM,EN_LND_SLUM,Proportion of urban population living in slums (%),http://metadata.un.org/sdg/ontology#Series|http://www.w3.org/2004/02/skos/core#Concept,http://data.europa.eu/sdg/C110101,,http://data.europa.eu/sdg/11,"[""Proportion of urban population living in slums (%)""]"
http://data.europa.eu/sdg/EN_MAT_DOMCMPC,EN_MAT_DOMCMPC,"Domestic material consumption per capita, by type of raw material (tonnes)",http://metadata.un.org/sdg/ontology#Series|http://www.w3.org/2004/02/skos/core#Concept,http://data.europa.eu/sdg/C200203,,http://data.europa.eu/sdg/12|http://data.europa.eu/sdg/8,"[""Domestic material consumption per capita, by type of raw material (tonnes)""]"
http://data.europa.eu/sdg/EN_MAT_DOMCMPG,EN_MAT_DOMCMPG,"Domestic material consumption per unit of GDP, by type of raw material (kilograms per constant 2010 United States dollars)",http://metadata.un.org/sdg/ontology#Series|http://www.w3.org/2004/02/skos/core#Concept,http://data.europa.eu/sdg/C200203,,http://data.europa.eu/sdg/12|http://data.europa.eu/sdg/8,"[""Domestic material consumption per unit of GDP, by type of raw material (kilograms per constant 2010 United States dollars)""]"
http://data.europa.eu/sdg/EN_MAT_DOMCMPT,EN_MAT_DOMCMPT,"Domestic material consumption, by type of raw material (tonnes)",http://metadata.un.org/sdg/ontology#Series|http://www.w3.org/2004/02/skos/core#Concept,http://data.europa.eu/sdg/C200203,,http://data.europa.eu/sdg/12|http://data.europa.eu/sdg/8,"[""Domestic material consumption, by type of raw material (tonnes)""]"
http://data.europa.eu/sdg/EN_MAT_FTPRPC,EN_MAT_FTPRPC,"Material footprint per capita, by type of raw material (tonnes)",http://metadata.un.org/sdg/ontology#Series|http://www.w3.org/2004/02/skos/core#Concept,http://data.europa.eu/sdg/C200202,,http://data.europa.eu/sdg/12|http://data.europa.eu/sdg/8,"[""Material footprint per capita, by type of raw material (tonnes)""]"
http://data.europa.eu/sdg/EN_MAT_FTPRPG,EN_MAT_FTPRPG,"Material footprint per unit of GDP, by type of raw material (kilograms per constant 2010 United States dollar)",http://metadata.un.org/sdg/ontology#Series|http://www.w3.org/2004/02/skos/core#Concept,http://data.europa.eu/sdg/C200202,,http://data.europa.eu/sdg/12|http://data.europa.eu/sdg/8,"[""Material footprint per unit of GDP, by type of raw material (kilograms per constant 2010 United States dollar)""]"
http://data.europa.eu/sdg/EN_MAT_FTPRTN,EN_MAT_FTPRTN,"Material footprint, by type of raw material (tonnes)",http://metadata.un.org/sdg/ontology#Series|http://www.w3.org/2004/02/skos/core#Concept,http://data.europa.eu/sdg/C200202,,http://data.europa.eu/sdg/12|http://data.europa.eu/sdg/8,"[""Material footprint, by type of raw material (tonnes)""]"
http://data.europa.eu/sdg/EN_REF_WASCOL,EN_REF_WASCOL,"Municipal Solid Waste collection coverage, by cities (%)",http://metadata.un.org/sdg/ontology#Series|http://www.w3.org/2004/02/skos/core#Concept,http://data.europa.eu/sdg/C110601,,http://data.europa.eu/sdg/11,"[""Municipal Solid Waste collection coverage, by cities (%)""]"
http://data.europa.eu/sdg/EN_WBE_NDETOT,EN_WBE_NDETOT,Nationally derived total extent (square kilometres),http://metadata.un.org/sdg/ontology#Series|http://www.w3.org/2004/02/skos/core#Concept,http://data.europa.eu/sdg/C060601,,http://data.europa.eu/sdg/6,"[""Nationally derived total extent (square kilometres)""]"
http://data.europa.eu/sdg/EN_WBE_NDOPW,EN_WBE_NDOPW,Nationally derived extent of open water bodies (square kilometres),http://metadata.un.org/sdg/ontology#Series|http://www.w3.org/2004/02/skos/core#Concept,http://data.europa.eu/sdg/C060601,,http://data.europa.eu/sdg/6,"[""Nationally derived extent of open water bodies (square kilometres)""]"
http://data.europa.eu/sdg/EN_WBE_NDQLGRW,EN_WBE_NDQLGRW,Nationally derived quality of groundwater (%),http://metadata.un.org/sdg/ontology#Series|http://www.w3.org/2004/02/skos/core#Concept,http://data.europa.eu/sdg/C060601,,http://data.europa.eu/sdg/6,"[""Nationally derived quality of groundwater (%)""]"
http://data.europa.eu/sdg/EN_WBE_NDQLOPW,EN_WBE_NDQLOPW,Nationally derived quality of open water bodies(%),http://metadata.un.org/sdg/ontology#Series|http://www.w3.org/2004/02/skos/core#Concept,http://data.europa.eu/sdg/C060601,,http://data.europa.eu/sdg/6,"[""Nationally derived quality of open water bodies(%)""]"
http://data.europa.eu/sdg/EN_WBE_NDQLRVR,EN_WBE_NDQLRVR,Nationally derived quality of river(%),http://metadata.un.org/sdg/ontology#Series|http://www.w3.org/2004/02/skos/core#Concept,http://data.europa.eu/sdg/C060601,,http://data.europa.eu/sdg/6,"[""Nationally derived quality of river(%)""]"
http://data.europa.eu/sdg/EN_WBE_NDQLTOT,EN_WBE_NDQLTOT,Nationally derived proportion of water bodies with good quality (%),http://metadata.un.org/sdg/ontology#Series|http://www.w3.org/2004/02/skos/core#Concept,http://data.europa.eu/sdg/C060601,,http://data.europa.eu/sdg/6,"[""Nationally derived proportion of water bodies with good quality (%)""]"
http://data.europa.eu/sdg/EN_WBE_NDQTGRW,EN_WBE_NDQTGRW,Nationally derived quantity of groundwater (millions of cubic metres per annum),http://metadata.un.org/sdg/ontology#Series|http://www.w3.org/2004/02/skos/core#Concept,http://data.europa.eu/sdg/C060601,,http://data.europa.eu/sdg/6,"[""Nationally derived quantity of groundwater (millions of cubic metres per annum)""]"
http://data.europa.eu/sdg/EN_WBE_NDQTOPW,EN_WBE_NDQTOPW,Nationally derived quantity of open water bodies (million of cubic metres per annum),http://metadata.un.org/sdg/ontology#Series|http://www.w3.org/2004/02/skos/core#Concept,http://data.europa.eu/sdg/C060601,,http://data.europa.eu/sdg/6,"[""Nationally derived quantity of open water bodies (million of cubic metres per annum)""]"
http://data.europa.eu/sdg/EN_WBE_NDQTRVR,EN_WBE_NDQTRVR,Nationally derived quantity of rivers (million of cubic metres per annum),http://metadata.un.org/sdg/ontology#Series|http://www.w3.org/2004/02/skos/core#Concept,http://data.europa.eu/sdg/C060601,,http://data.europa.eu/sdg/6,"[""Nationally derived quantity of rivers (million of cubic metres per annum)""]"
http://data.europa.eu/sdg/EN_WBE_NDQTTOT,EN_WBE_NDQTTOT,Nationally derived total quantity (millions of cubic metres per annum),http://metadata.un.org/sdg/ontology#Series|http://www.w3.org/2004/02/skos/core#Concept,http://data.europa.eu/sdg/C060601,,http://data.europa.eu/sdg/6,"[""Nationally derived total quantity (millions of cubic metres per annum)""]"
http://data.europa.eu/sdg/EN_WBE_NDRV,EN_WBE_NDRV,Nationally derived extend of rivers (square kilometres),http://metadata.un.org/sdg/ontology#Series|http://www.w3.org/2004/02/skos/core#Concept,http://data.europa.eu/sdg/C060601,,http://data.europa.eu/sdg/6,"[""Nationally derived extend of rivers (square kilometres)""]"
http://data.europa.eu/sdg/EN_WBE_NDWTL,EN_WBE_NDWTL,Nationally derived extent of wetlands (square kilometres),http://metadata.un.org/sdg/ontology#Series|http://www.w3.org/2004/02/skos/core#Concept,http://data.europa.eu/sdg/C060601,,http://data.europa.eu/sdg/6,"[""Nationally derived extent of wetlands (square kilometres)""]"
http://data.europa.eu/sdg/EN_WBE_PMNR,EN_WBE_PMNR,Water body extent (permanent) (square kilometres),http://metadata.un.org/sdg/ontology#Series|http://www.w3.org/2004/02/skos/core#Concept,http://data.europa.eu/sdg/C060601,,http://data.europa.eu/sdg/6,"[""Water body extent (permanent) (square kilometres)""]"
http://data.europa.eu/sdg/EN_WBE_PMPN,EN_WBE_PMPN,Water body extent (permanent and maybe permanent) (square kilometres),http://metadata.un.org/sdg/ontology#Series|http://www.w3.org/2004/02/skos/core#Concept,http://data.europa.eu/sdg/C060601,,http://data.europa.eu/sdg/6,"[""Water body extent (permanent and maybe permanent) (square kilometres)""]"
http://data.europa.eu/sdg/EN_WBE_PMPP,EN_WBE_PMPP,Water body extent (permanent and maybe permanent) (% of total land area),http://metadata.un.org/sdg/ontology#Series|http://www.w3.org/2004/02/skos/core#Concept,http://data.europa.eu/sdg/C060601,,http://data.europa.eu/sdg/6,"[""Water body extent (permanent and maybe permanent) (% of total land area)""]"
http://data.europa.eu/sdg/EN_WBE_PMPR,EN_WBE_PMPR,Water body extent (permanent) (% of total land area),http://metadata.un.org/sdg/ontology#Series|http://www.w3.org/2004/02/skos/core#Concept,http://data.europa.eu/sdg/C060601,,http://data.europa.eu/sdg/6,"[""Water body extent (permanent) (% of total land area)""]"
http://data.europa.eu/sdg/EN_WWT_WWDS,EN_WWT_WWDS,Proportion of safely treated domestic wastewater flows (%),http://metadata.un.org/sdg/ontology#Series|http://www.w3.org/2004/02/skos/core#Concept,http://data.europa.eu/sdg/C060301,,http://data.europa.eu/sdg/6,"[""Proportion of safely treated domestic wastewater flows (%)""]"
http://data.europa.eu/sdg/ER_CBD_ABSCLRHS,ER_CBD_ABSCLRHS,"Countries that have legislative, administrative and policy framework or measures reported to the Access and Benefit-Sharing Clearing-House (1 = YES; 0 = NO)",http://metadata.un.org/sdg/ontology#Series|http://www.w3.org/2004/02/skos/core#Concept,http://data.europa.eu/sdg/C150601,,http://data.europa.eu/sdg/15,"[""Countries that have legislative, administrative and policy framework or measures reported to the Access and Benefit-Sharing Clearing-House (1 = YES; 0 = NO)""]"
http://data.europa.eu/sdg/ER_CBD_NAGOYA,ER_CBD_NAGOYA,Countries that are parties to the Nagoya Protocol (1 = YES; 0 = NO),http://metadata.un.org/sdg/ontology#Series|http://www.w3.org/2004/02/skos/core#Concept,http://data.europa.eu/sdg/C150601,,http://data.europa.eu/sdg/15,"[""Countries that are parties to the Nagoya Protocol (1 = YES; 0 = NO)""]"
http://data.europa.eu/sdg/ER_CBD_ORSPGRFA,ER_CBD_ORSPGRFA,"Countries that have legislative, administrative and policy framework or measures reported through the Online Reporting System on Compliance  of the International Treaty on Plant Genetic Resources for Food and Agriculture (PGRFA) (1 = YES; 0 = NO)",http://metadata.un.org/sdg/ontology#Series|http://www.w3.org/2004/02/skos/core#Concept,http://data.europa.eu/sdg/C150601,,http://data.europa.eu/sdg/15,"[""Countries that have legislative, administrative and policy framework or measures reported through the Online Reporting System on Compliance  of the International Treaty on Plant Genetic Resources for Food and Agriculture (PGRFA) (1 = YES; 0 = NO)""]"
http://data.europa.eu/sdg/ER_CBD_PTYPGRFA,ER_CBD_PTYPGRFA,Countries that are contracting Parties to the International Treaty on Plant Genetic Resources for Food and Agriculture (PGRFA) (1 = YES; 0 = NO),http://metadata.un.org/sdg/ontology#Series|http://www.w3.org/2004/02/skos/core#Concept,http://data.europa.eu/sdg/C150601,,http://data.europa.eu/sdg/15,"[""Countries that are contracting Parties to the International Treaty on Plant Genetic Resources for Food and Agriculture (PGRFA) (1 = YES; 0 = NO)""]"
http://data.europa.eu/sdg/ER_CBD_SMTA,ER_CBD_SMTA,Total reported number of Standard Material Transfer Agreements (SMTAs) transferring plant genetic resources for food and agriculture to the country (number),http://metadata.un.org/sdg/ontology#Series|http://www.w3.org/2004/02/skos/core#Concept,http://data.europa.eu/sdg/C150601,,http://data.europa.eu/sdg/15,"[""Total reported number of Standard Material Transfer Agreements (SMTAs) transferring plant genetic resources for food and agriculture to the country (number)""]"
http://data.europa.eu/sdg/ER_FFS_PRTSPC,ER_FFS_PRTSPC,Fossil-fuel pre-tax subsidies (consumption and production) per capita (current United States dollars),http://metadata.un.org/sdg/ontology#Series|http://www.w3.org/2004/02/skos/core#Concept,http://data.europa.eu/sdg/C120c01,,http://data.europa.eu/sdg/12,"[""Fossil-fuel pre-tax subsidies (consumption and production) per capita (current United States dollars)""]"
http://data.europa.eu/sdg/ER_FFS_PRTSPR,ER_FFS_PRTSPR,Fossil-fuel pre-tax subsidies (consumption and production) as a proportion of total GDP (%),http://metadata.un.org/sdg/ontology#Series|http://www.w3.org/2004/02/skos/core#Concept,http://data.europa.eu/sdg/C120c01,,http://data.europa.eu/sdg/12,"[""Fossil-fuel pre-tax subsidies (consumption and production) as a proportion of total GDP (%)""]"
http://data.europa.eu/sdg/ER_FFS_PRTSST,ER_FFS_PRTSST,Fossil-fuel pre-tax subsidies (consumption and production) (billions of current United States dollars),http://metadata.un.org/sdg/ontology#Series|http://www.w3.org/2004/02/skos/core#Concept,http://data.europa.eu/sdg/C120c01,,http://data.europa.eu/sdg/12,"[""Fossil-fuel pre-tax subsidies (consumption and production) (billions of current United States dollars)""]"
http://data.europa.eu/sdg/ER_GRF_ANIMRCNT,ER_GRF_ANIMRCNT,Proportion of local breeds for which sufficient genetic resources are stored for reconstitution (%),http://metadata.un.org/sdg/ontology#Series|http://www.w3.org/2004/02/skos/core#Concept,http://data.europa.eu/sdg/C020501,,http://data.europa.eu/sdg/2,"[""Proportion of local breeds for which sufficient genetic resources are stored for reconstitution (%)""]"
http://data.europa.eu/sdg/ER_GRF_PLNTSTOR,ER_GRF_PLNTSTOR,Plant breeds for which sufficient genetic resources are stored (number),http://metadata.un.org/sdg/ontology#Series|http://www.w3.org/2004/02/skos/core#Concept,http://data.europa.eu/sdg/C020501,,http://data.europa.eu/sdg/2,"[""Plant breeds for which sufficient genetic resources are stored (number)""]"
http://data.europa.eu/sdg/ER_H2O_FWTL,ER_H2O_FWTL,Proportion of fish stocks within biologically sustainable levels (not overexploited) (%),http://metadata.un.org/sdg/ontology#Series|http://www.w3.org/2004/02/skos/core#Concept,http://data.europa.eu/sdg/C140401,,http://data.europa.eu/sdg/14,"[""Proportion of fish stocks within biologically sustainable levels (not overexploited) (%)""]"
http://data.europa.eu/sdg/ER_H2O_IWRMD,ER_H2O_IWRMD,Degree of integrated water resources management implementation (%),http://metadata.un.org/sdg/ontology#Series|http://www.w3.org/2004/02/skos/core#Concept,http://data.europa.eu/sdg/C060501,,http://data.europa.eu/sdg/6,"[""Degree of integrated water resources management implementation (%)""]"
http://data.europa.eu/sdg/ER_H2O_IWRMP,ER_H2O_IWRMP,Proportion of countries by IWRM implementation category (%),http://metadata.un.org/sdg/ontology#Series|http://www.w3.org/2004/02/skos/core#Concept,http://data.europa.eu/sdg/C060501,,http://data.europa.eu/sdg/6,"[""Proportion of countries by IWRM implementation category (%)""]"
http://data.europa.eu/sdg/ER_H2O_PARTIC,ER_H2O_PARTIC,Proportion of countries with high level of users/communities participating in planning programs in rural drinking-water supply (%),http://metadata.un.org/sdg/ontology#Series|http://www.w3.org/2004/02/skos/core#Concept,http://data.europa.eu/sdg/C060b01,,http://data.europa.eu/sdg/6,"[""Proportion of countries with high level of users/communities participating in planning programs in rural drinking-water supply (%)""]"
http://data.europa.eu/sdg/ER_H2O_PRDU,ER_H2O_PRDU,"Countries with procedures in law or policy for participation by service users/communities in planning program in rural drinking-water supply, by level of definition in procedures (10 = Clearly defined; 5 = Not clearly defined ; 0 = NA)",http://metadata.un.org/sdg/ontology#Series|http://www.w3.org/2004/02/skos/core#Concept,http://data.europa.eu/sdg/C060b01,,http://data.europa.eu/sdg/6,"[""Countries with procedures in law or policy for participation by service users/communities in planning program in rural drinking-water supply, by level of definition in procedures (10 = Clearly defined; 5 = Not clearly defined ; 0 = NA)""]"
http://data.europa.eu/sdg/ER_H2O_PROCED,ER_H2O_PROCED,Proportion of countries with clearly defined procedures in law or policy for participation by service users/communities in planning program in rural drinking-water supply (%),http://metadata.un.org/sdg/ontology#Series|http://www.w3.org/2004/02/skos/core#Concept,http://data.europa.eu/sdg/C060b01,,http://data.europa.eu/sdg/6,"[""Proportion of countries with clearly defined procedures in law or policy for participation by service users/communities in planning program in rural drinking-water supply (%)""]"
http://data.europa.eu/sdg/ER_H2O_RURP,ER_H2O_RURP,"Countries with users/communities participating in planning programs in rural drinking-water supply, by level of participation (3 = High; 2 = Moderate; 1 = Low; 0 = NA)",http://metadata.un.org/sdg/ontology#Series|http://www.w3.org/2004/02/skos/core#Concept,http://data.europa.eu/sdg/C060b01,,http://data.europa.eu/sdg/6,"[""Countries with users/communities participating in planning programs in rural drinking-water supply, by level of participation (3 = High; 2 = Moderate; 1 = Low; 0 = NA)""]"
http://data.europa.eu/sdg/ER_H2O_STRESS,ER_H2O_STRESS,Level of water stress: freshwater withdrawal as a proportion of available freshwater resources (%),http://metadata.un.org/sdg/ontology#Series|http://www.w3.org/2004/02/skos/core#Concept,http://data.europa.eu/sdg/C060402,,http://data.europa.eu/sdg/6,"[""Level of water stress: freshwater withdrawal as a proportion of available freshwater resources (%)""]"
http://data.europa.eu/sdg/ER_H2O_WUEYST,ER_H2O_WUEYST,Water Use Efficiency (United States dollars per cubic meter),http://metadata.un.org/sdg/ontology#Series|http://www.w3.org/2004/02/skos/core#Concept,http://data.europa.eu/sdg/C060401,,http://data.europa.eu/sdg/6,"[""Water Use Efficiency (United States dollars per cubic meter)""]"
http://data.europa.eu/sdg/ER_MRN_MARIN,ER_MRN_MARIN,Coverage of protected areas in relation to marine areas (Exclusive Economic Zones) (%),http://metadata.un.org/sdg/ontology#Series|http://www.w3.org/2004/02/skos/core#Concept,http://data.europa.eu/sdg/C140501,,http://data.europa.eu/sdg/14,"[""Coverage of protected areas in relation to marine areas (Exclusive Economic Zones) (%)""]"
http://data.europa.eu/sdg/ER_MRN_MARINT,ER_MRN_MARINT,Protected marine area (Exclusive Economic Zones) (square kilometres),http://metadata.un.org/sdg/ontology#Series|http://www.w3.org/2004/02/skos/core#Concept,http://data.europa.eu/sdg/C140501,,http://data.europa.eu/sdg/14,"[""Protected marine area (Exclusive Economic Zones) (square kilometres)""]"
http://data.europa.eu/sdg/ER_MRN_MPA,ER_MRN_MPA,Average proportion of Marine Key Biodiversity Areas (KBAs) covered by protected areas (%),http://metadata.un.org/sdg/ontology#Series|http://www.w3.org/2004/02/skos/core#Concept,http://data.europa.eu/sdg/C140501,,http://data.europa.eu/sdg/14,"[""Average proportion of Marine Key Biodiversity Areas (KBAs) covered by protected areas (%)""]"
http://data.europa.eu/sdg/ER_MTN_GRNCOV,ER_MTN_GRNCOV,Mountain green cover area (square kilometres),http://metadata.un.org/sdg/ontology#Series|http://www.w3.org/2004/02/skos/core#Concept,http://data.europa.eu/sdg/C150402,,http://data.europa.eu/sdg/15,"[""Mountain green cover area (square kilometres)""]"
http://data.europa.eu/sdg/ER_MTN_GRNCVI,ER_MTN_GRNCVI,Mountain Green Cover Index,http://metadata.un.org/sdg/ontology#Series|http://www.w3.org/2004/02/skos/core#Concept,http://data.europa.eu/sdg/C150402,,http://data.europa.eu/sdg/15,"[""Mountain Green Cover Index""]"
http://data.europa.eu/sdg/ER_MTN_TOTL,ER_MTN_TOTL,Mountain area (square kilometres),http://metadata.un.org/sdg/ontology#Series|http://www.w3.org/2004/02/skos/core#Concept,http://data.europa.eu/sdg/C150402,,http://data.europa.eu/sdg/15,"[""Mountain area (square kilometres)""]"
http://data.europa.eu/sdg/ER_PTD_FRWRT,ER_PTD_FRWRT,Average proportion of Freshwater Key Biodiversity Areas (KBAs) covered by protected areas (%),http://metadata.un.org/sdg/ontology#Series|http://www.w3.org/2004/02/skos/core#Concept,http://data.europa.eu/sdg/C150102,,http://data.europa.eu/sdg/15,"[""Average proportion of Freshwater Key Biodiversity Areas (KBAs) covered by protected areas (%)""]"
http://data.europa.eu/sdg/ER_PTD_MOTN,ER_PTD_MOTN,Average proportion of Mountain Key Biodiversity Areas (KBAs) covered by protected areas (%),http://metadata.un.org/sdg/ontology#Series|http://www.w3.org/2004/02/skos/core#Concept,http://data.europa.eu/sdg/C150401,,http://data.europa.eu/sdg/15,"[""Average proportion of Mountain Key Biodiversity Areas (KBAs) covered by protected areas (%)""]"
http://data.europa.eu/sdg/ER_PTD_TERRS,ER_PTD_TERRS,Average proportion of Terrestrial Key Biodiversity Areas (KBAs) covered by protected areas (%),http://metadata.un.org/sdg/ontology#Series|http://www.w3.org/2004/02/skos/core#Concept,http://data.europa.eu/sdg/C150102,,http://data.europa.eu/sdg/15,"[""Average proportion of Terrestrial Key Biodiversity Areas (KBAs) covered by protected areas (%)""]"
http://data.europa.eu/sdg/ER_RDE_OSEX,ER_RDE_OSEX,National ocean science expenditure as a share of total research and development funding (%),http://metadata.un.org/sdg/ontology#Series|http://www.w3.org/2004/02/skos/core#Concept,http://data.europa.eu/sdg/C140a01,,http://data.europa.eu/sdg/14,"[""National ocean science expenditure as a share of total research and development funding (%)""]"
http://data.europa.eu/sdg/ER_REG_SSFRAR,ER_REG_SSFRAR,Degree of application of a legal/regulatory/policy/institutional framework which recognizes and protects access rights for small-scale fisheries (level of implementation: 1 lowest to 5 highest),http://metadata.un.org/sdg/ontology#Series|http://www.w3.org/2004/02/skos/core#Concept,http://data.europa.eu/sdg/C140b01,,http://data.europa.eu/sdg/14,"[""Degree of application of a legal/regulatory/policy/institutional framework which recognizes and protects access rights for small-scale fisheries (level of implementation: 1 lowest to 5 highest)""]"
http://data.europa.eu/sdg/ER_REG_UNFCIM,ER_REG_UNFCIM,"Progress by countries in the degree of implementation of international instruments aiming to combat illegal, unreported and unregulated fishing (level of implementation: 1 lowest to 5 highest)",http://metadata.un.org/sdg/ontology#Series|http://www.w3.org/2004/02/skos/core#Concept,http://data.europa.eu/sdg/C140601,,http://data.europa.eu/sdg/14,"[""Progress by countries in the degree of implementation of international instruments aiming to combat illegal, unreported and unregulated fishing (level of implementation: 1 lowest to 5 highest)""]"
http://data.europa.eu/sdg/ER_RSK_LBREDS,ER_RSK_LBREDS,Proportion of local breeds classified as being at risk as a share of local breeds with known level of extinction risk (%),http://metadata.un.org/sdg/ontology#Series|http://www.w3.org/2004/02/skos/core#Concept,http://data.europa.eu/sdg/C020502,,http://data.europa.eu/sdg/2,"[""Proportion of local breeds classified as being at risk as a share of local breeds with known level of extinction risk (%)""]"
http://data.europa.eu/sdg/ER_RSK_LSTI,ER_RSK_LSTI,Red List Index,http://metadata.un.org/sdg/ontology#Series|http://www.w3.org/2004/02/skos/core#Concept,http://data.europa.eu/sdg/C150501,,http://data.europa.eu/sdg/15,"[""Red List Index""]"
http://data.europa.eu/sdg/ER_WAT_PART,ER_WAT_PART,"Countries with users/communities participating in planning programs in water resources planning and management, by level of participation (3 = High; 2 = Moderate; 1 = Low; 0 = NA)",http://metadata.un.org/sdg/ontology#Series|http://www.w3.org/2004/02/skos/core#Concept,http://data.europa.eu/sdg/C060b01,,http://data.europa.eu/sdg/6,"[""Countries with users/communities participating in planning programs in water resources planning and management, by level of participation (3 = High; 2 = Moderate; 1 = Low; 0 = NA)""]"
http://data.europa.eu/sdg/ER_WAT_PARTIC,ER_WAT_PARTIC,Proportion of countries with high level of users/communities participating in planning programs in water resources planning and management (%),http://metadata.un.org/sdg/ontology#Series|http://www.w3.org/2004/02/skos/core#Concept,http://data.europa.eu/sdg/C060b01,,http://data.europa.eu/sdg/6,"[""Proportion of countries with high level of users/communities participating in planning programs in water resources planning and management (%)""]"
http://data.europa.eu/sdg/ER_WAT_PRDU,ER_WAT_PRDU,"Countries with procedures in law or policy for participation by service users/communities in planning program in water resources planning and management, by level of definition in procedures (10 = Clearly defined; 5 = Not clearly defined ; 0 = NA)",http://metadata.un.org/sdg/ontology#Series|http://www.w3.org/2004/02/skos/core#Concept,http://data.europa.eu/sdg/C060b01,,http://data.europa.eu/sdg/6,"[""Countries with procedures in law or policy for participation by service users/communities in planning program in water resources planning and management, by level of definition in procedures (10 = Clearly defined; 5 = Not clearly defined ; 0 = NA)""]"
http://data.europa.eu/sdg/ER_WAT_PROCED,ER_WAT_PROCED,Proportion of countries with clearly defined procedures in law or policy for participation by service users/communities in planning program in water resources planning and management (%),http://metadata.un.org/sdg/ontology#Series|http://www.w3.org/2004/02/skos/core#Concept,http://data.europa.eu/sdg/C060b01,,http://data.europa.eu/sdg/6,"[""Proportion of countries with clearly defined procedures in law or policy for participation by service users/communities in planning program in water resources planning and management (%)""]"
http://data.europa.eu/sdg/FB_ATM_TOTL,FB_ATM_TOTL,"Number of automated teller machines (ATMs) per 100,000 adults",http://metadata.un.org/sdg/ontology#Series|http://www.w3.org/2004/02/skos/core#Concept,http://data.europa.eu/sdg/C081001,,http://data.europa.eu/sdg/8,"[""Number of automated teller machines (ATMs) per 100,000 adults""]"
http://data.europa.eu/sdg/FB_BNK_ACCSS,FB_BNK_ACCSS,"Proportion of adults (15 years and older) with an account at a financial institution or mobile-money-service provider, by sex (% of adults aged 15 years and older)",http://metadata.un.org/sdg/ontology#Series|http://www.w3.org/2004/02/skos/core#Concept,http://data.europa.eu/sdg/C081002,,http://data.europa.eu/sdg/8,"[""Proportion of adults (15 years and older) with an account at a financial institution or mobile-money-service provider, by sex (% of adults aged 15 years and older)""]"
http://data.europa.eu/sdg/FB_CBK_BRCH,FB_CBK_BRCH,"Number of commercial bank branches per 100,000 adults",http://metadata.un.org/sdg/ontology#Series|http://www.w3.org/2004/02/skos/core#Concept,http://data.europa.eu/sdg/C081001,,http://data.europa.eu/sdg/8,"[""Number of commercial bank branches per 100,000 adults""]"
http://data.europa.eu/sdg/FC_ACC_SSID,FC_ACC_SSID,Proportion of small-scale industries with a loan or line of credit (%),http://metadata.un.org/sdg/ontology#Series|http://www.w3.org/2004/02/skos/core#Concept,http://data.europa.eu/sdg/C090302,,http://data.europa.eu/sdg/9,"[""Proportion of small-scale industries with a loan or line of credit (%)""]"
http://data.europa.eu/sdg/FI_FSI_FSANL,FI_FSI_FSANL,Non-performing loans to total gross loans (%),http://metadata.un.org/sdg/ontology#Series|http://www.w3.org/2004/02/skos/core#Concept,http://data.europa.eu/sdg/C100501,,http://data.europa.eu/sdg/10,"[""Non-performing loans to total gross loans (%)""]"
http://data.europa.eu/sdg/FI_FSI_FSERA,FI_FSI_FSERA,Return on assets (%),http://metadata.un.org/sdg/ontology#Series|http://www.w3.org/2004/02/skos/core#Concept,http://data.europa.eu/sdg/C100501,,http://data.europa.eu/sdg/10,"[""Return on assets (%)""]"
http://data.europa.eu/sdg/FI_FSI_FSKA,FI_FSI_FSKA,Regulatory capital to assets (%),http://metadata.un.org/sdg/ontology#Series|http://www.w3.org/2004/02/skos/core#Concept,http://data.europa.eu/sdg/C100501,,http://data.europa.eu/sdg/10,"[""Regulatory capital to assets (%)""]"
http://data.europa.eu/sdg/FI_FSI_FSKNL,FI_FSI_FSKNL,Non-performing loans net of provisions to capital (%),http://metadata.un.org/sdg/ontology#Series|http://www.w3.org/2004/02/skos/core#Concept,http://data.europa.eu/sdg/C100501,,http://data.europa.eu/sdg/10,"[""Non-performing loans net of provisions to capital (%)""]"
http://data.europa.eu/sdg/FI_FSI_FSKRTC,FI_FSI_FSKRTC,Regulatory Tier 1 capital to risk-weighted assets (%),http://metadata.un.org/sdg/ontology#Series|http://www.w3.org/2004/02/skos/core#Concept,http://data.europa.eu/sdg/C100501,,http://data.europa.eu/sdg/10,"[""Regulatory Tier 1 capital to risk-weighted assets (%)""]"
http://data.europa.eu/sdg/FI_FSI_FSLS,FI_FSI_FSLS,Liquid assets to short term liabilities (%),http://metadata.un.org/sdg/ontology#Series|http://www.w3.org/2004/02/skos/core#Concept,http://data.europa.eu/sdg/C100501,,http://data.europa.eu/sdg/10,"[""Liquid assets to short term liabilities (%)""]"
http://data.europa.eu/sdg/FI_FSI_FSSNO,FI_FSI_FSSNO,Net open position in foreign exchange to capital (%),http://metadata.un.org/sdg/ontology#Series|http://www.w3.org/2004/02/skos/core#Concept,http://data.europa.eu/sdg/C100501,,http://data.europa.eu/sdg/10,"[""Net open position in foreign exchange to capital (%)""]"
http://data.europa.eu/sdg/GB_POP_SCIERD,GB_POP_SCIERD,"Researchers (in full-time equivalent) per million inhabitants (per 1,000,000 population)",http://metadata.un.org/sdg/ontology#Series|http://www.w3.org/2004/02/skos/core#Concept,http://data.europa.eu/sdg/C090502,,http://data.europa.eu/sdg/9,"[""Researchers (in full-time equivalent) per million inhabitants (per 1,000,000 population)""]"
http://data.europa.eu/sdg/GB_XPD_RSDV,GB_XPD_RSDV,Research and development expenditure as a proportion of GDP (%),http://metadata.un.org/sdg/ontology#Series|http://www.w3.org/2004/02/skos/core#Concept,http://data.europa.eu/sdg/C090501,,http://data.europa.eu/sdg/9,"[""Research and development expenditure as a proportion of GDP (%)""]"
http://data.europa.eu/sdg/GC_GOB_TAXD,GC_GOB_TAXD,Proportion of domestic budget funded by domestic taxes (% of GDP),http://metadata.un.org/sdg/ontology#Series|http://www.w3.org/2004/02/skos/core#Concept,http://data.europa.eu/sdg/C170102,,http://data.europa.eu/sdg/17,"[""Proportion of domestic budget funded by domestic taxes (% of GDP)""]"
http://data.europa.eu/sdg/GF_XPD_GBPC,GF_XPD_GBPC,Primary government expenditures as a proportion of original approved budget (%),http://metadata.un.org/sdg/ontology#Series|http://www.w3.org/2004/02/skos/core#Concept,http://data.europa.eu/sdg/C160601,,http://data.europa.eu/sdg/16,"[""Primary government expenditures as a proportion of original approved budget (%)""]"
http://data.europa.eu/sdg/GR_G14_GDP,GR_G14_GDP,Total government revenue (budgetary central government) as a proportion of GDP (%),http://metadata.un.org/sdg/ontology#Series|http://www.w3.org/2004/02/skos/core#Concept,http://data.europa.eu/sdg/C170101,,http://data.europa.eu/sdg/17,"[""Total government revenue (budgetary central government) as a proportion of GDP (%)""]"
http://data.europa.eu/sdg/IC_FRM_BRIB,IC_FRM_BRIB,Bribery incidence (% of firms experiencing at least one bribe payment request),http://metadata.un.org/sdg/ontology#Series|http://www.w3.org/2004/02/skos/core#Concept,http://data.europa.eu/sdg/C160502,,http://data.europa.eu/sdg/16,"[""Bribery incidence (% of firms experiencing at least one bribe payment request)""]"
http://data.europa.eu/sdg/IC_GEN_MGTL,IC_GEN_MGTL,Proportion of women in managerial positions (%),http://metadata.un.org/sdg/ontology#Series|http://www.w3.org/2004/02/skos/core#Concept,http://data.europa.eu/sdg/C050502,,http://data.europa.eu/sdg/5,"[""Proportion of women in managerial positions (%)""]"
http://data.europa.eu/sdg/IC_GEN_MGTN,IC_GEN_MGTN,Proportion of women in senior and middle management positions (%),http://metadata.un.org/sdg/ontology#Series|http://www.w3.org/2004/02/skos/core#Concept,http://data.europa.eu/sdg/C050502,,http://data.europa.eu/sdg/5,"[""Proportion of women in senior and middle management positions (%)""]"
http://data.europa.eu/sdg/IS_RDP_FRGVOL,IS_RDP_FRGVOL,"Freight volume, by mode of transport (tonne kilometres)",http://metadata.un.org/sdg/ontology#Series|http://www.w3.org/2004/02/skos/core#Concept,http://data.europa.eu/sdg/C090102,,http://data.europa.eu/sdg/9,"[""Freight volume, by mode of transport (tonne kilometres)""]"
http://data.europa.eu/sdg/IS_RDP_PFVOL,IS_RDP_PFVOL,"Passenger volume (passenger kilometres), by mode of transport",http://metadata.un.org/sdg/ontology#Series|http://www.w3.org/2004/02/skos/core#Concept,http://data.europa.eu/sdg/C090102,,http://data.europa.eu/sdg/9,"[""Passenger volume (passenger kilometres), by mode of transport""]"
http://data.europa.eu/sdg/IT_MOB_NTWK,IT_MOB_NTWK,"Proportion of population covered by a mobile network, by technology (%)",http://metadata.un.org/sdg/ontology#Series|http://www.w3.org/2004/02/skos/core#Concept,http://data.europa.eu/sdg/C090c01,,http://data.europa.eu/sdg/9,"[""Proportion of population covered by a mobile network, by technology (%)""]"
http://data.europa.eu/sdg/IT_MOB_OWN,IT_MOB_OWN,"Proportion of individuals who own a mobile telephone, by sex (%)",http://metadata.un.org/sdg/ontology#Series|http://www.w3.org/2004/02/skos/core#Concept,http://data.europa.eu/sdg/C050b01,,http://data.europa.eu/sdg/5,"[""Proportion of individuals who own a mobile telephone, by sex (%)""]"
http://data.europa.eu/sdg/IT_NET_BBN,IT_NET_BBN,"Number of fixed Internet broadband subscriptions, by speed (number)",http://metadata.un.org/sdg/ontology#Series|http://www.w3.org/2004/02/skos/core#Concept,http://data.europa.eu/sdg/C170602,,http://data.europa.eu/sdg/17,"[""Number of fixed Internet broadband subscriptions, by speed (number)""]"
http://data.europa.eu/sdg/IT_NET_BBP,IT_NET_BBP,"Fixed Internet broadband subscriptions per 100 inhabitants, by speed (per 100 inhabitants)",http://metadata.un.org/sdg/ontology#Series|http://www.w3.org/2004/02/skos/core#Concept,http://data.europa.eu/sdg/C170602,,http://data.europa.eu/sdg/17,"[""Fixed Internet broadband subscriptions per 100 inhabitants, by speed (per 100 inhabitants)""]"
http://data.europa.eu/sdg/IT_USE_ii99,IT_USE_ii99,Internet users per 100 inhabitants,http://metadata.un.org/sdg/ontology#Series|http://www.w3.org/2004/02/skos/core#Concept,http://data.europa.eu/sdg/C170801,,http://data.europa.eu/sdg/17,"[""Internet users per 100 inhabitants""]"
http://data.europa.eu/sdg/IU_COR_BRIB,IU_COR_BRIB,"Prevalence rate of bribery, by sex (%)",http://metadata.un.org/sdg/ontology#Series|http://www.w3.org/2004/02/skos/core#Concept,http://data.europa.eu/sdg/C160501,,http://data.europa.eu/sdg/16,"[""Prevalence rate of bribery, by sex (%)""]"
http://data.europa.eu/sdg/NV_IND_MANF,NV_IND_MANF,Manufacturing value added as a proportion of GDP (%),http://metadata.un.org/sdg/ontology#Series|http://www.w3.org/2004/02/skos/core#Concept,http://data.europa.eu/sdg/C090201,,http://data.europa.eu/sdg/9,"[""Manufacturing value added as a proportion of GDP (%)""]"
http://data.europa.eu/sdg/NV_IND_MANFPC,NV_IND_MANFPC,Manufacturing value added per capita (constant 2010 United States dollars),http://metadata.un.org/sdg/ontology#Series|http://www.w3.org/2004/02/skos/core#Concept,http://data.europa.eu/sdg/C090201,,http://data.europa.eu/sdg/9,"[""Manufacturing value added per capita (constant 2010 United States dollars)""]"
http://data.europa.eu/sdg/NV_IND_SSIS,NV_IND_SSIS,Proportion of small-scale industries in total industry value added (%),http://metadata.un.org/sdg/ontology#Series|http://www.w3.org/2004/02/skos/core#Concept,http://data.europa.eu/sdg/C090301,,http://data.europa.eu/sdg/9,"[""Proportion of small-scale industries in total industry value added (%)""]"
http://data.europa.eu/sdg/NV_IND_TECH,NV_IND_TECH,Proportion of medium and high-tech industry value added in total value added (%),http://metadata.un.org/sdg/ontology#Series|http://www.w3.org/2004/02/skos/core#Concept,http://data.europa.eu/sdg/C090b01,,http://data.europa.eu/sdg/9,"[""Proportion of medium and high-tech industry value added in total value added (%)""]"
http://data.europa.eu/sdg/NY_GDP_PCAP,NY_GDP_PCAP,Annual growth rate of real GDP per capita (%),http://metadata.un.org/sdg/ontology#Series|http://www.w3.org/2004/02/skos/core#Concept,http://data.europa.eu/sdg/C080101,,http://data.europa.eu/sdg/8,"[""Annual growth rate of real GDP per capita (%)""]"
http://data.europa.eu/sdg/PD_AGR_SSFP,PD_AGR_SSFP,"Productivity of small-scale food producers (agricultural output per labour day, PPP) (constant 2011 international $)",http://metadata.un.org/sdg/ontology#Series|http://www.w3.org/2004/02/skos/core#Concept,http://data.europa.eu/sdg/C020301,,http://data.europa.eu/sdg/2,"[""Productivity of small-scale food producers (agricultural output per labour day, PPP) (constant 2011 international $)""]"
http://data.europa.eu/sdg/SD_XPD_ESED,SD_XPD_ESED,"Proportion of total government spending on essential services, education (%)",http://metadata.un.org/sdg/ontology#Series|http://www.w3.org/2004/02/skos/core#Concept,http://data.europa.eu/sdg/C010a02,,http://data.europa.eu/sdg/1,"[""Proportion of total government spending on essential services, education (%)""]"
http://data.europa.eu/sdg/SE_ACC_COMP,SE_ACC_COMP,"Schools with access to computers for pedagogical purposes, by education level (%)",http://metadata.un.org/sdg/ontology#Series|http://www.w3.org/2004/02/skos/core#Concept,http://data.europa.eu/sdg/C040a01,,http://data.europa.eu/sdg/4,"[""Schools with access to computers for pedagogical purposes, by education level (%)""]"
http://data.europa.eu/sdg/SE_ACC_DWAT,SE_ACC_DWAT,"Schools with access to basic drinking water, by education level (%)",http://metadata.un.org/sdg/ontology#Series|http://www.w3.org/2004/02/skos/core#Concept,http://data.europa.eu/sdg/C040a01,,http://data.europa.eu/sdg/4,"[""Schools with access to basic drinking water, by education level (%)""]"
http://data.europa.eu/sdg/SE_ACC_ELEC,SE_ACC_ELEC,"Schools with access to electricity, by education level (%)",http://metadata.un.org/sdg/ontology#Series|http://www.w3.org/2004/02/skos/core#Concept,http://data.europa.eu/sdg/C040a01,,http://data.europa.eu/sdg/4,"[""Schools with access to electricity, by education level (%)""]"
http://data.europa.eu/sdg/SE_ACC_HNWA,SE_ACC_HNWA,"Schools with basic handwashing facilities, by education level (%)",http://metadata.un.org/sdg/ontology#Series|http://www.w3.org/2004/02/skos/core#Concept,http://data.europa.eu/sdg/C040a01,,http://data.europa.eu/sdg/4,"[""Schools with basic handwashing facilities, by education level (%)""]"
http://data.europa.eu/sdg/SE_ACC_INTN,SE_ACC_INTN,"Schools with access to the internet for pedagogical purposes, by education level (%)",http://metadata.un.org/sdg/ontology#Series|http://www.w3.org/2004/02/skos/core#Concept,http://data.europa.eu/sdg/C040a01,,http://data.europa.eu/sdg/4,"[""Schools with access to the internet for pedagogical purposes, by education level (%)""]"
http://data.europa.eu/sdg/SE_ACC_SANI,SE_ACC_SANI,"Schools with access to access to single-sex basic sanitation, by education level (%)",http://metadata.un.org/sdg/ontology#Series|http://www.w3.org/2004/02/skos/core#Concept,http://data.europa.eu/sdg/C040a01,,http://data.europa.eu/sdg/4,"[""Schools with access to access to single-sex basic sanitation, by education level (%)""]"
http://data.europa.eu/sdg/SE_ADT_ACTS,SE_ADT_ACTS,"Proportion of youth and adults with information and communications technology (ICT) skills, by sex and type of skill (%)",http://metadata.un.org/sdg/ontology#Series|http://www.w3.org/2004/02/skos/core#Concept,http://data.europa.eu/sdg/C040401,,http://data.europa.eu/sdg/4,"[""Proportion of youth and adults with information and communications technology (ICT) skills, by sex and type of skill (%)""]"
http://data.europa.eu/sdg/SE_ADT_EDUCTRN,SE_ADT_EDUCTRN,"Participation rate in formal and non-formal education and training, by sex (%)",http://metadata.un.org/sdg/ontology#Series|http://www.w3.org/2004/02/skos/core#Concept,http://data.europa.eu/sdg/C040301,,http://data.europa.eu/sdg/4,"[""Participation rate in formal and non-formal education and training, by sex (%)""]"
http://data.europa.eu/sdg/SE_ADT_FUNS,SE_ADT_FUNS,"Proportion of population achieving at least a fixed level of proficiency in functional skills, by sex, age and type of skill (%)",http://metadata.un.org/sdg/ontology#Series|http://www.w3.org/2004/02/skos/core#Concept,http://data.europa.eu/sdg/C040601,,http://data.europa.eu/sdg/4,"[""Proportion of population achieving at least a fixed level of proficiency in functional skills, by sex, age and type of skill (%)""]"
http://data.europa.eu/sdg/SE_DEV_ONTRK,SE_DEV_ONTRK,"Proportion of children aged 36−59 months who are developmentally on track in at least three of the following domains: literacy-numeracy, physical development, social-emotional development, and learning (% of children aged 36-59 months)",http://metadata.un.org/sdg/ontology#Series|http://www.w3.org/2004/02/skos/core#Concept,http://data.europa.eu/sdg/C040201,,http://data.europa.eu/sdg/4,"[""Proportion of children aged 36−59 months who are developmentally on track in at least three of the following domains: literacy-numeracy, physical development, social-emotional development, and learning (% of children aged 36-59 months)""]"
http://data.europa.eu/sdg/SE_GPI_FUNPROF,SE_GPI_FUNPROF,Gender parity index achieving at least a fixed level of proficiency in functional literacy skills (ratio),http://metadata.un.org/sdg/ontology#Series|http://www.w3.org/2004/02/skos/core#Concept,http://data.europa.eu/sdg/C040501,,http://data.europa.eu/sdg/4,"[""Gender parity index achieving at least a fixed level of proficiency in functional literacy skills (ratio)""]"
http://data.europa.eu/sdg/SE_GPI_ICTS,SE_GPI_ICTS,"Gender parity index for youth/adults with information and communications technology (ICT) skills, by type of skill (ratio)",http://metadata.un.org/sdg/ontology#Series|http://www.w3.org/2004/02/skos/core#Concept,http://data.europa.eu/sdg/C040501,,http://data.europa.eu/sdg/4,"[""Gender parity index for youth/adults with information and communications technology (ICT) skills, by type of skill (ratio)""]"
http://data.europa.eu/sdg/SE_GPI_MATACH,SE_GPI_MATACH,"Gender parity index for achievement in mathematics, by education level (ratio)",http://metadata.un.org/sdg/ontology#Series|http://www.w3.org/2004/02/skos/core#Concept,http://data.europa.eu/sdg/C040501,,http://data.europa.eu/sdg/4,"[""Gender parity index for achievement in mathematics, by education level (ratio)""]"
http://data.europa.eu/sdg/SE_GPI_PART,SE_GPI_PART,Gender parity index for participation rate in formal and non-formal education and training (ratio),http://metadata.un.org/sdg/ontology#Series|http://www.w3.org/2004/02/skos/core#Concept,http://data.europa.eu/sdg/C040501,,http://data.europa.eu/sdg/4,"[""Gender parity index for participation rate in formal and non-formal education and training (ratio)""]"
http://data.europa.eu/sdg/SE_GPI_REAACH,SE_GPI_REAACH,"Gender parity index for achievement in reading, by education level (ratio)",http://metadata.un.org/sdg/ontology#Series|http://www.w3.org/2004/02/skos/core#Concept,http://data.europa.eu/sdg/C040501,,http://data.europa.eu/sdg/4,"[""Gender parity index for achievement in reading, by education level (ratio)""]"
http://data.europa.eu/sdg/SE_GPI_TRATEA,SE_GPI_TRATEA,"Gender parity index of trained teachers, by education level (ratio)",http://metadata.un.org/sdg/ontology#Series|http://www.w3.org/2004/02/skos/core#Concept,http://data.europa.eu/sdg/C040501,,http://data.europa.eu/sdg/4,"[""Gender parity index of trained teachers, by education level (ratio)""]"
http://data.europa.eu/sdg/SE_IMP_FPOF,SE_IMP_FPOF,"Immigration status parity index for achieving at least a fixed level of proficiency in functional skills, by numeracy/literacy skills (ratio)",http://metadata.un.org/sdg/ontology#Series|http://www.w3.org/2004/02/skos/core#Concept,http://data.europa.eu/sdg/C040501,,http://data.europa.eu/sdg/4,"[""Immigration status parity index for achieving at least a fixed level of proficiency in functional skills, by numeracy/literacy skills (ratio)""]"
http://data.europa.eu/sdg/SE_INF_DSBL,SE_INF_DSBL,"Proportion of schools with access to adapted infrastructure and materials for students with disabilities, by education level (%)",http://metadata.un.org/sdg/ontology#Series|http://www.w3.org/2004/02/skos/core#Concept,http://data.europa.eu/sdg/C040a01,,http://data.europa.eu/sdg/4,"[""Proportion of schools with access to adapted infrastructure and materials for students with disabilities, by education level (%)""]"
http://data.europa.eu/sdg/SE_LGP_ACHIMA,SE_LGP_ACHIMA,"Language test parity index for achievement in mathematics, by education level (ratio)",http://metadata.un.org/sdg/ontology#Series|http://www.w3.org/2004/02/skos/core#Concept,http://data.europa.eu/sdg/C040501,,http://data.europa.eu/sdg/4,"[""Language test parity index for achievement in mathematics, by education level (ratio)""]"
http://data.europa.eu/sdg/SE_LGP_ACHIRE,SE_LGP_ACHIRE,"Language test parity index for achievement in reading, by education level (ratio)",http://metadata.un.org/sdg/ontology#Series|http://www.w3.org/2004/02/skos/core#Concept,http://data.europa.eu/sdg/C040501,,http://data.europa.eu/sdg/4,"[""Language test parity index for achievement in reading, by education level (ratio)""]"
http://data.europa.eu/sdg/SE_MAT_PROF,SE_MAT_PROF,"Minimum proficiency in mathematics, by education level and sex (%)",http://metadata.un.org/sdg/ontology#Series|http://www.w3.org/2004/02/skos/core#Concept,http://data.europa.eu/sdg/C040101,,http://data.europa.eu/sdg/4,"[""Minimum proficiency in mathematics, by education level and sex (%)""]"
http://data.europa.eu/sdg/SE_NAP_ACHIMA,SE_NAP_ACHIMA,"Native parity index for achievement in mathematics, by education level (ratio)",http://metadata.un.org/sdg/ontology#Series|http://www.w3.org/2004/02/skos/core#Concept,http://data.europa.eu/sdg/C040501,,http://data.europa.eu/sdg/4,"[""Native parity index for achievement in mathematics, by education level (ratio)""]"
http://data.europa.eu/sdg/SE_NAP_ACHIRE,SE_NAP_ACHIRE,"Native parity index for achievement in reading, by education level (ratio)",http://metadata.un.org/sdg/ontology#Series|http://www.w3.org/2004/02/skos/core#Concept,http://data.europa.eu/sdg/C040501,,http://data.europa.eu/sdg/4,"[""Native parity index for achievement in reading, by education level (ratio)""]"
http://data.europa.eu/sdg/SE_PRE_GPIPARTN,SE_PRE_GPIPARTN,"Gender parity index for participation rate in organized learning (one year before the official primary entry age), (ratio)",http://metadata.un.org/sdg/ontology#Series|http://www.w3.org/2004/02/skos/core#Concept,http://data.europa.eu/sdg/C040501,,http://data.europa.eu/sdg/4,"[""Gender parity index for participation rate in organized learning (one year before the official primary entry age), (ratio)""]"
http://data.europa.eu/sdg/SE_PRE_PARTN,SE_PRE_PARTN,"Participation rate in organized learning (one year before the official primary entry age), by sex (%)",http://metadata.un.org/sdg/ontology#Series|http://www.w3.org/2004/02/skos/core#Concept,http://data.europa.eu/sdg/C040202,,http://data.europa.eu/sdg/4,"[""Participation rate in organized learning (one year before the official primary entry age), by sex (%)""]"
http://data.europa.eu/sdg/SE_REA_PROF,SE_REA_PROF,"Minimum proficiency in reading, by education level and sex (%)",http://metadata.un.org/sdg/ontology#Series|http://www.w3.org/2004/02/skos/core#Concept,http://data.europa.eu/sdg/C040101,,http://data.europa.eu/sdg/4,"[""Minimum proficiency in reading, by education level and sex (%)""]"
http://data.europa.eu/sdg/SE_SEP_FUNPROF,SE_SEP_FUNPROF,Low to high socio-economic parity status index achieving at least a fixed level of proficiency in functional numeracy skills  (ratio),http://metadata.un.org/sdg/ontology#Series|http://www.w3.org/2004/02/skos/core#Concept,http://data.europa.eu/sdg/C040501,,http://data.europa.eu/sdg/4,"[""Low to high socio-economic parity status index achieving at least a fixed level of proficiency in functional numeracy skills  (ratio)""]"
http://data.europa.eu/sdg/SE_SEP_MATACH,SE_SEP_MATACH,"Low to high socio-economic parity status index for achievement in mathematics, by education level (ratio)",http://metadata.un.org/sdg/ontology#Series|http://www.w3.org/2004/02/skos/core#Concept,http://data.europa.eu/sdg/C040501,,http://data.europa.eu/sdg/4,"[""Low to high socio-economic parity status index for achievement in mathematics, by education level (ratio)""]"
http://data.europa.eu/sdg/SE_SEP_REAACH,SE_SEP_REAACH,"Low to high socio-economic parity status index for achievement in reading, by education level (ratio)",http://metadata.un.org/sdg/ontology#Series|http://www.w3.org/2004/02/skos/core#Concept,http://data.europa.eu/sdg/C040501,,http://data.europa.eu/sdg/4,"[""Low to high socio-economic parity status index for achievement in reading, by education level (ratio)""]"
http://data.europa.eu/sdg/SE_TRA_GRDL,SE_TRA_GRDL,"Proportion of teachers who have received at least the minimum organized teacher training (e.g. pedagogical training) pre-service or in-service required for teaching at the relevant level in a given country, by sex and education level (%)",http://metadata.un.org/sdg/ontology#Series|http://www.w3.org/2004/02/skos/core#Concept,http://data.europa.eu/sdg/C040c01,,http://data.europa.eu/sdg/4,"[""Proportion of teachers who have received at least the minimum organized teacher training (e.g. pedagogical training) pre-service or in-service required for teaching at the relevant level in a given country, by sex and education level (%)""]"
http://data.europa.eu/sdg/SE_URP_MATACH,SE_URP_MATACH,"Rural to urban parity index for achievement in mathematics, by education level (ratio)",http://metadata.un.org/sdg/ontology#Series|http://www.w3.org/2004/02/skos/core#Concept,http://data.europa.eu/sdg/C040501,,http://data.europa.eu/sdg/4,"[""Rural to urban parity index for achievement in mathematics, by education level (ratio)""]"
http://data.europa.eu/sdg/SE_URP_REAACH,SE_URP_REAACH,"Rural to urban parity index for achievement in reading, by education level (ratio)",http://metadata.un.org/sdg/ontology#Series|http://www.w3.org/2004/02/skos/core#Concept,http://data.europa.eu/sdg/C040501,,http://data.europa.eu/sdg/4,"[""Rural to urban parity index for achievement in reading, by education level (ratio)""]"
http://data.europa.eu/sdg/SG_DSR_LGRGSR,SG_DSR_LGRGSR,Score of adoption and implementation of national DRR strategies in line with the Sendai Framework,http://metadata.un.org/sdg/ontology#Series|http://www.w3.org/2004/02/skos/core#Concept,http://data.europa.eu/sdg/C200304,,http://data.europa.eu/sdg/1|http://data.europa.eu/sdg/11|http://data.europa.eu/sdg/13,"[""Score of adoption and implementation of national DRR strategies in line with the Sendai Framework""]"
http://data.europa.eu/sdg/SG_DSR_SILN,SG_DSR_SILN,Number of local governments that adopt and implement local DRR strategies in line with national strategies (number),http://metadata.un.org/sdg/ontology#Series|http://www.w3.org/2004/02/skos/core#Concept,http://data.europa.eu/sdg/C200305,,http://data.europa.eu/sdg/1|http://data.europa.eu/sdg/11|http://data.europa.eu/sdg/13,"[""Number of local governments that adopt and implement local DRR strategies in line with national strategies (number)""]"
http://data.europa.eu/sdg/SG_DSR_SILS,SG_DSR_SILS,Proportion of local governments that adopt and implement local disaster risk reduction strategies in line with national disaster risk reduction strategies (%),http://metadata.un.org/sdg/ontology#Series|http://www.w3.org/2004/02/skos/core#Concept,http://data.europa.eu/sdg/C200305,,http://data.europa.eu/sdg/1|http://data.europa.eu/sdg/11|http://data.europa.eu/sdg/13,"[""Proportion of local governments that adopt and implement local disaster risk reduction strategies in line with national disaster risk reduction strategies (%)""]"
http://data.europa.eu/sdg/SG_GEN_EQPWN,SG_GEN_EQPWN,Proportion of countries with systems to track and make public allocations for gender equality and women's empowerment (%),http://metadata.un.org/sdg/ontology#Series|http://www.w3.org/2004/02/skos/core#Concept,http://data.europa.eu/sdg/C050c01,,http://data.europa.eu/sdg/5,"[""Proportion of countries with systems to track and make public allocations for gender equality and women's empowerment (%)""]"
http://data.europa.eu/sdg/SG_GEN_LOCGELS,SG_GEN_LOCGELS,Proportion of elected seats held by women in deliberative bodies of local government (%),http://metadata.un.org/sdg/ontology#Series|http://www.w3.org/2004/02/skos/core#Concept,http://data.europa.eu/sdg/C050501,,http://data.europa.eu/sdg/5,"[""Proportion of elected seats held by women in deliberative bodies of local government (%)""]"
http://data.europa.eu/sdg/SG_GEN_PARL,SG_GEN_PARL,Proportion of seats held by women in national parliaments (% of total number of seats),http://metadata.un.org/sdg/ontology#Series|http://www.w3.org/2004/02/skos/core#Concept,http://data.europa.eu/sdg/C050501,,http://data.europa.eu/sdg/5,"[""Proportion of seats held by women in national parliaments (% of total number of seats)""]"
http://data.europa.eu/sdg/SG_GEN_PARLN,SG_GEN_PARLN,Number of seats held by women in national parliaments (number),http://metadata.un.org/sdg/ontology#Series|http://www.w3.org/2004/02/skos/core#Concept,http://data.europa.eu/sdg/C050501,,http://data.europa.eu/sdg/5,"[""Number of seats held by women in national parliaments (number)""]"
http://data.europa.eu/sdg/SG_GEN_PARLNT,SG_GEN_PARLNT,Number of seats in national parliaments (number),http://metadata.un.org/sdg/ontology#Series|http://www.w3.org/2004/02/skos/core#Concept,http://data.europa.eu/sdg/C050501,,http://data.europa.eu/sdg/5,"[""Number of seats in national parliaments (number)""]"
http://data.europa.eu/sdg/SG_GOV_LOGV,SG_GOV_LOGV,Number of local governments (number),http://metadata.un.org/sdg/ontology#Series|http://www.w3.org/2004/02/skos/core#Concept,http://data.europa.eu/sdg/C200305,,http://data.europa.eu/sdg/1|http://data.europa.eu/sdg/11|http://data.europa.eu/sdg/13,"[""Number of local governments (number)""]"
http://data.europa.eu/sdg/SG_HAZ_CMRBASEL,SG_HAZ_CMRBASEL,Compliance with the Basel Convention on hazardous waste and other chemicals,http://metadata.un.org/sdg/ontology#Series|http://www.w3.org/2004/02/skos/core#Concept,http://data.europa.eu/sdg/C120401,,http://data.europa.eu/sdg/12,"[""Compliance with the Basel Convention on hazardous waste and other chemicals""]"
http://data.europa.eu/sdg/SG_HAZ_CMRMNTRL,SG_HAZ_CMRMNTRL,Compliance with the Montreal Protocol on hazardous waste and other chemicals,http://metadata.un.org/sdg/ontology#Series|http://www.w3.org/2004/02/skos/core#Concept,http://data.europa.eu/sdg/C120401,,http://data.europa.eu/sdg/12,"[""Compliance with the Montreal Protocol on hazardous waste and other chemicals""]"
http://data.europa.eu/sdg/SG_HAZ_CMRROTDAM,SG_HAZ_CMRROTDAM,Compliance with the Rotterdam Convention on hazardous waste and other chemicals,http://metadata.un.org/sdg/ontology#Series|http://www.w3.org/2004/02/skos/core#Concept,http://data.europa.eu/sdg/C120401,,http://data.europa.eu/sdg/12,"[""Compliance with the Rotterdam Convention on hazardous waste and other chemicals""]"
http://data.europa.eu/sdg/SG_HAZ_CMRSTHOLM,SG_HAZ_CMRSTHOLM,Compliance with the Stockholm Convention on hazardous waste and other chemicals,http://metadata.un.org/sdg/ontology#Series|http://www.w3.org/2004/02/skos/core#Concept,http://data.europa.eu/sdg/C120401,,http://data.europa.eu/sdg/12,"[""Compliance with the Stockholm Convention on hazardous waste and other chemicals""]"
http://data.europa.eu/sdg/SG_INF_ACCSS,SG_INF_ACCSS,"Countries that adopt and implement constitutional, statutory and/or policy guarantees for public access to information",http://metadata.un.org/sdg/ontology#Series|http://www.w3.org/2004/02/skos/core#Concept,http://data.europa.eu/sdg/C161002,,http://data.europa.eu/sdg/16,"[""Countries that adopt and implement constitutional, statutory and/or policy guarantees for public access to information""]"
http://data.europa.eu/sdg/SG_INT_MBRDEV,SG_INT_MBRDEV,"Proportion of members of developing countries in international organizations, by organization (%)",http://metadata.un.org/sdg/ontology#Series|http://www.w3.org/2004/02/skos/core#Concept,http://data.europa.eu/sdg/C200205,,http://data.europa.eu/sdg/10|http://data.europa.eu/sdg/16,"[""Proportion of members of developing countries in international organizations, by organization (%)""]"
http://data.europa.eu/sdg/SG_INT_VRTDEV,SG_INT_VRTDEV,"Proportion of voting rights of developing countries in international organizations, by organization (%)",http://metadata.un.org/sdg/ontology#Series|http://www.w3.org/2004/02/skos/core#Concept,http://data.europa.eu/sdg/C200205,,http://data.europa.eu/sdg/10|http://data.europa.eu/sdg/16,"[""Proportion of voting rights of developing countries in international organizations, by organization (%)""]"
http://data.europa.eu/sdg/SG_LGL_GENEQEMP,SG_LGL_GENEQEMP,"Legal frameworks that promote, enforce and monitor gender equality (percentage of achievement, 0 - 100) -- Area 3: employment and economic benefits",http://metadata.un.org/sdg/ontology#Series|http://www.w3.org/2004/02/skos/core#Concept,http://data.europa.eu/sdg/C050101,,http://data.europa.eu/sdg/5,"[""Legal frameworks that promote, enforce and monitor gender equality (percentage of achievement, 0 - 100) -- Area 3: employment and economic benefits""]"
http://data.europa.eu/sdg/SG_LGL_GENEQLFP,SG_LGL_GENEQLFP,"Legal frameworks that promote, enforce and monitor gender equality (percentage of achievement, 0 - 100) -- Area 1: overarching legal frameworks and public life",http://metadata.un.org/sdg/ontology#Series|http://www.w3.org/2004/02/skos/core#Concept,http://data.europa.eu/sdg/C050101,,http://data.europa.eu/sdg/5,"[""Legal frameworks that promote, enforce and monitor gender equality (percentage of achievement, 0 - 100) -- Area 1: overarching legal frameworks and public life""]"
http://data.europa.eu/sdg/SG_LGL_GENEQMAR,SG_LGL_GENEQMAR,"Legal frameworks that promote, enforce and monitor gender equality (percentage of achievement, 0 - 100) -- Area 4: marriage and family",http://metadata.un.org/sdg/ontology#Series|http://www.w3.org/2004/02/skos/core#Concept,http://data.europa.eu/sdg/C050101,,http://data.europa.eu/sdg/5,"[""Legal frameworks that promote, enforce and monitor gender equality (percentage of achievement, 0 - 100) -- Area 4: marriage and family""]"
http://data.europa.eu/sdg/SG_LGL_GENEQVAW,SG_LGL_GENEQVAW,"Legal frameworks that promote, enforce and monitor gender equality (percentage of achievement, 0 - 100) --  Area 2: violence against women",http://metadata.un.org/sdg/ontology#Series|http://www.w3.org/2004/02/skos/core#Concept,http://data.europa.eu/sdg/C050101,,http://data.europa.eu/sdg/5,"[""Legal frameworks that promote, enforce and monitor gender equality (percentage of achievement, 0 - 100) --  Area 2: violence against women""]"
http://data.europa.eu/sdg/SG_NHR_IMPL,SG_NHR_IMPL,Proportion of countries with independent National Human Rights Institutions in compliance with the Paris Principles (%),http://metadata.un.org/sdg/ontology#Series|http://www.w3.org/2004/02/skos/core#Concept,http://data.europa.eu/sdg/C160a01,,http://data.europa.eu/sdg/16,"[""Proportion of countries with independent National Human Rights Institutions in compliance with the Paris Principles (%)""]"
http://data.europa.eu/sdg/SG_NHR_IMPLN,SG_NHR_IMPLN,"Countries with National Human Rights Institutions in compliance with the Paris Principles, A status (1 = YES; 0 = NO)",http://metadata.un.org/sdg/ontology#Series|http://www.w3.org/2004/02/skos/core#Concept,http://data.europa.eu/sdg/C160a01,,http://data.europa.eu/sdg/16,"[""Countries with National Human Rights Institutions in compliance with the Paris Principles, A status (1 = YES; 0 = NO)""]"
http://data.europa.eu/sdg/SG_NHR_INTEXST,SG_NHR_INTEXST,Proportion of countries that applied for accreditation as independent National Human Rights Institutions in compliance with the Paris Principles (%),http://metadata.un.org/sdg/ontology#Series|http://www.w3.org/2004/02/skos/core#Concept,http://data.europa.eu/sdg/C160a01,,http://data.europa.eu/sdg/16,"[""Proportion of countries that applied for accreditation as independent National Human Rights Institutions in compliance with the Paris Principles (%)""]"
http://data.europa.eu/sdg/SG_NHR_INTEXSTN,SG_NHR_INTEXSTN,"Countries with National Human Rights Institutions not fully compliant with the Paris Principles, B status (1 = YES; 0 = NO)",http://metadata.un.org/sdg/ontology#Series|http://www.w3.org/2004/02/skos/core#Concept,http://data.europa.eu/sdg/C160a01,,http://data.europa.eu/sdg/16,"[""Countries with National Human Rights Institutions not fully compliant with the Paris Principles, B status (1 = YES; 0 = NO)""]"
http://data.europa.eu/sdg/SG_NHR_NOAPPLN,SG_NHR_NOAPPLN,"Countries with no application for accreditation with the Paris Principles, D status  (1 = YES; 0 = NO)",http://metadata.un.org/sdg/ontology#Series|http://www.w3.org/2004/02/skos/core#Concept,http://data.europa.eu/sdg/C160a01,,http://data.europa.eu/sdg/16,"[""Countries with no application for accreditation with the Paris Principles, D status  (1 = YES; 0 = NO)""]"
http://data.europa.eu/sdg/SG_NHR_NOSTUSN,SG_NHR_NOSTUSN,"Countries with National Human Rights Institutions and no status with the Paris Principles, C status (1 = YES; 0 = NO)",http://metadata.un.org/sdg/ontology#Series|http://www.w3.org/2004/02/skos/core#Concept,http://data.europa.eu/sdg/C160a01,,http://data.europa.eu/sdg/16,"[""Countries with National Human Rights Institutions and no status with the Paris Principles, C status (1 = YES; 0 = NO)""]"
http://data.europa.eu/sdg/SG_PLN_MSTKSDG,SG_PLN_MSTKSDG,Progress in multi-stakeholder development effectiveness monitoring frameworks that support the achievement of the sustainable development goals (1 = YES; 0 = NO),http://metadata.un.org/sdg/ontology#Series|http://www.w3.org/2004/02/skos/core#Concept,http://data.europa.eu/sdg/C171601,,http://data.europa.eu/sdg/17,"[""Progress in multi-stakeholder development effectiveness monitoring frameworks that support the achievement of the sustainable development goals (1 = YES; 0 = NO)""]"
http://data.europa.eu/sdg/SG_PLN_PRPOLRES,SG_PLN_PRPOLRES,Extent of use of country-owned results frameworks and planning tools by providers of development cooperation - data by provider (%),http://metadata.un.org/sdg/ontology#Series|http://www.w3.org/2004/02/skos/core#Concept,http://data.europa.eu/sdg/C171501,,http://data.europa.eu/sdg/17,"[""Extent of use of country-owned results frameworks and planning tools by providers of development cooperation - data by provider (%)""]"
http://data.europa.eu/sdg/SG_PLN_PRVNDI,SG_PLN_PRVNDI,Proportion of new development interventions drawn from country-led result frameworks - data by provider (%),http://metadata.un.org/sdg/ontology#Series|http://www.w3.org/2004/02/skos/core#Concept,http://data.europa.eu/sdg/C171501,,http://data.europa.eu/sdg/17,"[""Proportion of new development interventions drawn from country-led result frameworks - data by provider (%)""]"
http://data.europa.eu/sdg/SG_PLN_PRVRICTRY,SG_PLN_PRVRICTRY,Proportion of results indicators drawn from country-led results frameworks - data by provider (%),http://metadata.un.org/sdg/ontology#Series|http://www.w3.org/2004/02/skos/core#Concept,http://data.europa.eu/sdg/C171501,,http://data.europa.eu/sdg/17,"[""Proportion of results indicators drawn from country-led results frameworks - data by provider (%)""]"
http://data.europa.eu/sdg/SG_PLN_PRVRIMON,SG_PLN_PRVRIMON,Proportion of results indicators which will be monitored using government sources and monitoring systems - data by provider (%),http://metadata.un.org/sdg/ontology#Series|http://www.w3.org/2004/02/skos/core#Concept,http://data.europa.eu/sdg/C171501,,http://data.europa.eu/sdg/17,"[""Proportion of results indicators which will be monitored using government sources and monitoring systems - data by provider (%)""]"
http://data.europa.eu/sdg/SG_PLN_RECNDI,SG_PLN_RECNDI,Proportion of new development interventions drawn from country-led result frameworks - data by recipient (%),http://metadata.un.org/sdg/ontology#Series|http://www.w3.org/2004/02/skos/core#Concept,http://data.europa.eu/sdg/C171501,,http://data.europa.eu/sdg/17,"[""Proportion of new development interventions drawn from country-led result frameworks - data by recipient (%)""]"
http://data.europa.eu/sdg/SG_PLN_RECRICTRY,SG_PLN_RECRICTRY,Proportion of results indicators drawn from country-led results frameworks - data by recipient (%),http://metadata.un.org/sdg/ontology#Series|http://www.w3.org/2004/02/skos/core#Concept,http://data.europa.eu/sdg/C171501,,http://data.europa.eu/sdg/17,"[""Proportion of results indicators drawn from country-led results frameworks - data by recipient (%)""]"
http://data.europa.eu/sdg/SG_PLN_RECRIMON,SG_PLN_RECRIMON,Proportion of results indicators which will be monitored using government sources and monitoring systems - data by recipient (%),http://metadata.un.org/sdg/ontology#Series|http://www.w3.org/2004/02/skos/core#Concept,http://data.europa.eu/sdg/C171501,,http://data.europa.eu/sdg/17,"[""Proportion of results indicators which will be monitored using government sources and monitoring systems - data by recipient (%)""]"
http://data.europa.eu/sdg/SG_PLN_REPOLRES,SG_PLN_REPOLRES,Extent of use of country-owned results frameworks and planning tools by providers of development cooperation - data by recipient (%),http://metadata.un.org/sdg/ontology#Series|http://www.w3.org/2004/02/skos/core#Concept,http://data.europa.eu/sdg/C171501,,http://data.europa.eu/sdg/17,"[""Extent of use of country-owned results frameworks and planning tools by providers of development cooperation - data by recipient (%)""]"
http://data.europa.eu/sdg/SG_REG_BRTH,SG_REG_BRTH,Proportion of children under 5 years of age whose births have been registered with a civil authority (% of children under 5 years of age),http://metadata.un.org/sdg/ontology#Series|http://www.w3.org/2004/02/skos/core#Concept,http://data.europa.eu/sdg/C160901,,http://data.europa.eu/sdg/16,"[""Proportion of children under 5 years of age whose births have been registered with a civil authority (% of children under 5 years of age)""]"
http://data.europa.eu/sdg/SG_REG_BRTH90,SG_REG_BRTH90,Proportion of countries with birth registration data that are at least 90 percent complete (%),http://metadata.un.org/sdg/ontology#Series|http://www.w3.org/2004/02/skos/core#Concept,http://data.europa.eu/sdg/C171902,,http://data.europa.eu/sdg/17,"[""Proportion of countries with birth registration data that are at least 90 percent complete (%)""]"
http://data.europa.eu/sdg/SG_REG_BRTH90N,SG_REG_BRTH90N,Countries with birth registration data that are at least 90 percent complete (1 = YES; 0 = NO),http://metadata.un.org/sdg/ontology#Series|http://www.w3.org/2004/02/skos/core#Concept,http://data.europa.eu/sdg/C171902,,http://data.europa.eu/sdg/17,"[""Countries with birth registration data that are at least 90 percent complete (1 = YES; 0 = NO)""]"
http://data.europa.eu/sdg/SG_REG_CENSUS,SG_REG_CENSUS,Proportion of countries that have conducted at least one population and housing census in the last 10 years (%),http://metadata.un.org/sdg/ontology#Series|http://www.w3.org/2004/02/skos/core#Concept,http://data.europa.eu/sdg/C171902,,http://data.europa.eu/sdg/17,"[""Proportion of countries that have conducted at least one population and housing census in the last 10 years (%)""]"
http://data.europa.eu/sdg/SG_REG_CENSUSN,SG_REG_CENSUSN,Countries that have conducted at least one population and housing census in the last 10 years (1 = YES; 0 = NO),http://metadata.un.org/sdg/ontology#Series|http://www.w3.org/2004/02/skos/core#Concept,http://data.europa.eu/sdg/C171902,,http://data.europa.eu/sdg/17,"[""Countries that have conducted at least one population and housing census in the last 10 years (1 = YES; 0 = NO)""]"
http://data.europa.eu/sdg/SG_REG_DETH75,SG_REG_DETH75,Proportion of countries with death registration data that are at least 75 percent complete (%),http://metadata.un.org/sdg/ontology#Series|http://www.w3.org/2004/02/skos/core#Concept,http://data.europa.eu/sdg/C171902,,http://data.europa.eu/sdg/17,"[""Proportion of countries with death registration data that are at least 75 percent complete (%)""]"
http://data.europa.eu/sdg/SG_REG_DETH75N,SG_REG_DETH75N,Countries with death registration data that are at least 75 percent complete (1 = YES; 0 = NO),http://metadata.un.org/sdg/ontology#Series|http://www.w3.org/2004/02/skos/core#Concept,http://data.europa.eu/sdg/C171902,,http://data.europa.eu/sdg/17,"[""Countries with death registration data that are at least 75 percent complete (1 = YES; 0 = NO)""]"
http://data.europa.eu/sdg/SG_SCP_CNTRY,SG_SCP_CNTRY,Countries with sustainable consumption and production (SCP) national action plans or SCP mainstreamed as a priority or target into national policies (1 = YES; 0 = NO),http://metadata.un.org/sdg/ontology#Series|http://www.w3.org/2004/02/skos/core#Concept,http://data.europa.eu/sdg/C120101,,http://data.europa.eu/sdg/12,"[""Countries with sustainable consumption and production (SCP) national action plans or SCP mainstreamed as a priority or target into national policies (1 = YES; 0 = NO)""]"
http://data.europa.eu/sdg/SG_SCP_CORMEC,SG_SCP_CORMEC,Countries with coordination mechanism for sustainable consumption and production (1 = YES; 0 = NO),http://metadata.un.org/sdg/ontology#Series|http://www.w3.org/2004/02/skos/core#Concept,http://data.europa.eu/sdg/C120101,,http://data.europa.eu/sdg/12,"[""Countries with coordination mechanism for sustainable consumption and production (1 = YES; 0 = NO)""]"
http://data.europa.eu/sdg/SG_SCP_MACPOL,SG_SCP_MACPOL,Countries with macro policy for sustainable consumption and production (1 = YES; 0 = NO),http://metadata.un.org/sdg/ontology#Series|http://www.w3.org/2004/02/skos/core#Concept,http://data.europa.eu/sdg/C120101,,http://data.europa.eu/sdg/12,"[""Countries with macro policy for sustainable consumption and production (1 = YES; 0 = NO)""]"
http://data.europa.eu/sdg/SG_SCP_POLINS,SG_SCP_POLINS,Countries with policy instrument for sustainable consumption and production (1 = YES; 0 = NO),http://metadata.un.org/sdg/ontology#Series|http://www.w3.org/2004/02/skos/core#Concept,http://data.europa.eu/sdg/C120101,,http://data.europa.eu/sdg/12,"[""Countries with policy instrument for sustainable consumption and production (1 = YES; 0 = NO)""]"
http://data.europa.eu/sdg/SG_STT_CAPTY,SG_STT_CAPTY,Dollar value of all resources made available to strengthen statistical capacity in developing countries (current United States dollars),http://metadata.un.org/sdg/ontology#Series|http://www.w3.org/2004/02/skos/core#Concept,http://data.europa.eu/sdg/C171901,,http://data.europa.eu/sdg/17,"[""Dollar value of all resources made available to strengthen statistical capacity in developing countries (current United States dollars)""]"
http://data.europa.eu/sdg/SG_STT_FPOS,SG_STT_FPOS,Countries with national statistical legislation exists that complies with the Fundamental Principles of Official Statistics (1 = YES; 0 = NO),http://metadata.un.org/sdg/ontology#Series|http://www.w3.org/2004/02/skos/core#Concept,http://data.europa.eu/sdg/C171802,,http://data.europa.eu/sdg/17,"[""Countries with national statistical legislation exists that complies with the Fundamental Principles of Official Statistics (1 = YES; 0 = NO)""]"
http://data.europa.eu/sdg/SG_STT_NSDSFDDNR,SG_STT_NSDSFDDNR,Countries with national statistical plans with funding from donors (1 = YES; 0 = NO),http://metadata.un.org/sdg/ontology#Series|http://www.w3.org/2004/02/skos/core#Concept,http://data.europa.eu/sdg/C171803,,http://data.europa.eu/sdg/17,"[""Countries with national statistical plans with funding from donors (1 = YES; 0 = NO)""]"
http://data.europa.eu/sdg/SG_STT_NSDSFDGVT,SG_STT_NSDSFDGVT,Countries with national statistical plans with funding from Government (1 = YES; 0 = NO),http://metadata.un.org/sdg/ontology#Series|http://www.w3.org/2004/02/skos/core#Concept,http://data.europa.eu/sdg/C171803,,http://data.europa.eu/sdg/17,"[""Countries with national statistical plans with funding from Government (1 = YES; 0 = NO)""]"
http://data.europa.eu/sdg/SG_STT_NSDSFDOTHR,SG_STT_NSDSFDOTHR,Countries with national statistical plans with funding from others (1 = YES; 0 = NO),http://metadata.un.org/sdg/ontology#Series|http://www.w3.org/2004/02/skos/core#Concept,http://data.europa.eu/sdg/C171803,,http://data.europa.eu/sdg/17,"[""Countries with national statistical plans with funding from others (1 = YES; 0 = NO)""]"
http://data.europa.eu/sdg/SG_STT_NSDSFND,SG_STT_NSDSFND,Countries with national statistical plans that are fully funded (1 = YES; 0 = NO),http://metadata.un.org/sdg/ontology#Series|http://www.w3.org/2004/02/skos/core#Concept,http://data.europa.eu/sdg/C171803,,http://data.europa.eu/sdg/17,"[""Countries with national statistical plans that are fully funded (1 = YES; 0 = NO)""]"
http://data.europa.eu/sdg/SG_STT_NSDSIMPL,SG_STT_NSDSIMPL,Countries with national statistical plans that are under implementation (1 = YES; 0 = NO),http://metadata.un.org/sdg/ontology#Series|http://www.w3.org/2004/02/skos/core#Concept,http://data.europa.eu/sdg/C171803,,http://data.europa.eu/sdg/17,"[""Countries with national statistical plans that are under implementation (1 = YES; 0 = NO)""]"
http://data.europa.eu/sdg/SH_AAP_ASMORT,SH_AAP_ASMORT,"Age-standardized mortality rate attributed to ambient air pollution (deaths per 100,000 population)",http://metadata.un.org/sdg/ontology#Series|http://www.w3.org/2004/02/skos/core#Concept,http://data.europa.eu/sdg/C030901,,http://data.europa.eu/sdg/3,"[""Age-standardized mortality rate attributed to ambient air pollution (deaths per 100,000 population)""]"
http://data.europa.eu/sdg/SH_AAP_MORT,SH_AAP_MORT,"Crude death rate attributed to ambient air pollution (deaths per 100,000 population)",http://metadata.un.org/sdg/ontology#Series|http://www.w3.org/2004/02/skos/core#Concept,http://data.europa.eu/sdg/C030901,,http://data.europa.eu/sdg/3,"[""Crude death rate attributed to ambient air pollution (deaths per 100,000 population)""]"
http://data.europa.eu/sdg/SH_ACS_DTP3,SH_ACS_DTP3,Proportion of the target population with access to 3 doses of diphtheria-tetanus-pertussis (DTP3) (%),http://metadata.un.org/sdg/ontology#Series|http://www.w3.org/2004/02/skos/core#Concept,http://data.europa.eu/sdg/C030b01,,http://data.europa.eu/sdg/3,"[""Proportion of the target population with access to 3 doses of diphtheria-tetanus-pertussis (DTP3) (%)""]"
http://data.europa.eu/sdg/SH_ACS_MCV2,SH_ACS_MCV2,Proportion of the target population with access to measles-containing-vaccine second-dose (MCV2) (%),http://metadata.un.org/sdg/ontology#Series|http://www.w3.org/2004/02/skos/core#Concept,http://data.europa.eu/sdg/C030b01,,http://data.europa.eu/sdg/3,"[""Proportion of the target population with access to measles-containing-vaccine second-dose (MCV2) (%)""]"
http://data.europa.eu/sdg/SH_ACS_PCV3,SH_ACS_PCV3,Proportion of the target population with access to pneumococcal conjugate 3rd dose (PCV3) (%),http://metadata.un.org/sdg/ontology#Series|http://www.w3.org/2004/02/skos/core#Concept,http://data.europa.eu/sdg/C030b01,,http://data.europa.eu/sdg/3,"[""Proportion of the target population with access to pneumococcal conjugate 3rd dose (PCV3) (%)""]"
http://data.europa.eu/sdg/SH_ACS_UNHC,SH_ACS_UNHC,Universal health coverage (UHC) service coverage index,http://metadata.un.org/sdg/ontology#Series|http://www.w3.org/2004/02/skos/core#Concept,http://data.europa.eu/sdg/C030801,,http://data.europa.eu/sdg/3,"[""Universal health coverage (UHC) service coverage index""]"
http://data.europa.eu/sdg/SH_ALC_CONSPT,SH_ALC_CONSPT,Alcohol consumption per capita (aged 15 years and older) within a calendar year (litres of pure alcohol),http://metadata.un.org/sdg/ontology#Series|http://www.w3.org/2004/02/skos/core#Concept,http://data.europa.eu/sdg/C030502,,http://data.europa.eu/sdg/3,"[""Alcohol consumption per capita (aged 15 years and older) within a calendar year (litres of pure alcohol)""]"
http://data.europa.eu/sdg/SH_DTH_NCOM,SH_DTH_NCOM,"Mortality rate attributed to cardiovascular disease, cancer, diabetes or chronic respiratory disease (probability)",http://metadata.un.org/sdg/ontology#Series|http://www.w3.org/2004/02/skos/core#Concept,http://data.europa.eu/sdg/C030401,,http://data.europa.eu/sdg/3,"[""Mortality rate attributed to cardiovascular disease, cancer, diabetes or chronic respiratory disease (probability)""]"
http://data.europa.eu/sdg/SH_DTH_RNCOM,SH_DTH_RNCOM,"Number of deaths attributed to non-communicable diseases, by type of disease and sex (number)",http://metadata.un.org/sdg/ontology#Series|http://www.w3.org/2004/02/skos/core#Concept,http://data.europa.eu/sdg/C030401,,http://data.europa.eu/sdg/3,"[""Number of deaths attributed to non-communicable diseases, by type of disease and sex (number)""]"
http://data.europa.eu/sdg/SH_DYN_IMRT,SH_DYN_IMRT,"Infant mortality rate (deaths per 1,000 live births)",http://metadata.un.org/sdg/ontology#Series|http://www.w3.org/2004/02/skos/core#Concept,http://data.europa.eu/sdg/C030201,,http://data.europa.eu/sdg/3,"[""Infant mortality rate (deaths per 1,000 live births)""]"
http://data.europa.eu/sdg/SH_DYN_IMRTN,SH_DYN_IMRTN,Infant deaths (number),http://metadata.un.org/sdg/ontology#Series|http://www.w3.org/2004/02/skos/core#Concept,http://data.europa.eu/sdg/C030201,,http://data.europa.eu/sdg/3,"[""Infant deaths (number)""]"
http://data.europa.eu/sdg/SH_DYN_MORT,SH_DYN_MORT,"Under-five mortality rate, by sex (deaths per 1,000 live births)",http://metadata.un.org/sdg/ontology#Series|http://www.w3.org/2004/02/skos/core#Concept,http://data.europa.eu/sdg/C030201,,http://data.europa.eu/sdg/3,"[""Under-five mortality rate, by sex (deaths per 1,000 live births)""]"
http://data.europa.eu/sdg/SH_DYN_MORTN,SH_DYN_MORTN,Under-five deaths (number),http://metadata.un.org/sdg/ontology#Series|http://www.w3.org/2004/02/skos/core#Concept,http://data.europa.eu/sdg/C030201,,http://data.europa.eu/sdg/3,"[""Under-five deaths (number)""]"
http://data.europa.eu/sdg/SH_DYN_NMRT,SH_DYN_NMRT,"Neonatal mortality rate (deaths per 1,000 live births)",http://metadata.un.org/sdg/ontology#Series|http://www.w3.org/2004/02/skos/core#Concept,http://data.europa.eu/sdg/C030202,,http://data.europa.eu/sdg/3,"[""Neonatal mortality rate (deaths per 1,000 live births)""]"
http://data.europa.eu/sdg/SH_DYN_NMRTN,SH_DYN_NMRTN,Neonatal deaths (number),http://metadata.un.org/sdg/ontology#Series|http://www.w3.org/2004/02/skos/core#Concept,http://data.europa.eu/sdg/C030202,,http://data.europa.eu/sdg/3,"[""Neonatal deaths (number)""]"
http://data.europa.eu/sdg/SH_FPL_INFM,SH_FPL_INFM,"Proportion of women who make their own informed decisions regarding sexual relations, contraceptive use and reproductive health care (% of women aged 15-49 years)",http://metadata.un.org/sdg/ontology#Series|http://www.w3.org/2004/02/skos/core#Concept,http://data.europa.eu/sdg/C050601,,http://data.europa.eu/sdg/5,"[""Proportion of women who make their own informed decisions regarding sexual relations, contraceptive use and reproductive health care (% of women aged 15-49 years)""]"
http://data.europa.eu/sdg/SH_FPL_INFMCU,SH_FPL_INFMCU,Proportion of women who make their own informed decisions regarding contraceptive use (% of women aged 15-49 years),http://metadata.un.org/sdg/ontology#Series|http://www.w3.org/2004/02/skos/core#Concept,http://data.europa.eu/sdg/C050601,,http://data.europa.eu/sdg/5,"[""Proportion of women who make their own informed decisions regarding contraceptive use (% of women aged 15-49 years)""]"
http://data.europa.eu/sdg/SH_FPL_INFMRH,SH_FPL_INFMRH,Proportion of women who make their own informed decisions regarding reproductive health care (% of women aged 15-49 years),http://metadata.un.org/sdg/ontology#Series|http://www.w3.org/2004/02/skos/core#Concept,http://data.europa.eu/sdg/C050601,,http://data.europa.eu/sdg/5,"[""Proportion of women who make their own informed decisions regarding reproductive health care (% of women aged 15-49 years)""]"
http://data.europa.eu/sdg/SH_FPL_INFMSR,SH_FPL_INFMSR,Proportion of women who make their own informed decisions regarding sexual relations (% of women aged 15-49 years),http://metadata.un.org/sdg/ontology#Series|http://www.w3.org/2004/02/skos/core#Concept,http://data.europa.eu/sdg/C050601,,http://data.europa.eu/sdg/5,"[""Proportion of women who make their own informed decisions regarding sexual relations (% of women aged 15-49 years)""]"
http://data.europa.eu/sdg/SH_FPL_MTMM,SH_FPL_MTMM,Proportion of women of reproductive age (aged 15-49 years) who have their need for family planning satisfied with modern methods (% of women aged 15-49 years),http://metadata.un.org/sdg/ontology#Series|http://www.w3.org/2004/02/skos/core#Concept,http://data.europa.eu/sdg/C030701,,http://data.europa.eu/sdg/3,"[""Proportion of women of reproductive age (aged 15-49 years) who have their need for family planning satisfied with modern methods (% of women aged 15-49 years)""]"
http://data.europa.eu/sdg/SH_H2O_SAFE,SH_H2O_SAFE,"Proportion of population using safely managed drinking water services, by urban/rural (%)",http://metadata.un.org/sdg/ontology#Series|http://www.w3.org/2004/02/skos/core#Concept,http://data.europa.eu/sdg/C060101,,http://data.europa.eu/sdg/6,"[""Proportion of population using safely managed drinking water services, by urban/rural (%)""]"
http://data.europa.eu/sdg/SH_HAP_ASMORT,SH_HAP_ASMORT,"Age-standardized mortality rate attributed to household air pollution (deaths per 100,000 population)",http://metadata.un.org/sdg/ontology#Series|http://www.w3.org/2004/02/skos/core#Concept,http://data.europa.eu/sdg/C030901,,http://data.europa.eu/sdg/3,"[""Age-standardized mortality rate attributed to household air pollution (deaths per 100,000 population)""]"
http://data.europa.eu/sdg/SH_HAP_HBSAG,SH_HAP_HBSAG,Prevalence of hepatitis B surface antigen (HBsAg) (%),http://metadata.un.org/sdg/ontology#Series|http://www.w3.org/2004/02/skos/core#Concept,http://data.europa.eu/sdg/C030304,,http://data.europa.eu/sdg/3,"[""Prevalence of hepatitis B surface antigen (HBsAg) (%)""]"
http://data.europa.eu/sdg/SH_HAP_MORT,SH_HAP_MORT,"Crude death rate attributed to household air pollution (deaths per 100,000 population)",http://metadata.un.org/sdg/ontology#Series|http://www.w3.org/2004/02/skos/core#Concept,http://data.europa.eu/sdg/C030901,,http://data.europa.eu/sdg/3,"[""Crude death rate attributed to household air pollution (deaths per 100,000 population)""]"
http://data.europa.eu/sdg/SH_HIV_INCD,SH_HIV_INCD,"Number of new HIV infections per 1,000 uninfected population, by sex and age (per 1,000 uninfected population)",http://metadata.un.org/sdg/ontology#Series|http://www.w3.org/2004/02/skos/core#Concept,http://data.europa.eu/sdg/C030301,,http://data.europa.eu/sdg/3,"[""Number of new HIV infections per 1,000 uninfected population, by sex and age (per 1,000 uninfected population)""]"
http://data.europa.eu/sdg/SH_IHR_CAPS,SH_IHR_CAPS,"International Health Regulations (IHR) capacity, by type of IHR capacity (%)",http://metadata.un.org/sdg/ontology#Series|http://www.w3.org/2004/02/skos/core#Concept,http://data.europa.eu/sdg/C030d01,,http://data.europa.eu/sdg/3,"[""International Health Regulations (IHR) capacity, by type of IHR capacity (%)""]"
http://data.europa.eu/sdg/SH_MED_HEAWOR,SH_MED_HEAWOR,"Health worker density, by type of occupation (per 10,000 population)",http://metadata.un.org/sdg/ontology#Series|http://www.w3.org/2004/02/skos/core#Concept,http://data.europa.eu/sdg/C030c01,,http://data.europa.eu/sdg/3,"[""Health worker density, by type of occupation (per 10,000 population)""]"
http://data.europa.eu/sdg/SH_PRV_SMOK,SH_PRV_SMOK,"Age-standardized prevalence of current tobacco use among persons aged 15 years and older, by sex (%)",http://metadata.un.org/sdg/ontology#Series|http://www.w3.org/2004/02/skos/core#Concept,http://data.europa.eu/sdg/C030a01,,http://data.europa.eu/sdg/3,"[""Age-standardized prevalence of current tobacco use among persons aged 15 years and older, by sex (%)""]"
http://data.europa.eu/sdg/SH_SAN_DEFECT,SH_SAN_DEFECT,"Proportion of population practicing open defecation, by urban/rural (%)",http://metadata.un.org/sdg/ontology#Series|http://www.w3.org/2004/02/skos/core#Concept,http://data.europa.eu/sdg/C060201,,http://data.europa.eu/sdg/6,"[""Proportion of population practicing open defecation, by urban/rural (%)""]"
http://data.europa.eu/sdg/SH_SAN_HNDWSH,SH_SAN_HNDWSH,"Proportion of population with basic handwashing facilities on premises, by urban/rural (%)",http://metadata.un.org/sdg/ontology#Series|http://www.w3.org/2004/02/skos/core#Concept,http://data.europa.eu/sdg/C060201,,http://data.europa.eu/sdg/6,"[""Proportion of population with basic handwashing facilities on premises, by urban/rural (%)""]"
http://data.europa.eu/sdg/SH_SAN_SAFE,SH_SAN_SAFE,"Proportion of population using safely managed sanitation services, by urban/rural (%)",http://metadata.un.org/sdg/ontology#Series|http://www.w3.org/2004/02/skos/core#Concept,http://data.europa.eu/sdg/C060201,,http://data.europa.eu/sdg/6,"[""Proportion of population using safely managed sanitation services, by urban/rural (%)""]"
http://data.europa.eu/sdg/SH_STA_AIRP,SH_STA_AIRP,"Crude death rate attributed to household and ambient air pollution (deaths per 100,000 population)",http://metadata.un.org/sdg/ontology#Series|http://www.w3.org/2004/02/skos/core#Concept,http://data.europa.eu/sdg/C030901,,http://data.europa.eu/sdg/3,"[""Crude death rate attributed to household and ambient air pollution (deaths per 100,000 population)""]"
http://data.europa.eu/sdg/SH_STA_ASAIRP,SH_STA_ASAIRP,"Age-standardized mortality rate attributed to household and ambient air pollution (deaths per 100,000 population)",http://metadata.un.org/sdg/ontology#Series|http://www.w3.org/2004/02/skos/core#Concept,http://data.europa.eu/sdg/C030901,,http://data.europa.eu/sdg/3,"[""Age-standardized mortality rate attributed to household and ambient air pollution (deaths per 100,000 population)""]"
http://data.europa.eu/sdg/SH_STA_BRTC,SH_STA_BRTC,Proportion of births attended by skilled health personnel (%),http://metadata.un.org/sdg/ontology#Series|http://www.w3.org/2004/02/skos/core#Concept,http://data.europa.eu/sdg/C030102,,http://data.europa.eu/sdg/3,"[""Proportion of births attended by skilled health personnel (%)""]"
http://data.europa.eu/sdg/SH_STA_FGMS,SH_STA_FGMS,"Proportion of girls and women aged 15-49 years who have undergone female genital mutilation/cutting, by age (%)",http://metadata.un.org/sdg/ontology#Series|http://www.w3.org/2004/02/skos/core#Concept,http://data.europa.eu/sdg/C050302,,http://data.europa.eu/sdg/5,"[""Proportion of girls and women aged 15-49 years who have undergone female genital mutilation/cutting, by age (%)""]"
http://data.europa.eu/sdg/SH_STA_MALR,SH_STA_MALR,"Malaria incidence per 1,000 population at risk (per 1,000 population)",http://metadata.un.org/sdg/ontology#Series|http://www.w3.org/2004/02/skos/core#Concept,http://data.europa.eu/sdg/C030303,,http://data.europa.eu/sdg/3,"[""Malaria incidence per 1,000 population at risk (per 1,000 population)""]"
http://data.europa.eu/sdg/SH_STA_MMR,SH_STA_MMR,Maternal mortality ratio,http://metadata.un.org/sdg/ontology#Series|http://www.w3.org/2004/02/skos/core#Concept,http://data.europa.eu/sdg/C030101,,http://data.europa.eu/sdg/3,"[""Maternal mortality ratio""]"
http://data.europa.eu/sdg/SH_STA_OVRWGT,SH_STA_OVRWGT,Proportion of children moderately or severely overweight (%),http://metadata.un.org/sdg/ontology#Series|http://www.w3.org/2004/02/skos/core#Concept,http://data.europa.eu/sdg/C020202,,http://data.europa.eu/sdg/2,"[""Proportion of children moderately or severely overweight (%)""]"
http://data.europa.eu/sdg/SH_STA_OVRWGTN,SH_STA_OVRWGTN,Children moderately or severely overweight (millions),http://metadata.un.org/sdg/ontology#Series|http://www.w3.org/2004/02/skos/core#Concept,http://data.europa.eu/sdg/C020202,,http://data.europa.eu/sdg/2,"[""Children moderately or severely overweight (millions)""]"
http://data.europa.eu/sdg/SH_STA_POISN,SH_STA_POISN,"Mortality rate attributed to unintentional poisonings, by sex (deaths per 100,000 population)",http://metadata.un.org/sdg/ontology#Series|http://www.w3.org/2004/02/skos/core#Concept,http://data.europa.eu/sdg/C030903,,http://data.europa.eu/sdg/3,"[""Mortality rate attributed to unintentional poisonings, by sex (deaths per 100,000 population)""]"
http://data.europa.eu/sdg/SH_STA_SCIDE,SH_STA_SCIDE,"Suicide mortality rate, by sex (deaths per 100,000 population)",http://metadata.un.org/sdg/ontology#Series|http://www.w3.org/2004/02/skos/core#Concept,http://data.europa.eu/sdg/C030402,,http://data.europa.eu/sdg/3,"[""Suicide mortality rate, by sex (deaths per 100,000 population)""]"
http://data.europa.eu/sdg/SH_STA_SCIDEN,SH_STA_SCIDEN,"Number of deaths attributed to suicide, by sex (number)",http://metadata.un.org/sdg/ontology#Series|http://www.w3.org/2004/02/skos/core#Concept,http://data.europa.eu/sdg/C030402,,http://data.europa.eu/sdg/3,"[""Number of deaths attributed to suicide, by sex (number)""]"
http://data.europa.eu/sdg/SH_STA_STUNT,SH_STA_STUNT,Proportion of children moderately or severely stunted (%),http://metadata.un.org/sdg/ontology#Series|http://www.w3.org/2004/02/skos/core#Concept,http://data.europa.eu/sdg/C020201,,http://data.europa.eu/sdg/2,"[""Proportion of children moderately or severely stunted (%)""]"
http://data.europa.eu/sdg/SH_STA_STUNTN,SH_STA_STUNTN,Children moderately or severely stunted (millions),http://metadata.un.org/sdg/ontology#Series|http://www.w3.org/2004/02/skos/core#Concept,http://data.europa.eu/sdg/C020201,,http://data.europa.eu/sdg/2,"[""Children moderately or severely stunted (millions)""]"
http://data.europa.eu/sdg/SH_STA_TRAF,SH_STA_TRAF,"Death rate due to road traffic injuries (per 100,000 population)",http://metadata.un.org/sdg/ontology#Series|http://www.w3.org/2004/02/skos/core#Concept,http://data.europa.eu/sdg/C030601,,http://data.europa.eu/sdg/3,"[""Death rate due to road traffic injuries (per 100,000 population)""]"
http://data.europa.eu/sdg/SH_STA_WASH,SH_STA_WASH,"Mortality rate attributed to unsafe water, unsafe sanitation and lack of hygiene (deaths per 100,000 population)",http://metadata.un.org/sdg/ontology#Series|http://www.w3.org/2004/02/skos/core#Concept,http://data.europa.eu/sdg/C030902,,http://data.europa.eu/sdg/3,"[""Mortality rate attributed to unsafe water, unsafe sanitation and lack of hygiene (deaths per 100,000 population)""]"
http://data.europa.eu/sdg/SH_STA_WASTE,SH_STA_WASTE,Proportion of children moderately or severely wasted (%),http://metadata.un.org/sdg/ontology#Series|http://www.w3.org/2004/02/skos/core#Concept,http://data.europa.eu/sdg/C020202,,http://data.europa.eu/sdg/2,"[""Proportion of children moderately or severely wasted (%)""]"
http://data.europa.eu/sdg/SH_STA_WASTEN,SH_STA_WASTEN,Children moderately or severely wasted (millions),http://metadata.un.org/sdg/ontology#Series|http://www.w3.org/2004/02/skos/core#Concept,http://data.europa.eu/sdg/C020202,,http://data.europa.eu/sdg/2,"[""Children moderately or severely wasted (millions)""]"
http://data.europa.eu/sdg/SH_TBS_INCID,SH_TBS_INCID,"Tuberculosis incidence (per 100,000 population)",http://metadata.un.org/sdg/ontology#Series|http://www.w3.org/2004/02/skos/core#Concept,http://data.europa.eu/sdg/C030302,,http://data.europa.eu/sdg/3,"[""Tuberculosis incidence (per 100,000 population)""]"
http://data.europa.eu/sdg/SH_TRP_INTVN,SH_TRP_INTVN,Number of people requiring interventions against neglected tropical diseases (number),http://metadata.un.org/sdg/ontology#Series|http://www.w3.org/2004/02/skos/core#Concept,http://data.europa.eu/sdg/C030305,,http://data.europa.eu/sdg/3,"[""Number of people requiring interventions against neglected tropical diseases (number)""]"
http://data.europa.eu/sdg/SH_XPD_EARN10,SH_XPD_EARN10,Proportion of population with large household expenditures on health (greater than 10%) as a share of total household expenditure or income (%),http://metadata.un.org/sdg/ontology#Series|http://www.w3.org/2004/02/skos/core#Concept,http://data.europa.eu/sdg/C030802,,http://data.europa.eu/sdg/3,"[""Proportion of population with large household expenditures on health (greater than 10%) as a share of total household expenditure or income (%)""]"
http://data.europa.eu/sdg/SH_XPD_EARN25,SH_XPD_EARN25,Proportion of population with large household expenditures on health (greater than 25%) as a share of total household expenditure or income (%),http://metadata.un.org/sdg/ontology#Series|http://www.w3.org/2004/02/skos/core#Concept,http://data.europa.eu/sdg/C030802,,http://data.europa.eu/sdg/3,"[""Proportion of population with large household expenditures on health (greater than 25%) as a share of total household expenditure or income (%)""]"
http://data.europa.eu/sdg/SI_AGR_SSFP,SI_AGR_SSFP,"Average income of small-scale food producers, PPP (constant 2011 international $)",http://metadata.un.org/sdg/ontology#Series|http://www.w3.org/2004/02/skos/core#Concept,http://data.europa.eu/sdg/C020302,,http://data.europa.eu/sdg/2,"[""Average income of small-scale food producers, PPP (constant 2011 international $)""]"
http://data.europa.eu/sdg/SI_COV_BENFTS,SI_COV_BENFTS,"[ILO] Proportion of population covered by at least one social protection benefit, by sex (%)",http://metadata.un.org/sdg/ontology#Series|http://www.w3.org/2004/02/skos/core#Concept,http://data.europa.eu/sdg/C010301,,http://data.europa.eu/sdg/1,"[""[ILO] Proportion of population covered by at least one social protection benefit, by sex (%)""]"
http://data.europa.eu/sdg/SI_COV_CHLD,SI_COV_CHLD,"[ILO] Proportion of children/households receiving child/family cash benefit, by sex (%)",http://metadata.un.org/sdg/ontology#Series|http://www.w3.org/2004/02/skos/core#Concept,http://data.europa.eu/sdg/C010301,,http://data.europa.eu/sdg/1,"[""[ILO] Proportion of children/households receiving child/family cash benefit, by sex (%)""]"
http://data.europa.eu/sdg/SI_COV_DISAB,SI_COV_DISAB,"[ILO] Proportion of population with severe disabilities receiving disability cash benefit, by sex (%)",http://metadata.un.org/sdg/ontology#Series|http://www.w3.org/2004/02/skos/core#Concept,http://data.europa.eu/sdg/C010301,,http://data.europa.eu/sdg/1,"[""[ILO] Proportion of population with severe disabilities receiving disability cash benefit, by sex (%)""]"
http://data.europa.eu/sdg/SI_COV_LMKT,SI_COV_LMKT,[World Bank] Proportion of population covered by labour market programs (%),http://metadata.un.org/sdg/ontology#Series|http://www.w3.org/2004/02/skos/core#Concept,http://data.europa.eu/sdg/C010301,,http://data.europa.eu/sdg/1,"[""[World Bank] Proportion of population covered by labour market programs (%)""]"
http://data.europa.eu/sdg/SI_COV_LMKTPQ,SI_COV_LMKTPQ,[World Bank] Poorest quintile covered by labour market programs (%),http://metadata.un.org/sdg/ontology#Series|http://www.w3.org/2004/02/skos/core#Concept,http://data.europa.eu/sdg/C010301,,http://data.europa.eu/sdg/1,"[""[World Bank] Poorest quintile covered by labour market programs (%)""]"
http://data.europa.eu/sdg/SI_COV_MATNL,SI_COV_MATNL,[ILO] Proportion of mothers with newborns receiving maternity cash benefit (%),http://metadata.un.org/sdg/ontology#Series|http://www.w3.org/2004/02/skos/core#Concept,http://data.europa.eu/sdg/C010301,,http://data.europa.eu/sdg/1,"[""[ILO] Proportion of mothers with newborns receiving maternity cash benefit (%)""]"
http://data.europa.eu/sdg/SI_COV_PENSN,SI_COV_PENSN,"[ILO] Proportion of population above statutory pensionable age receiving a pension, by sex (%)",http://metadata.un.org/sdg/ontology#Series|http://www.w3.org/2004/02/skos/core#Concept,http://data.europa.eu/sdg/C010301,,http://data.europa.eu/sdg/1,"[""[ILO] Proportion of population above statutory pensionable age receiving a pension, by sex (%)""]"
http://data.europa.eu/sdg/SI_COV_POOR,SI_COV_POOR,"[ILO] Proportion of poor population receiving social assistance cash benefit, by sex (%)",http://metadata.un.org/sdg/ontology#Series|http://www.w3.org/2004/02/skos/core#Concept,http://data.europa.eu/sdg/C010301,,http://data.europa.eu/sdg/1,"[""[ILO] Proportion of poor population receiving social assistance cash benefit, by sex (%)""]"
http://data.europa.eu/sdg/SI_COV_SOCAST,SI_COV_SOCAST,[World Bank] Proportion of population covered by social assistance programs (%),http://metadata.un.org/sdg/ontology#Series|http://www.w3.org/2004/02/skos/core#Concept,http://data.europa.eu/sdg/C010301,,http://data.europa.eu/sdg/1,"[""[World Bank] Proportion of population covered by social assistance programs (%)""]"
http://data.europa.eu/sdg/SI_COV_SOCASTPQ,SI_COV_SOCASTPQ,[World Bank] Poorest quintile covered by social assistance programs (%),http://metadata.un.org/sdg/ontology#Series|http://www.w3.org/2004/02/skos/core#Concept,http://data.europa.eu/sdg/C010301,,http://data.europa.eu/sdg/1,"[""[World Bank] Poorest quintile covered by social assistance programs (%)""]"
http://data.europa.eu/sdg/SI_COV_SOCINS,SI_COV_SOCINS,[World Bank] Proportion of population covered by social insurance programs (%),http://metadata.un.org/sdg/ontology#Series|http://www.w3.org/2004/02/skos/core#Concept,http://data.europa.eu/sdg/C010301,,http://data.europa.eu/sdg/1,"[""[World Bank] Proportion of population covered by social insurance programs (%)""]"
http://data.europa.eu/sdg/SI_COV_SOCINSPQ,SI_COV_SOCINSPQ,[World Bank] Poorest quintile covered by social insurance programs (%),http://metadata.un.org/sdg/ontology#Series|http://www.w3.org/2004/02/skos/core#Concept,http://data.europa.eu/sdg/C010301,,http://data.europa.eu/sdg/1,"[""[World Bank] Poorest quintile covered by social insurance programs (%)""]"
http://data.europa.eu/sdg/SI_COV_UEMP,SI_COV_UEMP,"[ILO] Proportion of unemployed persons receiving unemployment cash benefit, by sex (%)",http://metadata.un.org/sdg/ontology#Series|http://www.w3.org/2004/02/skos/core#Concept,http://data.europa.eu/sdg/C010301,,http://data.europa.eu/sdg/1,"[""[ILO] Proportion of unemployed persons receiving unemployment cash benefit, by sex (%)""]"
http://data.europa.eu/sdg/SI_COV_VULN,SI_COV_VULN,"[ILO] Proportion of vulnerable population receiving social assistance cash benefit, by sex (%)",http://metadata.un.org/sdg/ontology#Series|http://www.w3.org/2004/02/skos/core#Concept,http://data.europa.eu/sdg/C010301,,http://data.europa.eu/sdg/1,"[""[ILO] Proportion of vulnerable population receiving social assistance cash benefit, by sex (%)""]"
http://data.europa.eu/sdg/SI_COV_WKINJRY,SI_COV_WKINJRY,"[ILO] Proportion of employed population covered in the event of work injury, by sex (%)",http://metadata.un.org/sdg/ontology#Series|http://www.w3.org/2004/02/skos/core#Concept,http://data.europa.eu/sdg/C010301,,http://data.europa.eu/sdg/1,"[""[ILO] Proportion of employed population covered in the event of work injury, by sex (%)""]"
http://data.europa.eu/sdg/SI_HEI_BTN40,SI_HEI_BTN40,Growth rates of household expenditure or income per capita among the bottom 40 per cent of the population (%),http://metadata.un.org/sdg/ontology#Series|http://www.w3.org/2004/02/skos/core#Concept,http://data.europa.eu/sdg/C100101,,http://data.europa.eu/sdg/10,"[""Growth rates of household expenditure or income per capita among the bottom 40 per cent of the population (%)""]"
http://data.europa.eu/sdg/SI_HEI_TOTL,SI_HEI_TOTL,Growth rates of household expenditure or income per capita (%),http://metadata.un.org/sdg/ontology#Series|http://www.w3.org/2004/02/skos/core#Concept,http://data.europa.eu/sdg/C100101,,http://data.europa.eu/sdg/10,"[""Growth rates of household expenditure or income per capita (%)""]"
http://data.europa.eu/sdg/SI_POV_DAY1,SI_POV_DAY1,Proportion of population below international poverty line (%),http://metadata.un.org/sdg/ontology#Series|http://www.w3.org/2004/02/skos/core#Concept,http://data.europa.eu/sdg/C010101,,http://data.europa.eu/sdg/1,"[""Proportion of population below international poverty line (%)""]"
http://data.europa.eu/sdg/SI_POV_EMP1,SI_POV_EMP1,"Employed population below international poverty line, by sex and age (%)",http://metadata.un.org/sdg/ontology#Series|http://www.w3.org/2004/02/skos/core#Concept,http://data.europa.eu/sdg/C010101,,http://data.europa.eu/sdg/1,"[""Employed population below international poverty line, by sex and age (%)""]"
http://data.europa.eu/sdg/SI_POV_NAHC,SI_POV_NAHC,Proportion of population living below the national poverty line (%),http://metadata.un.org/sdg/ontology#Series|http://www.w3.org/2004/02/skos/core#Concept,http://data.europa.eu/sdg/C010201,,http://data.europa.eu/sdg/1,"[""Proportion of population living below the national poverty line (%)""]"
http://data.europa.eu/sdg/SI_RMT_COST,SI_RMT_COST,Remittance costs as a proportion of the amount remitted (%),http://metadata.un.org/sdg/ontology#Series|http://www.w3.org/2004/02/skos/core#Concept,http://data.europa.eu/sdg/C100c01,,http://data.europa.eu/sdg/10,"[""Remittance costs as a proportion of the amount remitted (%)""]"
http://data.europa.eu/sdg/SL_DOM_TSPD,SL_DOM_TSPD,"Proportion of time spent on unpaid domestic chores and care work, by sex, age and location (%)",http://metadata.un.org/sdg/ontology#Series|http://www.w3.org/2004/02/skos/core#Concept,http://data.europa.eu/sdg/C050401,,http://data.europa.eu/sdg/5,"[""Proportion of time spent on unpaid domestic chores and care work, by sex, age and location (%)""]"
http://data.europa.eu/sdg/SL_DOM_TSPDCW,SL_DOM_TSPDCW,"Proportion of time spent on unpaid care work, by sex, age and location (%)",http://metadata.un.org/sdg/ontology#Series|http://www.w3.org/2004/02/skos/core#Concept,http://data.europa.eu/sdg/C050401,,http://data.europa.eu/sdg/5,"[""Proportion of time spent on unpaid care work, by sex, age and location (%)""]"
http://data.europa.eu/sdg/SL_DOM_TSPDDC,SL_DOM_TSPDDC,"Proportion of time spent on unpaid domestic chores, by sex, age and location (%)",http://metadata.un.org/sdg/ontology#Series|http://www.w3.org/2004/02/skos/core#Concept,http://data.europa.eu/sdg/C050401,,http://data.europa.eu/sdg/5,"[""Proportion of time spent on unpaid domestic chores, by sex, age and location (%)""]"
http://data.europa.eu/sdg/SL_EMP_AEARN,SL_EMP_AEARN,Average hourly earnings of managers (ISCO-08) (local currency),http://metadata.un.org/sdg/ontology#Series|http://www.w3.org/2004/02/skos/core#Concept,http://data.europa.eu/sdg/C080501,,http://data.europa.eu/sdg/8,"[""Average hourly earnings of managers (ISCO-08) (local currency)""]"
http://data.europa.eu/sdg/SL_EMP_FTLINJUR,SL_EMP_FTLINJUR,"Fatal occupational injuries among employees, by sex and migrant status (per 100,000 employees)",http://metadata.un.org/sdg/ontology#Series|http://www.w3.org/2004/02/skos/core#Concept,http://data.europa.eu/sdg/C080801,,http://data.europa.eu/sdg/8,"[""Fatal occupational injuries among employees, by sex and migrant status (per 100,000 employees)""]"
http://data.europa.eu/sdg/SL_EMP_GTOTL,SL_EMP_GTOTL,"Labour share of GDP, comprising wages and social protection transfers (%)",http://metadata.un.org/sdg/ontology#Series|http://www.w3.org/2004/02/skos/core#Concept,http://data.europa.eu/sdg/C100401,,http://data.europa.eu/sdg/10,"[""Labour share of GDP, comprising wages and social protection transfers (%)""]"
http://data.europa.eu/sdg/SL_EMP_INJUR,SL_EMP_INJUR,"Non-fatal occupational injuries among employees, by sex and migrant status (per 100,000 employees)",http://metadata.un.org/sdg/ontology#Series|http://www.w3.org/2004/02/skos/core#Concept,http://data.europa.eu/sdg/C080801,,http://data.europa.eu/sdg/8,"[""Non-fatal occupational injuries among employees, by sex and migrant status (per 100,000 employees)""]"
http://data.europa.eu/sdg/SL_EMP_PCAP,SL_EMP_PCAP,Annual growth rate of real GDP per employed person (%),http://metadata.un.org/sdg/ontology#Series|http://www.w3.org/2004/02/skos/core#Concept,http://data.europa.eu/sdg/C080201,,http://data.europa.eu/sdg/8,"[""Annual growth rate of real GDP per employed person (%)""]"
http://data.europa.eu/sdg/SL_ISV_IFRM,SL_ISV_IFRM,"Proportion of informal employment in non-agriculture employment, by sex (ILO harmonized estimates) (%)",http://metadata.un.org/sdg/ontology#Series|http://www.w3.org/2004/02/skos/core#Concept,http://data.europa.eu/sdg/C080301,,http://data.europa.eu/sdg/8,"[""Proportion of informal employment in non-agriculture employment, by sex (ILO harmonized estimates) (%)""]"
http://data.europa.eu/sdg/SL_TLF_CHLDEA,SL_TLF_CHLDEA,"Proportion of children engaged in economic activity, by sex and age  (%)",http://metadata.un.org/sdg/ontology#Series|http://www.w3.org/2004/02/skos/core#Concept,http://data.europa.eu/sdg/C080701,,http://data.europa.eu/sdg/8,"[""Proportion of children engaged in economic activity, by sex and age  (%)""]"
http://data.europa.eu/sdg/SL_TLF_CHLDEC,SL_TLF_CHLDEC,"Proportion of children engaged in economic activity and household chores, by sex and age (%)",http://metadata.un.org/sdg/ontology#Series|http://www.w3.org/2004/02/skos/core#Concept,http://data.europa.eu/sdg/C080701,,http://data.europa.eu/sdg/8,"[""Proportion of children engaged in economic activity and household chores, by sex and age (%)""]"
http://data.europa.eu/sdg/SL_TLF_MANF,SL_TLF_MANF,Manufacturing employment as a proportion of total employment (%),http://metadata.un.org/sdg/ontology#Series|http://www.w3.org/2004/02/skos/core#Concept,http://data.europa.eu/sdg/C090202,,http://data.europa.eu/sdg/9,"[""Manufacturing employment as a proportion of total employment (%)""]"
http://data.europa.eu/sdg/SL_TLF_NEET,SL_TLF_NEET,"Proportion of youth not in education, employment or training, by sex and age (%)",http://metadata.un.org/sdg/ontology#Series|http://www.w3.org/2004/02/skos/core#Concept,http://data.europa.eu/sdg/C080601,,http://data.europa.eu/sdg/8,"[""Proportion of youth not in education, employment or training, by sex and age (%)""]"
http://data.europa.eu/sdg/SL_TLF_UEM,SL_TLF_UEM,"Unemployment rate, by sex and age (%)",http://metadata.un.org/sdg/ontology#Series|http://www.w3.org/2004/02/skos/core#Concept,http://data.europa.eu/sdg/C080502,,http://data.europa.eu/sdg/8,"[""Unemployment rate, by sex and age (%)""]"
http://data.europa.eu/sdg/SL_TLF_UEMDIS,SL_TLF_UEMDIS,"Unemployment rate, by sex and disability (%)",http://metadata.un.org/sdg/ontology#Series|http://www.w3.org/2004/02/skos/core#Concept,http://data.europa.eu/sdg/C080502,,http://data.europa.eu/sdg/8,"[""Unemployment rate, by sex and disability (%)""]"
http://data.europa.eu/sdg/SN_ITK_DEFC,SN_ITK_DEFC,Prevalence of undernourishment (%),http://metadata.un.org/sdg/ontology#Series|http://www.w3.org/2004/02/skos/core#Concept,http://data.europa.eu/sdg/C020101,,http://data.europa.eu/sdg/2,"[""Prevalence of undernourishment (%)""]"
http://data.europa.eu/sdg/SN_ITK_DEFCN,SN_ITK_DEFCN,Number of undernourish people (millions),http://metadata.un.org/sdg/ontology#Series|http://www.w3.org/2004/02/skos/core#Concept,http://data.europa.eu/sdg/C020101,,http://data.europa.eu/sdg/2,"[""Number of undernourish people (millions)""]"
http://data.europa.eu/sdg/SP_ACS_BSRVH2O,SP_ACS_BSRVH2O,"Proportion of population using basic drinking water services, by location (%)",http://metadata.un.org/sdg/ontology#Series|http://www.w3.org/2004/02/skos/core#Concept,http://data.europa.eu/sdg/C010401,,http://data.europa.eu/sdg/1,"[""Proportion of population using basic drinking water services, by location (%)""]"
http://data.europa.eu/sdg/SP_ACS_BSRVSAN,SP_ACS_BSRVSAN,"Proportion of population using basic sanitation services, by location (%)",http://metadata.un.org/sdg/ontology#Series|http://www.w3.org/2004/02/skos/core#Concept,http://data.europa.eu/sdg/C010401,,http://data.europa.eu/sdg/1,"[""Proportion of population using basic sanitation services, by location (%)""]"
http://data.europa.eu/sdg/SP_DYN_ADKL,SP_DYN_ADKL,"Adolescent birth rate (per 1,000 women aged 15-19 years)",http://metadata.un.org/sdg/ontology#Series|http://www.w3.org/2004/02/skos/core#Concept,http://data.europa.eu/sdg/C030702,,http://data.europa.eu/sdg/3,"[""Adolescent birth rate (per 1,000 women aged 15-19 years)""]"
http://data.europa.eu/sdg/SP_DYN_MRBF15,SP_DYN_MRBF15,Proportion of women aged 20-24 years who were married or in a union before age 15 (%),http://metadata.un.org/sdg/ontology#Series|http://www.w3.org/2004/02/skos/core#Concept,http://data.europa.eu/sdg/C050301,,http://data.europa.eu/sdg/5,"[""Proportion of women aged 20-24 years who were married or in a union before age 15 (%)""]"
http://data.europa.eu/sdg/SP_DYN_MRBF18,SP_DYN_MRBF18,Proportion of women aged 20-24 years who were married or in a union before age 18 (%),http://metadata.un.org/sdg/ontology#Series|http://www.w3.org/2004/02/skos/core#Concept,http://data.europa.eu/sdg/C050301,,http://data.europa.eu/sdg/5,"[""Proportion of women aged 20-24 years who were married or in a union before age 18 (%)""]"
http://data.europa.eu/sdg/TM_TAX_ATRFD,TM_TAX_ATRFD,"Average tariff applied by developed countries, by type of product (%)",http://metadata.un.org/sdg/ontology#Series|http://www.w3.org/2004/02/skos/core#Concept,http://data.europa.eu/sdg/C171201,,http://data.europa.eu/sdg/17,"[""Average tariff applied by developed countries, by type of product (%)""]"
http://data.europa.eu/sdg/TM_TAX_WWTAV,TM_TAX_WWTAV,"Worldwide weighted tariff-average (weighted mean), by type of product and trade regime (%)",http://metadata.un.org/sdg/ontology#Series|http://www.w3.org/2004/02/skos/core#Concept,http://data.europa.eu/sdg/C171001,,http://data.europa.eu/sdg/17,"[""Worldwide weighted tariff-average (weighted mean), by type of product and trade regime (%)""]"
http://data.europa.eu/sdg/TM_TRF_ZERO,TM_TRF_ZERO,Proportion of tariff lines applied to imports with zero-tariff (%),http://metadata.un.org/sdg/ontology#Series|http://www.w3.org/2004/02/skos/core#Concept,http://data.europa.eu/sdg/C100a01,,http://data.europa.eu/sdg/10,"[""Proportion of tariff lines applied to imports with zero-tariff (%)""]"
http://data.europa.eu/sdg/TX_EXP_GBMRCH,TX_EXP_GBMRCH,Developing countries’ and least developed countries’ share of global merchandise exports (%),http://metadata.un.org/sdg/ontology#Series|http://www.w3.org/2004/02/skos/core#Concept,http://data.europa.eu/sdg/C171101,,http://data.europa.eu/sdg/17,"[""Developing countries’ and least developed countries’ share of global merchandise exports (%)""]"
http://data.europa.eu/sdg/TX_EXP_GBSVR,TX_EXP_GBSVR,Developing countries’ and least developed countries’ share of global services exports (%),http://metadata.un.org/sdg/ontology#Series|http://www.w3.org/2004/02/skos/core#Concept,http://data.europa.eu/sdg/C171101,,http://data.europa.eu/sdg/17,"[""Developing countries’ and least developed countries’ share of global services exports (%)""]"
http://data.europa.eu/sdg/TX_IMP_GBMRCH,TX_IMP_GBMRCH,Developing countries’ and least developed countries’ share of global merchandise imports (%),http://metadata.un.org/sdg/ontology#Series|http://www.w3.org/2004/02/skos/core#Concept,http://data.europa.eu/sdg/C171101,,http://data.europa.eu/sdg/17,"[""Developing countries’ and least developed countries’ share of global merchandise imports (%)""]"
http://data.europa.eu/sdg/TX_IMP_GBSVR,TX_IMP_GBSVR,Developing countries’ and least developed countries’ share of global services imports (%),http://metadata.un.org/sdg/ontology#Series|http://www.w3.org/2004/02/skos/core#Concept,http://data.europa.eu/sdg/C171101,,http://data.europa.eu/sdg/17,"[""Developing countries’ and least developed countries’ share of global services imports (%)""]"
http://data.europa.eu/sdg/VC_DSR_AFFCT,VC_DSR_AFFCT,Number of people affected by disaster (number),http://metadata.un.org/sdg/ontology#Series|http://www.w3.org/2004/02/skos/core#Concept,http://data.europa.eu/sdg/C200303,,http://data.europa.eu/sdg/1|http://data.europa.eu/sdg/11|http://data.europa.eu/sdg/13,"[""Number of people affected by disaster (number)""]"
http://data.europa.eu/sdg/VC_DSR_AGLH,VC_DSR_AGLH,"Direct agriculture loss attributed to disasters, by hazard type (millions of current United States dollars)",http://metadata.un.org/sdg/ontology#Series|http://www.w3.org/2004/02/skos/core#Concept,http://data.europa.eu/sdg/C010502|http://data.europa.eu/sdg/C110502,,http://data.europa.eu/sdg/1|http://data.europa.eu/sdg/11,"[""Direct agriculture loss attributed to disasters, by hazard type (millions of current United States dollars)""]"
http://data.europa.eu/sdg/VC_DSR_AGLN,VC_DSR_AGLN,Direct agriculture loss attributed to disasters (millions of current United States dollars),http://metadata.un.org/sdg/ontology#Series|http://www.w3.org/2004/02/skos/core#Concept,http://data.europa.eu/sdg/C010502|http://data.europa.eu/sdg/C110502,,http://data.europa.eu/sdg/1|http://data.europa.eu/sdg/11,"[""Direct agriculture loss attributed to disasters (millions of current United States dollars)""]"
http://data.europa.eu/sdg/VC_DSR_BSDN,VC_DSR_BSDN,Number of disruptions to basic services attributed to disasters (number),http://metadata.un.org/sdg/ontology#Series|http://www.w3.org/2004/02/skos/core#Concept,http://data.europa.eu/sdg/C110502,,http://data.europa.eu/sdg/11,"[""Number of disruptions to basic services attributed to disasters (number)""]"
http://data.europa.eu/sdg/VC_DSR_CDAN,VC_DSR_CDAN,Number of damaged critical infrastructure attributed to disasters (number),http://metadata.un.org/sdg/ontology#Series|http://www.w3.org/2004/02/skos/core#Concept,http://data.europa.eu/sdg/C110502,,http://data.europa.eu/sdg/11,"[""Number of damaged critical infrastructure attributed to disasters (number)""]"
http://data.europa.eu/sdg/VC_DSR_CDYN,VC_DSR_CDYN,Number of other destroyed or damaged critical infrastructure units and facilities attributed to disasters (number),http://metadata.un.org/sdg/ontology#Series|http://www.w3.org/2004/02/skos/core#Concept,http://data.europa.eu/sdg/C110502,,http://data.europa.eu/sdg/11,"[""Number of other destroyed or damaged critical infrastructure units and facilities attributed to disasters (number)""]"
http://data.europa.eu/sdg/VC_DSR_CHLN,VC_DSR_CHLN,Direct economic loss to cultural heritage damaged or destroyed attributed to disasters (millions of current United States dollars),http://metadata.un.org/sdg/ontology#Series|http://www.w3.org/2004/02/skos/core#Concept,http://data.europa.eu/sdg/C010502|http://data.europa.eu/sdg/C110502,,http://data.europa.eu/sdg/1|http://data.europa.eu/sdg/11,"[""Direct economic loss to cultural heritage damaged or destroyed attributed to disasters (millions of current United States dollars)""]"
http://data.europa.eu/sdg/VC_DSR_CILN,VC_DSR_CILN,Direct economic loss resulting from damaged or destroyed critical infrastructure attributed to disasters (millions of current United States dollars),http://metadata.un.org/sdg/ontology#Series|http://www.w3.org/2004/02/skos/core#Concept,http://data.europa.eu/sdg/C010502|http://data.europa.eu/sdg/C110502,,http://data.europa.eu/sdg/1|http://data.europa.eu/sdg/11,"[""Direct economic loss resulting from damaged or destroyed critical infrastructure attributed to disasters (millions of current United States dollars)""]"
http://data.europa.eu/sdg/VC_DSR_DAFF,VC_DSR_DAFF,"Number of directly affected persons attributed to disasters per 100,000 population (number)",http://metadata.un.org/sdg/ontology#Series|http://www.w3.org/2004/02/skos/core#Concept,http://data.europa.eu/sdg/C200303,,http://data.europa.eu/sdg/1|http://data.europa.eu/sdg/11|http://data.europa.eu/sdg/13,"[""Number of directly affected persons attributed to disasters per 100,000 population (number)""]"
http://data.europa.eu/sdg/VC_DSR_DDHN,VC_DSR_DDHN,"Number damaged dwellings attributed to disasters, by hazard type (number)",http://metadata.un.org/sdg/ontology#Series|http://www.w3.org/2004/02/skos/core#Concept,http://data.europa.eu/sdg/C200303,,http://data.europa.eu/sdg/1|http://data.europa.eu/sdg/11|http://data.europa.eu/sdg/13,"[""Number damaged dwellings attributed to disasters, by hazard type (number)""]"
http://data.europa.eu/sdg/VC_DSR_DDPA,VC_DSR_DDPA,Direct economic loss to other damaged or destroyed productive assets attributed to disasters (current United States dollars),http://metadata.un.org/sdg/ontology#Series|http://www.w3.org/2004/02/skos/core#Concept,http://data.europa.eu/sdg/C010502|http://data.europa.eu/sdg/C110502,,http://data.europa.eu/sdg/1|http://data.europa.eu/sdg/11,"[""Direct economic loss to other damaged or destroyed productive assets attributed to disasters (current United States dollars)""]"
http://data.europa.eu/sdg/VC_DSR_DYHN,VC_DSR_DYHN,"Number destroyed dwellings attributed to disasters, by hazard type (number)",http://metadata.un.org/sdg/ontology#Series|http://www.w3.org/2004/02/skos/core#Concept,http://data.europa.eu/sdg/C200303,,http://data.europa.eu/sdg/1|http://data.europa.eu/sdg/11|http://data.europa.eu/sdg/13,"[""Number destroyed dwellings attributed to disasters, by hazard type (number)""]"
http://data.europa.eu/sdg/VC_DSR_EFDN,VC_DSR_EFDN,Number of destroyed or damaged educational facilities attributed to disasters (number),http://metadata.un.org/sdg/ontology#Series|http://www.w3.org/2004/02/skos/core#Concept,http://data.europa.eu/sdg/C110502,,http://data.europa.eu/sdg/11,"[""Number of destroyed or damaged educational facilities attributed to disasters (number)""]"
http://data.europa.eu/sdg/VC_DSR_ESDN,VC_DSR_ESDN,Number of disruptions to educational services attributed to disasters (number),http://metadata.un.org/sdg/ontology#Series|http://www.w3.org/2004/02/skos/core#Concept,http://data.europa.eu/sdg/C110502,,http://data.europa.eu/sdg/11,"[""Number of disruptions to educational services attributed to disasters (number)""]"
http://data.europa.eu/sdg/VC_DSR_GDPLS,VC_DSR_GDPLS,Direct economic loss attributed to disasters (millions of current United States dollars),http://metadata.un.org/sdg/ontology#Series|http://www.w3.org/2004/02/skos/core#Concept,http://data.europa.eu/sdg/C010502|http://data.europa.eu/sdg/C110502,,http://data.europa.eu/sdg/1|http://data.europa.eu/sdg/11,"[""Direct economic loss attributed to disasters (millions of current United States dollars)""]"
http://data.europa.eu/sdg/VC_DSR_HFDN,VC_DSR_HFDN,Number of destroyed or damaged health facilities attributed to disasters (number),http://metadata.un.org/sdg/ontology#Series|http://www.w3.org/2004/02/skos/core#Concept,http://data.europa.eu/sdg/C110502,,http://data.europa.eu/sdg/11,"[""Number of destroyed or damaged health facilities attributed to disasters (number)""]"
http://data.europa.eu/sdg/VC_DSR_HOLH,VC_DSR_HOLH,"Direct economic loss in the housing sector attributed to disasters, by hazard type (millions of current United States dollars)",http://metadata.un.org/sdg/ontology#Series|http://www.w3.org/2004/02/skos/core#Concept,http://data.europa.eu/sdg/C010502|http://data.europa.eu/sdg/C110502,,http://data.europa.eu/sdg/1|http://data.europa.eu/sdg/11,"[""Direct economic loss in the housing sector attributed to disasters, by hazard type (millions of current United States dollars)""]"
http://data.europa.eu/sdg/VC_DSR_HOLN,VC_DSR_HOLN,Direct economic loss in the housing sector attributed to disasters (millions of current United States dollars),http://metadata.un.org/sdg/ontology#Series|http://www.w3.org/2004/02/skos/core#Concept,http://data.europa.eu/sdg/C010502|http://data.europa.eu/sdg/C110502,,http://data.europa.eu/sdg/1|http://data.europa.eu/sdg/11,"[""Direct economic loss in the housing sector attributed to disasters (millions of current United States dollars)""]"
http://data.europa.eu/sdg/VC_DSR_HSDN,VC_DSR_HSDN,Number of disruptions to health services attributed to disasters (number),http://metadata.un.org/sdg/ontology#Series|http://www.w3.org/2004/02/skos/core#Concept,http://data.europa.eu/sdg/C110502,,http://data.europa.eu/sdg/11,"[""Number of disruptions to health services attributed to disasters (number)""]"
http://data.europa.eu/sdg/VC_DSR_IJILN,VC_DSR_IJILN,Number of injured or ill people attributed to disasters (number),http://metadata.un.org/sdg/ontology#Series|http://www.w3.org/2004/02/skos/core#Concept,http://data.europa.eu/sdg/C200303,,http://data.europa.eu/sdg/1|http://data.europa.eu/sdg/11|http://data.europa.eu/sdg/13,"[""Number of injured or ill people attributed to disasters (number)""]"
http://data.europa.eu/sdg/VC_DSR_LSGP,VC_DSR_LSGP,Direct economic loss attributed to disasters relative to GDP (%),http://metadata.un.org/sdg/ontology#Series|http://www.w3.org/2004/02/skos/core#Concept,http://data.europa.eu/sdg/C010502|http://data.europa.eu/sdg/C110502,,http://data.europa.eu/sdg/1|http://data.europa.eu/sdg/11,"[""Direct economic loss attributed to disasters relative to GDP (%)""]"
http://data.europa.eu/sdg/VC_DSR_MISS,VC_DSR_MISS,Number of missing persons due to disaster (number),http://metadata.un.org/sdg/ontology#Series|http://www.w3.org/2004/02/skos/core#Concept,http://data.europa.eu/sdg/C200303,,http://data.europa.eu/sdg/1|http://data.europa.eu/sdg/11|http://data.europa.eu/sdg/13,"[""Number of missing persons due to disaster (number)""]"
http://data.europa.eu/sdg/VC_DSR_MMHN,VC_DSR_MMHN,"Number of deaths and missing persons attributed to disasters, by hazard type (number)",http://metadata.un.org/sdg/ontology#Series|http://www.w3.org/2004/02/skos/core#Concept,http://data.europa.eu/sdg/C200303,,http://data.europa.eu/sdg/1|http://data.europa.eu/sdg/11|http://data.europa.eu/sdg/13,"[""Number of deaths and missing persons attributed to disasters, by hazard type (number)""]"
http://data.europa.eu/sdg/VC_DSR_MORT,VC_DSR_MORT,Number of deaths due to disaster (number),http://metadata.un.org/sdg/ontology#Series|http://www.w3.org/2004/02/skos/core#Concept,http://data.europa.eu/sdg/C200303,,http://data.europa.eu/sdg/1|http://data.europa.eu/sdg/11|http://data.europa.eu/sdg/13,"[""Number of deaths due to disaster (number)""]"
http://data.europa.eu/sdg/VC_DSR_MTMN,VC_DSR_MTMN,Number of deaths and missing persons attributed to disasters (number),http://metadata.un.org/sdg/ontology#Series|http://www.w3.org/2004/02/skos/core#Concept,http://data.europa.eu/sdg/C200303,,http://data.europa.eu/sdg/1|http://data.europa.eu/sdg/11|http://data.europa.eu/sdg/13,"[""Number of deaths and missing persons attributed to disasters (number)""]"
http://data.europa.eu/sdg/VC_DSR_MTMP,VC_DSR_MTMP,"Number of deaths and missing persons attributed to disasters per 100,000 population (number)",http://metadata.un.org/sdg/ontology#Series|http://www.w3.org/2004/02/skos/core#Concept,http://data.europa.eu/sdg/C200303,,http://data.europa.eu/sdg/1|http://data.europa.eu/sdg/11|http://data.europa.eu/sdg/13,"[""Number of deaths and missing persons attributed to disasters per 100,000 population (number)""]"
http://data.europa.eu/sdg/VC_DSR_OBDN,VC_DSR_OBDN,Number of disruptions to other basic services attributed to disasters (number),http://metadata.un.org/sdg/ontology#Series|http://www.w3.org/2004/02/skos/core#Concept,http://data.europa.eu/sdg/C110502,,http://data.europa.eu/sdg/11,"[""Number of disruptions to other basic services attributed to disasters (number)""]"
http://data.europa.eu/sdg/VC_DSR_PDAN,VC_DSR_PDAN,Number of people whose damaged dwellings were attributed to disasters (number),http://metadata.un.org/sdg/ontology#Series|http://www.w3.org/2004/02/skos/core#Concept,http://data.europa.eu/sdg/C200303,,http://data.europa.eu/sdg/1|http://data.europa.eu/sdg/11|http://data.europa.eu/sdg/13,"[""Number of people whose damaged dwellings were attributed to disasters (number)""]"
http://data.europa.eu/sdg/VC_DSR_PDLN,VC_DSR_PDLN,"Number of people whose livelihoods were disrupted or destroyed, attributed to disasters (number)",http://metadata.un.org/sdg/ontology#Series|http://www.w3.org/2004/02/skos/core#Concept,http://data.europa.eu/sdg/C200303,,http://data.europa.eu/sdg/1|http://data.europa.eu/sdg/11|http://data.europa.eu/sdg/13,"[""Number of people whose livelihoods were disrupted or destroyed, attributed to disasters (number)""]"
http://data.europa.eu/sdg/VC_DSR_PDYN,VC_DSR_PDYN,Number of people whose destroyed dwellings were attributed to disasters (number),http://metadata.un.org/sdg/ontology#Series|http://www.w3.org/2004/02/skos/core#Concept,http://data.europa.eu/sdg/C200303,,http://data.europa.eu/sdg/1|http://data.europa.eu/sdg/11|http://data.europa.eu/sdg/13,"[""Number of people whose destroyed dwellings were attributed to disasters (number)""]"
http://data.europa.eu/sdg/VC_HTF_DETV,VC_HTF_DETV,"Detected victims of human trafficking, by age and sex (number)",http://metadata.un.org/sdg/ontology#Series|http://www.w3.org/2004/02/skos/core#Concept,http://data.europa.eu/sdg/C160202,,http://data.europa.eu/sdg/16,"[""Detected victims of human trafficking, by age and sex (number)""]"
http://data.europa.eu/sdg/VC_HTF_DETVFL,VC_HTF_DETVFL,"Detected victims of human trafficking for forced labour, servitude and slavery, by age and sex (number)",http://metadata.un.org/sdg/ontology#Series|http://www.w3.org/2004/02/skos/core#Concept,http://data.europa.eu/sdg/C160202,,http://data.europa.eu/sdg/16,"[""Detected victims of human trafficking for forced labour, servitude and slavery, by age and sex (number)""]"
http://data.europa.eu/sdg/VC_HTF_DETVOG,VC_HTF_DETVOG,"Detected victims of human trafficking for removal of organ, by age and sex (number)",http://metadata.un.org/sdg/ontology#Series|http://www.w3.org/2004/02/skos/core#Concept,http://data.europa.eu/sdg/C160202,,http://data.europa.eu/sdg/16,"[""Detected victims of human trafficking for removal of organ, by age and sex (number)""]"
http://data.europa.eu/sdg/VC_HTF_DETVOP,VC_HTF_DETVOP,"Detected victims of human trafficking for other purposes, by age and sex (number)",http://metadata.un.org/sdg/ontology#Series|http://www.w3.org/2004/02/skos/core#Concept,http://data.europa.eu/sdg/C160202,,http://data.europa.eu/sdg/16,"[""Detected victims of human trafficking for other purposes, by age and sex (number)""]"
http://data.europa.eu/sdg/VC_HTF_DETVSX,VC_HTF_DETVSX,"Detected victims of human trafficking for sexual exploitaton, by age and sex (number)",http://metadata.un.org/sdg/ontology#Series|http://www.w3.org/2004/02/skos/core#Concept,http://data.europa.eu/sdg/C160202,,http://data.europa.eu/sdg/16,"[""Detected victims of human trafficking for sexual exploitaton, by age and sex (number)""]"
http://data.europa.eu/sdg/VC_IHR_PSRC,VC_IHR_PSRC,"Number of victims of intentional homicide per 100,000 population, by sex (victims per 100,000 population)",http://metadata.un.org/sdg/ontology#Series|http://www.w3.org/2004/02/skos/core#Concept,http://data.europa.eu/sdg/C160101,,http://data.europa.eu/sdg/16,"[""Number of victims of intentional homicide per 100,000 population, by sex (victims per 100,000 population)""]"
http://data.europa.eu/sdg/VC_IHR_PSRCN,VC_IHR_PSRCN,"Number of victims of intentional homicide, by sex (number)",http://metadata.un.org/sdg/ontology#Series|http://www.w3.org/2004/02/skos/core#Concept,http://data.europa.eu/sdg/C160101,,http://data.europa.eu/sdg/16,"[""Number of victims of intentional homicide, by sex (number)""]"
http://data.europa.eu/sdg/VC_PRR_PHYV,VC_PRR_PHYV,"Police reporting rate for physical assault, by sex (%)",http://metadata.un.org/sdg/ontology#Series|http://www.w3.org/2004/02/skos/core#Concept,http://data.europa.eu/sdg/C160301,,http://data.europa.eu/sdg/16,"[""Police reporting rate for physical assault, by sex (%)""]"
http://data.europa.eu/sdg/VC_PRR_ROBB,VC_PRR_ROBB,"Police reporting rate for robbery, by sex (%)",http://metadata.un.org/sdg/ontology#Series|http://www.w3.org/2004/02/skos/core#Concept,http://data.europa.eu/sdg/C160301,,http://data.europa.eu/sdg/16,"[""Police reporting rate for robbery, by sex (%)""]"
http://data.europa.eu/sdg/VC_PRR_SEXV,VC_PRR_SEXV,"Police reporting rate for sexual assault, by sex (%)",http://metadata.un.org/sdg/ontology#Series|http://www.w3.org/2004/02/skos/core#Concept,http://data.europa.eu/sdg/C160301,,http://data.europa.eu/sdg/16,"[""Police reporting rate for sexual assault, by sex (%)""]"
http://data.europa.eu/sdg/VC_PRS_UNSEC,VC_PRS_UNSEC,Unsentenced detainees as a proportion of overall prison population (%),http://metadata.un.org/sdg/ontology#Series|http://www.w3.org/2004/02/skos/core#Concept,http://data.europa.eu/sdg/C160302,,http://data.europa.eu/sdg/16,"[""Unsentenced detainees as a proportion of overall prison population (%)""]"
http://data.europa.eu/sdg/VC_SNS_WALN,VC_SNS_WALN,Proportion of population that feel safe walking alone around the area they live (%),http://metadata.un.org/sdg/ontology#Series|http://www.w3.org/2004/02/skos/core#Concept,http://data.europa.eu/sdg/C160104,,http://data.europa.eu/sdg/16,"[""Proportion of population that feel safe walking alone around the area they live (%)""]"
http://data.europa.eu/sdg/VC_VAW_MARR,VC_VAW_MARR,"Proportion of ever-partnered women and girls subjected to physical and/or sexual violence by a current or former intimate partner in the previous 12 months, by age (%)",http://metadata.un.org/sdg/ontology#Series|http://www.w3.org/2004/02/skos/core#Concept,http://data.europa.eu/sdg/C050201,,http://data.europa.eu/sdg/5,"[""Proportion of ever-partnered women and girls subjected to physical and/or sexual violence by a current or former intimate partner in the previous 12 months, by age (%)""]"
http://data.europa.eu/sdg/VC_VAW_MTUHRA,VC_VAW_MTUHRA,"Number of cases of killings of human rights defenders, journalists and trade unionists",http://metadata.un.org/sdg/ontology#Series|http://www.w3.org/2004/02/skos/core#Concept,http://data.europa.eu/sdg/C161001,,http://data.europa.eu/sdg/16,"[""Number of cases of killings of human rights defenders, journalists and trade unionists""]"
http://data.europa.eu/sdg/VC_VAW_PHYPYV,VC_VAW_PHYPYV,Proportion of children aged 1-14 years who experienced physical punishment and/or psychological aggression by caregivers in last month (% of children aged 1-14 years),http://metadata.un.org/sdg/ontology#Series|http://www.w3.org/2004/02/skos/core#Concept,http://data.europa.eu/sdg/C160201,,http://data.europa.eu/sdg/16,"[""Proportion of children aged 1-14 years who experienced physical punishment and/or psychological aggression by caregivers in last month (% of children aged 1-14 years)""]"
http://data.europa.eu/sdg/VC_VAW_SXVLN,VC_VAW_SXVLN,"Proportion of population aged 18-29 years who experienced sexual violence by age 18, by sex (% of population aged 18-29)",http://metadata.un.org/sdg/ontology#Series|http://www.w3.org/2004/02/skos/core#Concept,http://data.europa.eu/sdg/C160203,,http://data.europa.eu/sdg/16,"[""Proportion of population aged 18-29 years who experienced sexual violence by age 18, by sex (% of population aged 18-29)""]"
http://data.europa.eu/sdg/VC_VOV_PHYL,VC_VOV_PHYL,"Proportion of population subjected to physical violence in the previous 12 months, by sex (%)",http://metadata.un.org/sdg/ontology#Series|http://www.w3.org/2004/02/skos/core#Concept,http://data.europa.eu/sdg/C160103,,http://data.europa.eu/sdg/16,"[""Proportion of population subjected to physical violence in the previous 12 months, by sex (%)""]"
http://data.europa.eu/sdg/VC_VOV_ROBB,VC_VOV_ROBB,"Proportion of population subjected to robbery in the previous 12 months, by sex (%)",http://metadata.un.org/sdg/ontology#Series|http://www.w3.org/2004/02/skos/core#Concept,http://data.europa.eu/sdg/C160103,,http://data.europa.eu/sdg/16,"[""Proportion of population subjected to robbery in the previous 12 months, by sex (%)""]"
http://data.europa.eu/sdg/VC_VOV_SEXL,VC_VOV_SEXL,"Proportion of population subjected to sexual violence in the previous 12 months, by sex (%)",http://metadata.un.org/sdg/ontology#Series|http://www.w3.org/2004/02/skos/core#Concept,http://data.europa.eu/sdg/C160103,,http://data.europa.eu/sdg/16,"[""Proportion of population subjected to sexual violence in the previous 12 months, by sex (%)""]"
