request_id,project_id,project_title,retrieval_rank,retrieval_score,target_code,target_wording,concept_uri,selection_stratum
101067998:7.a,101067998,Engineering Hybrid Metal Nitrides/Carbon-Atom Wire Novel Materials for high-performance Electrochemical Energy Storage,1,0.29972842798315846,7.a,"By 2030, enhance international cooperation to facilitate access to clean energy research and technology, including renewable energy, energy efficiency and advanced and cleaner fossil-fuel technology, and promote investment in energy infrastructure and clean energy technology",http://data.europa.eu/sdg/7.a,HORIZON_EUROPE|2021_2023
101067998:7.3,101067998,Engineering Hybrid Metal Nitrides/Carbon-Atom Wire Novel Materials for high-performance Electrochemical Energy Storage,2,0.27522312328168635,7.3,"By 2030, double the global rate of improvement in energy efficiency",http://data.europa.eu/sdg/7.3,HORIZON_EUROPE|2021_2023
101067998:7.2,101067998,Engineering Hybrid Metal Nitrides/Carbon-Atom Wire Novel Materials for high-performance Electrochemical Energy Storage,3,0.26199580203610023,7.2,"By 2030, increase substantially the share of renewable energy in the global energy mix",http://data.europa.eu/sdg/7.2,HORIZON_EUROPE|2021_2023
101067998:7.1,101067998,Engineering Hybrid Metal Nitrides/Carbon-Atom Wire Novel Materials for high-performance Electrochemical Energy Storage,4,0.25195049198433106,7.1,"By 2030, ensure universal access to affordable, reliable and modern energy services",http://data.europa.eu/sdg/7.1,HORIZON_EUROPE|2021_2023
101067998:9.5,101067998,Engineering Hybrid Metal Nitrides/Carbon-Atom Wire Novel Materials for high-performance Electrochemical Energy Storage,5,0.24926881132637474,9.5,"Enhance scientific research, upgrade the technological capabilities of industrial sectors in all countries, in particular developing countries, including, by 2030, encouraging innovation and substantially increasing the number of research and development workers per 1 million people and public and private research and development spending",http://data.europa.eu/sdg/9.5,HORIZON_EUROPE|2021_2023
101067998:17.6,101067998,Engineering Hybrid Metal Nitrides/Carbon-Atom Wire Novel Materials for high-performance Electrochemical Energy Storage,6,0.24873017406850023,17.6,"Enhance North-South, South-South and triangular regional and international cooperation on and access to science, technology and innovation and enhance knowledge-sharing on mutually agreed terms, including through improved coordination among existing mechanisms, in particular at the United Nations level, and through a global technology facilitation mechanism",http://data.europa.eu/sdg/17.6,HORIZON_EUROPE|2021_2023
101067998:7.b,101067998,Engineering Hybrid Metal Nitrides/Carbon-Atom Wire Novel Materials for high-performance Electrochemical Energy Storage,7,0.23758225088793833,7.b,"By 2030, expand infrastructure and upgrade technology for supplying modern and sustainable energy services for all in developing countries, in particular least developed countries, small island developing States and landlocked developing countries, in accordance with their respective programmes of support",http://data.europa.eu/sdg/7.b,HORIZON_EUROPE|2021_2023
101067998:17.8,101067998,Engineering Hybrid Metal Nitrides/Carbon-Atom Wire Novel Materials for high-performance Electrochemical Energy Storage,8,0.22692147212107616,17.8,"Fully operationalize the technology bank and science, technology and innovation capacity-building mechanism for least developed countries by 2017 and enhance the use of enabling technology, in particular information and communications technology",http://data.europa.eu/sdg/17.8,HORIZON_EUROPE|2021_2023
101067998:9.4,101067998,Engineering Hybrid Metal Nitrides/Carbon-Atom Wire Novel Materials for high-performance Electrochemical Energy Storage,9,0.22685852010491156,9.4,"By 2030, upgrade infrastructure and retrofit industries to make them sustainable, with increased resource-use efficiency and greater adoption of clean and environmentally sound technologies and industrial processes, with all countries taking action in accordance with their respective capabilities",http://data.europa.eu/sdg/9.4,HORIZON_EUROPE|2021_2023
101067998:12.5,101067998,Engineering Hybrid Metal Nitrides/Carbon-Atom Wire Novel Materials for high-performance Electrochemical Energy Storage,10,0.20564350545447463,12.5,"By 2030, substantially reduce waste generation through prevention, reduction, recycling and reuse",http://data.europa.eu/sdg/12.5,HORIZON_EUROPE|2021_2023
101106480:5.5,101106480,What was and what could have been: Janina Hosiasson-Lindenbaum's role in the philosophy of probablity.,1,0.20388425488468476,5.5,"Ensure women’s full and effective participation and equal opportunities for leadership at all levels of decision-making in political, economic and public life",http://data.europa.eu/sdg/5.5,HORIZON_EUROPE|2021_2023
101106480:5.1,101106480,What was and what could have been: Janina Hosiasson-Lindenbaum's role in the philosophy of probablity.,2,0.18402727189245946,5.1,End all forms of discrimination against all women and girls everywhere,http://data.europa.eu/sdg/5.1,HORIZON_EUROPE|2021_2023
101106480:4.b,101106480,What was and what could have been: Janina Hosiasson-Lindenbaum's role in the philosophy of probablity.,3,0.17913976821309463,4.b,"By 2020, substantially expand globally the number of scholarships available to developing countries, in particular least developed countries, small island developing States and African countries, for enrolment in higher education, including vocational training and information and communications technology, technical, engineering and scientific programmes, in developed countries and other developing countries",http://data.europa.eu/sdg/4.b,HORIZON_EUROPE|2021_2023
101106480:4.7,101106480,What was and what could have been: Janina Hosiasson-Lindenbaum's role in the philosophy of probablity.,4,0.17640742728409523,4.7,"By 2030, ensure that all learners acquire the knowledge and skills needed to promote sustainable development, including, among others, through education for sustainable development and sustainable lifestyles, human rights, gender equality, promotion of a culture of peace and non-violence, global citizenship and appreciation of cultural diversity and of culture’s contribution to sustainable development",http://data.europa.eu/sdg/4.7,HORIZON_EUROPE|2021_2023
101106480:5.4,101106480,What was and what could have been: Janina Hosiasson-Lindenbaum's role in the philosophy of probablity.,5,0.16942367536526404,5.4,"Recognize and value unpaid care and domestic work through the provision of public services, infrastructure and social protection policies and the promotion of shared responsibility within the household and the family as nationally appropriate",http://data.europa.eu/sdg/5.4,HORIZON_EUROPE|2021_2023
101106480:4.3,101106480,What was and what could have been: Janina Hosiasson-Lindenbaum's role in the philosophy of probablity.,6,0.16622972458314053,4.3,"By 2030, ensure equal access for all women and men to affordable and quality technical, vocational and tertiary education, including university",http://data.europa.eu/sdg/4.3,HORIZON_EUROPE|2021_2023
101106480:8.5,101106480,What was and what could have been: Janina Hosiasson-Lindenbaum's role in the philosophy of probablity.,7,0.16578164615009328,8.5,"By 2030, achieve full and productive employment and decent work for all women and men, including for young people and persons with disabilities, and equal pay for work of equal value",http://data.europa.eu/sdg/8.5,HORIZON_EUROPE|2021_2023
101106480:4.6,101106480,What was and what could have been: Janina Hosiasson-Lindenbaum's role in the philosophy of probablity.,8,0.15533739004076064,4.6,"By 2030, ensure that all youth and a substantial proportion of adults, both men and women, achieve literacy and numeracy",http://data.europa.eu/sdg/4.6,HORIZON_EUROPE|2021_2023
101106480:16.9,101106480,What was and what could have been: Janina Hosiasson-Lindenbaum's role in the philosophy of probablity.,9,0.1532652764910144,16.9,"By 2030, provide legal identity for all, including birth registration",http://data.europa.eu/sdg/16.9,HORIZON_EUROPE|2021_2023
101106480:5.b,101106480,What was and what could have been: Janina Hosiasson-Lindenbaum's role in the philosophy of probablity.,10,0.14950229323917102,5.b,"Enhance the use of enabling technology, in particular information and communications technology, to promote the empowerment of women",http://data.europa.eu/sdg/5.b,HORIZON_EUROPE|2021_2023
101068089:8.3,101068089,Ultrafast Laser Assembly of Metasurfaces with Large Scale Fabrication Capabilities,1,0.12704649255041905,8.3,"Promote development-oriented policies that support productive activities, decent job creation, entrepreneurship, creativity and innovation, and encourage the formalization and growth of micro-, small- and medium-sized enterprises, including through access to financial services",http://data.europa.eu/sdg/8.3,HORIZON_EUROPE|2021_2023
101068089:9.4,101068089,Ultrafast Laser Assembly of Metasurfaces with Large Scale Fabrication Capabilities,2,0.12218752323715285,9.4,"By 2030, upgrade infrastructure and retrofit industries to make them sustainable, with increased resource-use efficiency and greater adoption of clean and environmentally sound technologies and industrial processes, with all countries taking action in accordance with their respective capabilities",http://data.europa.eu/sdg/9.4,HORIZON_EUROPE|2021_2023
101068089:9.5,101068089,Ultrafast Laser Assembly of Metasurfaces with Large Scale Fabrication Capabilities,3,0.11135458077307506,9.5,"Enhance scientific research, upgrade the technological capabilities of industrial sectors in all countries, in particular developing countries, including, by 2030, encouraging innovation and substantially increasing the number of research and development workers per 1 million people and public and private research and development spending",http://data.europa.eu/sdg/9.5,HORIZON_EUROPE|2021_2023
101068089:9.2,101068089,Ultrafast Laser Assembly of Metasurfaces with Large Scale Fabrication Capabilities,4,0.10687867577760937,9.2,"Promote inclusive and sustainable industrialization and, by 2030, significantly raise industry’s share of employment and gross domestic product, in line with national circumstances, and double its share in least developed countries",http://data.europa.eu/sdg/9.2,HORIZON_EUROPE|2021_2023
101068089:5.3,101068089,Ultrafast Laser Assembly of Metasurfaces with Large Scale Fabrication Capabilities,5,0.10342900994806946,5.3,"Eliminate all harmful practices, such as child, early and forced marriage and female genital mutilation",http://data.europa.eu/sdg/5.3,HORIZON_EUROPE|2021_2023
101068089:8.6,101068089,Ultrafast Laser Assembly of Metasurfaces with Large Scale Fabrication Capabilities,6,0.10246574463487677,8.6,"By 2020, substantially reduce the proportion of youth not in employment, education or training",http://data.europa.eu/sdg/8.6,HORIZON_EUROPE|2021_2023
101068089:8.5,101068089,Ultrafast Laser Assembly of Metasurfaces with Large Scale Fabrication Capabilities,7,0.1004368574994297,8.5,"By 2030, achieve full and productive employment and decent work for all women and men, including for young people and persons with disabilities, and equal pay for work of equal value",http://data.europa.eu/sdg/8.5,HORIZON_EUROPE|2021_2023
101068089:8.b,101068089,Ultrafast Laser Assembly of Metasurfaces with Large Scale Fabrication Capabilities,8,0.10014053993419163,8.b,"By 2020, develop and operationalize a global strategy for youth employment and implement the Global Jobs Pact of the International Labour Organization",http://data.europa.eu/sdg/8.b,HORIZON_EUROPE|2021_2023
101068089:8.2,101068089,Ultrafast Laser Assembly of Metasurfaces with Large Scale Fabrication Capabilities,9,0.09855572091361894,8.2,"Achieve higher levels of economic productivity through diversification, technological upgrading and innovation, including through a focus on high-value added and labour-intensive sectors",http://data.europa.eu/sdg/8.2,HORIZON_EUROPE|2021_2023
101068089:8.1,101068089,Ultrafast Laser Assembly of Metasurfaces with Large Scale Fabrication Capabilities,10,0.08367609125224781,8.1,"Sustain per capita economic growth in accordance with national circumstances and, in particular, at least 7 per cent gross domestic product growth per annum in the least developed countries",http://data.europa.eu/sdg/8.1,HORIZON_EUROPE|2021_2023
101061151:15.6,101061151,High resolution dissection of non-coding determinants of disease,1,0.2409864810807224,15.6,"Promote fair and equitable sharing of the benefits arising from the utilization of genetic resources and promote appropriate access to such resources, as internationally agreed",http://data.europa.eu/sdg/15.6,HORIZON_EUROPE|2021_2023
101061151:2.5,101061151,High resolution dissection of non-coding determinants of disease,2,0.21546986413737612,2.5,"By 2020, maintain the genetic diversity of seeds, cultivated plants and farmed and domesticated animals and their related wild species, including through soundly managed and diversified seed and plant banks at the national, regional and international levels, and promote access to and fair and equitable sharing of benefits arising from the utilization of genetic resources and associated traditional knowledge, as internationally agreed",http://data.europa.eu/sdg/2.5,HORIZON_EUROPE|2021_2023
101061151:15.3,101061151,High resolution dissection of non-coding determinants of disease,3,0.19298157431843363,15.3,"By 2030, combat desertification, restore degraded land and soil, including land affected by desertification, drought and floods, and strive to achieve a land degradation-neutral world",http://data.europa.eu/sdg/15.3,HORIZON_EUROPE|2021_2023
101061151:15.4,101061151,High resolution dissection of non-coding determinants of disease,4,0.18148462169716179,15.4,"By 2030, ensure the conservation of mountain ecosystems, including their biodiversity, in order to enhance their capacity to provide benefits that are essential for sustainable development",http://data.europa.eu/sdg/15.4,HORIZON_EUROPE|2021_2023
101061151:3.1,101061151,High resolution dissection of non-coding determinants of disease,5,0.17412613528455384,3.1,"By 2030, reduce the global maternal mortality ratio to less than 70 per 100,000 live births",http://data.europa.eu/sdg/3.1,HORIZON_EUROPE|2021_2023
101061151:15.5,101061151,High resolution dissection of non-coding determinants of disease,6,0.14752123725159372,15.5,"Take urgent and significant action to reduce the degradation of natural habitats, halt the loss of biodiversity and, by 2020, protect and prevent the extinction of threatened species",http://data.europa.eu/sdg/15.5,HORIZON_EUROPE|2021_2023
101061151:2.a,101061151,High resolution dissection of non-coding determinants of disease,7,0.14726716184665087,2.a,"Increase investment, including through enhanced international cooperation, in rural infrastructure, agricultural research and extension services, technology development and plant and livestock gene banks in order to enhance agricultural productive capacity in developing countries, in particular least developed countries",http://data.europa.eu/sdg/2.a,HORIZON_EUROPE|2021_2023
101061151:3.2,101061151,High resolution dissection of non-coding determinants of disease,8,0.1388331515381403,3.2,"By 2030, end preventable deaths of newborns and children under 5 years of age, with all countries aiming to reduce neonatal mortality to at least as low as 12 per 1,000 live births and under‑5 mortality to at least as low as 25 per 1,000 live births",http://data.europa.eu/sdg/3.2,HORIZON_EUROPE|2021_2023
101061151:15.9,101061151,High resolution dissection of non-coding determinants of disease,9,0.13507290264449545,15.9,"By 2020, integrate ecosystem and biodiversity values into national and local planning, development processes, poverty reduction strategies and accounts",http://data.europa.eu/sdg/15.9,HORIZON_EUROPE|2021_2023
101061151:15.8,101061151,High resolution dissection of non-coding determinants of disease,10,0.13463721779869092,15.8,"By 2020, introduce measures to prevent the introduction and significantly reduce the impact of invasive alien species on land and water ecosystems and control or eradicate the priority species",http://data.europa.eu/sdg/15.8,HORIZON_EUROPE|2021_2023
101113180:9.4,101113180,Magnetic neural Network for predictive maintenance,1,0.23660401118256402,9.4,"By 2030, upgrade infrastructure and retrofit industries to make them sustainable, with increased resource-use efficiency and greater adoption of clean and environmentally sound technologies and industrial processes, with all countries taking action in accordance with their respective capabilities",http://data.europa.eu/sdg/9.4,HORIZON_EUROPE|2021_2023
101113180:7.a,101113180,Magnetic neural Network for predictive maintenance,2,0.22966694037752372,7.a,"By 2030, enhance international cooperation to facilitate access to clean energy research and technology, including renewable energy, energy efficiency and advanced and cleaner fossil-fuel technology, and promote investment in energy infrastructure and clean energy technology",http://data.europa.eu/sdg/7.a,HORIZON_EUROPE|2021_2023
101113180:7.1,101113180,Magnetic neural Network for predictive maintenance,3,0.20550543294176088,7.1,"By 2030, ensure universal access to affordable, reliable and modern energy services",http://data.europa.eu/sdg/7.1,HORIZON_EUROPE|2021_2023
101113180:9.5,101113180,Magnetic neural Network for predictive maintenance,4,0.19491808936090405,9.5,"Enhance scientific research, upgrade the technological capabilities of industrial sectors in all countries, in particular developing countries, including, by 2030, encouraging innovation and substantially increasing the number of research and development workers per 1 million people and public and private research and development spending",http://data.europa.eu/sdg/9.5,HORIZON_EUROPE|2021_2023
101113180:7.3,101113180,Magnetic neural Network for predictive maintenance,5,0.18731342725469022,7.3,"By 2030, double the global rate of improvement in energy efficiency",http://data.europa.eu/sdg/7.3,HORIZON_EUROPE|2021_2023
101113180:9.c,101113180,Magnetic neural Network for predictive maintenance,6,0.17847904636791137,9.c,Significantly increase access to information and communications technology and strive to provide universal and affordable access to the Internet in least developed countries by 2020,http://data.europa.eu/sdg/9.c,HORIZON_EUROPE|2021_2023
101113180:7.b,101113180,Magnetic neural Network for predictive maintenance,7,0.16956623734884668,7.b,"By 2030, expand infrastructure and upgrade technology for supplying modern and sustainable energy services for all in developing countries, in particular least developed countries, small island developing States and landlocked developing countries, in accordance with their respective programmes of support",http://data.europa.eu/sdg/7.b,HORIZON_EUROPE|2021_2023
101113180:7.2,101113180,Magnetic neural Network for predictive maintenance,8,0.1641454571474858,7.2,"By 2030, increase substantially the share of renewable energy in the global energy mix",http://data.europa.eu/sdg/7.2,HORIZON_EUROPE|2021_2023
101113180:12.4,101113180,Magnetic neural Network for predictive maintenance,9,0.1626948124772226,12.4,"By 2020, achieve the environmentally sound management of chemicals and all wastes throughout their life cycle, in accordance with agreed international frameworks, and significantly reduce their release to air, water and soil in order to minimize their adverse impacts on human health and the environment",http://data.europa.eu/sdg/12.4,HORIZON_EUROPE|2021_2023
101113180:12.8,101113180,Magnetic neural Network for predictive maintenance,10,0.15534296146407595,12.8,"By 2030, ensure that people everywhere have the relevant information and awareness for sustainable development and lifestyles in harmony with nature",http://data.europa.eu/sdg/12.8,HORIZON_EUROPE|2021_2023
101087257:9.1,101087257,MetaCities Excellence Hub in South-Eastern Europe,1,0.519746877570038,9.1,"Develop quality, reliable, sustainable and resilient infrastructure, including regional and transborder infrastructure, to support economic development and human well-being, with a focus on affordable and equitable access for all",http://data.europa.eu/sdg/9.1,HORIZON_EUROPE|2021_2023
101087257:9.b,101087257,MetaCities Excellence Hub in South-Eastern Europe,2,0.5068036773915148,9.b,"Support domestic technology development, research and innovation in developing countries, including by ensuring a conducive policy environment for, inter alia, industrial diversification and value addition to commodities",http://data.europa.eu/sdg/9.b,HORIZON_EUROPE|2021_2023
101087257:9.5,101087257,MetaCities Excellence Hub in South-Eastern Europe,3,0.48635917810915597,9.5,"Enhance scientific research, upgrade the technological capabilities of industrial sectors in all countries, in particular developing countries, including, by 2030, encouraging innovation and substantially increasing the number of research and development workers per 1 million people and public and private research and development spending",http://data.europa.eu/sdg/9.5,HORIZON_EUROPE|2021_2023
101087257:17.8,101087257,MetaCities Excellence Hub in South-Eastern Europe,4,0.47600256571173255,17.8,"Fully operationalize the technology bank and science, technology and innovation capacity-building mechanism for least developed countries by 2017 and enhance the use of enabling technology, in particular information and communications technology",http://data.europa.eu/sdg/17.8,HORIZON_EUROPE|2021_2023
101087257:9.4,101087257,MetaCities Excellence Hub in South-Eastern Europe,5,0.4747185534371053,9.4,"By 2030, upgrade infrastructure and retrofit industries to make them sustainable, with increased resource-use efficiency and greater adoption of clean and environmentally sound technologies and industrial processes, with all countries taking action in accordance with their respective capabilities",http://data.europa.eu/sdg/9.4,HORIZON_EUROPE|2021_2023
101087257:17.6,101087257,MetaCities Excellence Hub in South-Eastern Europe,6,0.4681968290322547,17.6,"Enhance North-South, South-South and triangular regional and international cooperation on and access to science, technology and innovation and enhance knowledge-sharing on mutually agreed terms, including through improved coordination among existing mechanisms, in particular at the United Nations level, and through a global technology facilitation mechanism",http://data.europa.eu/sdg/17.6,HORIZON_EUROPE|2021_2023
101087257:9.c,101087257,MetaCities Excellence Hub in South-Eastern Europe,7,0.4678772323108991,9.c,Significantly increase access to information and communications technology and strive to provide universal and affordable access to the Internet in least developed countries by 2020,http://data.europa.eu/sdg/9.c,HORIZON_EUROPE|2021_2023
101087257:9.2,101087257,MetaCities Excellence Hub in South-Eastern Europe,8,0.4643505771308075,9.2,"Promote inclusive and sustainable industrialization and, by 2030, significantly raise industry’s share of employment and gross domestic product, in line with national circumstances, and double its share in least developed countries",http://data.europa.eu/sdg/9.2,HORIZON_EUROPE|2021_2023
101087257:9.a,101087257,MetaCities Excellence Hub in South-Eastern Europe,9,0.45813715209133066,9.a,"Facilitate sustainable and resilient infrastructure development in developing countries through enhanced financial, technological and technical support to African countries, least developed countries, landlocked developing countries and small island developing States",http://data.europa.eu/sdg/9.a,HORIZON_EUROPE|2021_2023
101087257:9.3,101087257,MetaCities Excellence Hub in South-Eastern Europe,10,0.4542291257910772,9.3,"Increase the access of small-scale industrial and other enterprises, in particular in developing countries, to financial services, including affordable credit, and their integration into value chains and markets",http://data.europa.eu/sdg/9.3,HORIZON_EUROPE|2021_2023
101063420:15.4,101063420,Mobility and Life histories in the Alps - Understanding prehistoric social strategies in mountain environment,1,0.35972411867619025,15.4,"By 2030, ensure the conservation of mountain ecosystems, including their biodiversity, in order to enhance their capacity to provide benefits that are essential for sustainable development",http://data.europa.eu/sdg/15.4,HORIZON_EUROPE|2021_2023
101063420:15.1,101063420,Mobility and Life histories in the Alps - Understanding prehistoric social strategies in mountain environment,2,0.2736471128552273,15.1,"By 2020, ensure the conservation, restoration and sustainable use of terrestrial and inland freshwater ecosystems and their services, in particular forests, wetlands, mountains and drylands, in line with obligations under international agreements",http://data.europa.eu/sdg/15.1,HORIZON_EUROPE|2021_2023
101063420:11.4,101063420,Mobility and Life histories in the Alps - Understanding prehistoric social strategies in mountain environment,3,0.26943176505371225,11.4,Strengthen efforts to protect and safeguard the world’s cultural and natural heritage,http://data.europa.eu/sdg/11.4,HORIZON_EUROPE|2021_2023
101063420:15.3,101063420,Mobility and Life histories in the Alps - Understanding prehistoric social strategies in mountain environment,4,0.2579322878307514,15.3,"By 2030, combat desertification, restore degraded land and soil, including land affected by desertification, drought and floods, and strive to achieve a land degradation-neutral world",http://data.europa.eu/sdg/15.3,HORIZON_EUROPE|2021_2023
101063420:15.6,101063420,Mobility and Life histories in the Alps - Understanding prehistoric social strategies in mountain environment,5,0.2565915794035817,15.6,"Promote fair and equitable sharing of the benefits arising from the utilization of genetic resources and promote appropriate access to such resources, as internationally agreed",http://data.europa.eu/sdg/15.6,HORIZON_EUROPE|2021_2023
101063420:15.9,101063420,Mobility and Life histories in the Alps - Understanding prehistoric social strategies in mountain environment,6,0.2547755287134289,15.9,"By 2020, integrate ecosystem and biodiversity values into national and local planning, development processes, poverty reduction strategies and accounts",http://data.europa.eu/sdg/15.9,HORIZON_EUROPE|2021_2023
101063420:15.a,101063420,Mobility and Life histories in the Alps - Understanding prehistoric social strategies in mountain environment,7,0.21937314736922423,15.a,Mobilize and significantly increase financial resources from all sources to conserve and sustainably use biodiversity and ecosystems,http://data.europa.eu/sdg/15.a,HORIZON_EUROPE|2021_2023
101063420:15.c,101063420,Mobility and Life histories in the Alps - Understanding prehistoric social strategies in mountain environment,8,0.2156669769038198,15.c,"Enhance global support for efforts to combat poaching and trafficking of protected species, including by increasing the capacity of local communities to pursue sustainable livelihood opportunities",http://data.europa.eu/sdg/15.c,HORIZON_EUROPE|2021_2023
101063420:15.5,101063420,Mobility and Life histories in the Alps - Understanding prehistoric social strategies in mountain environment,9,0.2134187676377124,15.5,"Take urgent and significant action to reduce the degradation of natural habitats, halt the loss of biodiversity and, by 2020, protect and prevent the extinction of threatened species",http://data.europa.eu/sdg/15.5,HORIZON_EUROPE|2021_2023
101063420:11.1,101063420,Mobility and Life histories in the Alps - Understanding prehistoric social strategies in mountain environment,10,0.19200825076184014,11.1,"By 2030, ensure access for all to adequate, safe and affordable housing and basic services and upgrade slums",http://data.europa.eu/sdg/11.1,HORIZON_EUROPE|2021_2023
101104432:3.a,101104432,Personalized CANcer Primary Prevention research through Citizen Participation and digitally enabled social innovation,1,0.5097226742608874,3.a,"Strengthen the implementation of the World Health Organization Framework Convention on Tobacco Control in all countries, as appropriate",http://data.europa.eu/sdg/3.a,HORIZON_EUROPE|2021_2023
101104432:3.d,101104432,Personalized CANcer Primary Prevention research through Citizen Participation and digitally enabled social innovation,2,0.48948808945945566,3.d,"Strengthen the capacity of all countries, in particular developing countries, for early warning, risk reduction and management of national and global health risks",http://data.europa.eu/sdg/3.d,HORIZON_EUROPE|2021_2023
101104432:3.8,101104432,Personalized CANcer Primary Prevention research through Citizen Participation and digitally enabled social innovation,3,0.42631568438612993,3.8,"Achieve universal health coverage, including financial risk protection, access to quality essential health-care services and access to safe, effective, quality and affordable essential medicines and vaccines for all",http://data.europa.eu/sdg/3.8,HORIZON_EUROPE|2021_2023
101104432:3.c,101104432,Personalized CANcer Primary Prevention research through Citizen Participation and digitally enabled social innovation,4,0.42071112556491524,3.c,"Substantially increase health financing and the recruitment, development, training and retention of the health workforce in developing countries, especially in least developed countries and small island developing States",http://data.europa.eu/sdg/3.c,HORIZON_EUROPE|2021_2023
101104432:3.9,101104432,Personalized CANcer Primary Prevention research through Citizen Participation and digitally enabled social innovation,5,0.4146717096222833,3.9,"By 2030, substantially reduce the number of deaths and illnesses from hazardous chemicals and air, water and soil pollution and contamination",http://data.europa.eu/sdg/3.9,HORIZON_EUROPE|2021_2023
101104432:3.3,101104432,Personalized CANcer Primary Prevention research through Citizen Participation and digitally enabled social innovation,6,0.41301578314103454,3.3,"By 2030, end the epidemics of AIDS, tuberculosis, malaria and neglected tropical diseases and combat hepatitis, water-borne diseases and other communicable diseases",http://data.europa.eu/sdg/3.3,HORIZON_EUROPE|2021_2023
101104432:3.4,101104432,Personalized CANcer Primary Prevention research through Citizen Participation and digitally enabled social innovation,7,0.4120344917383989,3.4,"By 2030, reduce by one third premature mortality from non-communicable diseases through prevention and treatment and promote mental health and well-being",http://data.europa.eu/sdg/3.4,HORIZON_EUROPE|2021_2023
101104432:3.b,101104432,Personalized CANcer Primary Prevention research through Citizen Participation and digitally enabled social innovation,8,0.4081898723113957,3.b,"Support the research and development of vaccines and medicines for the communicable and non‑communicable diseases that primarily affect developing countries, provide access to affordable essential medicines and vaccines, in accordance with the Doha Declaration on the TRIPS Agreement and Public Health, which affirms the right of developing countries to use to the full the provisions in the Agreement on Trade-Related Aspects of Intellectual Property Rights regarding flexibilities to protect public health, and, in particular, provide access to medicines for all",http://data.europa.eu/sdg/3.b,HORIZON_EUROPE|2021_2023
101104432:3.7,101104432,Personalized CANcer Primary Prevention research through Citizen Participation and digitally enabled social innovation,9,0.39769511607666785,3.7,"By 2030, ensure universal access to sexual and reproductive health-care services, including for family planning, information and education, and the integration of reproductive health into national strategies and programmes",http://data.europa.eu/sdg/3.7,HORIZON_EUROPE|2021_2023
101104432:3.6,101104432,Personalized CANcer Primary Prevention research through Citizen Participation and digitally enabled social innovation,10,0.35835764369223344,3.6,"By 2020, halve the number of global deaths and injuries from road traffic accidents",http://data.europa.eu/sdg/3.6,HORIZON_EUROPE|2021_2023
101070155:16.7,101070155,"The Equitable, Inclusive, and Human-Centered XR Project",1,0.42701080104721106,16.7,"Ensure responsive, inclusive, participatory and representative decision-making at all levels",http://data.europa.eu/sdg/16.7,HORIZON_EUROPE|2021_2023
101070155:16.10,101070155,"The Equitable, Inclusive, and Human-Centered XR Project",2,0.4256008945802486,16.10,"Ensure public access to information and protect fundamental freedoms, in accordance with national legislation and international agreements",http://data.europa.eu/sdg/16.10,HORIZON_EUROPE|2021_2023
101070155:9.b,101070155,"The Equitable, Inclusive, and Human-Centered XR Project",3,0.42306752911683787,9.b,"Support domestic technology development, research and innovation in developing countries, including by ensuring a conducive policy environment for, inter alia, industrial diversification and value addition to commodities",http://data.europa.eu/sdg/9.b,HORIZON_EUROPE|2021_2023
101070155:16.6,101070155,"The Equitable, Inclusive, and Human-Centered XR Project",4,0.4190170533931209,16.6,"Develop effective, accountable and transparent institutions at all levels",http://data.europa.eu/sdg/16.6,HORIZON_EUROPE|2021_2023
101070155:9.1,101070155,"The Equitable, Inclusive, and Human-Centered XR Project",5,0.4161845108950628,9.1,"Develop quality, reliable, sustainable and resilient infrastructure, including regional and transborder infrastructure, to support economic development and human well-being, with a focus on affordable and equitable access for all",http://data.europa.eu/sdg/9.1,HORIZON_EUROPE|2021_2023
101070155:17.8,101070155,"The Equitable, Inclusive, and Human-Centered XR Project",6,0.4053945921238343,17.8,"Fully operationalize the technology bank and science, technology and innovation capacity-building mechanism for least developed countries by 2017 and enhance the use of enabling technology, in particular information and communications technology",http://data.europa.eu/sdg/17.8,HORIZON_EUROPE|2021_2023
101070155:11.7,101070155,"The Equitable, Inclusive, and Human-Centered XR Project",7,0.40180361036690504,11.7,"By 2030, provide universal access to safe, inclusive and accessible, green and public spaces, in particular for women and children, older persons and persons with disabilities",http://data.europa.eu/sdg/11.7,HORIZON_EUROPE|2021_2023
101070155:16.9,101070155,"The Equitable, Inclusive, and Human-Centered XR Project",8,0.3992585273802554,16.9,"By 2030, provide legal identity for all, including birth registration",http://data.europa.eu/sdg/16.9,HORIZON_EUROPE|2021_2023
101070155:9.4,101070155,"The Equitable, Inclusive, and Human-Centered XR Project",9,0.391955055800687,9.4,"By 2030, upgrade infrastructure and retrofit industries to make them sustainable, with increased resource-use efficiency and greater adoption of clean and environmentally sound technologies and industrial processes, with all countries taking action in accordance with their respective capabilities",http://data.europa.eu/sdg/9.4,HORIZON_EUROPE|2021_2023
101070155:9.c,101070155,"The Equitable, Inclusive, and Human-Centered XR Project",10,0.3906718341464985,9.c,Significantly increase access to information and communications technology and strive to provide universal and affordable access to the Internet in least developed countries by 2020,http://data.europa.eu/sdg/9.c,HORIZON_EUROPE|2021_2023
101056784:14.3,101056784,High Efficiency Low Emission Nautical Solid Oxide Fuel Cell,1,0.4138541339288452,14.3,"Minimize and address the impacts of ocean acidification, including through enhanced scientific cooperation at all levels",http://data.europa.eu/sdg/14.3,HORIZON_EUROPE|2021_2023
101056784:14.1,101056784,High Efficiency Low Emission Nautical Solid Oxide Fuel Cell,2,0.39337161403421533,14.1,"By 2025, prevent and significantly reduce marine pollution of all kinds, in particular from land-based activities, including marine debris and nutrient pollution",http://data.europa.eu/sdg/14.1,HORIZON_EUROPE|2021_2023
101056784:7.a,101056784,High Efficiency Low Emission Nautical Solid Oxide Fuel Cell,3,0.39258193979921796,7.a,"By 2030, enhance international cooperation to facilitate access to clean energy research and technology, including renewable energy, energy efficiency and advanced and cleaner fossil-fuel technology, and promote investment in energy infrastructure and clean energy technology",http://data.europa.eu/sdg/7.a,HORIZON_EUROPE|2021_2023
101056784:14.c,101056784,High Efficiency Low Emission Nautical Solid Oxide Fuel Cell,4,0.38175562861381107,14.c,"Enhance the conservation and sustainable use of oceans and their resources by implementing international law as reflected in the United Nations Convention on the Law of the Sea, which provides the legal framework for the conservation and sustainable use of oceans and their resources, as recalled in paragraph 158 of “The future we want”",http://data.europa.eu/sdg/14.c,HORIZON_EUROPE|2021_2023
101056784:7.3,101056784,High Efficiency Low Emission Nautical Solid Oxide Fuel Cell,5,0.37974041885358983,7.3,"By 2030, double the global rate of improvement in energy efficiency",http://data.europa.eu/sdg/7.3,HORIZON_EUROPE|2021_2023
101056784:14.a,101056784,High Efficiency Low Emission Nautical Solid Oxide Fuel Cell,6,0.3772212312364803,14.a,"Increase scientific knowledge, develop research capacity and transfer marine technology, taking into account the Intergovernmental Oceanographic Commission Criteria and Guidelines on the Transfer of Marine Technology, in order to improve ocean health and to enhance the contribution of marine biodiversity to the development of developing countries, in particular small island developing States and least developed countries",http://data.europa.eu/sdg/14.a,HORIZON_EUROPE|2021_2023
101056784:14.2,101056784,High Efficiency Low Emission Nautical Solid Oxide Fuel Cell,7,0.3748282862986513,14.2,"By 2020, sustainably manage and protect marine and coastal ecosystems to avoid significant adverse impacts, including by strengthening their resilience, and take action for their restoration in order to achieve healthy and productive oceans",http://data.europa.eu/sdg/14.2,HORIZON_EUROPE|2021_2023
101056784:7.b,101056784,High Efficiency Low Emission Nautical Solid Oxide Fuel Cell,8,0.3746038072873188,7.b,"By 2030, expand infrastructure and upgrade technology for supplying modern and sustainable energy services for all in developing countries, in particular least developed countries, small island developing States and landlocked developing countries, in accordance with their respective programmes of support",http://data.europa.eu/sdg/7.b,HORIZON_EUROPE|2021_2023
101056784:14.b,101056784,High Efficiency Low Emission Nautical Solid Oxide Fuel Cell,9,0.3734748690569941,14.b,Provide access for small-scale artisanal fishers to marine resources and markets,http://data.europa.eu/sdg/14.b,HORIZON_EUROPE|2021_2023
101056784:14.7,101056784,High Efficiency Low Emission Nautical Solid Oxide Fuel Cell,10,0.3714976408599737,14.7,"By 2030, increase the economic benefits to small island developing States and least developed countries from the sustainable use of marine resources, including through sustainable management of fisheries, aquaculture and tourism",http://data.europa.eu/sdg/14.7,HORIZON_EUROPE|2021_2023
101062938:3.5,101062938,"Strategies to modulate the bioavailability of cannabinoids in edible products: in vitro tests, cytotoxicity, and pre-clinical assessment to generate reliable data for regulatory agencies",1,0.24156495882369178,3.5,"Strengthen the prevention and treatment of substance abuse, including narcotic drug abuse and harmful use of alcohol",http://data.europa.eu/sdg/3.5,HORIZON_EUROPE|2021_2023
101062938:3.a,101062938,"Strategies to modulate the bioavailability of cannabinoids in edible products: in vitro tests, cytotoxicity, and pre-clinical assessment to generate reliable data for regulatory agencies",2,0.2071931797085787,3.a,"Strengthen the implementation of the World Health Organization Framework Convention on Tobacco Control in all countries, as appropriate",http://data.europa.eu/sdg/3.a,HORIZON_EUROPE|2021_2023
101062938:12.4,101062938,"Strategies to modulate the bioavailability of cannabinoids in edible products: in vitro tests, cytotoxicity, and pre-clinical assessment to generate reliable data for regulatory agencies",3,0.20153660155966524,12.4,"By 2020, achieve the environmentally sound management of chemicals and all wastes throughout their life cycle, in accordance with agreed international frameworks, and significantly reduce their release to air, water and soil in order to minimize their adverse impacts on human health and the environment",http://data.europa.eu/sdg/12.4,HORIZON_EUROPE|2021_2023
101062938:2.c,101062938,"Strategies to modulate the bioavailability of cannabinoids in edible products: in vitro tests, cytotoxicity, and pre-clinical assessment to generate reliable data for regulatory agencies",4,0.20027294458458605,2.c,"Adopt measures to ensure the proper functioning of food commodity markets and their derivatives and facilitate timely access to market information, including on food reserves, in order to help limit extreme food price volatility",http://data.europa.eu/sdg/2.c,HORIZON_EUROPE|2021_2023
101062938:3.b,101062938,"Strategies to modulate the bioavailability of cannabinoids in edible products: in vitro tests, cytotoxicity, and pre-clinical assessment to generate reliable data for regulatory agencies",5,0.18351472920583253,3.b,"Support the research and development of vaccines and medicines for the communicable and non‑communicable diseases that primarily affect developing countries, provide access to affordable essential medicines and vaccines, in accordance with the Doha Declaration on the TRIPS Agreement and Public Health, which affirms the right of developing countries to use to the full the provisions in the Agreement on Trade-Related Aspects of Intellectual Property Rights regarding flexibilities to protect public health, and, in particular, provide access to medicines for all",http://data.europa.eu/sdg/3.b,HORIZON_EUROPE|2021_2023
101062938:14.4,101062938,"Strategies to modulate the bioavailability of cannabinoids in edible products: in vitro tests, cytotoxicity, and pre-clinical assessment to generate reliable data for regulatory agencies",6,0.17238921214407926,14.4,"By 2020, effectively regulate harvesting and end overfishing, illegal, unreported and unregulated fishing and destructive fishing practices and implement science-based management plans, in order to restore fish stocks in the shortest time feasible, at least to levels that can produce maximum sustainable yield as determined by their biological characteristics",http://data.europa.eu/sdg/14.4,HORIZON_EUROPE|2021_2023
101062938:2.b,101062938,"Strategies to modulate the bioavailability of cannabinoids in edible products: in vitro tests, cytotoxicity, and pre-clinical assessment to generate reliable data for regulatory agencies",7,0.16132460941745672,2.b,"Correct and prevent trade restrictions and distortions in world agricultural markets, including through the parallel elimination of all forms of agricultural export subsidies and all export measures with equivalent effect, in accordance with the mandate of the Doha Development Round",http://data.europa.eu/sdg/2.b,HORIZON_EUROPE|2021_2023
101062938:2.5,101062938,"Strategies to modulate the bioavailability of cannabinoids in edible products: in vitro tests, cytotoxicity, and pre-clinical assessment to generate reliable data for regulatory agencies",8,0.15404784855241418,2.5,"By 2020, maintain the genetic diversity of seeds, cultivated plants and farmed and domesticated animals and their related wild species, including through soundly managed and diversified seed and plant banks at the national, regional and international levels, and promote access to and fair and equitable sharing of benefits arising from the utilization of genetic resources and associated traditional knowledge, as internationally agreed",http://data.europa.eu/sdg/2.5,HORIZON_EUROPE|2021_2023
101062938:2.2,101062938,"Strategies to modulate the bioavailability of cannabinoids in edible products: in vitro tests, cytotoxicity, and pre-clinical assessment to generate reliable data for regulatory agencies",9,0.14572996727302043,2.2,"By 2030, end all forms of malnutrition, including achieving, by 2025, the internationally agreed targets on stunting and wasting in children under 5 years of age, and address the nutritional needs of adolescent girls, pregnant and lactating women and older persons",http://data.europa.eu/sdg/2.2,HORIZON_EUROPE|2021_2023
101062938:2.a,101062938,"Strategies to modulate the bioavailability of cannabinoids in edible products: in vitro tests, cytotoxicity, and pre-clinical assessment to generate reliable data for regulatory agencies",10,0.13319349739861988,2.a,"Increase investment, including through enhanced international cooperation, in rural infrastructure, agricultural research and extension services, technology development and plant and livestock gene banks in order to enhance agricultural productive capacity in developing countries, in particular least developed countries",http://data.europa.eu/sdg/2.a,HORIZON_EUROPE|2021_2023
190104468:3.b,190104468,Novel First-in-Class Specific Oromucosal Immunotherapy (SOMIT) to treat Celiac Disease (CD),1,0.3209470123803816,3.b,"Support the research and development of vaccines and medicines for the communicable and non‑communicable diseases that primarily affect developing countries, provide access to affordable essential medicines and vaccines, in accordance with the Doha Declaration on the TRIPS Agreement and Public Health, which affirms the right of developing countries to use to the full the provisions in the Agreement on Trade-Related Aspects of Intellectual Property Rights regarding flexibilities to protect public health, and, in particular, provide access to medicines for all",http://data.europa.eu/sdg/3.b,HORIZON_EUROPE|2021_2023
190104468:3.3,190104468,Novel First-in-Class Specific Oromucosal Immunotherapy (SOMIT) to treat Celiac Disease (CD),2,0.2712156083781116,3.3,"By 2030, end the epidemics of AIDS, tuberculosis, malaria and neglected tropical diseases and combat hepatitis, water-borne diseases and other communicable diseases",http://data.europa.eu/sdg/3.3,HORIZON_EUROPE|2021_2023
190104468:2.c,190104468,Novel First-in-Class Specific Oromucosal Immunotherapy (SOMIT) to treat Celiac Disease (CD),3,0.2406602149561726,2.c,"Adopt measures to ensure the proper functioning of food commodity markets and their derivatives and facilitate timely access to market information, including on food reserves, in order to help limit extreme food price volatility",http://data.europa.eu/sdg/2.c,HORIZON_EUROPE|2021_2023
190104468:2.b,190104468,Novel First-in-Class Specific Oromucosal Immunotherapy (SOMIT) to treat Celiac Disease (CD),4,0.2399330201300427,2.b,"Correct and prevent trade restrictions and distortions in world agricultural markets, including through the parallel elimination of all forms of agricultural export subsidies and all export measures with equivalent effect, in accordance with the mandate of the Doha Development Round",http://data.europa.eu/sdg/2.b,HORIZON_EUROPE|2021_2023
190104468:17.12,190104468,Novel First-in-Class Specific Oromucosal Immunotherapy (SOMIT) to treat Celiac Disease (CD),5,0.23990780139181148,17.12,"Realize timely implementation of duty-free and quota-free market access on a lasting basis for all least developed countries, consistent with World Trade Organization decisions, including by ensuring that preferential rules of origin applicable to imports from least developed countries are transparent and simple, and contribute to facilitating market access",http://data.europa.eu/sdg/17.12,HORIZON_EUROPE|2021_2023
190104468:17.10,190104468,Novel First-in-Class Specific Oromucosal Immunotherapy (SOMIT) to treat Celiac Disease (CD),6,0.23244524628972504,17.10,"Promote a universal, rules-based, open, non‑discriminatory and equitable multilateral trading system under the World Trade Organization, including through the conclusion of negotiations under its Doha Development Agenda",http://data.europa.eu/sdg/17.10,HORIZON_EUROPE|2021_2023
190104468:8.5,190104468,Novel First-in-Class Specific Oromucosal Immunotherapy (SOMIT) to treat Celiac Disease (CD),7,0.23055076429150617,8.5,"By 2030, achieve full and productive employment and decent work for all women and men, including for young people and persons with disabilities, and equal pay for work of equal value",http://data.europa.eu/sdg/8.5,HORIZON_EUROPE|2021_2023
190104468:2.a,190104468,Novel First-in-Class Specific Oromucosal Immunotherapy (SOMIT) to treat Celiac Disease (CD),8,0.22883537143324198,2.a,"Increase investment, including through enhanced international cooperation, in rural infrastructure, agricultural research and extension services, technology development and plant and livestock gene banks in order to enhance agricultural productive capacity in developing countries, in particular least developed countries",http://data.europa.eu/sdg/2.a,HORIZON_EUROPE|2021_2023
190104468:3.4,190104468,Novel First-in-Class Specific Oromucosal Immunotherapy (SOMIT) to treat Celiac Disease (CD),9,0.22594330042499317,3.4,"By 2030, reduce by one third premature mortality from non-communicable diseases through prevention and treatment and promote mental health and well-being",http://data.europa.eu/sdg/3.4,HORIZON_EUROPE|2021_2023
190104468:10.1,190104468,Novel First-in-Class Specific Oromucosal Immunotherapy (SOMIT) to treat Celiac Disease (CD),10,0.22589143928252114,10.1,"By 2030, progressively achieve and sustain income growth of the bottom 40 per cent of the population at a rate higher than the national average",http://data.europa.eu/sdg/10.1,HORIZON_EUROPE|2021_2023
190140124:7.2,190140124,Unlocking the full potential of renewable energy with the Ocean Battery,1,0.5017569486470717,7.2,"By 2030, increase substantially the share of renewable energy in the global energy mix",http://data.europa.eu/sdg/7.2,HORIZON_EUROPE|2021_2023
190140124:14.3,190140124,Unlocking the full potential of renewable energy with the Ocean Battery,2,0.45881656999945253,14.3,"Minimize and address the impacts of ocean acidification, including through enhanced scientific cooperation at all levels",http://data.europa.eu/sdg/14.3,HORIZON_EUROPE|2021_2023
190140124:7.1,190140124,Unlocking the full potential of renewable energy with the Ocean Battery,3,0.4430760017855588,7.1,"By 2030, ensure universal access to affordable, reliable and modern energy services",http://data.europa.eu/sdg/7.1,HORIZON_EUROPE|2021_2023
190140124:7.3,190140124,Unlocking the full potential of renewable energy with the Ocean Battery,4,0.4366839449114902,7.3,"By 2030, double the global rate of improvement in energy efficiency",http://data.europa.eu/sdg/7.3,HORIZON_EUROPE|2021_2023
190140124:14.2,190140124,Unlocking the full potential of renewable energy with the Ocean Battery,5,0.43305959726333004,14.2,"By 2020, sustainably manage and protect marine and coastal ecosystems to avoid significant adverse impacts, including by strengthening their resilience, and take action for their restoration in order to achieve healthy and productive oceans",http://data.europa.eu/sdg/14.2,HORIZON_EUROPE|2021_2023
190140124:7.b,190140124,Unlocking the full potential of renewable energy with the Ocean Battery,6,0.42351218759153897,7.b,"By 2030, expand infrastructure and upgrade technology for supplying modern and sustainable energy services for all in developing countries, in particular least developed countries, small island developing States and landlocked developing countries, in accordance with their respective programmes of support",http://data.europa.eu/sdg/7.b,HORIZON_EUROPE|2021_2023
190140124:7.a,190140124,Unlocking the full potential of renewable energy with the Ocean Battery,7,0.42139050393658994,7.a,"By 2030, enhance international cooperation to facilitate access to clean energy research and technology, including renewable energy, energy efficiency and advanced and cleaner fossil-fuel technology, and promote investment in energy infrastructure and clean energy technology",http://data.europa.eu/sdg/7.a,HORIZON_EUROPE|2021_2023
190140124:14.5,190140124,Unlocking the full potential of renewable energy with the Ocean Battery,8,0.3988183510743192,14.5,"By 2020, conserve at least 10 per cent of coastal and marine areas, consistent with national and international law and based on the best available scientific information",http://data.europa.eu/sdg/14.5,HORIZON_EUROPE|2021_2023
190140124:14.4,190140124,Unlocking the full potential of renewable energy with the Ocean Battery,9,0.39862736016525135,14.4,"By 2020, effectively regulate harvesting and end overfishing, illegal, unreported and unregulated fishing and destructive fishing practices and implement science-based management plans, in order to restore fish stocks in the shortest time feasible, at least to levels that can produce maximum sustainable yield as determined by their biological characteristics",http://data.europa.eu/sdg/14.4,HORIZON_EUROPE|2021_2023
190140124:14.7,190140124,Unlocking the full potential of renewable energy with the Ocean Battery,10,0.3974508859473401,14.7,"By 2030, increase the economic benefits to small island developing States and least developed countries from the sustainable use of marine resources, including through sustainable management of fisheries, aquaculture and tourism",http://data.europa.eu/sdg/14.7,HORIZON_EUROPE|2021_2023
101096306:9.4,101096306,"Novel concept of a low cost, high power density and highly efficient recyclable motor for next generation mass produced electric vehicles",1,0.374429255535075,9.4,"By 2030, upgrade infrastructure and retrofit industries to make them sustainable, with increased resource-use efficiency and greater adoption of clean and environmentally sound technologies and industrial processes, with all countries taking action in accordance with their respective capabilities",http://data.europa.eu/sdg/9.4,HORIZON_EUROPE|2021_2023
101096306:7.3,101096306,"Novel concept of a low cost, high power density and highly efficient recyclable motor for next generation mass produced electric vehicles",2,0.3545487352203329,7.3,"By 2030, double the global rate of improvement in energy efficiency",http://data.europa.eu/sdg/7.3,HORIZON_EUROPE|2021_2023
101096306:9.b,101096306,"Novel concept of a low cost, high power density and highly efficient recyclable motor for next generation mass produced electric vehicles",3,0.34148308787531656,9.b,"Support domestic technology development, research and innovation in developing countries, including by ensuring a conducive policy environment for, inter alia, industrial diversification and value addition to commodities",http://data.europa.eu/sdg/9.b,HORIZON_EUROPE|2021_2023
101096306:7.a,101096306,"Novel concept of a low cost, high power density and highly efficient recyclable motor for next generation mass produced electric vehicles",4,0.3374768205520085,7.a,"By 2030, enhance international cooperation to facilitate access to clean energy research and technology, including renewable energy, energy efficiency and advanced and cleaner fossil-fuel technology, and promote investment in energy infrastructure and clean energy technology",http://data.europa.eu/sdg/7.a,HORIZON_EUROPE|2021_2023
101096306:12.5,101096306,"Novel concept of a low cost, high power density and highly efficient recyclable motor for next generation mass produced electric vehicles",5,0.3325001760574035,12.5,"By 2030, substantially reduce waste generation through prevention, reduction, recycling and reuse",http://data.europa.eu/sdg/12.5,HORIZON_EUROPE|2021_2023
101096306:12.7,101096306,"Novel concept of a low cost, high power density and highly efficient recyclable motor for next generation mass produced electric vehicles",6,0.33038919738965794,12.7,"Promote public procurement practices that are sustainable, in accordance with national policies and priorities",http://data.europa.eu/sdg/12.7,HORIZON_EUROPE|2021_2023
101096306:7.1,101096306,"Novel concept of a low cost, high power density and highly efficient recyclable motor for next generation mass produced electric vehicles",7,0.3270372232553741,7.1,"By 2030, ensure universal access to affordable, reliable and modern energy services",http://data.europa.eu/sdg/7.1,HORIZON_EUROPE|2021_2023
101096306:7.2,101096306,"Novel concept of a low cost, high power density and highly efficient recyclable motor for next generation mass produced electric vehicles",8,0.32321080711625705,7.2,"By 2030, increase substantially the share of renewable energy in the global energy mix",http://data.europa.eu/sdg/7.2,HORIZON_EUROPE|2021_2023
101096306:9.1,101096306,"Novel concept of a low cost, high power density and highly efficient recyclable motor for next generation mass produced electric vehicles",9,0.319499913818854,9.1,"Develop quality, reliable, sustainable and resilient infrastructure, including regional and transborder infrastructure, to support economic development and human well-being, with a focus on affordable and equitable access for all",http://data.europa.eu/sdg/9.1,HORIZON_EUROPE|2021_2023
101096306:17.12,101096306,"Novel concept of a low cost, high power density and highly efficient recyclable motor for next generation mass produced electric vehicles",10,0.3188316104008675,17.12,"Realize timely implementation of duty-free and quota-free market access on a lasting basis for all least developed countries, consistent with World Trade Organization decisions, including by ensuring that preferential rules of origin applicable to imports from least developed countries are transparent and simple, and contribute to facilitating market access",http://data.europa.eu/sdg/17.12,HORIZON_EUROPE|2021_2023
101095862:17.6,101095862,INNOV-8-2-CREATE Cooperation through acceleration,1,0.5517808097029887,17.6,"Enhance North-South, South-South and triangular regional and international cooperation on and access to science, technology and innovation and enhance knowledge-sharing on mutually agreed terms, including through improved coordination among existing mechanisms, in particular at the United Nations level, and through a global technology facilitation mechanism",http://data.europa.eu/sdg/17.6,HORIZON_EUROPE|2021_2023
101095862:9.b,101095862,INNOV-8-2-CREATE Cooperation through acceleration,2,0.5123465358978515,9.b,"Support domestic technology development, research and innovation in developing countries, including by ensuring a conducive policy environment for, inter alia, industrial diversification and value addition to commodities",http://data.europa.eu/sdg/9.b,HORIZON_EUROPE|2021_2023
101095862:17.8,101095862,INNOV-8-2-CREATE Cooperation through acceleration,3,0.5039382052305089,17.8,"Fully operationalize the technology bank and science, technology and innovation capacity-building mechanism for least developed countries by 2017 and enhance the use of enabling technology, in particular information and communications technology",http://data.europa.eu/sdg/17.8,HORIZON_EUROPE|2021_2023
101095862:9.3,101095862,INNOV-8-2-CREATE Cooperation through acceleration,4,0.48355778051919607,9.3,"Increase the access of small-scale industrial and other enterprises, in particular in developing countries, to financial services, including affordable credit, and their integration into value chains and markets",http://data.europa.eu/sdg/9.3,HORIZON_EUROPE|2021_2023
101095862:17.16,101095862,INNOV-8-2-CREATE Cooperation through acceleration,5,0.4780063230640728,17.16,"Enhance the Global Partnership for Sustainable Development, complemented by multi-stakeholder partnerships that mobilize and share knowledge, expertise, technology and financial resources, to support the achievement of the Sustainable Development Goals in all countries, in particular developing countries",http://data.europa.eu/sdg/17.16,HORIZON_EUROPE|2021_2023
101095862:17.17,101095862,INNOV-8-2-CREATE Cooperation through acceleration,6,0.4725027555555855,17.17,"Encourage and promote effective public, public-private and civil society partnerships, building on the experience and resourcing strategies of partnerships",http://data.europa.eu/sdg/17.17,HORIZON_EUROPE|2021_2023
101095862:9.2,101095862,INNOV-8-2-CREATE Cooperation through acceleration,7,0.46879901986580763,9.2,"Promote inclusive and sustainable industrialization and, by 2030, significantly raise industry’s share of employment and gross domestic product, in line with national circumstances, and double its share in least developed countries",http://data.europa.eu/sdg/9.2,HORIZON_EUROPE|2021_2023
101095862:9.5,101095862,INNOV-8-2-CREATE Cooperation through acceleration,8,0.46575361525873227,9.5,"Enhance scientific research, upgrade the technological capabilities of industrial sectors in all countries, in particular developing countries, including, by 2030, encouraging innovation and substantially increasing the number of research and development workers per 1 million people and public and private research and development spending",http://data.europa.eu/sdg/9.5,HORIZON_EUROPE|2021_2023
101095862:17.5,101095862,INNOV-8-2-CREATE Cooperation through acceleration,9,0.4614691729742053,17.5,Adopt and implement investment promotion regimes for least developed countries,http://data.europa.eu/sdg/17.5,HORIZON_EUROPE|2021_2023
101095862:9.1,101095862,INNOV-8-2-CREATE Cooperation through acceleration,10,0.45468907395886554,9.1,"Develop quality, reliable, sustainable and resilient infrastructure, including regional and transborder infrastructure, to support economic development and human well-being, with a focus on affordable and equitable access for all",http://data.europa.eu/sdg/9.1,HORIZON_EUROPE|2021_2023
101079237:4.a,101079237,Enhancing Research on the Integration of Formal Educational Programmes and Workplace Learning,1,0.4431626586041171,4.a,"Build and upgrade education facilities that are child, disability and gender sensitive and provide safe, non-violent, inclusive and effective learning environments for all",http://data.europa.eu/sdg/4.a,HORIZON_EUROPE|2021_2023
101079237:4.7,101079237,Enhancing Research on the Integration of Formal Educational Programmes and Workplace Learning,2,0.43598736617901035,4.7,"By 2030, ensure that all learners acquire the knowledge and skills needed to promote sustainable development, including, among others, through education for sustainable development and sustainable lifestyles, human rights, gender equality, promotion of a culture of peace and non-violence, global citizenship and appreciation of cultural diversity and of culture’s contribution to sustainable development",http://data.europa.eu/sdg/4.7,HORIZON_EUROPE|2021_2023
101079237:4.3,101079237,Enhancing Research on the Integration of Formal Educational Programmes and Workplace Learning,3,0.4320683603809351,4.3,"By 2030, ensure equal access for all women and men to affordable and quality technical, vocational and tertiary education, including university",http://data.europa.eu/sdg/4.3,HORIZON_EUROPE|2021_2023
101079237:4.4,101079237,Enhancing Research on the Integration of Formal Educational Programmes and Workplace Learning,4,0.4205694793266792,4.4,"By 2030, substantially increase the number of youth and adults who have relevant skills, including technical and vocational skills, for employment, decent jobs and entrepreneurship",http://data.europa.eu/sdg/4.4,HORIZON_EUROPE|2021_2023
101079237:4.b,101079237,Enhancing Research on the Integration of Formal Educational Programmes and Workplace Learning,5,0.4197193313419304,4.b,"By 2020, substantially expand globally the number of scholarships available to developing countries, in particular least developed countries, small island developing States and African countries, for enrolment in higher education, including vocational training and information and communications technology, technical, engineering and scientific programmes, in developed countries and other developing countries",http://data.europa.eu/sdg/4.b,HORIZON_EUROPE|2021_2023
101079237:4.c,101079237,Enhancing Research on the Integration of Formal Educational Programmes and Workplace Learning,6,0.39645396426679336,4.c,"By 2030, substantially increase the supply of qualified teachers, including through international cooperation for teacher training in developing countries, especially least developed countries and small island developing States",http://data.europa.eu/sdg/4.c,HORIZON_EUROPE|2021_2023
101079237:4.5,101079237,Enhancing Research on the Integration of Formal Educational Programmes and Workplace Learning,7,0.3881876059616741,4.5,"By 2030, eliminate gender disparities in education and ensure equal access to all levels of education and vocational training for the vulnerable, including persons with disabilities, indigenous peoples and children in vulnerable situations",http://data.europa.eu/sdg/4.5,HORIZON_EUROPE|2021_2023
101079237:8.b,101079237,Enhancing Research on the Integration of Formal Educational Programmes and Workplace Learning,8,0.3868544719875334,8.b,"By 2020, develop and operationalize a global strategy for youth employment and implement the Global Jobs Pact of the International Labour Organization",http://data.europa.eu/sdg/8.b,HORIZON_EUROPE|2021_2023
101079237:4.1,101079237,Enhancing Research on the Integration of Formal Educational Programmes and Workplace Learning,9,0.3773368449940513,4.1,"By 2030, ensure that all girls and boys complete free, equitable and quality primary and secondary education leading to relevant and effective learning outcomes",http://data.europa.eu/sdg/4.1,HORIZON_EUROPE|2021_2023
101079237:4.6,101079237,Enhancing Research on the Integration of Formal Educational Programmes and Workplace Learning,10,0.3631843962274041,4.6,"By 2030, ensure that all youth and a substantial proportion of adults, both men and women, achieve literacy and numeracy",http://data.europa.eu/sdg/4.6,HORIZON_EUROPE|2021_2023
101061123:17.12,101061123,"Rethinking Global Supply Chains: measurement, impact and policy",1,0.5537041072243437,17.12,"Realize timely implementation of duty-free and quota-free market access on a lasting basis for all least developed countries, consistent with World Trade Organization decisions, including by ensuring that preferential rules of origin applicable to imports from least developed countries are transparent and simple, and contribute to facilitating market access",http://data.europa.eu/sdg/17.12,HORIZON_EUROPE|2021_2023
101061123:17.10,101061123,"Rethinking Global Supply Chains: measurement, impact and policy",2,0.5245292124091019,17.10,"Promote a universal, rules-based, open, non‑discriminatory and equitable multilateral trading system under the World Trade Organization, including through the conclusion of negotiations under its Doha Development Agenda",http://data.europa.eu/sdg/17.10,HORIZON_EUROPE|2021_2023
101061123:17.11,101061123,"Rethinking Global Supply Chains: measurement, impact and policy",3,0.5059345153152244,17.11,"Significantly increase the exports of developing countries, in particular with a view to doubling the least developed countries’ share of global exports by 2020",http://data.europa.eu/sdg/17.11,HORIZON_EUROPE|2021_2023
101061123:9.b,101061123,"Rethinking Global Supply Chains: measurement, impact and policy",4,0.48101467793716757,9.b,"Support domestic technology development, research and innovation in developing countries, including by ensuring a conducive policy environment for, inter alia, industrial diversification and value addition to commodities",http://data.europa.eu/sdg/9.b,HORIZON_EUROPE|2021_2023
101061123:9.2,101061123,"Rethinking Global Supply Chains: measurement, impact and policy",5,0.47740835668496345,9.2,"Promote inclusive and sustainable industrialization and, by 2030, significantly raise industry’s share of employment and gross domestic product, in line with national circumstances, and double its share in least developed countries",http://data.europa.eu/sdg/9.2,HORIZON_EUROPE|2021_2023
101061123:12.7,101061123,"Rethinking Global Supply Chains: measurement, impact and policy",6,0.46422517146084163,12.7,"Promote public procurement practices that are sustainable, in accordance with national policies and priorities",http://data.europa.eu/sdg/12.7,HORIZON_EUROPE|2021_2023
101061123:9.3,101061123,"Rethinking Global Supply Chains: measurement, impact and policy",7,0.46368495392562703,9.3,"Increase the access of small-scale industrial and other enterprises, in particular in developing countries, to financial services, including affordable credit, and their integration into value chains and markets",http://data.europa.eu/sdg/9.3,HORIZON_EUROPE|2021_2023
101061123:17.3,101061123,"Rethinking Global Supply Chains: measurement, impact and policy",8,0.45146269944465384,17.3,Mobilize additional financial resources for developing countries from multiple sources,http://data.europa.eu/sdg/17.3,HORIZON_EUROPE|2021_2023
101061123:17.13,101061123,"Rethinking Global Supply Chains: measurement, impact and policy",9,0.451167074273414,17.13,"Enhance global macroeconomic stability, including through policy coordination and policy coherence",http://data.europa.eu/sdg/17.13,HORIZON_EUROPE|2021_2023
101061123:17.6,101061123,"Rethinking Global Supply Chains: measurement, impact and policy",10,0.4459216217580123,17.6,"Enhance North-South, South-South and triangular regional and international cooperation on and access to science, technology and innovation and enhance knowledge-sharing on mutually agreed terms, including through improved coordination among existing mechanisms, in particular at the United Nations level, and through a global technology facilitation mechanism",http://data.europa.eu/sdg/17.6,HORIZON_EUROPE|2021_2023
101093865:14.2,101093865,Coastal Climate Resilience and Marine Restoration Tools for the Arctic Atlantic basin,1,0.6427763975557054,14.2,"By 2020, sustainably manage and protect marine and coastal ecosystems to avoid significant adverse impacts, including by strengthening their resilience, and take action for their restoration in order to achieve healthy and productive oceans",http://data.europa.eu/sdg/14.2,HORIZON_EUROPE|2021_2023
101093865:15.9,101093865,Coastal Climate Resilience and Marine Restoration Tools for the Arctic Atlantic basin,2,0.5591802479671615,15.9,"By 2020, integrate ecosystem and biodiversity values into national and local planning, development processes, poverty reduction strategies and accounts",http://data.europa.eu/sdg/15.9,HORIZON_EUROPE|2021_2023
101093865:15.1,101093865,Coastal Climate Resilience and Marine Restoration Tools for the Arctic Atlantic basin,3,0.543115880741099,15.1,"By 2020, ensure the conservation, restoration and sustainable use of terrestrial and inland freshwater ecosystems and their services, in particular forests, wetlands, mountains and drylands, in line with obligations under international agreements",http://data.europa.eu/sdg/15.1,HORIZON_EUROPE|2021_2023
101093865:15.5,101093865,Coastal Climate Resilience and Marine Restoration Tools for the Arctic Atlantic basin,4,0.5378163934649042,15.5,"Take urgent and significant action to reduce the degradation of natural habitats, halt the loss of biodiversity and, by 2020, protect and prevent the extinction of threatened species",http://data.europa.eu/sdg/15.5,HORIZON_EUROPE|2021_2023
101093865:14.5,101093865,Coastal Climate Resilience and Marine Restoration Tools for the Arctic Atlantic basin,5,0.5365564168289705,14.5,"By 2020, conserve at least 10 per cent of coastal and marine areas, consistent with national and international law and based on the best available scientific information",http://data.europa.eu/sdg/14.5,HORIZON_EUROPE|2021_2023
101093865:15.a,101093865,Coastal Climate Resilience and Marine Restoration Tools for the Arctic Atlantic basin,6,0.5223142962338835,15.a,Mobilize and significantly increase financial resources from all sources to conserve and sustainably use biodiversity and ecosystems,http://data.europa.eu/sdg/15.a,HORIZON_EUROPE|2021_2023
101093865:13.1,101093865,Coastal Climate Resilience and Marine Restoration Tools for the Arctic Atlantic basin,7,0.5186106051377135,13.1,Strengthen resilience and adaptive capacity to climate-related hazards and natural disasters in all countries,http://data.europa.eu/sdg/13.1,HORIZON_EUROPE|2021_2023
101093865:14.a,101093865,Coastal Climate Resilience and Marine Restoration Tools for the Arctic Atlantic basin,8,0.5178570628179122,14.a,"Increase scientific knowledge, develop research capacity and transfer marine technology, taking into account the Intergovernmental Oceanographic Commission Criteria and Guidelines on the Transfer of Marine Technology, in order to improve ocean health and to enhance the contribution of marine biodiversity to the development of developing countries, in particular small island developing States and least developed countries",http://data.europa.eu/sdg/14.a,HORIZON_EUROPE|2021_2023
101093865:15.3,101093865,Coastal Climate Resilience and Marine Restoration Tools for the Arctic Atlantic basin,9,0.5132563010146483,15.3,"By 2030, combat desertification, restore degraded land and soil, including land affected by desertification, drought and floods, and strive to achieve a land degradation-neutral world",http://data.europa.eu/sdg/15.3,HORIZON_EUROPE|2021_2023
101093865:14.b,101093865,Coastal Climate Resilience and Marine Restoration Tools for the Arctic Atlantic basin,10,0.5085750842932637,14.b,Provide access for small-scale artisanal fishers to marine resources and markets,http://data.europa.eu/sdg/14.b,HORIZON_EUROPE|2021_2023
101082633:7.a,101082633,Automatics in Space Exploration,1,0.2368612139381594,7.a,"By 2030, enhance international cooperation to facilitate access to clean energy research and technology, including renewable energy, energy efficiency and advanced and cleaner fossil-fuel technology, and promote investment in energy infrastructure and clean energy technology",http://data.europa.eu/sdg/7.a,HORIZON_EUROPE|2021_2023
101082633:7.3,101082633,Automatics in Space Exploration,2,0.21535632453323464,7.3,"By 2030, double the global rate of improvement in energy efficiency",http://data.europa.eu/sdg/7.3,HORIZON_EUROPE|2021_2023
101082633:9.5,101082633,Automatics in Space Exploration,3,0.2072499048427038,9.5,"Enhance scientific research, upgrade the technological capabilities of industrial sectors in all countries, in particular developing countries, including, by 2030, encouraging innovation and substantially increasing the number of research and development workers per 1 million people and public and private research and development spending",http://data.europa.eu/sdg/9.5,HORIZON_EUROPE|2021_2023
101082633:7.b,101082633,Automatics in Space Exploration,4,0.20694665677470073,7.b,"By 2030, expand infrastructure and upgrade technology for supplying modern and sustainable energy services for all in developing countries, in particular least developed countries, small island developing States and landlocked developing countries, in accordance with their respective programmes of support",http://data.europa.eu/sdg/7.b,HORIZON_EUROPE|2021_2023
101082633:7.1,101082633,Automatics in Space Exploration,5,0.20458659829110443,7.1,"By 2030, ensure universal access to affordable, reliable and modern energy services",http://data.europa.eu/sdg/7.1,HORIZON_EUROPE|2021_2023
101082633:6.a,101082633,Automatics in Space Exploration,6,0.2032754879261675,6.a,"By 2030, expand international cooperation and capacity-building support to developing countries in water- and sanitation-related activities and programmes, including water harvesting, desalination, water efficiency, wastewater treatment, recycling and reuse technologies",http://data.europa.eu/sdg/6.a,HORIZON_EUROPE|2021_2023
101082633:14.1,101082633,Automatics in Space Exploration,7,0.1988886491343219,14.1,"By 2025, prevent and significantly reduce marine pollution of all kinds, in particular from land-based activities, including marine debris and nutrient pollution",http://data.europa.eu/sdg/14.1,HORIZON_EUROPE|2021_2023
101082633:17.8,101082633,Automatics in Space Exploration,8,0.19813250845243893,17.8,"Fully operationalize the technology bank and science, technology and innovation capacity-building mechanism for least developed countries by 2017 and enhance the use of enabling technology, in particular information and communications technology",http://data.europa.eu/sdg/17.8,HORIZON_EUROPE|2021_2023
101082633:6.2,101082633,Automatics in Space Exploration,9,0.19597281429845428,6.2,"By 2030, achieve access to adequate and equitable sanitation and hygiene for all and end open defecation, paying special attention to the needs of women and girls and those in vulnerable situations",http://data.europa.eu/sdg/6.2,HORIZON_EUROPE|2021_2023
101082633:15.3,101082633,Automatics in Space Exploration,10,0.19158999048878336,15.3,"By 2030, combat desertification, restore degraded land and soil, including land affected by desertification, drought and floods, and strive to achieve a land degradation-neutral world",http://data.europa.eu/sdg/15.3,HORIZON_EUROPE|2021_2023
101121134:11.b,101121134,"Building PREPAREDness with Collaborative Knowledge Platform, Gamification and Serious Game in Virtual Reality",1,0.455459546541382,11.b,"By 2020, substantially increase the number of cities and human settlements adopting and implementing integrated policies and plans towards inclusion, resource efficiency, mitigation and adaptation to climate change, resilience to disasters, and develop and implement, in line with the Sendai Framework for Disaster Risk Reduction 2015–2030, holistic disaster risk management at all levels",http://data.europa.eu/sdg/11.b,HORIZON_EUROPE|2021_2023
101121134:13.1,101121134,"Building PREPAREDness with Collaborative Knowledge Platform, Gamification and Serious Game in Virtual Reality",2,0.4045565165399899,13.1,Strengthen resilience and adaptive capacity to climate-related hazards and natural disasters in all countries,http://data.europa.eu/sdg/13.1,HORIZON_EUROPE|2021_2023
101121134:11.5,101121134,"Building PREPAREDness with Collaborative Knowledge Platform, Gamification and Serious Game in Virtual Reality",3,0.401720540688459,11.5,"By 2030, significantly reduce the number of deaths and the number of people affected and substantially decrease the direct economic losses relative to global gross domestic product caused by disasters, including water-related disasters, with a focus on protecting the poor and people in vulnerable situations",http://data.europa.eu/sdg/11.5,HORIZON_EUROPE|2021_2023
101121134:11.4,101121134,"Building PREPAREDness with Collaborative Knowledge Platform, Gamification and Serious Game in Virtual Reality",4,0.3138648491578716,11.4,Strengthen efforts to protect and safeguard the world’s cultural and natural heritage,http://data.europa.eu/sdg/11.4,HORIZON_EUROPE|2021_2023
101121134:3.d,101121134,"Building PREPAREDness with Collaborative Knowledge Platform, Gamification and Serious Game in Virtual Reality",5,0.3128044350179225,3.d,"Strengthen the capacity of all countries, in particular developing countries, for early warning, risk reduction and management of national and global health risks",http://data.europa.eu/sdg/3.d,HORIZON_EUROPE|2021_2023
101121134:11.7,101121134,"Building PREPAREDness with Collaborative Knowledge Platform, Gamification and Serious Game in Virtual Reality",6,0.3080739183734713,11.7,"By 2030, provide universal access to safe, inclusive and accessible, green and public spaces, in particular for women and children, older persons and persons with disabilities",http://data.europa.eu/sdg/11.7,HORIZON_EUROPE|2021_2023
101121134:11.2,101121134,"Building PREPAREDness with Collaborative Knowledge Platform, Gamification and Serious Game in Virtual Reality",7,0.3062972877611416,11.2,"By 2030, provide access to safe, affordable, accessible and sustainable transport systems for all, improving road safety, notably by expanding public transport, with special attention to the needs of those in vulnerable situations, women, children, persons with disabilities and older persons",http://data.europa.eu/sdg/11.2,HORIZON_EUROPE|2021_2023
101121134:1.5,101121134,"Building PREPAREDness with Collaborative Knowledge Platform, Gamification and Serious Game in Virtual Reality",8,0.30622446820664917,1.5,"By 2030, build the resilience of the poor and those in vulnerable situations and reduce their exposure and vulnerability to climate-related extreme events and other economic, social and environmental shocks and disasters",http://data.europa.eu/sdg/1.5,HORIZON_EUROPE|2021_2023
101121134:11.c,101121134,"Building PREPAREDness with Collaborative Knowledge Platform, Gamification and Serious Game in Virtual Reality",9,0.29787022984897493,11.c,"Support least developed countries, including through financial and technical assistance, in building sustainable and resilient buildings utilizing local materials",http://data.europa.eu/sdg/11.c,HORIZON_EUROPE|2021_2023
101121134:3.6,101121134,"Building PREPAREDness with Collaborative Knowledge Platform, Gamification and Serious Game in Virtual Reality",10,0.2977123525543969,3.6,"By 2020, halve the number of global deaths and injuries from road traffic accidents",http://data.europa.eu/sdg/3.6,HORIZON_EUROPE|2021_2023
101114222:6.1,101114222,AUTOMATED PROTOTYPE OF CANCER DETECTION FROM CTDNA,1,0.17923278696292383,6.1,"By 2030, achieve universal and equitable access to safe and affordable drinking water for all",http://data.europa.eu/sdg/6.1,HORIZON_EUROPE|2021_2023
101114222:6.2,101114222,AUTOMATED PROTOTYPE OF CANCER DETECTION FROM CTDNA,2,0.17173173687122073,6.2,"By 2030, achieve access to adequate and equitable sanitation and hygiene for all and end open defecation, paying special attention to the needs of women and girls and those in vulnerable situations",http://data.europa.eu/sdg/6.2,HORIZON_EUROPE|2021_2023
101114222:6.3,101114222,AUTOMATED PROTOTYPE OF CANCER DETECTION FROM CTDNA,3,0.16424870007667436,6.3,"By 2030, improve water quality by reducing pollution, eliminating dumping and minimizing release of hazardous chemicals and materials, halving the proportion of untreated wastewater and substantially increasing recycling and safe reuse globally",http://data.europa.eu/sdg/6.3,HORIZON_EUROPE|2021_2023
101114222:14.4,101114222,AUTOMATED PROTOTYPE OF CANCER DETECTION FROM CTDNA,4,0.16380426682117344,14.4,"By 2020, effectively regulate harvesting and end overfishing, illegal, unreported and unregulated fishing and destructive fishing practices and implement science-based management plans, in order to restore fish stocks in the shortest time feasible, at least to levels that can produce maximum sustainable yield as determined by their biological characteristics",http://data.europa.eu/sdg/14.4,HORIZON_EUROPE|2021_2023
101114222:6.a,101114222,AUTOMATED PROTOTYPE OF CANCER DETECTION FROM CTDNA,5,0.1634815580619298,6.a,"By 2030, expand international cooperation and capacity-building support to developing countries in water- and sanitation-related activities and programmes, including water harvesting, desalination, water efficiency, wastewater treatment, recycling and reuse technologies",http://data.europa.eu/sdg/6.a,HORIZON_EUROPE|2021_2023
101114222:2.5,101114222,AUTOMATED PROTOTYPE OF CANCER DETECTION FROM CTDNA,6,0.1511116466190335,2.5,"By 2020, maintain the genetic diversity of seeds, cultivated plants and farmed and domesticated animals and their related wild species, including through soundly managed and diversified seed and plant banks at the national, regional and international levels, and promote access to and fair and equitable sharing of benefits arising from the utilization of genetic resources and associated traditional knowledge, as internationally agreed",http://data.europa.eu/sdg/2.5,HORIZON_EUROPE|2021_2023
101114222:12.4,101114222,AUTOMATED PROTOTYPE OF CANCER DETECTION FROM CTDNA,7,0.14916310499026245,12.4,"By 2020, achieve the environmentally sound management of chemicals and all wastes throughout their life cycle, in accordance with agreed international frameworks, and significantly reduce their release to air, water and soil in order to minimize their adverse impacts on human health and the environment",http://data.europa.eu/sdg/12.4,HORIZON_EUROPE|2021_2023
101114222:3.9,101114222,AUTOMATED PROTOTYPE OF CANCER DETECTION FROM CTDNA,8,0.14795687905420335,3.9,"By 2030, substantially reduce the number of deaths and illnesses from hazardous chemicals and air, water and soil pollution and contamination",http://data.europa.eu/sdg/3.9,HORIZON_EUROPE|2021_2023
101114222:15.6,101114222,AUTOMATED PROTOTYPE OF CANCER DETECTION FROM CTDNA,9,0.146685995822495,15.6,"Promote fair and equitable sharing of the benefits arising from the utilization of genetic resources and promote appropriate access to such resources, as internationally agreed",http://data.europa.eu/sdg/15.6,HORIZON_EUROPE|2021_2023
101114222:14.a,101114222,AUTOMATED PROTOTYPE OF CANCER DETECTION FROM CTDNA,10,0.14323903159028395,14.a,"Increase scientific knowledge, develop research capacity and transfer marine technology, taking into account the Intergovernmental Oceanographic Commission Criteria and Guidelines on the Transfer of Marine Technology, in order to improve ocean health and to enhance the contribution of marine biodiversity to the development of developing countries, in particular small island developing States and least developed countries",http://data.europa.eu/sdg/14.a,HORIZON_EUROPE|2021_2023
101113961:3.b,101113961,AI-driven IP Intelligence Engine for Drug Discovery,1,0.2981825236703775,3.b,"Support the research and development of vaccines and medicines for the communicable and non‑communicable diseases that primarily affect developing countries, provide access to affordable essential medicines and vaccines, in accordance with the Doha Declaration on the TRIPS Agreement and Public Health, which affirms the right of developing countries to use to the full the provisions in the Agreement on Trade-Related Aspects of Intellectual Property Rights regarding flexibilities to protect public health, and, in particular, provide access to medicines for all",http://data.europa.eu/sdg/3.b,HORIZON_EUROPE|2021_2023
101113961:9.5,101113961,AI-driven IP Intelligence Engine for Drug Discovery,2,0.2761036048915709,9.5,"Enhance scientific research, upgrade the technological capabilities of industrial sectors in all countries, in particular developing countries, including, by 2030, encouraging innovation and substantially increasing the number of research and development workers per 1 million people and public and private research and development spending",http://data.europa.eu/sdg/9.5,HORIZON_EUROPE|2021_2023
101113961:12.4,101113961,AI-driven IP Intelligence Engine for Drug Discovery,3,0.2395017343800371,12.4,"By 2020, achieve the environmentally sound management of chemicals and all wastes throughout their life cycle, in accordance with agreed international frameworks, and significantly reduce their release to air, water and soil in order to minimize their adverse impacts on human health and the environment",http://data.europa.eu/sdg/12.4,HORIZON_EUROPE|2021_2023
101113961:9.c,101113961,AI-driven IP Intelligence Engine for Drug Discovery,4,0.21724187139253268,9.c,Significantly increase access to information and communications technology and strive to provide universal and affordable access to the Internet in least developed countries by 2020,http://data.europa.eu/sdg/9.c,HORIZON_EUROPE|2021_2023
101113961:3.3,101113961,AI-driven IP Intelligence Engine for Drug Discovery,5,0.21526345724328233,3.3,"By 2030, end the epidemics of AIDS, tuberculosis, malaria and neglected tropical diseases and combat hepatitis, water-borne diseases and other communicable diseases",http://data.europa.eu/sdg/3.3,HORIZON_EUROPE|2021_2023
101113961:3.9,101113961,AI-driven IP Intelligence Engine for Drug Discovery,6,0.19697674001081297,3.9,"By 2030, substantially reduce the number of deaths and illnesses from hazardous chemicals and air, water and soil pollution and contamination",http://data.europa.eu/sdg/3.9,HORIZON_EUROPE|2021_2023
101113961:3.8,101113961,AI-driven IP Intelligence Engine for Drug Discovery,7,0.17722123753770802,3.8,"Achieve universal health coverage, including financial risk protection, access to quality essential health-care services and access to safe, effective, quality and affordable essential medicines and vaccines for all",http://data.europa.eu/sdg/3.8,HORIZON_EUROPE|2021_2023
101113961:3.6,101113961,AI-driven IP Intelligence Engine for Drug Discovery,8,0.17670851257551157,3.6,"By 2020, halve the number of global deaths and injuries from road traffic accidents",http://data.europa.eu/sdg/3.6,HORIZON_EUROPE|2021_2023
101113961:17.18,101113961,AI-driven IP Intelligence Engine for Drug Discovery,9,0.17276795685445973,17.18,"By 2020, enhance capacity-building support to developing countries, including for least developed countries and small island developing States, to increase significantly the availability of high-quality, timely and reliable data disaggregated by income, gender, age, race, ethnicity, migratory status, disability, geographic location and other characteristics relevant in national contexts",http://data.europa.eu/sdg/17.18,HORIZON_EUROPE|2021_2023
101113961:9.b,101113961,AI-driven IP Intelligence Engine for Drug Discovery,10,0.1725254715520492,9.b,"Support domestic technology development, research and innovation in developing countries, including by ensuring a conducive policy environment for, inter alia, industrial diversification and value addition to commodities",http://data.europa.eu/sdg/9.b,HORIZON_EUROPE|2021_2023
101058078:9.4,101058078,Innovative Value Chains for European Ceramic Oxide Fibres,1,0.3821502555211216,9.4,"By 2030, upgrade infrastructure and retrofit industries to make them sustainable, with increased resource-use efficiency and greater adoption of clean and environmentally sound technologies and industrial processes, with all countries taking action in accordance with their respective capabilities",http://data.europa.eu/sdg/9.4,HORIZON_EUROPE|2021_2023
101058078:9.b,101058078,Innovative Value Chains for European Ceramic Oxide Fibres,2,0.3334599269880385,9.b,"Support domestic technology development, research and innovation in developing countries, including by ensuring a conducive policy environment for, inter alia, industrial diversification and value addition to commodities",http://data.europa.eu/sdg/9.b,HORIZON_EUROPE|2021_2023
101058078:9.2,101058078,Innovative Value Chains for European Ceramic Oxide Fibres,3,0.3236695833982984,9.2,"Promote inclusive and sustainable industrialization and, by 2030, significantly raise industry’s share of employment and gross domestic product, in line with national circumstances, and double its share in least developed countries",http://data.europa.eu/sdg/9.2,HORIZON_EUROPE|2021_2023
101058078:11.c,101058078,Innovative Value Chains for European Ceramic Oxide Fibres,4,0.3041142249248341,11.c,"Support least developed countries, including through financial and technical assistance, in building sustainable and resilient buildings utilizing local materials",http://data.europa.eu/sdg/11.c,HORIZON_EUROPE|2021_2023
101058078:12.7,101058078,Innovative Value Chains for European Ceramic Oxide Fibres,5,0.2906512437399481,12.7,"Promote public procurement practices that are sustainable, in accordance with national policies and priorities",http://data.europa.eu/sdg/12.7,HORIZON_EUROPE|2021_2023
101058078:12.a,101058078,Innovative Value Chains for European Ceramic Oxide Fibres,6,0.28808713800374836,12.a,Support developing countries to strengthen their scientific and technological capacity to move towards more sustainable patterns of consumption and production,http://data.europa.eu/sdg/12.a,HORIZON_EUROPE|2021_2023
101058078:12.4,101058078,Innovative Value Chains for European Ceramic Oxide Fibres,7,0.2841069744789254,12.4,"By 2020, achieve the environmentally sound management of chemicals and all wastes throughout their life cycle, in accordance with agreed international frameworks, and significantly reduce their release to air, water and soil in order to minimize their adverse impacts on human health and the environment",http://data.europa.eu/sdg/12.4,HORIZON_EUROPE|2021_2023
101058078:8.4,101058078,Innovative Value Chains for European Ceramic Oxide Fibres,8,0.2788492933791026,8.4,"Improve progressively, through 2030, global resource efficiency in consumption and production and endeavour to decouple economic growth from environmental degradation, in accordance with the 10‑Year Framework of Programmes on Sustainable Consumption and Production, with developed countries taking the lead",http://data.europa.eu/sdg/8.4,HORIZON_EUROPE|2021_2023
101058078:17.8,101058078,Innovative Value Chains for European Ceramic Oxide Fibres,9,0.27499245041512077,17.8,"Fully operationalize the technology bank and science, technology and innovation capacity-building mechanism for least developed countries by 2017 and enhance the use of enabling technology, in particular information and communications technology",http://data.europa.eu/sdg/17.8,HORIZON_EUROPE|2021_2023
101058078:12.2,101058078,Innovative Value Chains for European Ceramic Oxide Fibres,10,0.2707451954921617,12.2,"By 2030, achieve the sustainable management and efficient use of natural resources",http://data.europa.eu/sdg/12.2,HORIZON_EUROPE|2021_2023
101079116:9.5,101079116,Fostering Digital Civics Research and Innovation in Lisbon,1,0.45190677519533917,9.5,"Enhance scientific research, upgrade the technological capabilities of industrial sectors in all countries, in particular developing countries, including, by 2030, encouraging innovation and substantially increasing the number of research and development workers per 1 million people and public and private research and development spending",http://data.europa.eu/sdg/9.5,HORIZON_EUROPE|2021_2023
101079116:17.17,101079116,Fostering Digital Civics Research and Innovation in Lisbon,2,0.4507500159697264,17.17,"Encourage and promote effective public, public-private and civil society partnerships, building on the experience and resourcing strategies of partnerships",http://data.europa.eu/sdg/17.17,HORIZON_EUROPE|2021_2023
101079116:17.6,101079116,Fostering Digital Civics Research and Innovation in Lisbon,3,0.43548236865109796,17.6,"Enhance North-South, South-South and triangular regional and international cooperation on and access to science, technology and innovation and enhance knowledge-sharing on mutually agreed terms, including through improved coordination among existing mechanisms, in particular at the United Nations level, and through a global technology facilitation mechanism",http://data.europa.eu/sdg/17.6,HORIZON_EUROPE|2021_2023
101079116:9.b,101079116,Fostering Digital Civics Research and Innovation in Lisbon,4,0.4271215395772448,9.b,"Support domestic technology development, research and innovation in developing countries, including by ensuring a conducive policy environment for, inter alia, industrial diversification and value addition to commodities",http://data.europa.eu/sdg/9.b,HORIZON_EUROPE|2021_2023
101079116:17.8,101079116,Fostering Digital Civics Research and Innovation in Lisbon,5,0.4257870358440327,17.8,"Fully operationalize the technology bank and science, technology and innovation capacity-building mechanism for least developed countries by 2017 and enhance the use of enabling technology, in particular information and communications technology",http://data.europa.eu/sdg/17.8,HORIZON_EUROPE|2021_2023
101079116:16.9,101079116,Fostering Digital Civics Research and Innovation in Lisbon,6,0.42082709256814455,16.9,"By 2030, provide legal identity for all, including birth registration",http://data.europa.eu/sdg/16.9,HORIZON_EUROPE|2021_2023
101079116:9.a,101079116,Fostering Digital Civics Research and Innovation in Lisbon,7,0.4083500350307752,9.a,"Facilitate sustainable and resilient infrastructure development in developing countries through enhanced financial, technological and technical support to African countries, least developed countries, landlocked developing countries and small island developing States",http://data.europa.eu/sdg/9.a,HORIZON_EUROPE|2021_2023
101079116:17.16,101079116,Fostering Digital Civics Research and Innovation in Lisbon,8,0.3915642544783701,17.16,"Enhance the Global Partnership for Sustainable Development, complemented by multi-stakeholder partnerships that mobilize and share knowledge, expertise, technology and financial resources, to support the achievement of the Sustainable Development Goals in all countries, in particular developing countries",http://data.europa.eu/sdg/17.16,HORIZON_EUROPE|2021_2023
101079116:9.1,101079116,Fostering Digital Civics Research and Innovation in Lisbon,9,0.39141979931494275,9.1,"Develop quality, reliable, sustainable and resilient infrastructure, including regional and transborder infrastructure, to support economic development and human well-being, with a focus on affordable and equitable access for all",http://data.europa.eu/sdg/9.1,HORIZON_EUROPE|2021_2023
101079116:11.7,101079116,Fostering Digital Civics Research and Innovation in Lisbon,10,0.39043097386325587,11.7,"By 2030, provide universal access to safe, inclusive and accessible, green and public spaces, in particular for women and children, older persons and persons with disabilities",http://data.europa.eu/sdg/11.7,HORIZON_EUROPE|2021_2023
101119624:17.8,101119624,Optical and  wireless sensors networks for 6G scenarios,1,0.3602331321218845,17.8,"Fully operationalize the technology bank and science, technology and innovation capacity-building mechanism for least developed countries by 2017 and enhance the use of enabling technology, in particular information and communications technology",http://data.europa.eu/sdg/17.8,HORIZON_EUROPE|2021_2023
101119624:9.4,101119624,Optical and  wireless sensors networks for 6G scenarios,2,0.31066551117651237,9.4,"By 2030, upgrade infrastructure and retrofit industries to make them sustainable, with increased resource-use efficiency and greater adoption of clean and environmentally sound technologies and industrial processes, with all countries taking action in accordance with their respective capabilities",http://data.europa.eu/sdg/9.4,HORIZON_EUROPE|2021_2023
101119624:17.6,101119624,Optical and  wireless sensors networks for 6G scenarios,3,0.30975256351034225,17.6,"Enhance North-South, South-South and triangular regional and international cooperation on and access to science, technology and innovation and enhance knowledge-sharing on mutually agreed terms, including through improved coordination among existing mechanisms, in particular at the United Nations level, and through a global technology facilitation mechanism",http://data.europa.eu/sdg/17.6,HORIZON_EUROPE|2021_2023
101119624:17.7,101119624,Optical and  wireless sensors networks for 6G scenarios,4,0.29537868904898407,17.7,"Promote the development, transfer, dissemination and diffusion of environmentally sound technologies to developing countries on favourable terms, including on concessional and preferential terms, as mutually agreed",http://data.europa.eu/sdg/17.7,HORIZON_EUROPE|2021_2023
101119624:9.c,101119624,Optical and  wireless sensors networks for 6G scenarios,5,0.29232155146241445,9.c,Significantly increase access to information and communications technology and strive to provide universal and affordable access to the Internet in least developed countries by 2020,http://data.europa.eu/sdg/9.c,HORIZON_EUROPE|2021_2023
101119624:7.b,101119624,Optical and  wireless sensors networks for 6G scenarios,6,0.27729550832796923,7.b,"By 2030, expand infrastructure and upgrade technology for supplying modern and sustainable energy services for all in developing countries, in particular least developed countries, small island developing States and landlocked developing countries, in accordance with their respective programmes of support",http://data.europa.eu/sdg/7.b,HORIZON_EUROPE|2021_2023
101119624:7.1,101119624,Optical and  wireless sensors networks for 6G scenarios,7,0.27080566988786303,7.1,"By 2030, ensure universal access to affordable, reliable and modern energy services",http://data.europa.eu/sdg/7.1,HORIZON_EUROPE|2021_2023
101119624:9.b,101119624,Optical and  wireless sensors networks for 6G scenarios,8,0.2646718791864406,9.b,"Support domestic technology development, research and innovation in developing countries, including by ensuring a conducive policy environment for, inter alia, industrial diversification and value addition to commodities",http://data.europa.eu/sdg/9.b,HORIZON_EUROPE|2021_2023
101119624:7.a,101119624,Optical and  wireless sensors networks for 6G scenarios,9,0.26449821535285484,7.a,"By 2030, enhance international cooperation to facilitate access to clean energy research and technology, including renewable energy, energy efficiency and advanced and cleaner fossil-fuel technology, and promote investment in energy infrastructure and clean energy technology",http://data.europa.eu/sdg/7.a,HORIZON_EUROPE|2021_2023
101119624:9.1,101119624,Optical and  wireless sensors networks for 6G scenarios,10,0.2595087018113932,9.1,"Develop quality, reliable, sustainable and resilient infrastructure, including regional and transborder infrastructure, to support economic development and human well-being, with a focus on affordable and equitable access for all",http://data.europa.eu/sdg/9.1,HORIZON_EUROPE|2021_2023
101066941:5.1,101066941,Conceptualizing Oppression-Related Emotions,1,0.4338164764777961,5.1,End all forms of discrimination against all women and girls everywhere,http://data.europa.eu/sdg/5.1,HORIZON_EUROPE|2021_2023
101066941:5.b,101066941,Conceptualizing Oppression-Related Emotions,2,0.3945382510036237,5.b,"Enhance the use of enabling technology, in particular information and communications technology, to promote the empowerment of women",http://data.europa.eu/sdg/5.b,HORIZON_EUROPE|2021_2023
101066941:5.4,101066941,Conceptualizing Oppression-Related Emotions,3,0.3832712676951676,5.4,"Recognize and value unpaid care and domestic work through the provision of public services, infrastructure and social protection policies and the promotion of shared responsibility within the household and the family as nationally appropriate",http://data.europa.eu/sdg/5.4,HORIZON_EUROPE|2021_2023
101066941:5.2,101066941,Conceptualizing Oppression-Related Emotions,4,0.3461612313138803,5.2,"Eliminate all forms of violence against all women and girls in the public and private spheres, including trafficking and sexual and other types of exploitation",http://data.europa.eu/sdg/5.2,HORIZON_EUROPE|2021_2023
101066941:5.5,101066941,Conceptualizing Oppression-Related Emotions,5,0.3320950874941145,5.5,"Ensure women’s full and effective participation and equal opportunities for leadership at all levels of decision-making in political, economic and public life",http://data.europa.eu/sdg/5.5,HORIZON_EUROPE|2021_2023
101066941:5.3,101066941,Conceptualizing Oppression-Related Emotions,6,0.32266260649339157,5.3,"Eliminate all harmful practices, such as child, early and forced marriage and female genital mutilation",http://data.europa.eu/sdg/5.3,HORIZON_EUROPE|2021_2023
101066941:5.c,101066941,Conceptualizing Oppression-Related Emotions,7,0.32207210820744886,5.c,Adopt and strengthen sound policies and enforceable legislation for the promotion of gender equality and the empowerment of all women and girls at all levels,http://data.europa.eu/sdg/5.c,HORIZON_EUROPE|2021_2023
101066941:5.6,101066941,Conceptualizing Oppression-Related Emotions,8,0.319034790896101,5.6,Ensure universal access to sexual and reproductive health and reproductive rights as agreed in accordance with the Programme of Action of the International Conference on Population and Development and the Beijing Platform for Action and the outcome documents of their review conferences,http://data.europa.eu/sdg/5.6,HORIZON_EUROPE|2021_2023
101066941:5.a,101066941,Conceptualizing Oppression-Related Emotions,9,0.3075411568243287,5.a,"Undertake reforms to give women equal rights to economic resources, as well as access to ownership and control over land and other forms of property, financial services, inheritance and natural resources, in accordance with national laws",http://data.europa.eu/sdg/5.a,HORIZON_EUROPE|2021_2023
101066941:10.2,101066941,Conceptualizing Oppression-Related Emotions,10,0.2807072694471414,10.2,"By 2030, empower and promote the social, economic and political inclusion of all, irrespective of age, sex, disability, race, ethnicity, origin, religion or economic or other status",http://data.europa.eu/sdg/10.2,HORIZON_EUROPE|2021_2023
190162340:3.b,190162340,Reliable Medical Grade Home-Based Test for Self-Use for people with Sleep DIsorders,1,0.18793588760482638,3.b,"Support the research and development of vaccines and medicines for the communicable and non‑communicable diseases that primarily affect developing countries, provide access to affordable essential medicines and vaccines, in accordance with the Doha Declaration on the TRIPS Agreement and Public Health, which affirms the right of developing countries to use to the full the provisions in the Agreement on Trade-Related Aspects of Intellectual Property Rights regarding flexibilities to protect public health, and, in particular, provide access to medicines for all",http://data.europa.eu/sdg/3.b,HORIZON_EUROPE|2021_2023
190162340:3.4,190162340,Reliable Medical Grade Home-Based Test for Self-Use for people with Sleep DIsorders,2,0.1491525843092984,3.4,"By 2030, reduce by one third premature mortality from non-communicable diseases through prevention and treatment and promote mental health and well-being",http://data.europa.eu/sdg/3.4,HORIZON_EUROPE|2021_2023
190162340:3.d,190162340,Reliable Medical Grade Home-Based Test for Self-Use for people with Sleep DIsorders,3,0.1305572153732732,3.d,"Strengthen the capacity of all countries, in particular developing countries, for early warning, risk reduction and management of national and global health risks",http://data.europa.eu/sdg/3.d,HORIZON_EUROPE|2021_2023
190162340:3.3,190162340,Reliable Medical Grade Home-Based Test for Self-Use for people with Sleep DIsorders,4,0.12898907306561513,3.3,"By 2030, end the epidemics of AIDS, tuberculosis, malaria and neglected tropical diseases and combat hepatitis, water-borne diseases and other communicable diseases",http://data.europa.eu/sdg/3.3,HORIZON_EUROPE|2021_2023
190162340:17.18,190162340,Reliable Medical Grade Home-Based Test for Self-Use for people with Sleep DIsorders,5,0.12860563824835566,17.18,"By 2020, enhance capacity-building support to developing countries, including for least developed countries and small island developing States, to increase significantly the availability of high-quality, timely and reliable data disaggregated by income, gender, age, race, ethnicity, migratory status, disability, geographic location and other characteristics relevant in national contexts",http://data.europa.eu/sdg/17.18,HORIZON_EUROPE|2021_2023
190162340:1.3,190162340,Reliable Medical Grade Home-Based Test for Self-Use for people with Sleep DIsorders,6,0.12309168468349302,1.3,"Implement nationally appropriate social protection systems and measures for all, including floors, and by 2030 achieve substantial coverage of the poor and the vulnerable",http://data.europa.eu/sdg/1.3,HORIZON_EUROPE|2021_2023
190162340:17.19,190162340,Reliable Medical Grade Home-Based Test for Self-Use for people with Sleep DIsorders,7,0.12082793786036844,17.19,"By 2030, build on existing initiatives to develop measurements of progress on sustainable development that complement gross domestic product, and support statistical capacity-building in developing countries",http://data.europa.eu/sdg/17.19,HORIZON_EUROPE|2021_2023
190162340:12.4,190162340,Reliable Medical Grade Home-Based Test for Self-Use for people with Sleep DIsorders,8,0.11643540913456216,12.4,"By 2020, achieve the environmentally sound management of chemicals and all wastes throughout their life cycle, in accordance with agreed international frameworks, and significantly reduce their release to air, water and soil in order to minimize their adverse impacts on human health and the environment",http://data.europa.eu/sdg/12.4,HORIZON_EUROPE|2021_2023
190162340:3.2,190162340,Reliable Medical Grade Home-Based Test for Self-Use for people with Sleep DIsorders,9,0.11285677747690509,3.2,"By 2030, end preventable deaths of newborns and children under 5 years of age, with all countries aiming to reduce neonatal mortality to at least as low as 12 per 1,000 live births and under‑5 mortality to at least as low as 25 per 1,000 live births",http://data.europa.eu/sdg/3.2,HORIZON_EUROPE|2021_2023
190162340:12.1,190162340,Reliable Medical Grade Home-Based Test for Self-Use for people with Sleep DIsorders,10,0.10964688447817403,12.1,"Implement the 10‑Year Framework of Programmes on Sustainable Consumption and Production Patterns, all countries taking action, with developed countries taking the lead, taking into account the development and capabilities of developing countries",http://data.europa.eu/sdg/12.1,HORIZON_EUROPE|2021_2023
101102013:7.3,101102013,Hybrid Electric propulsion system for regional AiRcrafT,1,0.3617315163068803,7.3,"By 2030, double the global rate of improvement in energy efficiency",http://data.europa.eu/sdg/7.3,HORIZON_EUROPE|2021_2023
101102013:7.a,101102013,Hybrid Electric propulsion system for regional AiRcrafT,2,0.3363213002638473,7.a,"By 2030, enhance international cooperation to facilitate access to clean energy research and technology, including renewable energy, energy efficiency and advanced and cleaner fossil-fuel technology, and promote investment in energy infrastructure and clean energy technology",http://data.europa.eu/sdg/7.a,HORIZON_EUROPE|2021_2023
101102013:7.2,101102013,Hybrid Electric propulsion system for regional AiRcrafT,3,0.3266750114336828,7.2,"By 2030, increase substantially the share of renewable energy in the global energy mix",http://data.europa.eu/sdg/7.2,HORIZON_EUROPE|2021_2023
101102013:7.1,101102013,Hybrid Electric propulsion system for regional AiRcrafT,4,0.3216023885732491,7.1,"By 2030, ensure universal access to affordable, reliable and modern energy services",http://data.europa.eu/sdg/7.1,HORIZON_EUROPE|2021_2023
101102013:7.b,101102013,Hybrid Electric propulsion system for regional AiRcrafT,5,0.30277136436353025,7.b,"By 2030, expand infrastructure and upgrade technology for supplying modern and sustainable energy services for all in developing countries, in particular least developed countries, small island developing States and landlocked developing countries, in accordance with their respective programmes of support",http://data.europa.eu/sdg/7.b,HORIZON_EUROPE|2021_2023
101102013:9.4,101102013,Hybrid Electric propulsion system for regional AiRcrafT,6,0.2891477799725882,9.4,"By 2030, upgrade infrastructure and retrofit industries to make them sustainable, with increased resource-use efficiency and greater adoption of clean and environmentally sound technologies and industrial processes, with all countries taking action in accordance with their respective capabilities",http://data.europa.eu/sdg/9.4,HORIZON_EUROPE|2021_2023
101102013:8.2,101102013,Hybrid Electric propulsion system for regional AiRcrafT,7,0.2727055293794713,8.2,"Achieve higher levels of economic productivity through diversification, technological upgrading and innovation, including through a focus on high-value added and labour-intensive sectors",http://data.europa.eu/sdg/8.2,HORIZON_EUROPE|2021_2023
101102013:8.4,101102013,Hybrid Electric propulsion system for regional AiRcrafT,8,0.2701561696400336,8.4,"Improve progressively, through 2030, global resource efficiency in consumption and production and endeavour to decouple economic growth from environmental degradation, in accordance with the 10‑Year Framework of Programmes on Sustainable Consumption and Production, with developed countries taking the lead",http://data.europa.eu/sdg/8.4,HORIZON_EUROPE|2021_2023
101102013:12.1,101102013,Hybrid Electric propulsion system for regional AiRcrafT,9,0.26633535893263904,12.1,"Implement the 10‑Year Framework of Programmes on Sustainable Consumption and Production Patterns, all countries taking action, with developed countries taking the lead, taking into account the development and capabilities of developing countries",http://data.europa.eu/sdg/12.1,HORIZON_EUROPE|2021_2023
101102013:12.5,101102013,Hybrid Electric propulsion system for regional AiRcrafT,10,0.2559883367329551,12.5,"By 2030, substantially reduce waste generation through prevention, reduction, recycling and reuse",http://data.europa.eu/sdg/12.5,HORIZON_EUROPE|2021_2023
101109963:4.7,101109963,"Community, identity and diversity in German youth radio",1,0.3108552725935883,4.7,"By 2030, ensure that all learners acquire the knowledge and skills needed to promote sustainable development, including, among others, through education for sustainable development and sustainable lifestyles, human rights, gender equality, promotion of a culture of peace and non-violence, global citizenship and appreciation of cultural diversity and of culture’s contribution to sustainable development",http://data.europa.eu/sdg/4.7,HORIZON_EUROPE|2021_2023
101109963:8.6,101109963,"Community, identity and diversity in German youth radio",2,0.30255828491719267,8.6,"By 2020, substantially reduce the proportion of youth not in employment, education or training",http://data.europa.eu/sdg/8.6,HORIZON_EUROPE|2021_2023
101109963:16.10,101109963,"Community, identity and diversity in German youth radio",3,0.29977138563511424,16.10,"Ensure public access to information and protect fundamental freedoms, in accordance with national legislation and international agreements",http://data.europa.eu/sdg/16.10,HORIZON_EUROPE|2021_2023
101109963:5.b,101109963,"Community, identity and diversity in German youth radio",4,0.2988564765791611,5.b,"Enhance the use of enabling technology, in particular information and communications technology, to promote the empowerment of women",http://data.europa.eu/sdg/5.b,HORIZON_EUROPE|2021_2023
101109963:16.7,101109963,"Community, identity and diversity in German youth radio",5,0.29605912545554797,16.7,"Ensure responsive, inclusive, participatory and representative decision-making at all levels",http://data.europa.eu/sdg/16.7,HORIZON_EUROPE|2021_2023
101109963:16.9,101109963,"Community, identity and diversity in German youth radio",6,0.29603317477801694,16.9,"By 2030, provide legal identity for all, including birth registration",http://data.europa.eu/sdg/16.9,HORIZON_EUROPE|2021_2023
101109963:4.6,101109963,"Community, identity and diversity in German youth radio",7,0.2915476789633953,4.6,"By 2030, ensure that all youth and a substantial proportion of adults, both men and women, achieve literacy and numeracy",http://data.europa.eu/sdg/4.6,HORIZON_EUROPE|2021_2023
101109963:16.2,101109963,"Community, identity and diversity in German youth radio",8,0.28573493284330465,16.2,"End abuse, exploitation, trafficking and all forms of violence against and torture of children",http://data.europa.eu/sdg/16.2,HORIZON_EUROPE|2021_2023
101109963:16.a,101109963,"Community, identity and diversity in German youth radio",9,0.27883122231891405,16.a,"Strengthen relevant national institutions, including through international cooperation, for building capacity at all levels, in particular in developing countries, to prevent violence and combat terrorism and crime",http://data.europa.eu/sdg/16.a,HORIZON_EUROPE|2021_2023
101109963:8.b,101109963,"Community, identity and diversity in German youth radio",10,0.27637399543887375,8.b,"By 2020, develop and operationalize a global strategy for youth employment and implement the Global Jobs Pact of the International Labour Organization",http://data.europa.eu/sdg/8.b,HORIZON_EUROPE|2021_2023
101070737:17.6,101070737,Boosting Smart Regional Innovation Ecosystems,1,0.572963569521252,17.6,"Enhance North-South, South-South and triangular regional and international cooperation on and access to science, technology and innovation and enhance knowledge-sharing on mutually agreed terms, including through improved coordination among existing mechanisms, in particular at the United Nations level, and through a global technology facilitation mechanism",http://data.europa.eu/sdg/17.6,HORIZON_EUROPE|2021_2023
101070737:9.b,101070737,Boosting Smart Regional Innovation Ecosystems,2,0.565876672511822,9.b,"Support domestic technology development, research and innovation in developing countries, including by ensuring a conducive policy environment for, inter alia, industrial diversification and value addition to commodities",http://data.europa.eu/sdg/9.b,HORIZON_EUROPE|2021_2023
101070737:9.1,101070737,Boosting Smart Regional Innovation Ecosystems,3,0.5555744991640041,9.1,"Develop quality, reliable, sustainable and resilient infrastructure, including regional and transborder infrastructure, to support economic development and human well-being, with a focus on affordable and equitable access for all",http://data.europa.eu/sdg/9.1,HORIZON_EUROPE|2021_2023
101070737:17.8,101070737,Boosting Smart Regional Innovation Ecosystems,4,0.5393744521095634,17.8,"Fully operationalize the technology bank and science, technology and innovation capacity-building mechanism for least developed countries by 2017 and enhance the use of enabling technology, in particular information and communications technology",http://data.europa.eu/sdg/17.8,HORIZON_EUROPE|2021_2023
101070737:9.2,101070737,Boosting Smart Regional Innovation Ecosystems,5,0.5364904748420687,9.2,"Promote inclusive and sustainable industrialization and, by 2030, significantly raise industry’s share of employment and gross domestic product, in line with national circumstances, and double its share in least developed countries",http://data.europa.eu/sdg/9.2,HORIZON_EUROPE|2021_2023
101070737:9.5,101070737,Boosting Smart Regional Innovation Ecosystems,6,0.5294274748178782,9.5,"Enhance scientific research, upgrade the technological capabilities of industrial sectors in all countries, in particular developing countries, including, by 2030, encouraging innovation and substantially increasing the number of research and development workers per 1 million people and public and private research and development spending",http://data.europa.eu/sdg/9.5,HORIZON_EUROPE|2021_2023
101070737:9.3,101070737,Boosting Smart Regional Innovation Ecosystems,7,0.5110936573601552,9.3,"Increase the access of small-scale industrial and other enterprises, in particular in developing countries, to financial services, including affordable credit, and their integration into value chains and markets",http://data.europa.eu/sdg/9.3,HORIZON_EUROPE|2021_2023
101070737:9.a,101070737,Boosting Smart Regional Innovation Ecosystems,8,0.5055383071263352,9.a,"Facilitate sustainable and resilient infrastructure development in developing countries through enhanced financial, technological and technical support to African countries, least developed countries, landlocked developing countries and small island developing States",http://data.europa.eu/sdg/9.a,HORIZON_EUROPE|2021_2023
101070737:9.c,101070737,Boosting Smart Regional Innovation Ecosystems,9,0.49733621971475733,9.c,Significantly increase access to information and communications technology and strive to provide universal and affordable access to the Internet in least developed countries by 2020,http://data.europa.eu/sdg/9.c,HORIZON_EUROPE|2021_2023
101070737:17.7,101070737,Boosting Smart Regional Innovation Ecosystems,10,0.4901621724071018,17.7,"Promote the development, transfer, dissemination and diffusion of environmentally sound technologies to developing countries on favourable terms, including on concessional and preferential terms, as mutually agreed",http://data.europa.eu/sdg/17.7,HORIZON_EUROPE|2021_2023
101135965:12.4,101135965,SAFE AND SUSTAINABLE BY DESIGN GRAPHENE/MXENES HYBRIDS,1,0.31487109516339157,12.4,"By 2020, achieve the environmentally sound management of chemicals and all wastes throughout their life cycle, in accordance with agreed international frameworks, and significantly reduce their release to air, water and soil in order to minimize their adverse impacts on human health and the environment",http://data.europa.eu/sdg/12.4,HORIZON_EUROPE|2021_2023
101135965:9.4,101135965,SAFE AND SUSTAINABLE BY DESIGN GRAPHENE/MXENES HYBRIDS,2,0.24280148959318304,9.4,"By 2030, upgrade infrastructure and retrofit industries to make them sustainable, with increased resource-use efficiency and greater adoption of clean and environmentally sound technologies and industrial processes, with all countries taking action in accordance with their respective capabilities",http://data.europa.eu/sdg/9.4,HORIZON_EUROPE|2021_2023
101135965:14.1,101135965,SAFE AND SUSTAINABLE BY DESIGN GRAPHENE/MXENES HYBRIDS,3,0.2415419525045414,14.1,"By 2025, prevent and significantly reduce marine pollution of all kinds, in particular from land-based activities, including marine debris and nutrient pollution",http://data.europa.eu/sdg/14.1,HORIZON_EUROPE|2021_2023
101135965:12.5,101135965,SAFE AND SUSTAINABLE BY DESIGN GRAPHENE/MXENES HYBRIDS,4,0.22170709195186522,12.5,"By 2030, substantially reduce waste generation through prevention, reduction, recycling and reuse",http://data.europa.eu/sdg/12.5,HORIZON_EUROPE|2021_2023
101135965:6.3,101135965,SAFE AND SUSTAINABLE BY DESIGN GRAPHENE/MXENES HYBRIDS,5,0.21632543660022904,6.3,"By 2030, improve water quality by reducing pollution, eliminating dumping and minimizing release of hazardous chemicals and materials, halving the proportion of untreated wastewater and substantially increasing recycling and safe reuse globally",http://data.europa.eu/sdg/6.3,HORIZON_EUROPE|2021_2023
101135965:15.5,101135965,SAFE AND SUSTAINABLE BY DESIGN GRAPHENE/MXENES HYBRIDS,6,0.2131798567876638,15.5,"Take urgent and significant action to reduce the degradation of natural habitats, halt the loss of biodiversity and, by 2020, protect and prevent the extinction of threatened species",http://data.europa.eu/sdg/15.5,HORIZON_EUROPE|2021_2023
101135965:14.5,101135965,SAFE AND SUSTAINABLE BY DESIGN GRAPHENE/MXENES HYBRIDS,7,0.2125751900331581,14.5,"By 2020, conserve at least 10 per cent of coastal and marine areas, consistent with national and international law and based on the best available scientific information",http://data.europa.eu/sdg/14.5,HORIZON_EUROPE|2021_2023
101135965:14.a,101135965,SAFE AND SUSTAINABLE BY DESIGN GRAPHENE/MXENES HYBRIDS,8,0.2102859185963886,14.a,"Increase scientific knowledge, develop research capacity and transfer marine technology, taking into account the Intergovernmental Oceanographic Commission Criteria and Guidelines on the Transfer of Marine Technology, in order to improve ocean health and to enhance the contribution of marine biodiversity to the development of developing countries, in particular small island developing States and least developed countries",http://data.europa.eu/sdg/14.a,HORIZON_EUROPE|2021_2023
101135965:17.8,101135965,SAFE AND SUSTAINABLE BY DESIGN GRAPHENE/MXENES HYBRIDS,9,0.20875591181169179,17.8,"Fully operationalize the technology bank and science, technology and innovation capacity-building mechanism for least developed countries by 2017 and enhance the use of enabling technology, in particular information and communications technology",http://data.europa.eu/sdg/17.8,HORIZON_EUROPE|2021_2023
101135965:14.2,101135965,SAFE AND SUSTAINABLE BY DESIGN GRAPHENE/MXENES HYBRIDS,10,0.20783516533547225,14.2,"By 2020, sustainably manage and protect marine and coastal ecosystems to avoid significant adverse impacts, including by strengthening their resilience, and take action for their restoration in order to achieve healthy and productive oceans",http://data.europa.eu/sdg/14.2,HORIZON_EUROPE|2021_2023
101080229:9.5,101080229,Drug REpurposing with Artificial intelligence for Muscular disorderS,1,0.23140738233547287,9.5,"Enhance scientific research, upgrade the technological capabilities of industrial sectors in all countries, in particular developing countries, including, by 2030, encouraging innovation and substantially increasing the number of research and development workers per 1 million people and public and private research and development spending",http://data.europa.eu/sdg/9.5,HORIZON_EUROPE|2021_2023
101080229:3.b,101080229,Drug REpurposing with Artificial intelligence for Muscular disorderS,2,0.22111616534950318,3.b,"Support the research and development of vaccines and medicines for the communicable and non‑communicable diseases that primarily affect developing countries, provide access to affordable essential medicines and vaccines, in accordance with the Doha Declaration on the TRIPS Agreement and Public Health, which affirms the right of developing countries to use to the full the provisions in the Agreement on Trade-Related Aspects of Intellectual Property Rights regarding flexibilities to protect public health, and, in particular, provide access to medicines for all",http://data.europa.eu/sdg/3.b,HORIZON_EUROPE|2021_2023
101080229:3.3,101080229,Drug REpurposing with Artificial intelligence for Muscular disorderS,3,0.1993143703972159,3.3,"By 2030, end the epidemics of AIDS, tuberculosis, malaria and neglected tropical diseases and combat hepatitis, water-borne diseases and other communicable diseases",http://data.europa.eu/sdg/3.3,HORIZON_EUROPE|2021_2023
101080229:3.8,101080229,Drug REpurposing with Artificial intelligence for Muscular disorderS,4,0.19500308159834814,3.8,"Achieve universal health coverage, including financial risk protection, access to quality essential health-care services and access to safe, effective, quality and affordable essential medicines and vaccines for all",http://data.europa.eu/sdg/3.8,HORIZON_EUROPE|2021_2023
101080229:3.4,101080229,Drug REpurposing with Artificial intelligence for Muscular disorderS,5,0.18657065315677326,3.4,"By 2030, reduce by one third premature mortality from non-communicable diseases through prevention and treatment and promote mental health and well-being",http://data.europa.eu/sdg/3.4,HORIZON_EUROPE|2021_2023
101080229:3.5,101080229,Drug REpurposing with Artificial intelligence for Muscular disorderS,6,0.1839820476629892,3.5,"Strengthen the prevention and treatment of substance abuse, including narcotic drug abuse and harmful use of alcohol",http://data.europa.eu/sdg/3.5,HORIZON_EUROPE|2021_2023
101080229:2.a,101080229,Drug REpurposing with Artificial intelligence for Muscular disorderS,7,0.17250442520054704,2.a,"Increase investment, including through enhanced international cooperation, in rural infrastructure, agricultural research and extension services, technology development and plant and livestock gene banks in order to enhance agricultural productive capacity in developing countries, in particular least developed countries",http://data.europa.eu/sdg/2.a,HORIZON_EUROPE|2021_2023
101080229:2.5,101080229,Drug REpurposing with Artificial intelligence for Muscular disorderS,8,0.16383873549740083,2.5,"By 2020, maintain the genetic diversity of seeds, cultivated plants and farmed and domesticated animals and their related wild species, including through soundly managed and diversified seed and plant banks at the national, regional and international levels, and promote access to and fair and equitable sharing of benefits arising from the utilization of genetic resources and associated traditional knowledge, as internationally agreed",http://data.europa.eu/sdg/2.5,HORIZON_EUROPE|2021_2023
101080229:17.6,101080229,Drug REpurposing with Artificial intelligence for Muscular disorderS,9,0.16249299373451404,17.6,"Enhance North-South, South-South and triangular regional and international cooperation on and access to science, technology and innovation and enhance knowledge-sharing on mutually agreed terms, including through improved coordination among existing mechanisms, in particular at the United Nations level, and through a global technology facilitation mechanism",http://data.europa.eu/sdg/17.6,HORIZON_EUROPE|2021_2023
101080229:3.d,101080229,Drug REpurposing with Artificial intelligence for Muscular disorderS,10,0.15809531353522813,3.d,"Strengthen the capacity of all countries, in particular developing countries, for early warning, risk reduction and management of national and global health risks",http://data.europa.eu/sdg/3.d,HORIZON_EUROPE|2021_2023
101070254:9.b,101070254,CoreSense: A Hybrid Cognitive Architecture for Deep Understanding,1,0.2779897171758487,9.b,"Support domestic technology development, research and innovation in developing countries, including by ensuring a conducive policy environment for, inter alia, industrial diversification and value addition to commodities",http://data.europa.eu/sdg/9.b,HORIZON_EUROPE|2021_2023
101070254:9.a,101070254,CoreSense: A Hybrid Cognitive Architecture for Deep Understanding,2,0.2525989537911155,9.a,"Facilitate sustainable and resilient infrastructure development in developing countries through enhanced financial, technological and technical support to African countries, least developed countries, landlocked developing countries and small island developing States",http://data.europa.eu/sdg/9.a,HORIZON_EUROPE|2021_2023
101070254:9.c,101070254,CoreSense: A Hybrid Cognitive Architecture for Deep Understanding,3,0.24033602474702084,9.c,Significantly increase access to information and communications technology and strive to provide universal and affordable access to the Internet in least developed countries by 2020,http://data.europa.eu/sdg/9.c,HORIZON_EUROPE|2021_2023
101070254:11.2,101070254,CoreSense: A Hybrid Cognitive Architecture for Deep Understanding,4,0.23681149291563086,11.2,"By 2030, provide access to safe, affordable, accessible and sustainable transport systems for all, improving road safety, notably by expanding public transport, with special attention to the needs of those in vulnerable situations, women, children, persons with disabilities and older persons",http://data.europa.eu/sdg/11.2,HORIZON_EUROPE|2021_2023
101070254:9.4,101070254,CoreSense: A Hybrid Cognitive Architecture for Deep Understanding,5,0.23561817352575154,9.4,"By 2030, upgrade infrastructure and retrofit industries to make them sustainable, with increased resource-use efficiency and greater adoption of clean and environmentally sound technologies and industrial processes, with all countries taking action in accordance with their respective capabilities",http://data.europa.eu/sdg/9.4,HORIZON_EUROPE|2021_2023
101070254:9.2,101070254,CoreSense: A Hybrid Cognitive Architecture for Deep Understanding,6,0.2347494144420924,9.2,"Promote inclusive and sustainable industrialization and, by 2030, significantly raise industry’s share of employment and gross domestic product, in line with national circumstances, and double its share in least developed countries",http://data.europa.eu/sdg/9.2,HORIZON_EUROPE|2021_2023
101070254:9.3,101070254,CoreSense: A Hybrid Cognitive Architecture for Deep Understanding,7,0.22956987485594302,9.3,"Increase the access of small-scale industrial and other enterprises, in particular in developing countries, to financial services, including affordable credit, and their integration into value chains and markets",http://data.europa.eu/sdg/9.3,HORIZON_EUROPE|2021_2023
101070254:11.7,101070254,CoreSense: A Hybrid Cognitive Architecture for Deep Understanding,8,0.2261014626512447,11.7,"By 2030, provide universal access to safe, inclusive and accessible, green and public spaces, in particular for women and children, older persons and persons with disabilities",http://data.europa.eu/sdg/11.7,HORIZON_EUROPE|2021_2023
101070254:11.b,101070254,CoreSense: A Hybrid Cognitive Architecture for Deep Understanding,9,0.22189279197434333,11.b,"By 2020, substantially increase the number of cities and human settlements adopting and implementing integrated policies and plans towards inclusion, resource efficiency, mitigation and adaptation to climate change, resilience to disasters, and develop and implement, in line with the Sendai Framework for Disaster Risk Reduction 2015–2030, holistic disaster risk management at all levels",http://data.europa.eu/sdg/11.b,HORIZON_EUROPE|2021_2023
101070254:9.5,101070254,CoreSense: A Hybrid Cognitive Architecture for Deep Understanding,10,0.2216610646702025,9.5,"Enhance scientific research, upgrade the technological capabilities of industrial sectors in all countries, in particular developing countries, including, by 2030, encouraging innovation and substantially increasing the number of research and development workers per 1 million people and public and private research and development spending",http://data.europa.eu/sdg/9.5,HORIZON_EUROPE|2021_2023
101136302:17.6,101136302,Designing a European Brain Health Landscape,1,0.42011322556327463,17.6,"Enhance North-South, South-South and triangular regional and international cooperation on and access to science, technology and innovation and enhance knowledge-sharing on mutually agreed terms, including through improved coordination among existing mechanisms, in particular at the United Nations level, and through a global technology facilitation mechanism",http://data.europa.eu/sdg/17.6,HORIZON_EUROPE|2021_2023
101136302:9.5,101136302,Designing a European Brain Health Landscape,2,0.3788377241040068,9.5,"Enhance scientific research, upgrade the technological capabilities of industrial sectors in all countries, in particular developing countries, including, by 2030, encouraging innovation and substantially increasing the number of research and development workers per 1 million people and public and private research and development spending",http://data.europa.eu/sdg/9.5,HORIZON_EUROPE|2021_2023
101136302:17.17,101136302,Designing a European Brain Health Landscape,3,0.3759271179401687,17.17,"Encourage and promote effective public, public-private and civil society partnerships, building on the experience and resourcing strategies of partnerships",http://data.europa.eu/sdg/17.17,HORIZON_EUROPE|2021_2023
101136302:17.8,101136302,Designing a European Brain Health Landscape,4,0.3663279196124152,17.8,"Fully operationalize the technology bank and science, technology and innovation capacity-building mechanism for least developed countries by 2017 and enhance the use of enabling technology, in particular information and communications technology",http://data.europa.eu/sdg/17.8,HORIZON_EUROPE|2021_2023
101136302:17.16,101136302,Designing a European Brain Health Landscape,5,0.36229426409200677,17.16,"Enhance the Global Partnership for Sustainable Development, complemented by multi-stakeholder partnerships that mobilize and share knowledge, expertise, technology and financial resources, to support the achievement of the Sustainable Development Goals in all countries, in particular developing countries",http://data.europa.eu/sdg/17.16,HORIZON_EUROPE|2021_2023
101136302:3.d,101136302,Designing a European Brain Health Landscape,6,0.34960463090208604,3.d,"Strengthen the capacity of all countries, in particular developing countries, for early warning, risk reduction and management of national and global health risks",http://data.europa.eu/sdg/3.d,HORIZON_EUROPE|2021_2023
101136302:17.18,101136302,Designing a European Brain Health Landscape,7,0.34521758420861515,17.18,"By 2020, enhance capacity-building support to developing countries, including for least developed countries and small island developing States, to increase significantly the availability of high-quality, timely and reliable data disaggregated by income, gender, age, race, ethnicity, migratory status, disability, geographic location and other characteristics relevant in national contexts",http://data.europa.eu/sdg/17.18,HORIZON_EUROPE|2021_2023
101136302:17.9,101136302,Designing a European Brain Health Landscape,8,0.34504737973975175,17.9,"Enhance international support for implementing effective and targeted capacity-building in developing countries to support national plans to implement all the Sustainable Development Goals, including through North-South, South-South and triangular cooperation",http://data.europa.eu/sdg/17.9,HORIZON_EUROPE|2021_2023
101136302:17.3,101136302,Designing a European Brain Health Landscape,9,0.3444782578401043,17.3,Mobilize additional financial resources for developing countries from multiple sources,http://data.europa.eu/sdg/17.3,HORIZON_EUROPE|2021_2023
101136302:3.4,101136302,Designing a European Brain Health Landscape,10,0.34262297673897035,3.4,"By 2030, reduce by one third premature mortality from non-communicable diseases through prevention and treatment and promote mental health and well-being",http://data.europa.eu/sdg/3.4,HORIZON_EUROPE|2021_2023
101061179:4.7,101061179,Science Goes To School,1,0.46954872824810356,4.7,"By 2030, ensure that all learners acquire the knowledge and skills needed to promote sustainable development, including, among others, through education for sustainable development and sustainable lifestyles, human rights, gender equality, promotion of a culture of peace and non-violence, global citizenship and appreciation of cultural diversity and of culture’s contribution to sustainable development",http://data.europa.eu/sdg/4.7,HORIZON_EUROPE|2021_2023
101061179:4.6,101061179,Science Goes To School,2,0.44649088922834923,4.6,"By 2030, ensure that all youth and a substantial proportion of adults, both men and women, achieve literacy and numeracy",http://data.europa.eu/sdg/4.6,HORIZON_EUROPE|2021_2023
101061179:9.5,101061179,Science Goes To School,3,0.43531206871626504,9.5,"Enhance scientific research, upgrade the technological capabilities of industrial sectors in all countries, in particular developing countries, including, by 2030, encouraging innovation and substantially increasing the number of research and development workers per 1 million people and public and private research and development spending",http://data.europa.eu/sdg/9.5,HORIZON_EUROPE|2021_2023
101061179:4.1,101061179,Science Goes To School,4,0.43366540054270736,4.1,"By 2030, ensure that all girls and boys complete free, equitable and quality primary and secondary education leading to relevant and effective learning outcomes",http://data.europa.eu/sdg/4.1,HORIZON_EUROPE|2021_2023
101061179:4.2,101061179,Science Goes To School,5,0.43156597717167944,4.2,"By 2030, ensure that all girls and boys have access to quality early childhood development, care and pre‑primary education so that they are ready for primary education",http://data.europa.eu/sdg/4.2,HORIZON_EUROPE|2021_2023
101061179:13.3,101061179,Science Goes To School,6,0.41553740579122045,13.3,"Improve education, awareness-raising and human and institutional capacity on climate change mitigation, adaptation, impact reduction and early warning",http://data.europa.eu/sdg/13.3,HORIZON_EUROPE|2021_2023
101061179:4.4,101061179,Science Goes To School,7,0.4124821609609381,4.4,"By 2030, substantially increase the number of youth and adults who have relevant skills, including technical and vocational skills, for employment, decent jobs and entrepreneurship",http://data.europa.eu/sdg/4.4,HORIZON_EUROPE|2021_2023
101061179:17.6,101061179,Science Goes To School,8,0.4108667791420728,17.6,"Enhance North-South, South-South and triangular regional and international cooperation on and access to science, technology and innovation and enhance knowledge-sharing on mutually agreed terms, including through improved coordination among existing mechanisms, in particular at the United Nations level, and through a global technology facilitation mechanism",http://data.europa.eu/sdg/17.6,HORIZON_EUROPE|2021_2023
101061179:17.7,101061179,Science Goes To School,9,0.40014156479675106,17.7,"Promote the development, transfer, dissemination and diffusion of environmentally sound technologies to developing countries on favourable terms, including on concessional and preferential terms, as mutually agreed",http://data.europa.eu/sdg/17.7,HORIZON_EUROPE|2021_2023
101061179:16.9,101061179,Science Goes To School,10,0.3994664996316084,16.9,"By 2030, provide legal identity for all, including birth registration",http://data.europa.eu/sdg/16.9,HORIZON_EUROPE|2021_2023
101058680:9.2,101058680,Fluently - the essence of human-robot interaction,1,0.2908879376803242,9.2,"Promote inclusive and sustainable industrialization and, by 2030, significantly raise industry’s share of employment and gross domestic product, in line with national circumstances, and double its share in least developed countries",http://data.europa.eu/sdg/9.2,HORIZON_EUROPE|2021_2023
101058680:8.5,101058680,Fluently - the essence of human-robot interaction,2,0.27456038514215547,8.5,"By 2030, achieve full and productive employment and decent work for all women and men, including for young people and persons with disabilities, and equal pay for work of equal value",http://data.europa.eu/sdg/8.5,HORIZON_EUROPE|2021_2023
101058680:17.8,101058680,Fluently - the essence of human-robot interaction,3,0.27339809557487865,17.8,"Fully operationalize the technology bank and science, technology and innovation capacity-building mechanism for least developed countries by 2017 and enhance the use of enabling technology, in particular information and communications technology",http://data.europa.eu/sdg/17.8,HORIZON_EUROPE|2021_2023
101058680:9.b,101058680,Fluently - the essence of human-robot interaction,4,0.2720637584852056,9.b,"Support domestic technology development, research and innovation in developing countries, including by ensuring a conducive policy environment for, inter alia, industrial diversification and value addition to commodities",http://data.europa.eu/sdg/9.b,HORIZON_EUROPE|2021_2023
101058680:9.4,101058680,Fluently - the essence of human-robot interaction,5,0.26658720271050995,9.4,"By 2030, upgrade infrastructure and retrofit industries to make them sustainable, with increased resource-use efficiency and greater adoption of clean and environmentally sound technologies and industrial processes, with all countries taking action in accordance with their respective capabilities",http://data.europa.eu/sdg/9.4,HORIZON_EUROPE|2021_2023
101058680:9.5,101058680,Fluently - the essence of human-robot interaction,6,0.2635838322979207,9.5,"Enhance scientific research, upgrade the technological capabilities of industrial sectors in all countries, in particular developing countries, including, by 2030, encouraging innovation and substantially increasing the number of research and development workers per 1 million people and public and private research and development spending",http://data.europa.eu/sdg/9.5,HORIZON_EUROPE|2021_2023
101058680:9.3,101058680,Fluently - the essence of human-robot interaction,7,0.2571165872609981,9.3,"Increase the access of small-scale industrial and other enterprises, in particular in developing countries, to financial services, including affordable credit, and their integration into value chains and markets",http://data.europa.eu/sdg/9.3,HORIZON_EUROPE|2021_2023
101058680:17.6,101058680,Fluently - the essence of human-robot interaction,8,0.25154785715853883,17.6,"Enhance North-South, South-South and triangular regional and international cooperation on and access to science, technology and innovation and enhance knowledge-sharing on mutually agreed terms, including through improved coordination among existing mechanisms, in particular at the United Nations level, and through a global technology facilitation mechanism",http://data.europa.eu/sdg/17.6,HORIZON_EUROPE|2021_2023
101058680:4.4,101058680,Fluently - the essence of human-robot interaction,9,0.24984169387495161,4.4,"By 2030, substantially increase the number of youth and adults who have relevant skills, including technical and vocational skills, for employment, decent jobs and entrepreneurship",http://data.europa.eu/sdg/4.4,HORIZON_EUROPE|2021_2023
101058680:7.a,101058680,Fluently - the essence of human-robot interaction,10,0.243432817048833,7.a,"By 2030, enhance international cooperation to facilitate access to clean energy research and technology, including renewable energy, energy efficiency and advanced and cleaner fossil-fuel technology, and promote investment in energy infrastructure and clean energy technology",http://data.europa.eu/sdg/7.a,HORIZON_EUROPE|2021_2023
101056883:12.4,101056883,IDENTIFYING DETERMINANTS FOR INDOOR AIR QUALITY AND THEIR HEALTH IMPACT IN ENVIRONMENTS FOR CHILDREN: MEASURES TO IMPROVE INDOOR AIR QUALITY AND REDUCE DISEASE BURDENS.,1,0.4208652571612317,12.4,"By 2020, achieve the environmentally sound management of chemicals and all wastes throughout their life cycle, in accordance with agreed international frameworks, and significantly reduce their release to air, water and soil in order to minimize their adverse impacts on human health and the environment",http://data.europa.eu/sdg/12.4,HORIZON_EUROPE|2021_2023
101056883:3.9,101056883,IDENTIFYING DETERMINANTS FOR INDOOR AIR QUALITY AND THEIR HEALTH IMPACT IN ENVIRONMENTS FOR CHILDREN: MEASURES TO IMPROVE INDOOR AIR QUALITY AND REDUCE DISEASE BURDENS.,2,0.4139037639662675,3.9,"By 2030, substantially reduce the number of deaths and illnesses from hazardous chemicals and air, water and soil pollution and contamination",http://data.europa.eu/sdg/3.9,HORIZON_EUROPE|2021_2023
101056883:13.3,101056883,IDENTIFYING DETERMINANTS FOR INDOOR AIR QUALITY AND THEIR HEALTH IMPACT IN ENVIRONMENTS FOR CHILDREN: MEASURES TO IMPROVE INDOOR AIR QUALITY AND REDUCE DISEASE BURDENS.,3,0.40346014320858503,13.3,"Improve education, awareness-raising and human and institutional capacity on climate change mitigation, adaptation, impact reduction and early warning",http://data.europa.eu/sdg/13.3,HORIZON_EUROPE|2021_2023
101056883:11.6,101056883,IDENTIFYING DETERMINANTS FOR INDOOR AIR QUALITY AND THEIR HEALTH IMPACT IN ENVIRONMENTS FOR CHILDREN: MEASURES TO IMPROVE INDOOR AIR QUALITY AND REDUCE DISEASE BURDENS.,4,0.371105274708311,11.6,"By 2030, reduce the adverse per capita environmental impact of cities, including by paying special attention to air quality and municipal and other waste management",http://data.europa.eu/sdg/11.6,HORIZON_EUROPE|2021_2023
101056883:13.2,101056883,IDENTIFYING DETERMINANTS FOR INDOOR AIR QUALITY AND THEIR HEALTH IMPACT IN ENVIRONMENTS FOR CHILDREN: MEASURES TO IMPROVE INDOOR AIR QUALITY AND REDUCE DISEASE BURDENS.,5,0.3560148821626093,13.2,"Integrate climate change measures into national policies, strategies and planning",http://data.europa.eu/sdg/13.2,HORIZON_EUROPE|2021_2023
101056883:3.d,101056883,IDENTIFYING DETERMINANTS FOR INDOOR AIR QUALITY AND THEIR HEALTH IMPACT IN ENVIRONMENTS FOR CHILDREN: MEASURES TO IMPROVE INDOOR AIR QUALITY AND REDUCE DISEASE BURDENS.,6,0.35527309633662946,3.d,"Strengthen the capacity of all countries, in particular developing countries, for early warning, risk reduction and management of national and global health risks",http://data.europa.eu/sdg/3.d,HORIZON_EUROPE|2021_2023
101056883:3.8,101056883,IDENTIFYING DETERMINANTS FOR INDOOR AIR QUALITY AND THEIR HEALTH IMPACT IN ENVIRONMENTS FOR CHILDREN: MEASURES TO IMPROVE INDOOR AIR QUALITY AND REDUCE DISEASE BURDENS.,7,0.3432321489021771,3.8,"Achieve universal health coverage, including financial risk protection, access to quality essential health-care services and access to safe, effective, quality and affordable essential medicines and vaccines for all",http://data.europa.eu/sdg/3.8,HORIZON_EUROPE|2021_2023
101056883:3.a,101056883,IDENTIFYING DETERMINANTS FOR INDOOR AIR QUALITY AND THEIR HEALTH IMPACT IN ENVIRONMENTS FOR CHILDREN: MEASURES TO IMPROVE INDOOR AIR QUALITY AND REDUCE DISEASE BURDENS.,8,0.33395575256588445,3.a,"Strengthen the implementation of the World Health Organization Framework Convention on Tobacco Control in all countries, as appropriate",http://data.europa.eu/sdg/3.a,HORIZON_EUROPE|2021_2023
101056883:14.1,101056883,IDENTIFYING DETERMINANTS FOR INDOOR AIR QUALITY AND THEIR HEALTH IMPACT IN ENVIRONMENTS FOR CHILDREN: MEASURES TO IMPROVE INDOOR AIR QUALITY AND REDUCE DISEASE BURDENS.,9,0.3334948903060972,14.1,"By 2025, prevent and significantly reduce marine pollution of all kinds, in particular from land-based activities, including marine debris and nutrient pollution",http://data.europa.eu/sdg/14.1,HORIZON_EUROPE|2021_2023
101056883:6.3,101056883,IDENTIFYING DETERMINANTS FOR INDOOR AIR QUALITY AND THEIR HEALTH IMPACT IN ENVIRONMENTS FOR CHILDREN: MEASURES TO IMPROVE INDOOR AIR QUALITY AND REDUCE DISEASE BURDENS.,10,0.33188169114989535,6.3,"By 2030, improve water quality by reducing pollution, eliminating dumping and minimizing release of hazardous chemicals and materials, halving the proportion of untreated wastewater and substantially increasing recycling and safe reuse globally",http://data.europa.eu/sdg/6.3,HORIZON_EUROPE|2021_2023
101083936:7.2,101083936,Just and effective governance for accelerating wind energy,1,0.49222570729481585,7.2,"By 2030, increase substantially the share of renewable energy in the global energy mix",http://data.europa.eu/sdg/7.2,HORIZON_EUROPE|2021_2023
101083936:7.b,101083936,Just and effective governance for accelerating wind energy,2,0.4690519476338205,7.b,"By 2030, expand infrastructure and upgrade technology for supplying modern and sustainable energy services for all in developing countries, in particular least developed countries, small island developing States and landlocked developing countries, in accordance with their respective programmes of support",http://data.europa.eu/sdg/7.b,HORIZON_EUROPE|2021_2023
101083936:7.1,101083936,Just and effective governance for accelerating wind energy,3,0.45394604753380885,7.1,"By 2030, ensure universal access to affordable, reliable and modern energy services",http://data.europa.eu/sdg/7.1,HORIZON_EUROPE|2021_2023
101083936:17.6,101083936,Just and effective governance for accelerating wind energy,4,0.4364980907279206,17.6,"Enhance North-South, South-South and triangular regional and international cooperation on and access to science, technology and innovation and enhance knowledge-sharing on mutually agreed terms, including through improved coordination among existing mechanisms, in particular at the United Nations level, and through a global technology facilitation mechanism",http://data.europa.eu/sdg/17.6,HORIZON_EUROPE|2021_2023
101083936:7.3,101083936,Just and effective governance for accelerating wind energy,5,0.43535222431935483,7.3,"By 2030, double the global rate of improvement in energy efficiency",http://data.europa.eu/sdg/7.3,HORIZON_EUROPE|2021_2023
101083936:14.5,101083936,Just and effective governance for accelerating wind energy,6,0.4345514453370191,14.5,"By 2020, conserve at least 10 per cent of coastal and marine areas, consistent with national and international law and based on the best available scientific information",http://data.europa.eu/sdg/14.5,HORIZON_EUROPE|2021_2023
101083936:7.a,101083936,Just and effective governance for accelerating wind energy,7,0.4303956363063599,7.a,"By 2030, enhance international cooperation to facilitate access to clean energy research and technology, including renewable energy, energy efficiency and advanced and cleaner fossil-fuel technology, and promote investment in energy infrastructure and clean energy technology",http://data.europa.eu/sdg/7.a,HORIZON_EUROPE|2021_2023
101083936:14.2,101083936,Just and effective governance for accelerating wind energy,8,0.4174106981718857,14.2,"By 2020, sustainably manage and protect marine and coastal ecosystems to avoid significant adverse impacts, including by strengthening their resilience, and take action for their restoration in order to achieve healthy and productive oceans",http://data.europa.eu/sdg/14.2,HORIZON_EUROPE|2021_2023
101083936:13.2,101083936,Just and effective governance for accelerating wind energy,9,0.4173816171665722,13.2,"Integrate climate change measures into national policies, strategies and planning",http://data.europa.eu/sdg/13.2,HORIZON_EUROPE|2021_2023
101083936:9.b,101083936,Just and effective governance for accelerating wind energy,10,0.41590910312764356,9.b,"Support domestic technology development, research and innovation in developing countries, including by ensuring a conducive policy environment for, inter alia, industrial diversification and value addition to commodities",http://data.europa.eu/sdg/9.b,HORIZON_EUROPE|2021_2023
190134541:12.5,190134541,MIWA - SMART REUSABLE PACKAGING,1,0.45148754097546717,12.5,"By 2030, substantially reduce waste generation through prevention, reduction, recycling and reuse",http://data.europa.eu/sdg/12.5,HORIZON_EUROPE|2021_2023
190134541:12.4,190134541,MIWA - SMART REUSABLE PACKAGING,2,0.43671996619515074,12.4,"By 2020, achieve the environmentally sound management of chemicals and all wastes throughout their life cycle, in accordance with agreed international frameworks, and significantly reduce their release to air, water and soil in order to minimize their adverse impacts on human health and the environment",http://data.europa.eu/sdg/12.4,HORIZON_EUROPE|2021_2023
190134541:12.3,190134541,MIWA - SMART REUSABLE PACKAGING,3,0.4327972754752508,12.3,"By 2030,halve per capita global food waste at the retail and consumer levels and reduce food losses along production and supply chains, including post-harvest losses",http://data.europa.eu/sdg/12.3,HORIZON_EUROPE|2021_2023
190134541:9.4,190134541,MIWA - SMART REUSABLE PACKAGING,4,0.4050285115316307,9.4,"By 2030, upgrade infrastructure and retrofit industries to make them sustainable, with increased resource-use efficiency and greater adoption of clean and environmentally sound technologies and industrial processes, with all countries taking action in accordance with their respective capabilities",http://data.europa.eu/sdg/9.4,HORIZON_EUROPE|2021_2023
190134541:6.3,190134541,MIWA - SMART REUSABLE PACKAGING,5,0.39890925421948514,6.3,"By 2030, improve water quality by reducing pollution, eliminating dumping and minimizing release of hazardous chemicals and materials, halving the proportion of untreated wastewater and substantially increasing recycling and safe reuse globally",http://data.europa.eu/sdg/6.3,HORIZON_EUROPE|2021_2023
190134541:12.6,190134541,MIWA - SMART REUSABLE PACKAGING,6,0.3833251919144921,12.6,"Encourage companies, especially large and transnational companies, to adopt sustainable practices and to integrate sustainability information into their reporting cycle",http://data.europa.eu/sdg/12.6,HORIZON_EUROPE|2021_2023
190134541:12.7,190134541,MIWA - SMART REUSABLE PACKAGING,7,0.36585362936642934,12.7,"Promote public procurement practices that are sustainable, in accordance with national policies and priorities",http://data.europa.eu/sdg/12.7,HORIZON_EUROPE|2021_2023
190134541:6.a,190134541,MIWA - SMART REUSABLE PACKAGING,8,0.3575273789564989,6.a,"By 2030, expand international cooperation and capacity-building support to developing countries in water- and sanitation-related activities and programmes, including water harvesting, desalination, water efficiency, wastewater treatment, recycling and reuse technologies",http://data.europa.eu/sdg/6.a,HORIZON_EUROPE|2021_2023
190134541:12.a,190134541,MIWA - SMART REUSABLE PACKAGING,9,0.3446894175141089,12.a,Support developing countries to strengthen their scientific and technological capacity to move towards more sustainable patterns of consumption and production,http://data.europa.eu/sdg/12.a,HORIZON_EUROPE|2021_2023
190134541:14.4,190134541,MIWA - SMART REUSABLE PACKAGING,10,0.3340449913040846,14.4,"By 2020, effectively regulate harvesting and end overfishing, illegal, unreported and unregulated fishing and destructive fishing practices and implement science-based management plans, in order to restore fish stocks in the shortest time feasible, at least to levels that can produce maximum sustainable yield as determined by their biological characteristics",http://data.europa.eu/sdg/14.4,HORIZON_EUROPE|2021_2023
101114249:12.5,101114249,Textile Change - Recycling Textile Waste,1,0.5145707642961909,12.5,"By 2030, substantially reduce waste generation through prevention, reduction, recycling and reuse",http://data.europa.eu/sdg/12.5,HORIZON_EUROPE|2021_2023
101114249:12.4,101114249,Textile Change - Recycling Textile Waste,2,0.44551534015361227,12.4,"By 2020, achieve the environmentally sound management of chemicals and all wastes throughout their life cycle, in accordance with agreed international frameworks, and significantly reduce their release to air, water and soil in order to minimize their adverse impacts on human health and the environment",http://data.europa.eu/sdg/12.4,HORIZON_EUROPE|2021_2023
101114249:9.4,101114249,Textile Change - Recycling Textile Waste,3,0.4278205622820471,9.4,"By 2030, upgrade infrastructure and retrofit industries to make them sustainable, with increased resource-use efficiency and greater adoption of clean and environmentally sound technologies and industrial processes, with all countries taking action in accordance with their respective capabilities",http://data.europa.eu/sdg/9.4,HORIZON_EUROPE|2021_2023
101114249:12.3,101114249,Textile Change - Recycling Textile Waste,4,0.39510502391883373,12.3,"By 2030,halve per capita global food waste at the retail and consumer levels and reduce food losses along production and supply chains, including post-harvest losses",http://data.europa.eu/sdg/12.3,HORIZON_EUROPE|2021_2023
101114249:6.3,101114249,Textile Change - Recycling Textile Waste,5,0.37047535411573246,6.3,"By 2030, improve water quality by reducing pollution, eliminating dumping and minimizing release of hazardous chemicals and materials, halving the proportion of untreated wastewater and substantially increasing recycling and safe reuse globally",http://data.europa.eu/sdg/6.3,HORIZON_EUROPE|2021_2023
101114249:12.7,101114249,Textile Change - Recycling Textile Waste,6,0.3588086204555871,12.7,"Promote public procurement practices that are sustainable, in accordance with national policies and priorities",http://data.europa.eu/sdg/12.7,HORIZON_EUROPE|2021_2023
101114249:6.a,101114249,Textile Change - Recycling Textile Waste,7,0.35830934588842694,6.a,"By 2030, expand international cooperation and capacity-building support to developing countries in water- and sanitation-related activities and programmes, including water harvesting, desalination, water efficiency, wastewater treatment, recycling and reuse technologies",http://data.europa.eu/sdg/6.a,HORIZON_EUROPE|2021_2023
101114249:12.2,101114249,Textile Change - Recycling Textile Waste,8,0.3506647663241563,12.2,"By 2030, achieve the sustainable management and efficient use of natural resources",http://data.europa.eu/sdg/12.2,HORIZON_EUROPE|2021_2023
101114249:8.4,101114249,Textile Change - Recycling Textile Waste,9,0.34886675172843523,8.4,"Improve progressively, through 2030, global resource efficiency in consumption and production and endeavour to decouple economic growth from environmental degradation, in accordance with the 10‑Year Framework of Programmes on Sustainable Consumption and Production, with developed countries taking the lead",http://data.europa.eu/sdg/8.4,HORIZON_EUROPE|2021_2023
101114249:9.2,101114249,Textile Change - Recycling Textile Waste,10,0.34431018072015157,9.2,"Promote inclusive and sustainable industrialization and, by 2030, significantly raise industry’s share of employment and gross domestic product, in line with national circumstances, and double its share in least developed countries",http://data.europa.eu/sdg/9.2,HORIZON_EUROPE|2021_2023
101209061:3.b,101209061,Targeting the Oncogenic hEag1 Ion Channel: Developing Venom Peptide-Based Pharmacological Tools,1,0.10592690181388081,3.b,"Support the research and development of vaccines and medicines for the communicable and non‑communicable diseases that primarily affect developing countries, provide access to affordable essential medicines and vaccines, in accordance with the Doha Declaration on the TRIPS Agreement and Public Health, which affirms the right of developing countries to use to the full the provisions in the Agreement on Trade-Related Aspects of Intellectual Property Rights regarding flexibilities to protect public health, and, in particular, provide access to medicines for all",http://data.europa.eu/sdg/3.b,HORIZON_EUROPE|2024_PLUS
101209061:13.a,101209061,Targeting the Oncogenic hEag1 Ion Channel: Developing Venom Peptide-Based Pharmacological Tools,2,0.09450910101317136,13.a,Implement the commitment undertaken by developed-country parties to the United Nations Framework Convention on Climate Change to a goal of mobilizing jointly $100 billion annually by 2020 from all sources to address the needs of developing countries in the context of meaningful mitigation actions and transparency on implementation and fully operationalize the Green Climate Fund through its capitalization as soon as possible,http://data.europa.eu/sdg/13.a,HORIZON_EUROPE|2024_PLUS
101209061:17.9,101209061,Targeting the Oncogenic hEag1 Ion Channel: Developing Venom Peptide-Based Pharmacological Tools,3,0.08785236922009754,17.9,"Enhance international support for implementing effective and targeted capacity-building in developing countries to support national plans to implement all the Sustainable Development Goals, including through North-South, South-South and triangular cooperation",http://data.europa.eu/sdg/17.9,HORIZON_EUROPE|2024_PLUS
101209061:3.a,101209061,Targeting the Oncogenic hEag1 Ion Channel: Developing Venom Peptide-Based Pharmacological Tools,4,0.08648546481160618,3.a,"Strengthen the implementation of the World Health Organization Framework Convention on Tobacco Control in all countries, as appropriate",http://data.europa.eu/sdg/3.a,HORIZON_EUROPE|2024_PLUS
101209061:11.3,101209061,Targeting the Oncogenic hEag1 Ion Channel: Developing Venom Peptide-Based Pharmacological Tools,5,0.0860604459222723,11.3,"By 2030, enhance inclusive and sustainable urbanization and capacity for participatory, integrated and sustainable human settlement planning and management in all countries",http://data.europa.eu/sdg/11.3,HORIZON_EUROPE|2024_PLUS
101209061:13.2,101209061,Targeting the Oncogenic hEag1 Ion Channel: Developing Venom Peptide-Based Pharmacological Tools,6,0.07777160663626798,13.2,"Integrate climate change measures into national policies, strategies and planning",http://data.europa.eu/sdg/13.2,HORIZON_EUROPE|2024_PLUS
101209061:11.b,101209061,Targeting the Oncogenic hEag1 Ion Channel: Developing Venom Peptide-Based Pharmacological Tools,7,0.07631402314718462,11.b,"By 2020, substantially increase the number of cities and human settlements adopting and implementing integrated policies and plans towards inclusion, resource efficiency, mitigation and adaptation to climate change, resilience to disasters, and develop and implement, in line with the Sendai Framework for Disaster Risk Reduction 2015–2030, holistic disaster risk management at all levels",http://data.europa.eu/sdg/11.b,HORIZON_EUROPE|2024_PLUS
101209061:3.5,101209061,Targeting the Oncogenic hEag1 Ion Channel: Developing Venom Peptide-Based Pharmacological Tools,8,0.07537184680941732,3.5,"Strengthen the prevention and treatment of substance abuse, including narcotic drug abuse and harmful use of alcohol",http://data.europa.eu/sdg/3.5,HORIZON_EUROPE|2024_PLUS
101209061:17.6,101209061,Targeting the Oncogenic hEag1 Ion Channel: Developing Venom Peptide-Based Pharmacological Tools,9,0.07324468729690922,17.6,"Enhance North-South, South-South and triangular regional and international cooperation on and access to science, technology and innovation and enhance knowledge-sharing on mutually agreed terms, including through improved coordination among existing mechanisms, in particular at the United Nations level, and through a global technology facilitation mechanism",http://data.europa.eu/sdg/17.6,HORIZON_EUROPE|2024_PLUS
101209061:3.8,101209061,Targeting the Oncogenic hEag1 Ion Channel: Developing Venom Peptide-Based Pharmacological Tools,10,0.07243953978330007,3.8,"Achieve universal health coverage, including financial risk protection, access to quality essential health-care services and access to safe, effective, quality and affordable essential medicines and vaccines for all",http://data.europa.eu/sdg/3.8,HORIZON_EUROPE|2024_PLUS
101291049:13.2,101291049,ENES-RI Services: Services of the European Network for Earth System Modelling Research Infrastructure,1,0.4280245265379735,13.2,"Integrate climate change measures into national policies, strategies and planning",http://data.europa.eu/sdg/13.2,HORIZON_EUROPE|2024_PLUS
101291049:7.b,101291049,ENES-RI Services: Services of the European Network for Earth System Modelling Research Infrastructure,2,0.41153821613481467,7.b,"By 2030, expand infrastructure and upgrade technology for supplying modern and sustainable energy services for all in developing countries, in particular least developed countries, small island developing States and landlocked developing countries, in accordance with their respective programmes of support",http://data.europa.eu/sdg/7.b,HORIZON_EUROPE|2024_PLUS
101291049:13.a,101291049,ENES-RI Services: Services of the European Network for Earth System Modelling Research Infrastructure,3,0.40517096733657354,13.a,Implement the commitment undertaken by developed-country parties to the United Nations Framework Convention on Climate Change to a goal of mobilizing jointly $100 billion annually by 2020 from all sources to address the needs of developing countries in the context of meaningful mitigation actions and transparency on implementation and fully operationalize the Green Climate Fund through its capitalization as soon as possible,http://data.europa.eu/sdg/13.a,HORIZON_EUROPE|2024_PLUS
101291049:13.1,101291049,ENES-RI Services: Services of the European Network for Earth System Modelling Research Infrastructure,4,0.39856365756548584,13.1,Strengthen resilience and adaptive capacity to climate-related hazards and natural disasters in all countries,http://data.europa.eu/sdg/13.1,HORIZON_EUROPE|2024_PLUS
101291049:17.18,101291049,ENES-RI Services: Services of the European Network for Earth System Modelling Research Infrastructure,5,0.3927482151651876,17.18,"By 2020, enhance capacity-building support to developing countries, including for least developed countries and small island developing States, to increase significantly the availability of high-quality, timely and reliable data disaggregated by income, gender, age, race, ethnicity, migratory status, disability, geographic location and other characteristics relevant in national contexts",http://data.europa.eu/sdg/17.18,HORIZON_EUROPE|2024_PLUS
101291049:13.3,101291049,ENES-RI Services: Services of the European Network for Earth System Modelling Research Infrastructure,6,0.3918850579553751,13.3,"Improve education, awareness-raising and human and institutional capacity on climate change mitigation, adaptation, impact reduction and early warning",http://data.europa.eu/sdg/13.3,HORIZON_EUROPE|2024_PLUS
101291049:7.a,101291049,ENES-RI Services: Services of the European Network for Earth System Modelling Research Infrastructure,7,0.3838538958515285,7.a,"By 2030, enhance international cooperation to facilitate access to clean energy research and technology, including renewable energy, energy efficiency and advanced and cleaner fossil-fuel technology, and promote investment in energy infrastructure and clean energy technology",http://data.europa.eu/sdg/7.a,HORIZON_EUROPE|2024_PLUS
101291049:7.1,101291049,ENES-RI Services: Services of the European Network for Earth System Modelling Research Infrastructure,8,0.3792190541193884,7.1,"By 2030, ensure universal access to affordable, reliable and modern energy services",http://data.europa.eu/sdg/7.1,HORIZON_EUROPE|2024_PLUS
101291049:9.1,101291049,ENES-RI Services: Services of the European Network for Earth System Modelling Research Infrastructure,9,0.37577237574594297,9.1,"Develop quality, reliable, sustainable and resilient infrastructure, including regional and transborder infrastructure, to support economic development and human well-being, with a focus on affordable and equitable access for all",http://data.europa.eu/sdg/9.1,HORIZON_EUROPE|2024_PLUS
101291049:9.4,101291049,ENES-RI Services: Services of the European Network for Earth System Modelling Research Infrastructure,10,0.3725165397020517,9.4,"By 2030, upgrade infrastructure and retrofit industries to make them sustainable, with increased resource-use efficiency and greater adoption of clean and environmentally sound technologies and industrial processes, with all countries taking action in accordance with their respective capabilities",http://data.europa.eu/sdg/9.4,HORIZON_EUROPE|2024_PLUS
101147064:8.2,101147064,Towards an Integrative Model of the Relationship Between Episodic Memory and Novelty Detection Through a Behavioural and Neuropsychological Approach,1,0.1292058705918347,8.2,"Achieve higher levels of economic productivity through diversification, technological upgrading and innovation, including through a focus on high-value added and labour-intensive sectors",http://data.europa.eu/sdg/8.2,HORIZON_EUROPE|2024_PLUS
101147064:3.5,101147064,Towards an Integrative Model of the Relationship Between Episodic Memory and Novelty Detection Through a Behavioural and Neuropsychological Approach,2,0.12370665996282465,3.5,"Strengthen the prevention and treatment of substance abuse, including narcotic drug abuse and harmful use of alcohol",http://data.europa.eu/sdg/3.5,HORIZON_EUROPE|2024_PLUS
101147064:3.4,101147064,Towards an Integrative Model of the Relationship Between Episodic Memory and Novelty Detection Through a Behavioural and Neuropsychological Approach,3,0.12304014877899964,3.4,"By 2030, reduce by one third premature mortality from non-communicable diseases through prevention and treatment and promote mental health and well-being",http://data.europa.eu/sdg/3.4,HORIZON_EUROPE|2024_PLUS
101147064:4.a,101147064,Towards an Integrative Model of the Relationship Between Episodic Memory and Novelty Detection Through a Behavioural and Neuropsychological Approach,4,0.10683774795375739,4.a,"Build and upgrade education facilities that are child, disability and gender sensitive and provide safe, non-violent, inclusive and effective learning environments for all",http://data.europa.eu/sdg/4.a,HORIZON_EUROPE|2024_PLUS
101147064:4.4,101147064,Towards an Integrative Model of the Relationship Between Episodic Memory and Novelty Detection Through a Behavioural and Neuropsychological Approach,5,0.09384460352780315,4.4,"By 2030, substantially increase the number of youth and adults who have relevant skills, including technical and vocational skills, for employment, decent jobs and entrepreneurship",http://data.europa.eu/sdg/4.4,HORIZON_EUROPE|2024_PLUS
101147064:3.6,101147064,Towards an Integrative Model of the Relationship Between Episodic Memory and Novelty Detection Through a Behavioural and Neuropsychological Approach,6,0.08698512243590062,3.6,"By 2020, halve the number of global deaths and injuries from road traffic accidents",http://data.europa.eu/sdg/3.6,HORIZON_EUROPE|2024_PLUS
101147064:8.3,101147064,Towards an Integrative Model of the Relationship Between Episodic Memory and Novelty Detection Through a Behavioural and Neuropsychological Approach,7,0.08559901777575314,8.3,"Promote development-oriented policies that support productive activities, decent job creation, entrepreneurship, creativity and innovation, and encourage the formalization and growth of micro-, small- and medium-sized enterprises, including through access to financial services",http://data.europa.eu/sdg/8.3,HORIZON_EUROPE|2024_PLUS
101147064:7.a,101147064,Towards an Integrative Model of the Relationship Between Episodic Memory and Novelty Detection Through a Behavioural and Neuropsychological Approach,8,0.08222972456218418,7.a,"By 2030, enhance international cooperation to facilitate access to clean energy research and technology, including renewable energy, energy efficiency and advanced and cleaner fossil-fuel technology, and promote investment in energy infrastructure and clean energy technology",http://data.europa.eu/sdg/7.a,HORIZON_EUROPE|2024_PLUS
101147064:9.5,101147064,Towards an Integrative Model of the Relationship Between Episodic Memory and Novelty Detection Through a Behavioural and Neuropsychological Approach,9,0.07641858486692528,9.5,"Enhance scientific research, upgrade the technological capabilities of industrial sectors in all countries, in particular developing countries, including, by 2030, encouraging innovation and substantially increasing the number of research and development workers per 1 million people and public and private research and development spending",http://data.europa.eu/sdg/9.5,HORIZON_EUROPE|2024_PLUS
101147064:4.6,101147064,Towards an Integrative Model of the Relationship Between Episodic Memory and Novelty Detection Through a Behavioural and Neuropsychological Approach,10,0.07378193377876462,4.6,"By 2030, ensure that all youth and a substantial proportion of adults, both men and women, achieve literacy and numeracy",http://data.europa.eu/sdg/4.6,HORIZON_EUROPE|2024_PLUS
101105349:7.a,101105349,NATO and EU towards a common strategy against Russia hybrid warfare.  The case for energy-resources-climate security nexus and the possible use of EDTs,1,0.4589371187832306,7.a,"By 2030, enhance international cooperation to facilitate access to clean energy research and technology, including renewable energy, energy efficiency and advanced and cleaner fossil-fuel technology, and promote investment in energy infrastructure and clean energy technology",http://data.europa.eu/sdg/7.a,HORIZON_EUROPE|2024_PLUS
101105349:17.6,101105349,NATO and EU towards a common strategy against Russia hybrid warfare.  The case for energy-resources-climate security nexus and the possible use of EDTs,2,0.40640266790496204,17.6,"Enhance North-South, South-South and triangular regional and international cooperation on and access to science, technology and innovation and enhance knowledge-sharing on mutually agreed terms, including through improved coordination among existing mechanisms, in particular at the United Nations level, and through a global technology facilitation mechanism",http://data.europa.eu/sdg/17.6,HORIZON_EUROPE|2024_PLUS
101105349:13.a,101105349,NATO and EU towards a common strategy against Russia hybrid warfare.  The case for energy-resources-climate security nexus and the possible use of EDTs,3,0.40125595569878225,13.a,Implement the commitment undertaken by developed-country parties to the United Nations Framework Convention on Climate Change to a goal of mobilizing jointly $100 billion annually by 2020 from all sources to address the needs of developing countries in the context of meaningful mitigation actions and transparency on implementation and fully operationalize the Green Climate Fund through its capitalization as soon as possible,http://data.europa.eu/sdg/13.a,HORIZON_EUROPE|2024_PLUS
101105349:13.2,101105349,NATO and EU towards a common strategy against Russia hybrid warfare.  The case for energy-resources-climate security nexus and the possible use of EDTs,4,0.3951550803499646,13.2,"Integrate climate change measures into national policies, strategies and planning",http://data.europa.eu/sdg/13.2,HORIZON_EUROPE|2024_PLUS
101105349:13.1,101105349,NATO and EU towards a common strategy against Russia hybrid warfare.  The case for energy-resources-climate security nexus and the possible use of EDTs,5,0.3788857778921005,13.1,Strengthen resilience and adaptive capacity to climate-related hazards and natural disasters in all countries,http://data.europa.eu/sdg/13.1,HORIZON_EUROPE|2024_PLUS
101105349:7.b,101105349,NATO and EU towards a common strategy against Russia hybrid warfare.  The case for energy-resources-climate security nexus and the possible use of EDTs,6,0.36114142269612814,7.b,"By 2030, expand infrastructure and upgrade technology for supplying modern and sustainable energy services for all in developing countries, in particular least developed countries, small island developing States and landlocked developing countries, in accordance with their respective programmes of support",http://data.europa.eu/sdg/7.b,HORIZON_EUROPE|2024_PLUS
101105349:13.3,101105349,NATO and EU towards a common strategy against Russia hybrid warfare.  The case for energy-resources-climate security nexus and the possible use of EDTs,7,0.35966870428419373,13.3,"Improve education, awareness-raising and human and institutional capacity on climate change mitigation, adaptation, impact reduction and early warning",http://data.europa.eu/sdg/13.3,HORIZON_EUROPE|2024_PLUS
101105349:17.7,101105349,NATO and EU towards a common strategy against Russia hybrid warfare.  The case for energy-resources-climate security nexus and the possible use of EDTs,8,0.35733622802017234,17.7,"Promote the development, transfer, dissemination and diffusion of environmentally sound technologies to developing countries on favourable terms, including on concessional and preferential terms, as mutually agreed",http://data.europa.eu/sdg/17.7,HORIZON_EUROPE|2024_PLUS
101105349:7.1,101105349,NATO and EU towards a common strategy against Russia hybrid warfare.  The case for energy-resources-climate security nexus and the possible use of EDTs,9,0.3406193451973242,7.1,"By 2030, ensure universal access to affordable, reliable and modern energy services",http://data.europa.eu/sdg/7.1,HORIZON_EUROPE|2024_PLUS
101105349:17.8,101105349,NATO and EU towards a common strategy against Russia hybrid warfare.  The case for energy-resources-climate security nexus and the possible use of EDTs,10,0.3395084235360592,17.8,"Fully operationalize the technology bank and science, technology and innovation capacity-building mechanism for least developed countries by 2017 and enhance the use of enabling technology, in particular information and communications technology",http://data.europa.eu/sdg/17.8,HORIZON_EUROPE|2024_PLUS
101202022:3.5,101202022,Sex differences in the persistence of ADHD in relation to childhood adversity and stress exposure,1,0.25986650852850335,3.5,"Strengthen the prevention and treatment of substance abuse, including narcotic drug abuse and harmful use of alcohol",http://data.europa.eu/sdg/3.5,HORIZON_EUROPE|2024_PLUS
101202022:3.7,101202022,Sex differences in the persistence of ADHD in relation to childhood adversity and stress exposure,2,0.23266975929195646,3.7,"By 2030, ensure universal access to sexual and reproductive health-care services, including for family planning, information and education, and the integration of reproductive health into national strategies and programmes",http://data.europa.eu/sdg/3.7,HORIZON_EUROPE|2024_PLUS
101202022:3.4,101202022,Sex differences in the persistence of ADHD in relation to childhood adversity and stress exposure,3,0.22930857064527527,3.4,"By 2030, reduce by one third premature mortality from non-communicable diseases through prevention and treatment and promote mental health and well-being",http://data.europa.eu/sdg/3.4,HORIZON_EUROPE|2024_PLUS
101202022:3.2,101202022,Sex differences in the persistence of ADHD in relation to childhood adversity and stress exposure,4,0.21913310810291126,3.2,"By 2030, end preventable deaths of newborns and children under 5 years of age, with all countries aiming to reduce neonatal mortality to at least as low as 12 per 1,000 live births and under‑5 mortality to at least as low as 25 per 1,000 live births",http://data.europa.eu/sdg/3.2,HORIZON_EUROPE|2024_PLUS
101202022:3.1,101202022,Sex differences in the persistence of ADHD in relation to childhood adversity and stress exposure,5,0.21563590673510002,3.1,"By 2030, reduce the global maternal mortality ratio to less than 70 per 100,000 live births",http://data.europa.eu/sdg/3.1,HORIZON_EUROPE|2024_PLUS
101202022:3.d,101202022,Sex differences in the persistence of ADHD in relation to childhood adversity and stress exposure,6,0.21417984312807894,3.d,"Strengthen the capacity of all countries, in particular developing countries, for early warning, risk reduction and management of national and global health risks",http://data.europa.eu/sdg/3.d,HORIZON_EUROPE|2024_PLUS
101202022:5.6,101202022,Sex differences in the persistence of ADHD in relation to childhood adversity and stress exposure,7,0.20757101634293154,5.6,Ensure universal access to sexual and reproductive health and reproductive rights as agreed in accordance with the Programme of Action of the International Conference on Population and Development and the Beijing Platform for Action and the outcome documents of their review conferences,http://data.europa.eu/sdg/5.6,HORIZON_EUROPE|2024_PLUS
101202022:5.4,101202022,Sex differences in the persistence of ADHD in relation to childhood adversity and stress exposure,8,0.18414416477761197,5.4,"Recognize and value unpaid care and domestic work through the provision of public services, infrastructure and social protection policies and the promotion of shared responsibility within the household and the family as nationally appropriate",http://data.europa.eu/sdg/5.4,HORIZON_EUROPE|2024_PLUS
101202022:4.2,101202022,Sex differences in the persistence of ADHD in relation to childhood adversity and stress exposure,9,0.17707011403701617,4.2,"By 2030, ensure that all girls and boys have access to quality early childhood development, care and pre‑primary education so that they are ready for primary education",http://data.europa.eu/sdg/4.2,HORIZON_EUROPE|2024_PLUS
101202022:3.c,101202022,Sex differences in the persistence of ADHD in relation to childhood adversity and stress exposure,10,0.17572307278556112,3.c,"Substantially increase health financing and the recruitment, development, training and retention of the health workforce in developing countries, especially in least developed countries and small island developing States",http://data.europa.eu/sdg/3.c,HORIZON_EUROPE|2024_PLUS
101272984:9.5,101272984,Targeting Hypoxic Deep-Seated Tumours with Ru(II)-Rhodamine Complexes via Sonodynamic Therapy,1,0.08031642114878886,9.5,"Enhance scientific research, upgrade the technological capabilities of industrial sectors in all countries, in particular developing countries, including, by 2030, encouraging innovation and substantially increasing the number of research and development workers per 1 million people and public and private research and development spending",http://data.europa.eu/sdg/9.5,HORIZON_EUROPE|2024_PLUS
101272984:9.4,101272984,Targeting Hypoxic Deep-Seated Tumours with Ru(II)-Rhodamine Complexes via Sonodynamic Therapy,2,0.0681986322083127,9.4,"By 2030, upgrade infrastructure and retrofit industries to make them sustainable, with increased resource-use efficiency and greater adoption of clean and environmentally sound technologies and industrial processes, with all countries taking action in accordance with their respective capabilities",http://data.europa.eu/sdg/9.4,HORIZON_EUROPE|2024_PLUS
101272984:11.3,101272984,Targeting Hypoxic Deep-Seated Tumours with Ru(II)-Rhodamine Complexes via Sonodynamic Therapy,3,0.06037199621120476,11.3,"By 2030, enhance inclusive and sustainable urbanization and capacity for participatory, integrated and sustainable human settlement planning and management in all countries",http://data.europa.eu/sdg/11.3,HORIZON_EUROPE|2024_PLUS
101272984:12.4,101272984,Targeting Hypoxic Deep-Seated Tumours with Ru(II)-Rhodamine Complexes via Sonodynamic Therapy,4,0.059650978524437445,12.4,"By 2020, achieve the environmentally sound management of chemicals and all wastes throughout their life cycle, in accordance with agreed international frameworks, and significantly reduce their release to air, water and soil in order to minimize their adverse impacts on human health and the environment",http://data.europa.eu/sdg/12.4,HORIZON_EUROPE|2024_PLUS
101272984:16.a,101272984,Targeting Hypoxic Deep-Seated Tumours with Ru(II)-Rhodamine Complexes via Sonodynamic Therapy,5,0.054383745874667024,16.a,"Strengthen relevant national institutions, including through international cooperation, for building capacity at all levels, in particular in developing countries, to prevent violence and combat terrorism and crime",http://data.europa.eu/sdg/16.a,HORIZON_EUROPE|2024_PLUS
101272984:14.3,101272984,Targeting Hypoxic Deep-Seated Tumours with Ru(II)-Rhodamine Complexes via Sonodynamic Therapy,6,0.05405946842086326,14.3,"Minimize and address the impacts of ocean acidification, including through enhanced scientific cooperation at all levels",http://data.europa.eu/sdg/14.3,HORIZON_EUROPE|2024_PLUS
101272984:4.a,101272984,Targeting Hypoxic Deep-Seated Tumours with Ru(II)-Rhodamine Complexes via Sonodynamic Therapy,7,0.05273652330941664,4.a,"Build and upgrade education facilities that are child, disability and gender sensitive and provide safe, non-violent, inclusive and effective learning environments for all",http://data.europa.eu/sdg/4.a,HORIZON_EUROPE|2024_PLUS
101272984:3.1,101272984,Targeting Hypoxic Deep-Seated Tumours with Ru(II)-Rhodamine Complexes via Sonodynamic Therapy,8,0.05257035327424715,3.1,"By 2030, reduce the global maternal mortality ratio to less than 70 per 100,000 live births",http://data.europa.eu/sdg/3.1,HORIZON_EUROPE|2024_PLUS
101272984:3.8,101272984,Targeting Hypoxic Deep-Seated Tumours with Ru(II)-Rhodamine Complexes via Sonodynamic Therapy,9,0.04509928815628139,3.8,"Achieve universal health coverage, including financial risk protection, access to quality essential health-care services and access to safe, effective, quality and affordable essential medicines and vaccines for all",http://data.europa.eu/sdg/3.8,HORIZON_EUROPE|2024_PLUS
101272984:13.1,101272984,Targeting Hypoxic Deep-Seated Tumours with Ru(II)-Rhodamine Complexes via Sonodynamic Therapy,10,0.04501945620823195,13.1,Strengthen resilience and adaptive capacity to climate-related hazards and natural disasters in all countries,http://data.europa.eu/sdg/13.1,HORIZON_EUROPE|2024_PLUS
101292269:12.4,101292269,PlAsma technologies for Remediation of Air for a cleaner environment by Development of Innovative microwave Sintered Electroceramics,1,0.45418440699851287,12.4,"By 2020, achieve the environmentally sound management of chemicals and all wastes throughout their life cycle, in accordance with agreed international frameworks, and significantly reduce their release to air, water and soil in order to minimize their adverse impacts on human health and the environment",http://data.europa.eu/sdg/12.4,HORIZON_EUROPE|2024_PLUS
101292269:9.4,101292269,PlAsma technologies for Remediation of Air for a cleaner environment by Development of Innovative microwave Sintered Electroceramics,2,0.38703629605732387,9.4,"By 2030, upgrade infrastructure and retrofit industries to make them sustainable, with increased resource-use efficiency and greater adoption of clean and environmentally sound technologies and industrial processes, with all countries taking action in accordance with their respective capabilities",http://data.europa.eu/sdg/9.4,HORIZON_EUROPE|2024_PLUS
101292269:6.3,101292269,PlAsma technologies for Remediation of Air for a cleaner environment by Development of Innovative microwave Sintered Electroceramics,3,0.38522442011278146,6.3,"By 2030, improve water quality by reducing pollution, eliminating dumping and minimizing release of hazardous chemicals and materials, halving the proportion of untreated wastewater and substantially increasing recycling and safe reuse globally",http://data.europa.eu/sdg/6.3,HORIZON_EUROPE|2024_PLUS
101292269:12.5,101292269,PlAsma technologies for Remediation of Air for a cleaner environment by Development of Innovative microwave Sintered Electroceramics,4,0.3560358809350735,12.5,"By 2030, substantially reduce waste generation through prevention, reduction, recycling and reuse",http://data.europa.eu/sdg/12.5,HORIZON_EUROPE|2024_PLUS
101292269:9.2,101292269,PlAsma technologies for Remediation of Air for a cleaner environment by Development of Innovative microwave Sintered Electroceramics,5,0.3273013352326884,9.2,"Promote inclusive and sustainable industrialization and, by 2030, significantly raise industry’s share of employment and gross domestic product, in line with national circumstances, and double its share in least developed countries",http://data.europa.eu/sdg/9.2,HORIZON_EUROPE|2024_PLUS
101292269:6.a,101292269,PlAsma technologies for Remediation of Air for a cleaner environment by Development of Innovative microwave Sintered Electroceramics,6,0.32690138783906914,6.a,"By 2030, expand international cooperation and capacity-building support to developing countries in water- and sanitation-related activities and programmes, including water harvesting, desalination, water efficiency, wastewater treatment, recycling and reuse technologies",http://data.europa.eu/sdg/6.a,HORIZON_EUROPE|2024_PLUS
101292269:11.6,101292269,PlAsma technologies for Remediation of Air for a cleaner environment by Development of Innovative microwave Sintered Electroceramics,7,0.31258557634699374,11.6,"By 2030, reduce the adverse per capita environmental impact of cities, including by paying special attention to air quality and municipal and other waste management",http://data.europa.eu/sdg/11.6,HORIZON_EUROPE|2024_PLUS
101292269:6.1,101292269,PlAsma technologies for Remediation of Air for a cleaner environment by Development of Innovative microwave Sintered Electroceramics,8,0.30940950860916583,6.1,"By 2030, achieve universal and equitable access to safe and affordable drinking water for all",http://data.europa.eu/sdg/6.1,HORIZON_EUROPE|2024_PLUS
101292269:7.3,101292269,PlAsma technologies for Remediation of Air for a cleaner environment by Development of Innovative microwave Sintered Electroceramics,9,0.30401333006731035,7.3,"By 2030, double the global rate of improvement in energy efficiency",http://data.europa.eu/sdg/7.3,HORIZON_EUROPE|2024_PLUS
101292269:7.a,101292269,PlAsma technologies for Remediation of Air for a cleaner environment by Development of Innovative microwave Sintered Electroceramics,10,0.3029545424134363,7.a,"By 2030, enhance international cooperation to facilitate access to clean energy research and technology, including renewable energy, energy efficiency and advanced and cleaner fossil-fuel technology, and promote investment in energy infrastructure and clean energy technology",http://data.europa.eu/sdg/7.a,HORIZON_EUROPE|2024_PLUS
101311070:17.6,101311070,The CIRC4FOOD Alliance: A New Ecosystem for Circular and Sustainable Functional Foods,1,0.5247028553279849,17.6,"Enhance North-South, South-South and triangular regional and international cooperation on and access to science, technology and innovation and enhance knowledge-sharing on mutually agreed terms, including through improved coordination among existing mechanisms, in particular at the United Nations level, and through a global technology facilitation mechanism",http://data.europa.eu/sdg/17.6,HORIZON_EUROPE|2024_PLUS
101311070:9.5,101311070,The CIRC4FOOD Alliance: A New Ecosystem for Circular and Sustainable Functional Foods,2,0.5016960329897566,9.5,"Enhance scientific research, upgrade the technological capabilities of industrial sectors in all countries, in particular developing countries, including, by 2030, encouraging innovation and substantially increasing the number of research and development workers per 1 million people and public and private research and development spending",http://data.europa.eu/sdg/9.5,HORIZON_EUROPE|2024_PLUS
101311070:9.b,101311070,The CIRC4FOOD Alliance: A New Ecosystem for Circular and Sustainable Functional Foods,3,0.4948254754877531,9.b,"Support domestic technology development, research and innovation in developing countries, including by ensuring a conducive policy environment for, inter alia, industrial diversification and value addition to commodities",http://data.europa.eu/sdg/9.b,HORIZON_EUROPE|2024_PLUS
101311070:17.8,101311070,The CIRC4FOOD Alliance: A New Ecosystem for Circular and Sustainable Functional Foods,4,0.47957516223217056,17.8,"Fully operationalize the technology bank and science, technology and innovation capacity-building mechanism for least developed countries by 2017 and enhance the use of enabling technology, in particular information and communications technology",http://data.europa.eu/sdg/17.8,HORIZON_EUROPE|2024_PLUS
101311070:17.16,101311070,The CIRC4FOOD Alliance: A New Ecosystem for Circular and Sustainable Functional Foods,5,0.4679504826978691,17.16,"Enhance the Global Partnership for Sustainable Development, complemented by multi-stakeholder partnerships that mobilize and share knowledge, expertise, technology and financial resources, to support the achievement of the Sustainable Development Goals in all countries, in particular developing countries",http://data.europa.eu/sdg/17.16,HORIZON_EUROPE|2024_PLUS
101311070:9.4,101311070,The CIRC4FOOD Alliance: A New Ecosystem for Circular and Sustainable Functional Foods,6,0.4677408233748669,9.4,"By 2030, upgrade infrastructure and retrofit industries to make them sustainable, with increased resource-use efficiency and greater adoption of clean and environmentally sound technologies and industrial processes, with all countries taking action in accordance with their respective capabilities",http://data.europa.eu/sdg/9.4,HORIZON_EUROPE|2024_PLUS
101311070:9.2,101311070,The CIRC4FOOD Alliance: A New Ecosystem for Circular and Sustainable Functional Foods,7,0.4535630520906737,9.2,"Promote inclusive and sustainable industrialization and, by 2030, significantly raise industry’s share of employment and gross domestic product, in line with national circumstances, and double its share in least developed countries",http://data.europa.eu/sdg/9.2,HORIZON_EUROPE|2024_PLUS
101311070:7.a,101311070,The CIRC4FOOD Alliance: A New Ecosystem for Circular and Sustainable Functional Foods,8,0.4499663149080828,7.a,"By 2030, enhance international cooperation to facilitate access to clean energy research and technology, including renewable energy, energy efficiency and advanced and cleaner fossil-fuel technology, and promote investment in energy infrastructure and clean energy technology",http://data.europa.eu/sdg/7.a,HORIZON_EUROPE|2024_PLUS
101311070:9.3,101311070,The CIRC4FOOD Alliance: A New Ecosystem for Circular and Sustainable Functional Foods,9,0.4489785254000948,9.3,"Increase the access of small-scale industrial and other enterprises, in particular in developing countries, to financial services, including affordable credit, and their integration into value chains and markets",http://data.europa.eu/sdg/9.3,HORIZON_EUROPE|2024_PLUS
101311070:17.17,101311070,The CIRC4FOOD Alliance: A New Ecosystem for Circular and Sustainable Functional Foods,10,0.4483042624509526,17.17,"Encourage and promote effective public, public-private and civil society partnerships, building on the experience and resourcing strategies of partnerships",http://data.europa.eu/sdg/17.17,HORIZON_EUROPE|2024_PLUS
101139232:7.b,101139232,6G Goal-Oriented AI-enabled Learning and Semantic Communication Networks,1,0.3240494441910757,7.b,"By 2030, expand infrastructure and upgrade technology for supplying modern and sustainable energy services for all in developing countries, in particular least developed countries, small island developing States and landlocked developing countries, in accordance with their respective programmes of support",http://data.europa.eu/sdg/7.b,HORIZON_EUROPE|2024_PLUS
101139232:9.c,101139232,6G Goal-Oriented AI-enabled Learning and Semantic Communication Networks,2,0.30757753035125845,9.c,Significantly increase access to information and communications technology and strive to provide universal and affordable access to the Internet in least developed countries by 2020,http://data.europa.eu/sdg/9.c,HORIZON_EUROPE|2024_PLUS
101139232:7.1,101139232,6G Goal-Oriented AI-enabled Learning and Semantic Communication Networks,3,0.30371340531788155,7.1,"By 2030, ensure universal access to affordable, reliable and modern energy services",http://data.europa.eu/sdg/7.1,HORIZON_EUROPE|2024_PLUS
101139232:17.8,101139232,6G Goal-Oriented AI-enabled Learning and Semantic Communication Networks,4,0.303487167745282,17.8,"Fully operationalize the technology bank and science, technology and innovation capacity-building mechanism for least developed countries by 2017 and enhance the use of enabling technology, in particular information and communications technology",http://data.europa.eu/sdg/17.8,HORIZON_EUROPE|2024_PLUS
101139232:7.a,101139232,6G Goal-Oriented AI-enabled Learning and Semantic Communication Networks,5,0.2906369718246528,7.a,"By 2030, enhance international cooperation to facilitate access to clean energy research and technology, including renewable energy, energy efficiency and advanced and cleaner fossil-fuel technology, and promote investment in energy infrastructure and clean energy technology",http://data.europa.eu/sdg/7.a,HORIZON_EUROPE|2024_PLUS
101139232:7.3,101139232,6G Goal-Oriented AI-enabled Learning and Semantic Communication Networks,6,0.2863828675432888,7.3,"By 2030, double the global rate of improvement in energy efficiency",http://data.europa.eu/sdg/7.3,HORIZON_EUROPE|2024_PLUS
101139232:9.a,101139232,6G Goal-Oriented AI-enabled Learning and Semantic Communication Networks,7,0.2844957292164196,9.a,"Facilitate sustainable and resilient infrastructure development in developing countries through enhanced financial, technological and technical support to African countries, least developed countries, landlocked developing countries and small island developing States",http://data.europa.eu/sdg/9.a,HORIZON_EUROPE|2024_PLUS
101139232:5.b,101139232,6G Goal-Oriented AI-enabled Learning and Semantic Communication Networks,8,0.2670555083252379,5.b,"Enhance the use of enabling technology, in particular information and communications technology, to promote the empowerment of women",http://data.europa.eu/sdg/5.b,HORIZON_EUROPE|2024_PLUS
101139232:2.4,101139232,6G Goal-Oriented AI-enabled Learning and Semantic Communication Networks,9,0.265958863115536,2.4,"By 2030, ensure sustainable food production systems and implement resilient agricultural practices that increase productivity and production, that help maintain ecosystems, that strengthen capacity for adaptation to climate change, extreme weather, drought, flooding and other disasters and that progressively improve land and soil quality",http://data.europa.eu/sdg/2.4,HORIZON_EUROPE|2024_PLUS
101139232:7.2,101139232,6G Goal-Oriented AI-enabled Learning and Semantic Communication Networks,10,0.25650582013157674,7.2,"By 2030, increase substantially the share of renewable energy in the global energy mix",http://data.europa.eu/sdg/7.2,HORIZON_EUROPE|2024_PLUS
101290632:12.6,101290632,STrengthening Ecodesign pathways with performance assessment Parameters for Home textiles and footwear,1,0.532674285105515,12.6,"Encourage companies, especially large and transnational companies, to adopt sustainable practices and to integrate sustainability information into their reporting cycle",http://data.europa.eu/sdg/12.6,HORIZON_EUROPE|2024_PLUS
101290632:12.7,101290632,STrengthening Ecodesign pathways with performance assessment Parameters for Home textiles and footwear,2,0.518375187188326,12.7,"Promote public procurement practices that are sustainable, in accordance with national policies and priorities",http://data.europa.eu/sdg/12.7,HORIZON_EUROPE|2024_PLUS
101290632:12.1,101290632,STrengthening Ecodesign pathways with performance assessment Parameters for Home textiles and footwear,3,0.49738252613526296,12.1,"Implement the 10‑Year Framework of Programmes on Sustainable Consumption and Production Patterns, all countries taking action, with developed countries taking the lead, taking into account the development and capabilities of developing countries",http://data.europa.eu/sdg/12.1,HORIZON_EUROPE|2024_PLUS
101290632:12.4,101290632,STrengthening Ecodesign pathways with performance assessment Parameters for Home textiles and footwear,4,0.48183703636432107,12.4,"By 2020, achieve the environmentally sound management of chemicals and all wastes throughout their life cycle, in accordance with agreed international frameworks, and significantly reduce their release to air, water and soil in order to minimize their adverse impacts on human health and the environment",http://data.europa.eu/sdg/12.4,HORIZON_EUROPE|2024_PLUS
101290632:12.5,101290632,STrengthening Ecodesign pathways with performance assessment Parameters for Home textiles and footwear,5,0.47762175020241876,12.5,"By 2030, substantially reduce waste generation through prevention, reduction, recycling and reuse",http://data.europa.eu/sdg/12.5,HORIZON_EUROPE|2024_PLUS
101290632:12.a,101290632,STrengthening Ecodesign pathways with performance assessment Parameters for Home textiles and footwear,6,0.464517984690014,12.a,Support developing countries to strengthen their scientific and technological capacity to move towards more sustainable patterns of consumption and production,http://data.europa.eu/sdg/12.a,HORIZON_EUROPE|2024_PLUS
101290632:12.2,101290632,STrengthening Ecodesign pathways with performance assessment Parameters for Home textiles and footwear,7,0.44293257236582084,12.2,"By 2030, achieve the sustainable management and efficient use of natural resources",http://data.europa.eu/sdg/12.2,HORIZON_EUROPE|2024_PLUS
101290632:8.4,101290632,STrengthening Ecodesign pathways with performance assessment Parameters for Home textiles and footwear,8,0.44163863815893745,8.4,"Improve progressively, through 2030, global resource efficiency in consumption and production and endeavour to decouple economic growth from environmental degradation, in accordance with the 10‑Year Framework of Programmes on Sustainable Consumption and Production, with developed countries taking the lead",http://data.europa.eu/sdg/8.4,HORIZON_EUROPE|2024_PLUS
101290632:12.3,101290632,STrengthening Ecodesign pathways with performance assessment Parameters for Home textiles and footwear,9,0.42615575050536164,12.3,"By 2030,halve per capita global food waste at the retail and consumer levels and reduce food losses along production and supply chains, including post-harvest losses",http://data.europa.eu/sdg/12.3,HORIZON_EUROPE|2024_PLUS
101290632:17.19,101290632,STrengthening Ecodesign pathways with performance assessment Parameters for Home textiles and footwear,10,0.42410730625261495,17.19,"By 2030, build on existing initiatives to develop measurements of progress on sustainable development that complement gross domestic product, and support statistical capacity-building in developing countries",http://data.europa.eu/sdg/17.19,HORIZON_EUROPE|2024_PLUS
101215427:10.5,101215427,EQUIP-G - European QUantum Infrastructure Project for Gravimetry,1,0.19764175251359156,10.5,Improve the regulation and monitoring of global financial markets and institutions and strengthen the implementation of such regulations,http://data.europa.eu/sdg/10.5,HORIZON_EUROPE|2024_PLUS
101215427:17.10,101215427,EQUIP-G - European QUantum Infrastructure Project for Gravimetry,2,0.19286782411437203,17.10,"Promote a universal, rules-based, open, non‑discriminatory and equitable multilateral trading system under the World Trade Organization, including through the conclusion of negotiations under its Doha Development Agenda",http://data.europa.eu/sdg/17.10,HORIZON_EUROPE|2024_PLUS
101215427:17.6,101215427,EQUIP-G - European QUantum Infrastructure Project for Gravimetry,3,0.19215841558939392,17.6,"Enhance North-South, South-South and triangular regional and international cooperation on and access to science, technology and innovation and enhance knowledge-sharing on mutually agreed terms, including through improved coordination among existing mechanisms, in particular at the United Nations level, and through a global technology facilitation mechanism",http://data.europa.eu/sdg/17.6,HORIZON_EUROPE|2024_PLUS
101215427:7.2,101215427,EQUIP-G - European QUantum Infrastructure Project for Gravimetry,4,0.18634271516225648,7.2,"By 2030, increase substantially the share of renewable energy in the global energy mix",http://data.europa.eu/sdg/7.2,HORIZON_EUROPE|2024_PLUS
101215427:17.8,101215427,EQUIP-G - European QUantum Infrastructure Project for Gravimetry,5,0.1739118215312353,17.8,"Fully operationalize the technology bank and science, technology and innovation capacity-building mechanism for least developed countries by 2017 and enhance the use of enabling technology, in particular information and communications technology",http://data.europa.eu/sdg/17.8,HORIZON_EUROPE|2024_PLUS
101215427:17.19,101215427,EQUIP-G - European QUantum Infrastructure Project for Gravimetry,6,0.17235498165812996,17.19,"By 2030, build on existing initiatives to develop measurements of progress on sustainable development that complement gross domestic product, and support statistical capacity-building in developing countries",http://data.europa.eu/sdg/17.19,HORIZON_EUROPE|2024_PLUS
101215427:7.1,101215427,EQUIP-G - European QUantum Infrastructure Project for Gravimetry,7,0.17193787046428516,7.1,"By 2030, ensure universal access to affordable, reliable and modern energy services",http://data.europa.eu/sdg/7.1,HORIZON_EUROPE|2024_PLUS
101215427:7.a,101215427,EQUIP-G - European QUantum Infrastructure Project for Gravimetry,8,0.17029761748040803,7.a,"By 2030, enhance international cooperation to facilitate access to clean energy research and technology, including renewable energy, energy efficiency and advanced and cleaner fossil-fuel technology, and promote investment in energy infrastructure and clean energy technology",http://data.europa.eu/sdg/7.a,HORIZON_EUROPE|2024_PLUS
101215427:9.1,101215427,EQUIP-G - European QUantum Infrastructure Project for Gravimetry,9,0.16730170619529672,9.1,"Develop quality, reliable, sustainable and resilient infrastructure, including regional and transborder infrastructure, to support economic development and human well-being, with a focus on affordable and equitable access for all",http://data.europa.eu/sdg/9.1,HORIZON_EUROPE|2024_PLUS
101215427:17.16,101215427,EQUIP-G - European QUantum Infrastructure Project for Gravimetry,10,0.1622139894547144,17.16,"Enhance the Global Partnership for Sustainable Development, complemented by multi-stakeholder partnerships that mobilize and share knowledge, expertise, technology and financial resources, to support the achievement of the Sustainable Development Goals in all countries, in particular developing countries",http://data.europa.eu/sdg/17.16,HORIZON_EUROPE|2024_PLUS
101181294:15.9,101181294,Biodiversity Meets Data,1,0.5558428836122424,15.9,"By 2020, integrate ecosystem and biodiversity values into national and local planning, development processes, poverty reduction strategies and accounts",http://data.europa.eu/sdg/15.9,HORIZON_EUROPE|2024_PLUS
101181294:15.1,101181294,Biodiversity Meets Data,2,0.542862481256634,15.1,"By 2020, ensure the conservation, restoration and sustainable use of terrestrial and inland freshwater ecosystems and their services, in particular forests, wetlands, mountains and drylands, in line with obligations under international agreements",http://data.europa.eu/sdg/15.1,HORIZON_EUROPE|2024_PLUS
101181294:15.5,101181294,Biodiversity Meets Data,3,0.5375411526379434,15.5,"Take urgent and significant action to reduce the degradation of natural habitats, halt the loss of biodiversity and, by 2020, protect and prevent the extinction of threatened species",http://data.europa.eu/sdg/15.5,HORIZON_EUROPE|2024_PLUS
101181294:15.a,101181294,Biodiversity Meets Data,4,0.5185478474064124,15.a,Mobilize and significantly increase financial resources from all sources to conserve and sustainably use biodiversity and ecosystems,http://data.europa.eu/sdg/15.a,HORIZON_EUROPE|2024_PLUS
101181294:15.6,101181294,Biodiversity Meets Data,5,0.5144134033001697,15.6,"Promote fair and equitable sharing of the benefits arising from the utilization of genetic resources and promote appropriate access to such resources, as internationally agreed",http://data.europa.eu/sdg/15.6,HORIZON_EUROPE|2024_PLUS
101181294:15.8,101181294,Biodiversity Meets Data,6,0.48989813652401193,15.8,"By 2020, introduce measures to prevent the introduction and significantly reduce the impact of invasive alien species on land and water ecosystems and control or eradicate the priority species",http://data.europa.eu/sdg/15.8,HORIZON_EUROPE|2024_PLUS
101181294:15.3,101181294,Biodiversity Meets Data,7,0.4718023387629001,15.3,"By 2030, combat desertification, restore degraded land and soil, including land affected by desertification, drought and floods, and strive to achieve a land degradation-neutral world",http://data.europa.eu/sdg/15.3,HORIZON_EUROPE|2024_PLUS
101181294:15.c,101181294,Biodiversity Meets Data,8,0.46524920723672025,15.c,"Enhance global support for efforts to combat poaching and trafficking of protected species, including by increasing the capacity of local communities to pursue sustainable livelihood opportunities",http://data.europa.eu/sdg/15.c,HORIZON_EUROPE|2024_PLUS
101181294:15.2,101181294,Biodiversity Meets Data,9,0.45970373954986027,15.2,"By 2020, promote the implementation of sustainable management of all types of forests, halt deforestation, restore degraded forests and substantially increase afforestation and reforestation globally",http://data.europa.eu/sdg/15.2,HORIZON_EUROPE|2024_PLUS
101181294:15.4,101181294,Biodiversity Meets Data,10,0.4584120227862846,15.4,"By 2030, ensure the conservation of mountain ecosystems, including their biodiversity, in order to enhance their capacity to provide benefits that are essential for sustainable development",http://data.europa.eu/sdg/15.4,HORIZON_EUROPE|2024_PLUS
101135707:11.2,101135707,Multi-Modal and Multi-Aspect Holistic Human-Robot Interaction,1,0.33873228297307756,11.2,"By 2030, provide access to safe, affordable, accessible and sustainable transport systems for all, improving road safety, notably by expanding public transport, with special attention to the needs of those in vulnerable situations, women, children, persons with disabilities and older persons",http://data.europa.eu/sdg/11.2,HORIZON_EUROPE|2024_PLUS
101135707:11.1,101135707,Multi-Modal and Multi-Aspect Holistic Human-Robot Interaction,2,0.3306492828878715,11.1,"By 2030, ensure access for all to adequate, safe and affordable housing and basic services and upgrade slums",http://data.europa.eu/sdg/11.1,HORIZON_EUROPE|2024_PLUS
101135707:11.7,101135707,Multi-Modal and Multi-Aspect Holistic Human-Robot Interaction,3,0.32560940342752476,11.7,"By 2030, provide universal access to safe, inclusive and accessible, green and public spaces, in particular for women and children, older persons and persons with disabilities",http://data.europa.eu/sdg/11.7,HORIZON_EUROPE|2024_PLUS
101135707:9.2,101135707,Multi-Modal and Multi-Aspect Holistic Human-Robot Interaction,4,0.31799509179913776,9.2,"Promote inclusive and sustainable industrialization and, by 2030, significantly raise industry’s share of employment and gross domestic product, in line with national circumstances, and double its share in least developed countries",http://data.europa.eu/sdg/9.2,HORIZON_EUROPE|2024_PLUS
101135707:9.b,101135707,Multi-Modal and Multi-Aspect Holistic Human-Robot Interaction,5,0.31773220521449574,9.b,"Support domestic technology development, research and innovation in developing countries, including by ensuring a conducive policy environment for, inter alia, industrial diversification and value addition to commodities",http://data.europa.eu/sdg/9.b,HORIZON_EUROPE|2024_PLUS
101135707:9.5,101135707,Multi-Modal and Multi-Aspect Holistic Human-Robot Interaction,6,0.3136611428863201,9.5,"Enhance scientific research, upgrade the technological capabilities of industrial sectors in all countries, in particular developing countries, including, by 2030, encouraging innovation and substantially increasing the number of research and development workers per 1 million people and public and private research and development spending",http://data.europa.eu/sdg/9.5,HORIZON_EUROPE|2024_PLUS
101135707:11.b,101135707,Multi-Modal and Multi-Aspect Holistic Human-Robot Interaction,7,0.3124558255967706,11.b,"By 2020, substantially increase the number of cities and human settlements adopting and implementing integrated policies and plans towards inclusion, resource efficiency, mitigation and adaptation to climate change, resilience to disasters, and develop and implement, in line with the Sendai Framework for Disaster Risk Reduction 2015–2030, holistic disaster risk management at all levels",http://data.europa.eu/sdg/11.b,HORIZON_EUROPE|2024_PLUS
101135707:8.5,101135707,Multi-Modal and Multi-Aspect Holistic Human-Robot Interaction,8,0.31079934029390816,8.5,"By 2030, achieve full and productive employment and decent work for all women and men, including for young people and persons with disabilities, and equal pay for work of equal value",http://data.europa.eu/sdg/8.5,HORIZON_EUROPE|2024_PLUS
101135707:11.3,101135707,Multi-Modal and Multi-Aspect Holistic Human-Robot Interaction,9,0.3047252691945613,11.3,"By 2030, enhance inclusive and sustainable urbanization and capacity for participatory, integrated and sustainable human settlement planning and management in all countries",http://data.europa.eu/sdg/11.3,HORIZON_EUROPE|2024_PLUS
101135707:11.a,101135707,Multi-Modal and Multi-Aspect Holistic Human-Robot Interaction,10,0.3039516644437231,11.a,"Support positive economic, social and environmental links between urban, peri-urban and rural areas by strengthening national and regional development planning",http://data.europa.eu/sdg/11.a,HORIZON_EUROPE|2024_PLUS
101305477:9.5,101305477,Share and develop scientific knowledge in society with support of studying STEM areas and choosing science career,1,0.4992621496587518,9.5,"Enhance scientific research, upgrade the technological capabilities of industrial sectors in all countries, in particular developing countries, including, by 2030, encouraging innovation and substantially increasing the number of research and development workers per 1 million people and public and private research and development spending",http://data.europa.eu/sdg/9.5,HORIZON_EUROPE|2024_PLUS
101305477:4.7,101305477,Share and develop scientific knowledge in society with support of studying STEM areas and choosing science career,2,0.4666465292575621,4.7,"By 2030, ensure that all learners acquire the knowledge and skills needed to promote sustainable development, including, among others, through education for sustainable development and sustainable lifestyles, human rights, gender equality, promotion of a culture of peace and non-violence, global citizenship and appreciation of cultural diversity and of culture’s contribution to sustainable development",http://data.europa.eu/sdg/4.7,HORIZON_EUROPE|2024_PLUS
101305477:17.6,101305477,Share and develop scientific knowledge in society with support of studying STEM areas and choosing science career,3,0.44602012481254905,17.6,"Enhance North-South, South-South and triangular regional and international cooperation on and access to science, technology and innovation and enhance knowledge-sharing on mutually agreed terms, including through improved coordination among existing mechanisms, in particular at the United Nations level, and through a global technology facilitation mechanism",http://data.europa.eu/sdg/17.6,HORIZON_EUROPE|2024_PLUS
101305477:4.4,101305477,Share and develop scientific knowledge in society with support of studying STEM areas and choosing science career,4,0.4400973383386667,4.4,"By 2030, substantially increase the number of youth and adults who have relevant skills, including technical and vocational skills, for employment, decent jobs and entrepreneurship",http://data.europa.eu/sdg/4.4,HORIZON_EUROPE|2024_PLUS
101305477:12.8,101305477,Share and develop scientific knowledge in society with support of studying STEM areas and choosing science career,5,0.4389870376552801,12.8,"By 2030, ensure that people everywhere have the relevant information and awareness for sustainable development and lifestyles in harmony with nature",http://data.europa.eu/sdg/12.8,HORIZON_EUROPE|2024_PLUS
101305477:17.7,101305477,Share and develop scientific knowledge in society with support of studying STEM areas and choosing science career,6,0.4286402596729666,17.7,"Promote the development, transfer, dissemination and diffusion of environmentally sound technologies to developing countries on favourable terms, including on concessional and preferential terms, as mutually agreed",http://data.europa.eu/sdg/17.7,HORIZON_EUROPE|2024_PLUS
101305477:4.6,101305477,Share and develop scientific knowledge in society with support of studying STEM areas and choosing science career,7,0.42344200995483894,4.6,"By 2030, ensure that all youth and a substantial proportion of adults, both men and women, achieve literacy and numeracy",http://data.europa.eu/sdg/4.6,HORIZON_EUROPE|2024_PLUS
101305477:12.4,101305477,Share and develop scientific knowledge in society with support of studying STEM areas and choosing science career,8,0.4010511394419973,12.4,"By 2020, achieve the environmentally sound management of chemicals and all wastes throughout their life cycle, in accordance with agreed international frameworks, and significantly reduce their release to air, water and soil in order to minimize their adverse impacts on human health and the environment",http://data.europa.eu/sdg/12.4,HORIZON_EUROPE|2024_PLUS
101305477:4.1,101305477,Share and develop scientific knowledge in society with support of studying STEM areas and choosing science career,9,0.39998204583972025,4.1,"By 2030, ensure that all girls and boys complete free, equitable and quality primary and secondary education leading to relevant and effective learning outcomes",http://data.europa.eu/sdg/4.1,HORIZON_EUROPE|2024_PLUS
101305477:4.2,101305477,Share and develop scientific knowledge in society with support of studying STEM areas and choosing science career,10,0.39683981720238737,4.2,"By 2030, ensure that all girls and boys have access to quality early childhood development, care and pre‑primary education so that they are ready for primary education",http://data.europa.eu/sdg/4.2,HORIZON_EUROPE|2024_PLUS
101110216:12.5,101110216,Understanding the origins of dendrite formation and growth in LLZO solid electrolytes,1,0.16594437073562696,12.5,"By 2030, substantially reduce waste generation through prevention, reduction, recycling and reuse",http://data.europa.eu/sdg/12.5,HORIZON_EUROPE|2024_PLUS
101110216:7.2,101110216,Understanding the origins of dendrite formation and growth in LLZO solid electrolytes,2,0.165268908811661,7.2,"By 2030, increase substantially the share of renewable energy in the global energy mix",http://data.europa.eu/sdg/7.2,HORIZON_EUROPE|2024_PLUS
101110216:12.4,101110216,Understanding the origins of dendrite formation and growth in LLZO solid electrolytes,3,0.15080387436640263,12.4,"By 2020, achieve the environmentally sound management of chemicals and all wastes throughout their life cycle, in accordance with agreed international frameworks, and significantly reduce their release to air, water and soil in order to minimize their adverse impacts on human health and the environment",http://data.europa.eu/sdg/12.4,HORIZON_EUROPE|2024_PLUS
101110216:7.a,101110216,Understanding the origins of dendrite formation and growth in LLZO solid electrolytes,4,0.14754089140168178,7.a,"By 2030, enhance international cooperation to facilitate access to clean energy research and technology, including renewable energy, energy efficiency and advanced and cleaner fossil-fuel technology, and promote investment in energy infrastructure and clean energy technology",http://data.europa.eu/sdg/7.a,HORIZON_EUROPE|2024_PLUS
101110216:9.5,101110216,Understanding the origins of dendrite formation and growth in LLZO solid electrolytes,5,0.13187058020152598,9.5,"Enhance scientific research, upgrade the technological capabilities of industrial sectors in all countries, in particular developing countries, including, by 2030, encouraging innovation and substantially increasing the number of research and development workers per 1 million people and public and private research and development spending",http://data.europa.eu/sdg/9.5,HORIZON_EUROPE|2024_PLUS
101110216:14.3,101110216,Understanding the origins of dendrite formation and growth in LLZO solid electrolytes,6,0.12622535645215735,14.3,"Minimize and address the impacts of ocean acidification, including through enhanced scientific cooperation at all levels",http://data.europa.eu/sdg/14.3,HORIZON_EUROPE|2024_PLUS
101110216:7.1,101110216,Understanding the origins of dendrite formation and growth in LLZO solid electrolytes,7,0.12290780891267201,7.1,"By 2030, ensure universal access to affordable, reliable and modern energy services",http://data.europa.eu/sdg/7.1,HORIZON_EUROPE|2024_PLUS
101110216:9.b,101110216,Understanding the origins of dendrite formation and growth in LLZO solid electrolytes,8,0.1203986505737212,9.b,"Support domestic technology development, research and innovation in developing countries, including by ensuring a conducive policy environment for, inter alia, industrial diversification and value addition to commodities",http://data.europa.eu/sdg/9.b,HORIZON_EUROPE|2024_PLUS
101110216:17.6,101110216,Understanding the origins of dendrite formation and growth in LLZO solid electrolytes,9,0.11672588012634778,17.6,"Enhance North-South, South-South and triangular regional and international cooperation on and access to science, technology and innovation and enhance knowledge-sharing on mutually agreed terms, including through improved coordination among existing mechanisms, in particular at the United Nations level, and through a global technology facilitation mechanism",http://data.europa.eu/sdg/17.6,HORIZON_EUROPE|2024_PLUS
101110216:7.b,101110216,Understanding the origins of dendrite formation and growth in LLZO solid electrolytes,10,0.11324509610815658,7.b,"By 2030, expand infrastructure and upgrade technology for supplying modern and sustainable energy services for all in developing countries, in particular least developed countries, small island developing States and landlocked developing countries, in accordance with their respective programmes of support",http://data.europa.eu/sdg/7.b,HORIZON_EUROPE|2024_PLUS
101146868:11.a,101146868,Syntactic functionality of motion verbs in Italo-Romance,1,0.14548089196512984,11.a,"Support positive economic, social and environmental links between urban, peri-urban and rural areas by strengthening national and regional development planning",http://data.europa.eu/sdg/11.a,HORIZON_EUROPE|2024_PLUS
101146868:8.9,101146868,Syntactic functionality of motion verbs in Italo-Romance,2,0.1280006597337335,8.9,"By 2030, devise and implement policies to promote sustainable tourism that creates jobs and promotes local culture and products",http://data.europa.eu/sdg/8.9,HORIZON_EUROPE|2024_PLUS
101146868:17.6,101146868,Syntactic functionality of motion verbs in Italo-Romance,3,0.11597937636538302,17.6,"Enhance North-South, South-South and triangular regional and international cooperation on and access to science, technology and innovation and enhance knowledge-sharing on mutually agreed terms, including through improved coordination among existing mechanisms, in particular at the United Nations level, and through a global technology facilitation mechanism",http://data.europa.eu/sdg/17.6,HORIZON_EUROPE|2024_PLUS
101146868:12.b,101146868,Syntactic functionality of motion verbs in Italo-Romance,4,0.1105164144504173,12.b,Develop and implement tools to monitor sustainable development impacts for sustainable tourism that creates jobs and promotes local culture and products,http://data.europa.eu/sdg/12.b,HORIZON_EUROPE|2024_PLUS
101146868:11.c,101146868,Syntactic functionality of motion verbs in Italo-Romance,5,0.10505796380580572,11.c,"Support least developed countries, including through financial and technical assistance, in building sustainable and resilient buildings utilizing local materials",http://data.europa.eu/sdg/11.c,HORIZON_EUROPE|2024_PLUS
101146868:14.c,101146868,Syntactic functionality of motion verbs in Italo-Romance,6,0.10229592191562101,14.c,"Enhance the conservation and sustainable use of oceans and their resources by implementing international law as reflected in the United Nations Convention on the Law of the Sea, which provides the legal framework for the conservation and sustainable use of oceans and their resources, as recalled in paragraph 158 of “The future we want”",http://data.europa.eu/sdg/14.c,HORIZON_EUROPE|2024_PLUS
101146868:11.3,101146868,Syntactic functionality of motion verbs in Italo-Romance,7,0.10016362673474392,11.3,"By 2030, enhance inclusive and sustainable urbanization and capacity for participatory, integrated and sustainable human settlement planning and management in all countries",http://data.europa.eu/sdg/11.3,HORIZON_EUROPE|2024_PLUS
101146868:11.4,101146868,Syntactic functionality of motion verbs in Italo-Romance,8,0.09436247195914726,11.4,Strengthen efforts to protect and safeguard the world’s cultural and natural heritage,http://data.europa.eu/sdg/11.4,HORIZON_EUROPE|2024_PLUS
101146868:10.7,101146868,Syntactic functionality of motion verbs in Italo-Romance,9,0.09290871968310706,10.7,"Facilitate orderly, safe, regular and responsible migration and mobility of people, including through the implementation of planned and well-managed migration policies",http://data.europa.eu/sdg/10.7,HORIZON_EUROPE|2024_PLUS
101146868:6.b,101146868,Syntactic functionality of motion verbs in Italo-Romance,10,0.08575150980549795,6.b,Support and strengthen the participation of local communities in improving water and sanitation management,http://data.europa.eu/sdg/6.b,HORIZON_EUROPE|2024_PLUS
101105041:17.6,101105041,Targeting R2TP/TTT/WAC/mTOR complex in ovarian cancer.,1,0.1995805037747217,17.6,"Enhance North-South, South-South and triangular regional and international cooperation on and access to science, technology and innovation and enhance knowledge-sharing on mutually agreed terms, including through improved coordination among existing mechanisms, in particular at the United Nations level, and through a global technology facilitation mechanism",http://data.europa.eu/sdg/17.6,HORIZON_EUROPE|2024_PLUS
101105041:3.c,101105041,Targeting R2TP/TTT/WAC/mTOR complex in ovarian cancer.,2,0.17870707889344473,3.c,"Substantially increase health financing and the recruitment, development, training and retention of the health workforce in developing countries, especially in least developed countries and small island developing States",http://data.europa.eu/sdg/3.c,HORIZON_EUROPE|2024_PLUS
101105041:3.b,101105041,Targeting R2TP/TTT/WAC/mTOR complex in ovarian cancer.,3,0.17756077197349796,3.b,"Support the research and development of vaccines and medicines for the communicable and non‑communicable diseases that primarily affect developing countries, provide access to affordable essential medicines and vaccines, in accordance with the Doha Declaration on the TRIPS Agreement and Public Health, which affirms the right of developing countries to use to the full the provisions in the Agreement on Trade-Related Aspects of Intellectual Property Rights regarding flexibilities to protect public health, and, in particular, provide access to medicines for all",http://data.europa.eu/sdg/3.b,HORIZON_EUROPE|2024_PLUS
101105041:3.5,101105041,Targeting R2TP/TTT/WAC/mTOR complex in ovarian cancer.,4,0.1746996379670063,3.5,"Strengthen the prevention and treatment of substance abuse, including narcotic drug abuse and harmful use of alcohol",http://data.europa.eu/sdg/3.5,HORIZON_EUROPE|2024_PLUS
101105041:3.3,101105041,Targeting R2TP/TTT/WAC/mTOR complex in ovarian cancer.,5,0.17466510975383154,3.3,"By 2030, end the epidemics of AIDS, tuberculosis, malaria and neglected tropical diseases and combat hepatitis, water-borne diseases and other communicable diseases",http://data.europa.eu/sdg/3.3,HORIZON_EUROPE|2024_PLUS
101105041:3.8,101105041,Targeting R2TP/TTT/WAC/mTOR complex in ovarian cancer.,6,0.17361692082932564,3.8,"Achieve universal health coverage, including financial risk protection, access to quality essential health-care services and access to safe, effective, quality and affordable essential medicines and vaccines for all",http://data.europa.eu/sdg/3.8,HORIZON_EUROPE|2024_PLUS
101105041:3.a,101105041,Targeting R2TP/TTT/WAC/mTOR complex in ovarian cancer.,7,0.16984190103694405,3.a,"Strengthen the implementation of the World Health Organization Framework Convention on Tobacco Control in all countries, as appropriate",http://data.europa.eu/sdg/3.a,HORIZON_EUROPE|2024_PLUS
101105041:4.3,101105041,Targeting R2TP/TTT/WAC/mTOR complex in ovarian cancer.,8,0.16938302757985216,4.3,"By 2030, ensure equal access for all women and men to affordable and quality technical, vocational and tertiary education, including university",http://data.europa.eu/sdg/4.3,HORIZON_EUROPE|2024_PLUS
101105041:4.5,101105041,Targeting R2TP/TTT/WAC/mTOR complex in ovarian cancer.,9,0.166009047771767,4.5,"By 2030, eliminate gender disparities in education and ensure equal access to all levels of education and vocational training for the vulnerable, including persons with disabilities, indigenous peoples and children in vulnerable situations",http://data.europa.eu/sdg/4.5,HORIZON_EUROPE|2024_PLUS
101105041:3.4,101105041,Targeting R2TP/TTT/WAC/mTOR complex in ovarian cancer.,10,0.16156803870325173,3.4,"By 2030, reduce by one third premature mortality from non-communicable diseases through prevention and treatment and promote mental health and well-being",http://data.europa.eu/sdg/3.4,HORIZON_EUROPE|2024_PLUS
101312023:6.3,101312023,Disinfection through Electrochemical Ion-Oriented Neutralization,1,0.4856015991707349,6.3,"By 2030, improve water quality by reducing pollution, eliminating dumping and minimizing release of hazardous chemicals and materials, halving the proportion of untreated wastewater and substantially increasing recycling and safe reuse globally",http://data.europa.eu/sdg/6.3,HORIZON_EUROPE|2024_PLUS
101312023:6.a,101312023,Disinfection through Electrochemical Ion-Oriented Neutralization,2,0.45262031373478984,6.a,"By 2030, expand international cooperation and capacity-building support to developing countries in water- and sanitation-related activities and programmes, including water harvesting, desalination, water efficiency, wastewater treatment, recycling and reuse technologies",http://data.europa.eu/sdg/6.a,HORIZON_EUROPE|2024_PLUS
101312023:12.4,101312023,Disinfection through Electrochemical Ion-Oriented Neutralization,3,0.441566547364517,12.4,"By 2020, achieve the environmentally sound management of chemicals and all wastes throughout their life cycle, in accordance with agreed international frameworks, and significantly reduce their release to air, water and soil in order to minimize their adverse impacts on human health and the environment",http://data.europa.eu/sdg/12.4,HORIZON_EUROPE|2024_PLUS
101312023:6.5,101312023,Disinfection through Electrochemical Ion-Oriented Neutralization,4,0.436323305302842,6.5,"By 2030, implement integrated water resources management at all levels, including through transboundary cooperation as appropriate",http://data.europa.eu/sdg/6.5,HORIZON_EUROPE|2024_PLUS
101312023:6.1,101312023,Disinfection through Electrochemical Ion-Oriented Neutralization,5,0.40096112977394105,6.1,"By 2030, achieve universal and equitable access to safe and affordable drinking water for all",http://data.europa.eu/sdg/6.1,HORIZON_EUROPE|2024_PLUS
101312023:6.2,101312023,Disinfection through Electrochemical Ion-Oriented Neutralization,6,0.3987116136950204,6.2,"By 2030, achieve access to adequate and equitable sanitation and hygiene for all and end open defecation, paying special attention to the needs of women and girls and those in vulnerable situations",http://data.europa.eu/sdg/6.2,HORIZON_EUROPE|2024_PLUS
101312023:6.4,101312023,Disinfection through Electrochemical Ion-Oriented Neutralization,7,0.3889769448636599,6.4,"By 2030, substantially increase water-use efficiency across all sectors and ensure sustainable withdrawals and supply of freshwater to address water scarcity and substantially reduce the number of people suffering from water scarcity",http://data.europa.eu/sdg/6.4,HORIZON_EUROPE|2024_PLUS
101312023:6.6,101312023,Disinfection through Electrochemical Ion-Oriented Neutralization,8,0.36102116568211134,6.6,"By 2020, protect and restore water-related ecosystems, including mountains, forests, wetlands, rivers, aquifers and lakes",http://data.europa.eu/sdg/6.6,HORIZON_EUROPE|2024_PLUS
101312023:9.4,101312023,Disinfection through Electrochemical Ion-Oriented Neutralization,9,0.34757093273589557,9.4,"By 2030, upgrade infrastructure and retrofit industries to make them sustainable, with increased resource-use efficiency and greater adoption of clean and environmentally sound technologies and industrial processes, with all countries taking action in accordance with their respective capabilities",http://data.europa.eu/sdg/9.4,HORIZON_EUROPE|2024_PLUS
101312023:14.1,101312023,Disinfection through Electrochemical Ion-Oriented Neutralization,10,0.32514495855619874,14.1,"By 2025, prevent and significantly reduce marine pollution of all kinds, in particular from land-based activities, including marine debris and nutrient pollution",http://data.europa.eu/sdg/14.1,HORIZON_EUROPE|2024_PLUS
101274912:13.a,101274912,Hydrodynamic theory for strongly coupled quantum plasmas,1,0.11224111302111829,13.a,Implement the commitment undertaken by developed-country parties to the United Nations Framework Convention on Climate Change to a goal of mobilizing jointly $100 billion annually by 2020 from all sources to address the needs of developing countries in the context of meaningful mitigation actions and transparency on implementation and fully operationalize the Green Climate Fund through its capitalization as soon as possible,http://data.europa.eu/sdg/13.a,HORIZON_EUROPE|2024_PLUS
101274912:13.2,101274912,Hydrodynamic theory for strongly coupled quantum plasmas,2,0.10437549260028757,13.2,"Integrate climate change measures into national policies, strategies and planning",http://data.europa.eu/sdg/13.2,HORIZON_EUROPE|2024_PLUS
101274912:13.3,101274912,Hydrodynamic theory for strongly coupled quantum plasmas,3,0.09506130819182074,13.3,"Improve education, awareness-raising and human and institutional capacity on climate change mitigation, adaptation, impact reduction and early warning",http://data.europa.eu/sdg/13.3,HORIZON_EUROPE|2024_PLUS
101274912:11.b,101274912,Hydrodynamic theory for strongly coupled quantum plasmas,4,0.09479175078019357,11.b,"By 2020, substantially increase the number of cities and human settlements adopting and implementing integrated policies and plans towards inclusion, resource efficiency, mitigation and adaptation to climate change, resilience to disasters, and develop and implement, in line with the Sendai Framework for Disaster Risk Reduction 2015–2030, holistic disaster risk management at all levels",http://data.europa.eu/sdg/11.b,HORIZON_EUROPE|2024_PLUS
101274912:17.17,101274912,Hydrodynamic theory for strongly coupled quantum plasmas,5,0.09196022888868105,17.17,"Encourage and promote effective public, public-private and civil society partnerships, building on the experience and resourcing strategies of partnerships",http://data.europa.eu/sdg/17.17,HORIZON_EUROPE|2024_PLUS
101274912:13.1,101274912,Hydrodynamic theory for strongly coupled quantum plasmas,6,0.08605986016811806,13.1,Strengthen resilience and adaptive capacity to climate-related hazards and natural disasters in all countries,http://data.europa.eu/sdg/13.1,HORIZON_EUROPE|2024_PLUS
101274912:17.10,101274912,Hydrodynamic theory for strongly coupled quantum plasmas,7,0.08440297918541403,17.10,"Promote a universal, rules-based, open, non‑discriminatory and equitable multilateral trading system under the World Trade Organization, including through the conclusion of negotiations under its Doha Development Agenda",http://data.europa.eu/sdg/17.10,HORIZON_EUROPE|2024_PLUS
101274912:1.b,101274912,Hydrodynamic theory for strongly coupled quantum plasmas,8,0.07837317032921705,1.b,"Create sound policy frameworks at the national, regional and international levels, based on pro-poor and gender-sensitive development strategies, to support accelerated investment in poverty eradication actions",http://data.europa.eu/sdg/1.b,HORIZON_EUROPE|2024_PLUS
101274912:17.16,101274912,Hydrodynamic theory for strongly coupled quantum plasmas,9,0.07670645442879986,17.16,"Enhance the Global Partnership for Sustainable Development, complemented by multi-stakeholder partnerships that mobilize and share knowledge, expertise, technology and financial resources, to support the achievement of the Sustainable Development Goals in all countries, in particular developing countries",http://data.europa.eu/sdg/17.16,HORIZON_EUROPE|2024_PLUS
101274912:16.7,101274912,Hydrodynamic theory for strongly coupled quantum plasmas,10,0.07661787382078715,16.7,"Ensure responsive, inclusive, participatory and representative decision-making at all levels",http://data.europa.eu/sdg/16.7,HORIZON_EUROPE|2024_PLUS
101168124:11.b,101168124,Preparedness for society in health crises and disasters,1,0.49786466991995404,11.b,"By 2020, substantially increase the number of cities and human settlements adopting and implementing integrated policies and plans towards inclusion, resource efficiency, mitigation and adaptation to climate change, resilience to disasters, and develop and implement, in line with the Sendai Framework for Disaster Risk Reduction 2015–2030, holistic disaster risk management at all levels",http://data.europa.eu/sdg/11.b,HORIZON_EUROPE|2024_PLUS
101168124:13.1,101168124,Preparedness for society in health crises and disasters,2,0.4792437963000512,13.1,Strengthen resilience and adaptive capacity to climate-related hazards and natural disasters in all countries,http://data.europa.eu/sdg/13.1,HORIZON_EUROPE|2024_PLUS
101168124:11.5,101168124,Preparedness for society in health crises and disasters,3,0.42978366586223016,11.5,"By 2030, significantly reduce the number of deaths and the number of people affected and substantially decrease the direct economic losses relative to global gross domestic product caused by disasters, including water-related disasters, with a focus on protecting the poor and people in vulnerable situations",http://data.europa.eu/sdg/11.5,HORIZON_EUROPE|2024_PLUS
101168124:3.d,101168124,Preparedness for society in health crises and disasters,4,0.4094425909754819,3.d,"Strengthen the capacity of all countries, in particular developing countries, for early warning, risk reduction and management of national and global health risks",http://data.europa.eu/sdg/3.d,HORIZON_EUROPE|2024_PLUS
101168124:13.2,101168124,Preparedness for society in health crises and disasters,5,0.3755632290384684,13.2,"Integrate climate change measures into national policies, strategies and planning",http://data.europa.eu/sdg/13.2,HORIZON_EUROPE|2024_PLUS
101168124:13.3,101168124,Preparedness for society in health crises and disasters,6,0.37475529712134986,13.3,"Improve education, awareness-raising and human and institutional capacity on climate change mitigation, adaptation, impact reduction and early warning",http://data.europa.eu/sdg/13.3,HORIZON_EUROPE|2024_PLUS
101168124:1.5,101168124,Preparedness for society in health crises and disasters,7,0.36988210540287514,1.5,"By 2030, build the resilience of the poor and those in vulnerable situations and reduce their exposure and vulnerability to climate-related extreme events and other economic, social and environmental shocks and disasters",http://data.europa.eu/sdg/1.5,HORIZON_EUROPE|2024_PLUS
101168124:3.3,101168124,Preparedness for society in health crises and disasters,8,0.3622835477847707,3.3,"By 2030, end the epidemics of AIDS, tuberculosis, malaria and neglected tropical diseases and combat hepatitis, water-borne diseases and other communicable diseases",http://data.europa.eu/sdg/3.3,HORIZON_EUROPE|2024_PLUS
101168124:9.c,101168124,Preparedness for society in health crises and disasters,9,0.3550523417056729,9.c,Significantly increase access to information and communications technology and strive to provide universal and affordable access to the Internet in least developed countries by 2020,http://data.europa.eu/sdg/9.c,HORIZON_EUROPE|2024_PLUS
101168124:3.6,101168124,Preparedness for society in health crises and disasters,10,0.3530806861843396,3.6,"By 2020, halve the number of global deaths and injuries from road traffic accidents",http://data.europa.eu/sdg/3.6,HORIZON_EUROPE|2024_PLUS
101272623:17.18,101272623,String Cosmology in the AI Era,1,0.16662989618491503,17.18,"By 2020, enhance capacity-building support to developing countries, including for least developed countries and small island developing States, to increase significantly the availability of high-quality, timely and reliable data disaggregated by income, gender, age, race, ethnicity, migratory status, disability, geographic location and other characteristics relevant in national contexts",http://data.europa.eu/sdg/17.18,HORIZON_EUROPE|2024_PLUS
101272623:17.19,101272623,String Cosmology in the AI Era,2,0.14346925757643123,17.19,"By 2030, build on existing initiatives to develop measurements of progress on sustainable development that complement gross domestic product, and support statistical capacity-building in developing countries",http://data.europa.eu/sdg/17.19,HORIZON_EUROPE|2024_PLUS
101272623:4.b,101272623,String Cosmology in the AI Era,3,0.12052982527073361,4.b,"By 2020, substantially expand globally the number of scholarships available to developing countries, in particular least developed countries, small island developing States and African countries, for enrolment in higher education, including vocational training and information and communications technology, technical, engineering and scientific programmes, in developed countries and other developing countries",http://data.europa.eu/sdg/4.b,HORIZON_EUROPE|2024_PLUS
101272623:4.4,101272623,String Cosmology in the AI Era,4,0.11728754226546695,4.4,"By 2030, substantially increase the number of youth and adults who have relevant skills, including technical and vocational skills, for employment, decent jobs and entrepreneurship",http://data.europa.eu/sdg/4.4,HORIZON_EUROPE|2024_PLUS
101272623:13.a,101272623,String Cosmology in the AI Era,5,0.11457665282499321,13.a,Implement the commitment undertaken by developed-country parties to the United Nations Framework Convention on Climate Change to a goal of mobilizing jointly $100 billion annually by 2020 from all sources to address the needs of developing countries in the context of meaningful mitigation actions and transparency on implementation and fully operationalize the Green Climate Fund through its capitalization as soon as possible,http://data.europa.eu/sdg/13.a,HORIZON_EUROPE|2024_PLUS
101272623:17.8,101272623,String Cosmology in the AI Era,6,0.11364216748189257,17.8,"Fully operationalize the technology bank and science, technology and innovation capacity-building mechanism for least developed countries by 2017 and enhance the use of enabling technology, in particular information and communications technology",http://data.europa.eu/sdg/17.8,HORIZON_EUROPE|2024_PLUS
101272623:7.a,101272623,String Cosmology in the AI Era,7,0.11351428590688262,7.a,"By 2030, enhance international cooperation to facilitate access to clean energy research and technology, including renewable energy, energy efficiency and advanced and cleaner fossil-fuel technology, and promote investment in energy infrastructure and clean energy technology",http://data.europa.eu/sdg/7.a,HORIZON_EUROPE|2024_PLUS
101272623:7.3,101272623,String Cosmology in the AI Era,8,0.11120460106837601,7.3,"By 2030, double the global rate of improvement in energy efficiency",http://data.europa.eu/sdg/7.3,HORIZON_EUROPE|2024_PLUS
101272623:9.5,101272623,String Cosmology in the AI Era,9,0.1111089850701574,9.5,"Enhance scientific research, upgrade the technological capabilities of industrial sectors in all countries, in particular developing countries, including, by 2030, encouraging innovation and substantially increasing the number of research and development workers per 1 million people and public and private research and development spending",http://data.europa.eu/sdg/9.5,HORIZON_EUROPE|2024_PLUS
101272623:8.b,101272623,String Cosmology in the AI Era,10,0.10741521264524562,8.b,"By 2020, develop and operationalize a global strategy for youth employment and implement the Global Jobs Pact of the International Labour Organization",http://data.europa.eu/sdg/8.b,HORIZON_EUROPE|2024_PLUS
101169295:9.5,101169295,European Doctoral Network Enabling Artificial Intelligence for Electromagnetic Compatibility,1,0.3474658425097019,9.5,"Enhance scientific research, upgrade the technological capabilities of industrial sectors in all countries, in particular developing countries, including, by 2030, encouraging innovation and substantially increasing the number of research and development workers per 1 million people and public and private research and development spending",http://data.europa.eu/sdg/9.5,HORIZON_EUROPE|2024_PLUS
101169295:9.4,101169295,European Doctoral Network Enabling Artificial Intelligence for Electromagnetic Compatibility,2,0.31410793012013394,9.4,"By 2030, upgrade infrastructure and retrofit industries to make them sustainable, with increased resource-use efficiency and greater adoption of clean and environmentally sound technologies and industrial processes, with all countries taking action in accordance with their respective capabilities",http://data.europa.eu/sdg/9.4,HORIZON_EUROPE|2024_PLUS
101169295:9.b,101169295,European Doctoral Network Enabling Artificial Intelligence for Electromagnetic Compatibility,3,0.306379771881409,9.b,"Support domestic technology development, research and innovation in developing countries, including by ensuring a conducive policy environment for, inter alia, industrial diversification and value addition to commodities",http://data.europa.eu/sdg/9.b,HORIZON_EUROPE|2024_PLUS
101169295:9.2,101169295,European Doctoral Network Enabling Artificial Intelligence for Electromagnetic Compatibility,4,0.2732886059505468,9.2,"Promote inclusive and sustainable industrialization and, by 2030, significantly raise industry’s share of employment and gross domestic product, in line with national circumstances, and double its share in least developed countries",http://data.europa.eu/sdg/9.2,HORIZON_EUROPE|2024_PLUS
101169295:4.3,101169295,European Doctoral Network Enabling Artificial Intelligence for Electromagnetic Compatibility,5,0.2709193053585803,4.3,"By 2030, ensure equal access for all women and men to affordable and quality technical, vocational and tertiary education, including university",http://data.europa.eu/sdg/4.3,HORIZON_EUROPE|2024_PLUS
101169295:9.c,101169295,European Doctoral Network Enabling Artificial Intelligence for Electromagnetic Compatibility,6,0.2690135654820002,9.c,Significantly increase access to information and communications technology and strive to provide universal and affordable access to the Internet in least developed countries by 2020,http://data.europa.eu/sdg/9.c,HORIZON_EUROPE|2024_PLUS
101169295:17.8,101169295,European Doctoral Network Enabling Artificial Intelligence for Electromagnetic Compatibility,7,0.2660669980257614,17.8,"Fully operationalize the technology bank and science, technology and innovation capacity-building mechanism for least developed countries by 2017 and enhance the use of enabling technology, in particular information and communications technology",http://data.europa.eu/sdg/17.8,HORIZON_EUROPE|2024_PLUS
101169295:4.b,101169295,European Doctoral Network Enabling Artificial Intelligence for Electromagnetic Compatibility,8,0.26356289409836936,4.b,"By 2020, substantially expand globally the number of scholarships available to developing countries, in particular least developed countries, small island developing States and African countries, for enrolment in higher education, including vocational training and information and communications technology, technical, engineering and scientific programmes, in developed countries and other developing countries",http://data.europa.eu/sdg/4.b,HORIZON_EUROPE|2024_PLUS
101169295:4.4,101169295,European Doctoral Network Enabling Artificial Intelligence for Electromagnetic Compatibility,9,0.2624837239545792,4.4,"By 2030, substantially increase the number of youth and adults who have relevant skills, including technical and vocational skills, for employment, decent jobs and entrepreneurship",http://data.europa.eu/sdg/4.4,HORIZON_EUROPE|2024_PLUS
101169295:9.a,101169295,European Doctoral Network Enabling Artificial Intelligence for Electromagnetic Compatibility,10,0.2526811184542305,9.a,"Facilitate sustainable and resilient infrastructure development in developing countries through enhanced financial, technological and technical support to African countries, least developed countries, landlocked developing countries and small island developing States",http://data.europa.eu/sdg/9.a,HORIZON_EUROPE|2024_PLUS
101154427:2.5,101154427,The mystery of differentiation: exploring the link between enhancer priming and cell cycle in ventral foregut stem cells,1,0.2183052036086302,2.5,"By 2020, maintain the genetic diversity of seeds, cultivated plants and farmed and domesticated animals and their related wild species, including through soundly managed and diversified seed and plant banks at the national, regional and international levels, and promote access to and fair and equitable sharing of benefits arising from the utilization of genetic resources and associated traditional knowledge, as internationally agreed",http://data.europa.eu/sdg/2.5,HORIZON_EUROPE|2024_PLUS
101154427:2.a,101154427,The mystery of differentiation: exploring the link between enhancer priming and cell cycle in ventral foregut stem cells,2,0.200245877066999,2.a,"Increase investment, including through enhanced international cooperation, in rural infrastructure, agricultural research and extension services, technology development and plant and livestock gene banks in order to enhance agricultural productive capacity in developing countries, in particular least developed countries",http://data.europa.eu/sdg/2.a,HORIZON_EUROPE|2024_PLUS
101154427:8.2,101154427,The mystery of differentiation: exploring the link between enhancer priming and cell cycle in ventral foregut stem cells,3,0.19453215890983885,8.2,"Achieve higher levels of economic productivity through diversification, technological upgrading and innovation, including through a focus on high-value added and labour-intensive sectors",http://data.europa.eu/sdg/8.2,HORIZON_EUROPE|2024_PLUS
101154427:3.7,101154427,The mystery of differentiation: exploring the link between enhancer priming and cell cycle in ventral foregut stem cells,4,0.1861210490924924,3.7,"By 2030, ensure universal access to sexual and reproductive health-care services, including for family planning, information and education, and the integration of reproductive health into national strategies and programmes",http://data.europa.eu/sdg/3.7,HORIZON_EUROPE|2024_PLUS
101154427:3.1,101154427,The mystery of differentiation: exploring the link between enhancer priming and cell cycle in ventral foregut stem cells,5,0.17159431203867118,3.1,"By 2030, reduce the global maternal mortality ratio to less than 70 per 100,000 live births",http://data.europa.eu/sdg/3.1,HORIZON_EUROPE|2024_PLUS
101154427:8.3,101154427,The mystery of differentiation: exploring the link between enhancer priming and cell cycle in ventral foregut stem cells,6,0.17064775781987215,8.3,"Promote development-oriented policies that support productive activities, decent job creation, entrepreneurship, creativity and innovation, and encourage the formalization and growth of micro-, small- and medium-sized enterprises, including through access to financial services",http://data.europa.eu/sdg/8.3,HORIZON_EUROPE|2024_PLUS
101154427:15.6,101154427,The mystery of differentiation: exploring the link between enhancer priming and cell cycle in ventral foregut stem cells,7,0.17031375249414674,15.6,"Promote fair and equitable sharing of the benefits arising from the utilization of genetic resources and promote appropriate access to such resources, as internationally agreed",http://data.europa.eu/sdg/15.6,HORIZON_EUROPE|2024_PLUS
101154427:8.a,101154427,The mystery of differentiation: exploring the link between enhancer priming and cell cycle in ventral foregut stem cells,8,0.16805032356501762,8.a,"Increase Aid for Trade support for developing countries, in particular least developed countries, including through the Enhanced Integrated Framework for Trade-related Technical Assistance to Least Developed Countries",http://data.europa.eu/sdg/8.a,HORIZON_EUROPE|2024_PLUS
101154427:3.c,101154427,The mystery of differentiation: exploring the link between enhancer priming and cell cycle in ventral foregut stem cells,9,0.15448390557928784,3.c,"Substantially increase health financing and the recruitment, development, training and retention of the health workforce in developing countries, especially in least developed countries and small island developing States",http://data.europa.eu/sdg/3.c,HORIZON_EUROPE|2024_PLUS
101154427:4.4,101154427,The mystery of differentiation: exploring the link between enhancer priming and cell cycle in ventral foregut stem cells,10,0.1538896545783549,4.4,"By 2030, substantially increase the number of youth and adults who have relevant skills, including technical and vocational skills, for employment, decent jobs and entrepreneurship",http://data.europa.eu/sdg/4.4,HORIZON_EUROPE|2024_PLUS
101309098:11.b,101309098,Strengthening Hazard and Incident Emergency Learning and Disaster governance for CBRN-E resilience,1,0.5592478093857266,11.b,"By 2020, substantially increase the number of cities and human settlements adopting and implementing integrated policies and plans towards inclusion, resource efficiency, mitigation and adaptation to climate change, resilience to disasters, and develop and implement, in line with the Sendai Framework for Disaster Risk Reduction 2015–2030, holistic disaster risk management at all levels",http://data.europa.eu/sdg/11.b,HORIZON_EUROPE|2024_PLUS
101309098:13.1,101309098,Strengthening Hazard and Incident Emergency Learning and Disaster governance for CBRN-E resilience,2,0.5551279172287968,13.1,Strengthen resilience and adaptive capacity to climate-related hazards and natural disasters in all countries,http://data.europa.eu/sdg/13.1,HORIZON_EUROPE|2024_PLUS
101309098:9.a,101309098,Strengthening Hazard and Incident Emergency Learning and Disaster governance for CBRN-E resilience,3,0.4974165375248081,9.a,"Facilitate sustainable and resilient infrastructure development in developing countries through enhanced financial, technological and technical support to African countries, least developed countries, landlocked developing countries and small island developing States",http://data.europa.eu/sdg/9.a,HORIZON_EUROPE|2024_PLUS
101309098:9.1,101309098,Strengthening Hazard and Incident Emergency Learning and Disaster governance for CBRN-E resilience,4,0.48329449109210476,9.1,"Develop quality, reliable, sustainable and resilient infrastructure, including regional and transborder infrastructure, to support economic development and human well-being, with a focus on affordable and equitable access for all",http://data.europa.eu/sdg/9.1,HORIZON_EUROPE|2024_PLUS
101309098:11.5,101309098,Strengthening Hazard and Incident Emergency Learning and Disaster governance for CBRN-E resilience,5,0.46152690210758085,11.5,"By 2030, significantly reduce the number of deaths and the number of people affected and substantially decrease the direct economic losses relative to global gross domestic product caused by disasters, including water-related disasters, with a focus on protecting the poor and people in vulnerable situations",http://data.europa.eu/sdg/11.5,HORIZON_EUROPE|2024_PLUS
101309098:9.b,101309098,Strengthening Hazard and Incident Emergency Learning and Disaster governance for CBRN-E resilience,6,0.45846389647313074,9.b,"Support domestic technology development, research and innovation in developing countries, including by ensuring a conducive policy environment for, inter alia, industrial diversification and value addition to commodities",http://data.europa.eu/sdg/9.b,HORIZON_EUROPE|2024_PLUS
101309098:1.5,101309098,Strengthening Hazard and Incident Emergency Learning and Disaster governance for CBRN-E resilience,7,0.42918037464649383,1.5,"By 2030, build the resilience of the poor and those in vulnerable situations and reduce their exposure and vulnerability to climate-related extreme events and other economic, social and environmental shocks and disasters",http://data.europa.eu/sdg/1.5,HORIZON_EUROPE|2024_PLUS
101309098:9.c,101309098,Strengthening Hazard and Incident Emergency Learning and Disaster governance for CBRN-E resilience,8,0.42580283159595056,9.c,Significantly increase access to information and communications technology and strive to provide universal and affordable access to the Internet in least developed countries by 2020,http://data.europa.eu/sdg/9.c,HORIZON_EUROPE|2024_PLUS
101309098:17.8,101309098,Strengthening Hazard and Incident Emergency Learning and Disaster governance for CBRN-E resilience,9,0.41235528753365985,17.8,"Fully operationalize the technology bank and science, technology and innovation capacity-building mechanism for least developed countries by 2017 and enhance the use of enabling technology, in particular information and communications technology",http://data.europa.eu/sdg/17.8,HORIZON_EUROPE|2024_PLUS
101309098:11.2,101309098,Strengthening Hazard and Incident Emergency Learning and Disaster governance for CBRN-E resilience,10,0.40934850156682756,11.2,"By 2030, provide access to safe, affordable, accessible and sustainable transport systems for all, improving road safety, notably by expanding public transport, with special attention to the needs of those in vulnerable situations, women, children, persons with disabilities and older persons",http://data.europa.eu/sdg/11.2,HORIZON_EUROPE|2024_PLUS
101310184:9.5,101310184,Spatiotemporal photonic technologies,1,0.2487025727391794,9.5,"Enhance scientific research, upgrade the technological capabilities of industrial sectors in all countries, in particular developing countries, including, by 2030, encouraging innovation and substantially increasing the number of research and development workers per 1 million people and public and private research and development spending",http://data.europa.eu/sdg/9.5,HORIZON_EUROPE|2024_PLUS
101310184:9.4,101310184,Spatiotemporal photonic technologies,2,0.21865230665440633,9.4,"By 2030, upgrade infrastructure and retrofit industries to make them sustainable, with increased resource-use efficiency and greater adoption of clean and environmentally sound technologies and industrial processes, with all countries taking action in accordance with their respective capabilities",http://data.europa.eu/sdg/9.4,HORIZON_EUROPE|2024_PLUS
101310184:17.6,101310184,Spatiotemporal photonic technologies,3,0.1946963542224979,17.6,"Enhance North-South, South-South and triangular regional and international cooperation on and access to science, technology and innovation and enhance knowledge-sharing on mutually agreed terms, including through improved coordination among existing mechanisms, in particular at the United Nations level, and through a global technology facilitation mechanism",http://data.europa.eu/sdg/17.6,HORIZON_EUROPE|2024_PLUS
101310184:17.8,101310184,Spatiotemporal photonic technologies,4,0.19186813628212088,17.8,"Fully operationalize the technology bank and science, technology and innovation capacity-building mechanism for least developed countries by 2017 and enhance the use of enabling technology, in particular information and communications technology",http://data.europa.eu/sdg/17.8,HORIZON_EUROPE|2024_PLUS
101310184:9.c,101310184,Spatiotemporal photonic technologies,5,0.18958786491495505,9.c,Significantly increase access to information and communications technology and strive to provide universal and affordable access to the Internet in least developed countries by 2020,http://data.europa.eu/sdg/9.c,HORIZON_EUROPE|2024_PLUS
101310184:9.b,101310184,Spatiotemporal photonic technologies,6,0.17472908728925357,9.b,"Support domestic technology development, research and innovation in developing countries, including by ensuring a conducive policy environment for, inter alia, industrial diversification and value addition to commodities",http://data.europa.eu/sdg/9.b,HORIZON_EUROPE|2024_PLUS
101310184:9.1,101310184,Spatiotemporal photonic technologies,7,0.16702052182326654,9.1,"Develop quality, reliable, sustainable and resilient infrastructure, including regional and transborder infrastructure, to support economic development and human well-being, with a focus on affordable and equitable access for all",http://data.europa.eu/sdg/9.1,HORIZON_EUROPE|2024_PLUS
101310184:7.a,101310184,Spatiotemporal photonic technologies,8,0.16663033586990023,7.a,"By 2030, enhance international cooperation to facilitate access to clean energy research and technology, including renewable energy, energy efficiency and advanced and cleaner fossil-fuel technology, and promote investment in energy infrastructure and clean energy technology",http://data.europa.eu/sdg/7.a,HORIZON_EUROPE|2024_PLUS
101310184:9.2,101310184,Spatiotemporal photonic technologies,9,0.15953018863707716,9.2,"Promote inclusive and sustainable industrialization and, by 2030, significantly raise industry’s share of employment and gross domestic product, in line with national circumstances, and double its share in least developed countries",http://data.europa.eu/sdg/9.2,HORIZON_EUROPE|2024_PLUS
101310184:4.b,101310184,Spatiotemporal photonic technologies,10,0.1595272744205541,4.b,"By 2020, substantially expand globally the number of scholarships available to developing countries, in particular least developed countries, small island developing States and African countries, for enrolment in higher education, including vocational training and information and communications technology, technical, engineering and scientific programmes, in developed countries and other developing countries",http://data.europa.eu/sdg/4.b,HORIZON_EUROPE|2024_PLUS
101286806:17.18,101286806,"Making Sense of EU Enlargement for, with and by Citizens",1,0.4436729542642389,17.18,"By 2020, enhance capacity-building support to developing countries, including for least developed countries and small island developing States, to increase significantly the availability of high-quality, timely and reliable data disaggregated by income, gender, age, race, ethnicity, migratory status, disability, geographic location and other characteristics relevant in national contexts",http://data.europa.eu/sdg/17.18,HORIZON_EUROPE|2024_PLUS
101286806:9.b,101286806,"Making Sense of EU Enlargement for, with and by Citizens",2,0.441206578072878,9.b,"Support domestic technology development, research and innovation in developing countries, including by ensuring a conducive policy environment for, inter alia, industrial diversification and value addition to commodities",http://data.europa.eu/sdg/9.b,HORIZON_EUROPE|2024_PLUS
101286806:17.9,101286806,"Making Sense of EU Enlargement for, with and by Citizens",3,0.4287390267986251,17.9,"Enhance international support for implementing effective and targeted capacity-building in developing countries to support national plans to implement all the Sustainable Development Goals, including through North-South, South-South and triangular cooperation",http://data.europa.eu/sdg/17.9,HORIZON_EUROPE|2024_PLUS
101286806:17.17,101286806,"Making Sense of EU Enlargement for, with and by Citizens",4,0.4272184509422263,17.17,"Encourage and promote effective public, public-private and civil society partnerships, building on the experience and resourcing strategies of partnerships",http://data.europa.eu/sdg/17.17,HORIZON_EUROPE|2024_PLUS
101286806:9.3,101286806,"Making Sense of EU Enlargement for, with and by Citizens",5,0.41877139929366514,9.3,"Increase the access of small-scale industrial and other enterprises, in particular in developing countries, to financial services, including affordable credit, and their integration into value chains and markets",http://data.europa.eu/sdg/9.3,HORIZON_EUROPE|2024_PLUS
101286806:17.1,101286806,"Making Sense of EU Enlargement for, with and by Citizens",6,0.41841366067771113,17.1,"Strengthen domestic resource mobilization, including through international support to developing countries, to improve domestic capacity for tax and other revenue collection",http://data.europa.eu/sdg/17.1,HORIZON_EUROPE|2024_PLUS
101286806:17.6,101286806,"Making Sense of EU Enlargement for, with and by Citizens",7,0.415395442186328,17.6,"Enhance North-South, South-South and triangular regional and international cooperation on and access to science, technology and innovation and enhance knowledge-sharing on mutually agreed terms, including through improved coordination among existing mechanisms, in particular at the United Nations level, and through a global technology facilitation mechanism",http://data.europa.eu/sdg/17.6,HORIZON_EUROPE|2024_PLUS
101286806:4.b,101286806,"Making Sense of EU Enlargement for, with and by Citizens",8,0.4148876850921591,4.b,"By 2020, substantially expand globally the number of scholarships available to developing countries, in particular least developed countries, small island developing States and African countries, for enrolment in higher education, including vocational training and information and communications technology, technical, engineering and scientific programmes, in developed countries and other developing countries",http://data.europa.eu/sdg/4.b,HORIZON_EUROPE|2024_PLUS
101286806:4.6,101286806,"Making Sense of EU Enlargement for, with and by Citizens",9,0.41090484242097997,4.6,"By 2030, ensure that all youth and a substantial proportion of adults, both men and women, achieve literacy and numeracy",http://data.europa.eu/sdg/4.6,HORIZON_EUROPE|2024_PLUS
101286806:9.a,101286806,"Making Sense of EU Enlargement for, with and by Citizens",10,0.41027979480390386,9.a,"Facilitate sustainable and resilient infrastructure development in developing countries through enhanced financial, technological and technical support to African countries, least developed countries, landlocked developing countries and small island developing States",http://data.europa.eu/sdg/9.a,HORIZON_EUROPE|2024_PLUS
101305331:9.c,101305331,"Digital Futures: Sketching connections, Empowering citizens",1,0.433704900985724,9.c,Significantly increase access to information and communications technology and strive to provide universal and affordable access to the Internet in least developed countries by 2020,http://data.europa.eu/sdg/9.c,HORIZON_EUROPE|2024_PLUS
101305331:9.5,101305331,"Digital Futures: Sketching connections, Empowering citizens",2,0.4237169260598657,9.5,"Enhance scientific research, upgrade the technological capabilities of industrial sectors in all countries, in particular developing countries, including, by 2030, encouraging innovation and substantially increasing the number of research and development workers per 1 million people and public and private research and development spending",http://data.europa.eu/sdg/9.5,HORIZON_EUROPE|2024_PLUS
101305331:4.6,101305331,"Digital Futures: Sketching connections, Empowering citizens",3,0.3638434583471838,4.6,"By 2030, ensure that all youth and a substantial proportion of adults, both men and women, achieve literacy and numeracy",http://data.europa.eu/sdg/4.6,HORIZON_EUROPE|2024_PLUS
101305331:17.8,101305331,"Digital Futures: Sketching connections, Empowering citizens",4,0.3608048367535069,17.8,"Fully operationalize the technology bank and science, technology and innovation capacity-building mechanism for least developed countries by 2017 and enhance the use of enabling technology, in particular information and communications technology",http://data.europa.eu/sdg/17.8,HORIZON_EUROPE|2024_PLUS
101305331:4.4,101305331,"Digital Futures: Sketching connections, Empowering citizens",5,0.35908115960716264,4.4,"By 2030, substantially increase the number of youth and adults who have relevant skills, including technical and vocational skills, for employment, decent jobs and entrepreneurship",http://data.europa.eu/sdg/4.4,HORIZON_EUROPE|2024_PLUS
101305331:4.b,101305331,"Digital Futures: Sketching connections, Empowering citizens",6,0.350846900010305,4.b,"By 2020, substantially expand globally the number of scholarships available to developing countries, in particular least developed countries, small island developing States and African countries, for enrolment in higher education, including vocational training and information and communications technology, technical, engineering and scientific programmes, in developed countries and other developing countries",http://data.europa.eu/sdg/4.b,HORIZON_EUROPE|2024_PLUS
101305331:4.1,101305331,"Digital Futures: Sketching connections, Empowering citizens",7,0.3383441289845426,4.1,"By 2030, ensure that all girls and boys complete free, equitable and quality primary and secondary education leading to relevant and effective learning outcomes",http://data.europa.eu/sdg/4.1,HORIZON_EUROPE|2024_PLUS
101305331:17.6,101305331,"Digital Futures: Sketching connections, Empowering citizens",8,0.33419623687127054,17.6,"Enhance North-South, South-South and triangular regional and international cooperation on and access to science, technology and innovation and enhance knowledge-sharing on mutually agreed terms, including through improved coordination among existing mechanisms, in particular at the United Nations level, and through a global technology facilitation mechanism",http://data.europa.eu/sdg/17.6,HORIZON_EUROPE|2024_PLUS
101305331:17.18,101305331,"Digital Futures: Sketching connections, Empowering citizens",9,0.33283466778031356,17.18,"By 2020, enhance capacity-building support to developing countries, including for least developed countries and small island developing States, to increase significantly the availability of high-quality, timely and reliable data disaggregated by income, gender, age, race, ethnicity, migratory status, disability, geographic location and other characteristics relevant in national contexts",http://data.europa.eu/sdg/17.18,HORIZON_EUROPE|2024_PLUS
101305331:4.2,101305331,"Digital Futures: Sketching connections, Empowering citizens",10,0.3291870093555943,4.2,"By 2030, ensure that all girls and boys have access to quality early childhood development, care and pre‑primary education so that they are ready for primary education",http://data.europa.eu/sdg/4.2,HORIZON_EUROPE|2024_PLUS
101277123:15.4,101277123,Multi-scale Investigation of Early Animals Using Advanced Synchrotron Approaches,1,0.24826552344679484,15.4,"By 2030, ensure the conservation of mountain ecosystems, including their biodiversity, in order to enhance their capacity to provide benefits that are essential for sustainable development",http://data.europa.eu/sdg/15.4,HORIZON_EUROPE|2024_PLUS
101277123:15.1,101277123,Multi-scale Investigation of Early Animals Using Advanced Synchrotron Approaches,2,0.19661945752968804,15.1,"By 2020, ensure the conservation, restoration and sustainable use of terrestrial and inland freshwater ecosystems and their services, in particular forests, wetlands, mountains and drylands, in line with obligations under international agreements",http://data.europa.eu/sdg/15.1,HORIZON_EUROPE|2024_PLUS
101277123:14.4,101277123,Multi-scale Investigation of Early Animals Using Advanced Synchrotron Approaches,3,0.1936095411766671,14.4,"By 2020, effectively regulate harvesting and end overfishing, illegal, unreported and unregulated fishing and destructive fishing practices and implement science-based management plans, in order to restore fish stocks in the shortest time feasible, at least to levels that can produce maximum sustainable yield as determined by their biological characteristics",http://data.europa.eu/sdg/14.4,HORIZON_EUROPE|2024_PLUS
101277123:15.5,101277123,Multi-scale Investigation of Early Animals Using Advanced Synchrotron Approaches,4,0.19060455809446367,15.5,"Take urgent and significant action to reduce the degradation of natural habitats, halt the loss of biodiversity and, by 2020, protect and prevent the extinction of threatened species",http://data.europa.eu/sdg/15.5,HORIZON_EUROPE|2024_PLUS
101277123:15.6,101277123,Multi-scale Investigation of Early Animals Using Advanced Synchrotron Approaches,5,0.18464623330140859,15.6,"Promote fair and equitable sharing of the benefits arising from the utilization of genetic resources and promote appropriate access to such resources, as internationally agreed",http://data.europa.eu/sdg/15.6,HORIZON_EUROPE|2024_PLUS
101277123:15.a,101277123,Multi-scale Investigation of Early Animals Using Advanced Synchrotron Approaches,6,0.18358026530717997,15.a,Mobilize and significantly increase financial resources from all sources to conserve and sustainably use biodiversity and ecosystems,http://data.europa.eu/sdg/15.a,HORIZON_EUROPE|2024_PLUS
101277123:15.8,101277123,Multi-scale Investigation of Early Animals Using Advanced Synchrotron Approaches,7,0.18316298261273276,15.8,"By 2020, introduce measures to prevent the introduction and significantly reduce the impact of invasive alien species on land and water ecosystems and control or eradicate the priority species",http://data.europa.eu/sdg/15.8,HORIZON_EUROPE|2024_PLUS
101277123:14.3,101277123,Multi-scale Investigation of Early Animals Using Advanced Synchrotron Approaches,8,0.16502368938600598,14.3,"Minimize and address the impacts of ocean acidification, including through enhanced scientific cooperation at all levels",http://data.europa.eu/sdg/14.3,HORIZON_EUROPE|2024_PLUS
101277123:15.c,101277123,Multi-scale Investigation of Early Animals Using Advanced Synchrotron Approaches,9,0.1558789755217592,15.c,"Enhance global support for efforts to combat poaching and trafficking of protected species, including by increasing the capacity of local communities to pursue sustainable livelihood opportunities",http://data.europa.eu/sdg/15.c,HORIZON_EUROPE|2024_PLUS
101277123:14.a,101277123,Multi-scale Investigation of Early Animals Using Advanced Synchrotron Approaches,10,0.15527591591488113,14.a,"Increase scientific knowledge, develop research capacity and transfer marine technology, taking into account the Intergovernmental Oceanographic Commission Criteria and Guidelines on the Transfer of Marine Technology, in order to improve ocean health and to enhance the contribution of marine biodiversity to the development of developing countries, in particular small island developing States and least developed countries",http://data.europa.eu/sdg/14.a,HORIZON_EUROPE|2024_PLUS
101131809:17.18,101131809,"Concept development for a research infrastructure to manage, integrate and sustain large medical cohort studies",1,0.37531771750322807,17.18,"By 2020, enhance capacity-building support to developing countries, including for least developed countries and small island developing States, to increase significantly the availability of high-quality, timely and reliable data disaggregated by income, gender, age, race, ethnicity, migratory status, disability, geographic location and other characteristics relevant in national contexts",http://data.europa.eu/sdg/17.18,HORIZON_EUROPE|2024_PLUS
101131809:9.5,101131809,"Concept development for a research infrastructure to manage, integrate and sustain large medical cohort studies",2,0.331777029841559,9.5,"Enhance scientific research, upgrade the technological capabilities of industrial sectors in all countries, in particular developing countries, including, by 2030, encouraging innovation and substantially increasing the number of research and development workers per 1 million people and public and private research and development spending",http://data.europa.eu/sdg/9.5,HORIZON_EUROPE|2024_PLUS
101131809:17.6,101131809,"Concept development for a research infrastructure to manage, integrate and sustain large medical cohort studies",3,0.3289369660515269,17.6,"Enhance North-South, South-South and triangular regional and international cooperation on and access to science, technology and innovation and enhance knowledge-sharing on mutually agreed terms, including through improved coordination among existing mechanisms, in particular at the United Nations level, and through a global technology facilitation mechanism",http://data.europa.eu/sdg/17.6,HORIZON_EUROPE|2024_PLUS
101131809:3.b,101131809,"Concept development for a research infrastructure to manage, integrate and sustain large medical cohort studies",4,0.3184990467522278,3.b,"Support the research and development of vaccines and medicines for the communicable and non‑communicable diseases that primarily affect developing countries, provide access to affordable essential medicines and vaccines, in accordance with the Doha Declaration on the TRIPS Agreement and Public Health, which affirms the right of developing countries to use to the full the provisions in the Agreement on Trade-Related Aspects of Intellectual Property Rights regarding flexibilities to protect public health, and, in particular, provide access to medicines for all",http://data.europa.eu/sdg/3.b,HORIZON_EUROPE|2024_PLUS
101131809:17.8,101131809,"Concept development for a research infrastructure to manage, integrate and sustain large medical cohort studies",5,0.31145717319138266,17.8,"Fully operationalize the technology bank and science, technology and innovation capacity-building mechanism for least developed countries by 2017 and enhance the use of enabling technology, in particular information and communications technology",http://data.europa.eu/sdg/17.8,HORIZON_EUROPE|2024_PLUS
101131809:9.b,101131809,"Concept development for a research infrastructure to manage, integrate and sustain large medical cohort studies",6,0.30611975741247704,9.b,"Support domestic technology development, research and innovation in developing countries, including by ensuring a conducive policy environment for, inter alia, industrial diversification and value addition to commodities",http://data.europa.eu/sdg/9.b,HORIZON_EUROPE|2024_PLUS
101131809:9.1,101131809,"Concept development for a research infrastructure to manage, integrate and sustain large medical cohort studies",7,0.3027007607380051,9.1,"Develop quality, reliable, sustainable and resilient infrastructure, including regional and transborder infrastructure, to support economic development and human well-being, with a focus on affordable and equitable access for all",http://data.europa.eu/sdg/9.1,HORIZON_EUROPE|2024_PLUS
101131809:3.c,101131809,"Concept development for a research infrastructure to manage, integrate and sustain large medical cohort studies",8,0.29981179148866643,3.c,"Substantially increase health financing and the recruitment, development, training and retention of the health workforce in developing countries, especially in least developed countries and small island developing States",http://data.europa.eu/sdg/3.c,HORIZON_EUROPE|2024_PLUS
101131809:17.3,101131809,"Concept development for a research infrastructure to manage, integrate and sustain large medical cohort studies",9,0.2987949955643744,17.3,Mobilize additional financial resources for developing countries from multiple sources,http://data.europa.eu/sdg/17.3,HORIZON_EUROPE|2024_PLUS
101131809:3.8,101131809,"Concept development for a research infrastructure to manage, integrate and sustain large medical cohort studies",10,0.2982524400055522,3.8,"Achieve universal health coverage, including financial risk protection, access to quality essential health-care services and access to safe, effective, quality and affordable essential medicines and vaccines for all",http://data.europa.eu/sdg/3.8,HORIZON_EUROPE|2024_PLUS
101233325:11.4,101233325,Digital Journey across Musical Places in Europe and Extended Realities,1,0.41421329488350367,11.4,Strengthen efforts to protect and safeguard the world’s cultural and natural heritage,http://data.europa.eu/sdg/11.4,HORIZON_EUROPE|2024_PLUS
101233325:8.9,101233325,Digital Journey across Musical Places in Europe and Extended Realities,2,0.3329301015932683,8.9,"By 2030, devise and implement policies to promote sustainable tourism that creates jobs and promotes local culture and products",http://data.europa.eu/sdg/8.9,HORIZON_EUROPE|2024_PLUS
101233325:12.b,101233325,Digital Journey across Musical Places in Europe and Extended Realities,3,0.28314601043784493,12.b,Develop and implement tools to monitor sustainable development impacts for sustainable tourism that creates jobs and promotes local culture and products,http://data.europa.eu/sdg/12.b,HORIZON_EUROPE|2024_PLUS
101233325:11.7,101233325,Digital Journey across Musical Places in Europe and Extended Realities,4,0.2781768409295809,11.7,"By 2030, provide universal access to safe, inclusive and accessible, green and public spaces, in particular for women and children, older persons and persons with disabilities",http://data.europa.eu/sdg/11.7,HORIZON_EUROPE|2024_PLUS
101233325:9.4,101233325,Digital Journey across Musical Places in Europe and Extended Realities,5,0.24391001797101933,9.4,"By 2030, upgrade infrastructure and retrofit industries to make them sustainable, with increased resource-use efficiency and greater adoption of clean and environmentally sound technologies and industrial processes, with all countries taking action in accordance with their respective capabilities",http://data.europa.eu/sdg/9.4,HORIZON_EUROPE|2024_PLUS
101233325:11.2,101233325,Digital Journey across Musical Places in Europe and Extended Realities,6,0.23906827090192667,11.2,"By 2030, provide access to safe, affordable, accessible and sustainable transport systems for all, improving road safety, notably by expanding public transport, with special attention to the needs of those in vulnerable situations, women, children, persons with disabilities and older persons",http://data.europa.eu/sdg/11.2,HORIZON_EUROPE|2024_PLUS
101233325:9.1,101233325,Digital Journey across Musical Places in Europe and Extended Realities,7,0.2362895774442828,9.1,"Develop quality, reliable, sustainable and resilient infrastructure, including regional and transborder infrastructure, to support economic development and human well-being, with a focus on affordable and equitable access for all",http://data.europa.eu/sdg/9.1,HORIZON_EUROPE|2024_PLUS
101233325:11.3,101233325,Digital Journey across Musical Places in Europe and Extended Realities,8,0.23434109850203133,11.3,"By 2030, enhance inclusive and sustainable urbanization and capacity for participatory, integrated and sustainable human settlement planning and management in all countries",http://data.europa.eu/sdg/11.3,HORIZON_EUROPE|2024_PLUS
101233325:16.10,101233325,Digital Journey across Musical Places in Europe and Extended Realities,9,0.22657923931764062,16.10,"Ensure public access to information and protect fundamental freedoms, in accordance with national legislation and international agreements",http://data.europa.eu/sdg/16.10,HORIZON_EUROPE|2024_PLUS
101233325:15.9,101233325,Digital Journey across Musical Places in Europe and Extended Realities,10,0.2257119591766305,15.9,"By 2020, integrate ecosystem and biodiversity values into national and local planning, development processes, poverty reduction strategies and accounts",http://data.europa.eu/sdg/15.9,HORIZON_EUROPE|2024_PLUS
101107228:5.3,101107228,"How mechanical and electrical stimuli affect bacteria filamentation, a major cell stress response",1,0.14375909746560275,5.3,"Eliminate all harmful practices, such as child, early and forced marriage and female genital mutilation",http://data.europa.eu/sdg/5.3,HORIZON_EUROPE|2024_PLUS
101107228:15.6,101107228,"How mechanical and electrical stimuli affect bacteria filamentation, a major cell stress response",2,0.12705560202522728,15.6,"Promote fair and equitable sharing of the benefits arising from the utilization of genetic resources and promote appropriate access to such resources, as internationally agreed",http://data.europa.eu/sdg/15.6,HORIZON_EUROPE|2024_PLUS
101107228:12.5,101107228,"How mechanical and electrical stimuli affect bacteria filamentation, a major cell stress response",3,0.11379451518153595,12.5,"By 2030, substantially reduce waste generation through prevention, reduction, recycling and reuse",http://data.europa.eu/sdg/12.5,HORIZON_EUROPE|2024_PLUS
101107228:6.3,101107228,"How mechanical and electrical stimuli affect bacteria filamentation, a major cell stress response",4,0.11194222614637803,6.3,"By 2030, improve water quality by reducing pollution, eliminating dumping and minimizing release of hazardous chemicals and materials, halving the proportion of untreated wastewater and substantially increasing recycling and safe reuse globally",http://data.europa.eu/sdg/6.3,HORIZON_EUROPE|2024_PLUS
101107228:6.a,101107228,"How mechanical and electrical stimuli affect bacteria filamentation, a major cell stress response",5,0.11183394650436579,6.a,"By 2030, expand international cooperation and capacity-building support to developing countries in water- and sanitation-related activities and programmes, including water harvesting, desalination, water efficiency, wastewater treatment, recycling and reuse technologies",http://data.europa.eu/sdg/6.a,HORIZON_EUROPE|2024_PLUS
101107228:12.6,101107228,"How mechanical and electrical stimuli affect bacteria filamentation, a major cell stress response",6,0.11075863714953825,12.6,"Encourage companies, especially large and transnational companies, to adopt sustainable practices and to integrate sustainability information into their reporting cycle",http://data.europa.eu/sdg/12.6,HORIZON_EUROPE|2024_PLUS
101107228:9.5,101107228,"How mechanical and electrical stimuli affect bacteria filamentation, a major cell stress response",7,0.09659182353664597,9.5,"Enhance scientific research, upgrade the technological capabilities of industrial sectors in all countries, in particular developing countries, including, by 2030, encouraging innovation and substantially increasing the number of research and development workers per 1 million people and public and private research and development spending",http://data.europa.eu/sdg/9.5,HORIZON_EUROPE|2024_PLUS
101107228:6.2,101107228,"How mechanical and electrical stimuli affect bacteria filamentation, a major cell stress response",8,0.0938691830787514,6.2,"By 2030, achieve access to adequate and equitable sanitation and hygiene for all and end open defecation, paying special attention to the needs of women and girls and those in vulnerable situations",http://data.europa.eu/sdg/6.2,HORIZON_EUROPE|2024_PLUS
101107228:12.4,101107228,"How mechanical and electrical stimuli affect bacteria filamentation, a major cell stress response",9,0.0937827359676439,12.4,"By 2020, achieve the environmentally sound management of chemicals and all wastes throughout their life cycle, in accordance with agreed international frameworks, and significantly reduce their release to air, water and soil in order to minimize their adverse impacts on human health and the environment",http://data.europa.eu/sdg/12.4,HORIZON_EUROPE|2024_PLUS
101107228:8.3,101107228,"How mechanical and electrical stimuli affect bacteria filamentation, a major cell stress response",10,0.09297347270853983,8.3,"Promote development-oriented policies that support productive activities, decent job creation, entrepreneurship, creativity and innovation, and encourage the formalization and growth of micro-, small- and medium-sized enterprises, including through access to financial services",http://data.europa.eu/sdg/8.3,HORIZON_EUROPE|2024_PLUS
101227596:9.5,101227596,Advanced Nickel-Titanium Alloys for Medical Device Applications,1,0.28292986285815325,9.5,"Enhance scientific research, upgrade the technological capabilities of industrial sectors in all countries, in particular developing countries, including, by 2030, encouraging innovation and substantially increasing the number of research and development workers per 1 million people and public and private research and development spending",http://data.europa.eu/sdg/9.5,HORIZON_EUROPE|2024_PLUS
101227596:17.8,101227596,Advanced Nickel-Titanium Alloys for Medical Device Applications,2,0.23898973891981554,17.8,"Fully operationalize the technology bank and science, technology and innovation capacity-building mechanism for least developed countries by 2017 and enhance the use of enabling technology, in particular information and communications technology",http://data.europa.eu/sdg/17.8,HORIZON_EUROPE|2024_PLUS
101227596:4.b,101227596,Advanced Nickel-Titanium Alloys for Medical Device Applications,3,0.22521176752658034,4.b,"By 2020, substantially expand globally the number of scholarships available to developing countries, in particular least developed countries, small island developing States and African countries, for enrolment in higher education, including vocational training and information and communications technology, technical, engineering and scientific programmes, in developed countries and other developing countries",http://data.europa.eu/sdg/4.b,HORIZON_EUROPE|2024_PLUS
101227596:9.b,101227596,Advanced Nickel-Titanium Alloys for Medical Device Applications,4,0.22457342996410146,9.b,"Support domestic technology development, research and innovation in developing countries, including by ensuring a conducive policy environment for, inter alia, industrial diversification and value addition to commodities",http://data.europa.eu/sdg/9.b,HORIZON_EUROPE|2024_PLUS
101227596:9.4,101227596,Advanced Nickel-Titanium Alloys for Medical Device Applications,5,0.22426441601885944,9.4,"By 2030, upgrade infrastructure and retrofit industries to make them sustainable, with increased resource-use efficiency and greater adoption of clean and environmentally sound technologies and industrial processes, with all countries taking action in accordance with their respective capabilities",http://data.europa.eu/sdg/9.4,HORIZON_EUROPE|2024_PLUS
101227596:17.6,101227596,Advanced Nickel-Titanium Alloys for Medical Device Applications,6,0.21828535772915117,17.6,"Enhance North-South, South-South and triangular regional and international cooperation on and access to science, technology and innovation and enhance knowledge-sharing on mutually agreed terms, including through improved coordination among existing mechanisms, in particular at the United Nations level, and through a global technology facilitation mechanism",http://data.europa.eu/sdg/17.6,HORIZON_EUROPE|2024_PLUS
101227596:7.a,101227596,Advanced Nickel-Titanium Alloys for Medical Device Applications,7,0.21110306378851412,7.a,"By 2030, enhance international cooperation to facilitate access to clean energy research and technology, including renewable energy, energy efficiency and advanced and cleaner fossil-fuel technology, and promote investment in energy infrastructure and clean energy technology",http://data.europa.eu/sdg/7.a,HORIZON_EUROPE|2024_PLUS
101227596:3.b,101227596,Advanced Nickel-Titanium Alloys for Medical Device Applications,8,0.20638683324887586,3.b,"Support the research and development of vaccines and medicines for the communicable and non‑communicable diseases that primarily affect developing countries, provide access to affordable essential medicines and vaccines, in accordance with the Doha Declaration on the TRIPS Agreement and Public Health, which affirms the right of developing countries to use to the full the provisions in the Agreement on Trade-Related Aspects of Intellectual Property Rights regarding flexibilities to protect public health, and, in particular, provide access to medicines for all",http://data.europa.eu/sdg/3.b,HORIZON_EUROPE|2024_PLUS
101227596:3.8,101227596,Advanced Nickel-Titanium Alloys for Medical Device Applications,9,0.20446607924702512,3.8,"Achieve universal health coverage, including financial risk protection, access to quality essential health-care services and access to safe, effective, quality and affordable essential medicines and vaccines for all",http://data.europa.eu/sdg/3.8,HORIZON_EUROPE|2024_PLUS
101227596:8.2,101227596,Advanced Nickel-Titanium Alloys for Medical Device Applications,10,0.20104302652245118,8.2,"Achieve higher levels of economic productivity through diversification, technological upgrading and innovation, including through a focus on high-value added and labour-intensive sectors",http://data.europa.eu/sdg/8.2,HORIZON_EUROPE|2024_PLUS
101149010:11.4,101149010,"Fiction, Literature, Indigenous Storytelling and History",1,0.3254053901970726,11.4,Strengthen efforts to protect and safeguard the world’s cultural and natural heritage,http://data.europa.eu/sdg/11.4,HORIZON_EUROPE|2024_PLUS
101149010:15.c,101149010,"Fiction, Literature, Indigenous Storytelling and History",2,0.2925843303601951,15.c,"Enhance global support for efforts to combat poaching and trafficking of protected species, including by increasing the capacity of local communities to pursue sustainable livelihood opportunities",http://data.europa.eu/sdg/15.c,HORIZON_EUROPE|2024_PLUS
101149010:16.2,101149010,"Fiction, Literature, Indigenous Storytelling and History",3,0.28478936222255696,16.2,"End abuse, exploitation, trafficking and all forms of violence against and torture of children",http://data.europa.eu/sdg/16.2,HORIZON_EUROPE|2024_PLUS
101149010:15.7,101149010,"Fiction, Literature, Indigenous Storytelling and History",4,0.2712801411696357,15.7,Take urgent action to end poaching and trafficking of protected species of flora and fauna and address both demand and supply of illegal wildlife products,http://data.europa.eu/sdg/15.7,HORIZON_EUROPE|2024_PLUS
101149010:1.5,101149010,"Fiction, Literature, Indigenous Storytelling and History",5,0.26293161972849804,1.5,"By 2030, build the resilience of the poor and those in vulnerable situations and reduce their exposure and vulnerability to climate-related extreme events and other economic, social and environmental shocks and disasters",http://data.europa.eu/sdg/1.5,HORIZON_EUROPE|2024_PLUS
101149010:10.2,101149010,"Fiction, Literature, Indigenous Storytelling and History",6,0.25957697092738424,10.2,"By 2030, empower and promote the social, economic and political inclusion of all, irrespective of age, sex, disability, race, ethnicity, origin, religion or economic or other status",http://data.europa.eu/sdg/10.2,HORIZON_EUROPE|2024_PLUS
101149010:15.9,101149010,"Fiction, Literature, Indigenous Storytelling and History",7,0.2520112597011968,15.9,"By 2020, integrate ecosystem and biodiversity values into national and local planning, development processes, poverty reduction strategies and accounts",http://data.europa.eu/sdg/15.9,HORIZON_EUROPE|2024_PLUS
101149010:15.5,101149010,"Fiction, Literature, Indigenous Storytelling and History",8,0.24693243063664982,15.5,"Take urgent and significant action to reduce the degradation of natural habitats, halt the loss of biodiversity and, by 2020, protect and prevent the extinction of threatened species",http://data.europa.eu/sdg/15.5,HORIZON_EUROPE|2024_PLUS
101149010:16.9,101149010,"Fiction, Literature, Indigenous Storytelling and History",9,0.24377051421974166,16.9,"By 2030, provide legal identity for all, including birth registration",http://data.europa.eu/sdg/16.9,HORIZON_EUROPE|2024_PLUS
101149010:15.3,101149010,"Fiction, Literature, Indigenous Storytelling and History",10,0.24349300403136032,15.3,"By 2030, combat desertification, restore degraded land and soil, including land affected by desertification, drought and floods, and strive to achieve a land degradation-neutral world",http://data.europa.eu/sdg/15.3,HORIZON_EUROPE|2024_PLUS
101198969:7.1,101198969,Photo-rechargeable Zinc-ion Battery for the Internet of Things Working under Ambient Light,1,0.27027934776684703,7.1,"By 2030, ensure universal access to affordable, reliable and modern energy services",http://data.europa.eu/sdg/7.1,HORIZON_EUROPE|2024_PLUS
101198969:7.2,101198969,Photo-rechargeable Zinc-ion Battery for the Internet of Things Working under Ambient Light,2,0.26261270871680154,7.2,"By 2030, increase substantially the share of renewable energy in the global energy mix",http://data.europa.eu/sdg/7.2,HORIZON_EUROPE|2024_PLUS
101198969:7.3,101198969,Photo-rechargeable Zinc-ion Battery for the Internet of Things Working under Ambient Light,3,0.25098605283674685,7.3,"By 2030, double the global rate of improvement in energy efficiency",http://data.europa.eu/sdg/7.3,HORIZON_EUROPE|2024_PLUS
101198969:7.a,101198969,Photo-rechargeable Zinc-ion Battery for the Internet of Things Working under Ambient Light,4,0.249392354770057,7.a,"By 2030, enhance international cooperation to facilitate access to clean energy research and technology, including renewable energy, energy efficiency and advanced and cleaner fossil-fuel technology, and promote investment in energy infrastructure and clean energy technology",http://data.europa.eu/sdg/7.a,HORIZON_EUROPE|2024_PLUS
101198969:7.b,101198969,Photo-rechargeable Zinc-ion Battery for the Internet of Things Working under Ambient Light,5,0.23191779001819232,7.b,"By 2030, expand infrastructure and upgrade technology for supplying modern and sustainable energy services for all in developing countries, in particular least developed countries, small island developing States and landlocked developing countries, in accordance with their respective programmes of support",http://data.europa.eu/sdg/7.b,HORIZON_EUROPE|2024_PLUS
101198969:12.5,101198969,Photo-rechargeable Zinc-ion Battery for the Internet of Things Working under Ambient Light,6,0.21141380062120668,12.5,"By 2030, substantially reduce waste generation through prevention, reduction, recycling and reuse",http://data.europa.eu/sdg/12.5,HORIZON_EUROPE|2024_PLUS
101198969:12.4,101198969,Photo-rechargeable Zinc-ion Battery for the Internet of Things Working under Ambient Light,7,0.2025639114893863,12.4,"By 2020, achieve the environmentally sound management of chemicals and all wastes throughout their life cycle, in accordance with agreed international frameworks, and significantly reduce their release to air, water and soil in order to minimize their adverse impacts on human health and the environment",http://data.europa.eu/sdg/12.4,HORIZON_EUROPE|2024_PLUS
101198969:6.3,101198969,Photo-rechargeable Zinc-ion Battery for the Internet of Things Working under Ambient Light,8,0.18652102597363607,6.3,"By 2030, improve water quality by reducing pollution, eliminating dumping and minimizing release of hazardous chemicals and materials, halving the proportion of untreated wastewater and substantially increasing recycling and safe reuse globally",http://data.europa.eu/sdg/6.3,HORIZON_EUROPE|2024_PLUS
101198969:6.a,101198969,Photo-rechargeable Zinc-ion Battery for the Internet of Things Working under Ambient Light,9,0.17980899021104313,6.a,"By 2030, expand international cooperation and capacity-building support to developing countries in water- and sanitation-related activities and programmes, including water harvesting, desalination, water efficiency, wastewater treatment, recycling and reuse technologies",http://data.europa.eu/sdg/6.a,HORIZON_EUROPE|2024_PLUS
101198969:6.4,101198969,Photo-rechargeable Zinc-ion Battery for the Internet of Things Working under Ambient Light,10,0.1701588356720511,6.4,"By 2030, substantially increase water-use efficiency across all sectors and ensure sustainable withdrawals and supply of freshwater to address water scarcity and substantially reduce the number of people suffering from water scarcity",http://data.europa.eu/sdg/6.4,HORIZON_EUROPE|2024_PLUS
101181857:15.9,101181857,"DigitAl, technologIcal and Social innovation mixes enabling transformation for biodiversity and equitY",1,0.592684652410119,15.9,"By 2020, integrate ecosystem and biodiversity values into national and local planning, development processes, poverty reduction strategies and accounts",http://data.europa.eu/sdg/15.9,HORIZON_EUROPE|2024_PLUS
101181857:15.6,101181857,"DigitAl, technologIcal and Social innovation mixes enabling transformation for biodiversity and equitY",2,0.5601731917923575,15.6,"Promote fair and equitable sharing of the benefits arising from the utilization of genetic resources and promote appropriate access to such resources, as internationally agreed",http://data.europa.eu/sdg/15.6,HORIZON_EUROPE|2024_PLUS
101181857:15.a,101181857,"DigitAl, technologIcal and Social innovation mixes enabling transformation for biodiversity and equitY",3,0.5586367074627367,15.a,Mobilize and significantly increase financial resources from all sources to conserve and sustainably use biodiversity and ecosystems,http://data.europa.eu/sdg/15.a,HORIZON_EUROPE|2024_PLUS
101181857:15.c,101181857,"DigitAl, technologIcal and Social innovation mixes enabling transformation for biodiversity and equitY",4,0.5538822607241022,15.c,"Enhance global support for efforts to combat poaching and trafficking of protected species, including by increasing the capacity of local communities to pursue sustainable livelihood opportunities",http://data.europa.eu/sdg/15.c,HORIZON_EUROPE|2024_PLUS
101181857:15.5,101181857,"DigitAl, technologIcal and Social innovation mixes enabling transformation for biodiversity and equitY",5,0.5525836243727414,15.5,"Take urgent and significant action to reduce the degradation of natural habitats, halt the loss of biodiversity and, by 2020, protect and prevent the extinction of threatened species",http://data.europa.eu/sdg/15.5,HORIZON_EUROPE|2024_PLUS
101181857:17.7,101181857,"DigitAl, technologIcal and Social innovation mixes enabling transformation for biodiversity and equitY",6,0.521886914703845,17.7,"Promote the development, transfer, dissemination and diffusion of environmentally sound technologies to developing countries on favourable terms, including on concessional and preferential terms, as mutually agreed",http://data.europa.eu/sdg/17.7,HORIZON_EUROPE|2024_PLUS
101181857:15.3,101181857,"DigitAl, technologIcal and Social innovation mixes enabling transformation for biodiversity and equitY",7,0.5178651108878105,15.3,"By 2030, combat desertification, restore degraded land and soil, including land affected by desertification, drought and floods, and strive to achieve a land degradation-neutral world",http://data.europa.eu/sdg/15.3,HORIZON_EUROPE|2024_PLUS
101181857:15.2,101181857,"DigitAl, technologIcal and Social innovation mixes enabling transformation for biodiversity and equitY",8,0.5176328077429341,15.2,"By 2020, promote the implementation of sustainable management of all types of forests, halt deforestation, restore degraded forests and substantially increase afforestation and reforestation globally",http://data.europa.eu/sdg/15.2,HORIZON_EUROPE|2024_PLUS
101181857:15.1,101181857,"DigitAl, technologIcal and Social innovation mixes enabling transformation for biodiversity and equitY",9,0.5144774538859961,15.1,"By 2020, ensure the conservation, restoration and sustainable use of terrestrial and inland freshwater ecosystems and their services, in particular forests, wetlands, mountains and drylands, in line with obligations under international agreements",http://data.europa.eu/sdg/15.1,HORIZON_EUROPE|2024_PLUS
101181857:15.7,101181857,"DigitAl, technologIcal and Social innovation mixes enabling transformation for biodiversity and equitY",10,0.5030377957822975,15.7,Take urgent action to end poaching and trafficking of protected species of flora and fauna and address both demand and supply of illegal wildlife products,http://data.europa.eu/sdg/15.7,HORIZON_EUROPE|2024_PLUS
101161153:12.4,101161153,Novel approaches for  halogen-free and sustainable etching of Silicon and Glass,1,0.36859305434932643,12.4,"By 2020, achieve the environmentally sound management of chemicals and all wastes throughout their life cycle, in accordance with agreed international frameworks, and significantly reduce their release to air, water and soil in order to minimize their adverse impacts on human health and the environment",http://data.europa.eu/sdg/12.4,HORIZON_EUROPE|2024_PLUS
101161153:12.5,101161153,Novel approaches for  halogen-free and sustainable etching of Silicon and Glass,2,0.29697468901679497,12.5,"By 2030, substantially reduce waste generation through prevention, reduction, recycling and reuse",http://data.europa.eu/sdg/12.5,HORIZON_EUROPE|2024_PLUS
101161153:9.4,101161153,Novel approaches for  halogen-free and sustainable etching of Silicon and Glass,3,0.2805428592935413,9.4,"By 2030, upgrade infrastructure and retrofit industries to make them sustainable, with increased resource-use efficiency and greater adoption of clean and environmentally sound technologies and industrial processes, with all countries taking action in accordance with their respective capabilities",http://data.europa.eu/sdg/9.4,HORIZON_EUROPE|2024_PLUS
101161153:7.a,101161153,Novel approaches for  halogen-free and sustainable etching of Silicon and Glass,4,0.2577073120536349,7.a,"By 2030, enhance international cooperation to facilitate access to clean energy research and technology, including renewable energy, energy efficiency and advanced and cleaner fossil-fuel technology, and promote investment in energy infrastructure and clean energy technology",http://data.europa.eu/sdg/7.a,HORIZON_EUROPE|2024_PLUS
101161153:7.3,101161153,Novel approaches for  halogen-free and sustainable etching of Silicon and Glass,5,0.24706858533547008,7.3,"By 2030, double the global rate of improvement in energy efficiency",http://data.europa.eu/sdg/7.3,HORIZON_EUROPE|2024_PLUS
101161153:12.a,101161153,Novel approaches for  halogen-free and sustainable etching of Silicon and Glass,6,0.24564463102695053,12.a,Support developing countries to strengthen their scientific and technological capacity to move towards more sustainable patterns of consumption and production,http://data.europa.eu/sdg/12.a,HORIZON_EUROPE|2024_PLUS
101161153:6.3,101161153,Novel approaches for  halogen-free and sustainable etching of Silicon and Glass,7,0.24083565365323237,6.3,"By 2030, improve water quality by reducing pollution, eliminating dumping and minimizing release of hazardous chemicals and materials, halving the proportion of untreated wastewater and substantially increasing recycling and safe reuse globally",http://data.europa.eu/sdg/6.3,HORIZON_EUROPE|2024_PLUS
101161153:7.1,101161153,Novel approaches for  halogen-free and sustainable etching of Silicon and Glass,8,0.23816343370393936,7.1,"By 2030, ensure universal access to affordable, reliable and modern energy services",http://data.europa.eu/sdg/7.1,HORIZON_EUROPE|2024_PLUS
101161153:12.1,101161153,Novel approaches for  halogen-free and sustainable etching of Silicon and Glass,9,0.23014474339360932,12.1,"Implement the 10‑Year Framework of Programmes on Sustainable Consumption and Production Patterns, all countries taking action, with developed countries taking the lead, taking into account the development and capabilities of developing countries",http://data.europa.eu/sdg/12.1,HORIZON_EUROPE|2024_PLUS
101161153:14.1,101161153,Novel approaches for  halogen-free and sustainable etching of Silicon and Glass,10,0.23011569352807387,14.1,"By 2025, prevent and significantly reduce marine pollution of all kinds, in particular from land-based activities, including marine debris and nutrient pollution",http://data.europa.eu/sdg/14.1,HORIZON_EUROPE|2024_PLUS
101180593:14.1,101180593,"Making stratigraphy in the Anthropocene: Tracing multidecadal Pollution in the mAriNe seDimentary recOrd off the Coast of GRAnada (Alboran Sea, western Mediterranean)",1,0.4541932301681749,14.1,"By 2025, prevent and significantly reduce marine pollution of all kinds, in particular from land-based activities, including marine debris and nutrient pollution",http://data.europa.eu/sdg/14.1,HORIZON_EUROPE|2024_PLUS
101180593:12.4,101180593,"Making stratigraphy in the Anthropocene: Tracing multidecadal Pollution in the mAriNe seDimentary recOrd off the Coast of GRAnada (Alboran Sea, western Mediterranean)",2,0.3921540550050851,12.4,"By 2020, achieve the environmentally sound management of chemicals and all wastes throughout their life cycle, in accordance with agreed international frameworks, and significantly reduce their release to air, water and soil in order to minimize their adverse impacts on human health and the environment",http://data.europa.eu/sdg/12.4,HORIZON_EUROPE|2024_PLUS
101180593:14.5,101180593,"Making stratigraphy in the Anthropocene: Tracing multidecadal Pollution in the mAriNe seDimentary recOrd off the Coast of GRAnada (Alboran Sea, western Mediterranean)",3,0.3863969745594401,14.5,"By 2020, conserve at least 10 per cent of coastal and marine areas, consistent with national and international law and based on the best available scientific information",http://data.europa.eu/sdg/14.5,HORIZON_EUROPE|2024_PLUS
101180593:14.3,101180593,"Making stratigraphy in the Anthropocene: Tracing multidecadal Pollution in the mAriNe seDimentary recOrd off the Coast of GRAnada (Alboran Sea, western Mediterranean)",4,0.37915498254614655,14.3,"Minimize and address the impacts of ocean acidification, including through enhanced scientific cooperation at all levels",http://data.europa.eu/sdg/14.3,HORIZON_EUROPE|2024_PLUS
101180593:14.2,101180593,"Making stratigraphy in the Anthropocene: Tracing multidecadal Pollution in the mAriNe seDimentary recOrd off the Coast of GRAnada (Alboran Sea, western Mediterranean)",5,0.35922640664963446,14.2,"By 2020, sustainably manage and protect marine and coastal ecosystems to avoid significant adverse impacts, including by strengthening their resilience, and take action for their restoration in order to achieve healthy and productive oceans",http://data.europa.eu/sdg/14.2,HORIZON_EUROPE|2024_PLUS
101180593:11.6,101180593,"Making stratigraphy in the Anthropocene: Tracing multidecadal Pollution in the mAriNe seDimentary recOrd off the Coast of GRAnada (Alboran Sea, western Mediterranean)",6,0.3516992284887601,11.6,"By 2030, reduce the adverse per capita environmental impact of cities, including by paying special attention to air quality and municipal and other waste management",http://data.europa.eu/sdg/11.6,HORIZON_EUROPE|2024_PLUS
101180593:14.a,101180593,"Making stratigraphy in the Anthropocene: Tracing multidecadal Pollution in the mAriNe seDimentary recOrd off the Coast of GRAnada (Alboran Sea, western Mediterranean)",7,0.34713420162384445,14.a,"Increase scientific knowledge, develop research capacity and transfer marine technology, taking into account the Intergovernmental Oceanographic Commission Criteria and Guidelines on the Transfer of Marine Technology, in order to improve ocean health and to enhance the contribution of marine biodiversity to the development of developing countries, in particular small island developing States and least developed countries",http://data.europa.eu/sdg/14.a,HORIZON_EUROPE|2024_PLUS
101180593:14.c,101180593,"Making stratigraphy in the Anthropocene: Tracing multidecadal Pollution in the mAriNe seDimentary recOrd off the Coast of GRAnada (Alboran Sea, western Mediterranean)",8,0.3395321525027722,14.c,"Enhance the conservation and sustainable use of oceans and their resources by implementing international law as reflected in the United Nations Convention on the Law of the Sea, which provides the legal framework for the conservation and sustainable use of oceans and their resources, as recalled in paragraph 158 of “The future we want”",http://data.europa.eu/sdg/14.c,HORIZON_EUROPE|2024_PLUS
101180593:15.3,101180593,"Making stratigraphy in the Anthropocene: Tracing multidecadal Pollution in the mAriNe seDimentary recOrd off the Coast of GRAnada (Alboran Sea, western Mediterranean)",9,0.31897310534969614,15.3,"By 2030, combat desertification, restore degraded land and soil, including land affected by desertification, drought and floods, and strive to achieve a land degradation-neutral world",http://data.europa.eu/sdg/15.3,HORIZON_EUROPE|2024_PLUS
101180593:15.1,101180593,"Making stratigraphy in the Anthropocene: Tracing multidecadal Pollution in the mAriNe seDimentary recOrd off the Coast of GRAnada (Alboran Sea, western Mediterranean)",10,0.3167825800689128,15.1,"By 2020, ensure the conservation, restoration and sustainable use of terrestrial and inland freshwater ecosystems and their services, in particular forests, wetlands, mountains and drylands, in line with obligations under international agreements",http://data.europa.eu/sdg/15.1,HORIZON_EUROPE|2024_PLUS
101291654:12.4,101291654,A PLATFORM FOR TRACKING AND REDUCING PERSISTENT AND EMERGING POLLUTANTS TOWARDS ZERO POLLUTION IN FOOD AND DRINK SYSTEMS,1,0.5342724583422019,12.4,"By 2020, achieve the environmentally sound management of chemicals and all wastes throughout their life cycle, in accordance with agreed international frameworks, and significantly reduce their release to air, water and soil in order to minimize their adverse impacts on human health and the environment",http://data.europa.eu/sdg/12.4,HORIZON_EUROPE|2024_PLUS
101291654:12.3,101291654,A PLATFORM FOR TRACKING AND REDUCING PERSISTENT AND EMERGING POLLUTANTS TOWARDS ZERO POLLUTION IN FOOD AND DRINK SYSTEMS,2,0.4460387431515395,12.3,"By 2030,halve per capita global food waste at the retail and consumer levels and reduce food losses along production and supply chains, including post-harvest losses",http://data.europa.eu/sdg/12.3,HORIZON_EUROPE|2024_PLUS
101291654:6.3,101291654,A PLATFORM FOR TRACKING AND REDUCING PERSISTENT AND EMERGING POLLUTANTS TOWARDS ZERO POLLUTION IN FOOD AND DRINK SYSTEMS,3,0.4384857256763828,6.3,"By 2030, improve water quality by reducing pollution, eliminating dumping and minimizing release of hazardous chemicals and materials, halving the proportion of untreated wastewater and substantially increasing recycling and safe reuse globally",http://data.europa.eu/sdg/6.3,HORIZON_EUROPE|2024_PLUS
101291654:14.1,101291654,A PLATFORM FOR TRACKING AND REDUCING PERSISTENT AND EMERGING POLLUTANTS TOWARDS ZERO POLLUTION IN FOOD AND DRINK SYSTEMS,4,0.4328305191198737,14.1,"By 2025, prevent and significantly reduce marine pollution of all kinds, in particular from land-based activities, including marine debris and nutrient pollution",http://data.europa.eu/sdg/14.1,HORIZON_EUROPE|2024_PLUS
101291654:12.5,101291654,A PLATFORM FOR TRACKING AND REDUCING PERSISTENT AND EMERGING POLLUTANTS TOWARDS ZERO POLLUTION IN FOOD AND DRINK SYSTEMS,5,0.43252424208517287,12.5,"By 2030, substantially reduce waste generation through prevention, reduction, recycling and reuse",http://data.europa.eu/sdg/12.5,HORIZON_EUROPE|2024_PLUS
101291654:11.6,101291654,A PLATFORM FOR TRACKING AND REDUCING PERSISTENT AND EMERGING POLLUTANTS TOWARDS ZERO POLLUTION IN FOOD AND DRINK SYSTEMS,6,0.41943463150776117,11.6,"By 2030, reduce the adverse per capita environmental impact of cities, including by paying special attention to air quality and municipal and other waste management",http://data.europa.eu/sdg/11.6,HORIZON_EUROPE|2024_PLUS
101291654:3.9,101291654,A PLATFORM FOR TRACKING AND REDUCING PERSISTENT AND EMERGING POLLUTANTS TOWARDS ZERO POLLUTION IN FOOD AND DRINK SYSTEMS,7,0.41038561665175305,3.9,"By 2030, substantially reduce the number of deaths and illnesses from hazardous chemicals and air, water and soil pollution and contamination",http://data.europa.eu/sdg/3.9,HORIZON_EUROPE|2024_PLUS
101291654:17.12,101291654,A PLATFORM FOR TRACKING AND REDUCING PERSISTENT AND EMERGING POLLUTANTS TOWARDS ZERO POLLUTION IN FOOD AND DRINK SYSTEMS,8,0.3987254340919658,17.12,"Realize timely implementation of duty-free and quota-free market access on a lasting basis for all least developed countries, consistent with World Trade Organization decisions, including by ensuring that preferential rules of origin applicable to imports from least developed countries are transparent and simple, and contribute to facilitating market access",http://data.europa.eu/sdg/17.12,HORIZON_EUROPE|2024_PLUS
101291654:12.8,101291654,A PLATFORM FOR TRACKING AND REDUCING PERSISTENT AND EMERGING POLLUTANTS TOWARDS ZERO POLLUTION IN FOOD AND DRINK SYSTEMS,9,0.39212724130692256,12.8,"By 2030, ensure that people everywhere have the relevant information and awareness for sustainable development and lifestyles in harmony with nature",http://data.europa.eu/sdg/12.8,HORIZON_EUROPE|2024_PLUS
101291654:6.a,101291654,A PLATFORM FOR TRACKING AND REDUCING PERSISTENT AND EMERGING POLLUTANTS TOWARDS ZERO POLLUTION IN FOOD AND DRINK SYSTEMS,10,0.3879660357411395,6.a,"By 2030, expand international cooperation and capacity-building support to developing countries in water- and sanitation-related activities and programmes, including water harvesting, desalination, water efficiency, wastewater treatment, recycling and reuse technologies",http://data.europa.eu/sdg/6.a,HORIZON_EUROPE|2024_PLUS
101132327:13.3,101132327,"Climate, Inequality, and Democratic Action: The Force of Political Emotions",1,0.5076862302610952,13.3,"Improve education, awareness-raising and human and institutional capacity on climate change mitigation, adaptation, impact reduction and early warning",http://data.europa.eu/sdg/13.3,HORIZON_EUROPE|2024_PLUS
101132327:13.2,101132327,"Climate, Inequality, and Democratic Action: The Force of Political Emotions",2,0.5074634601373813,13.2,"Integrate climate change measures into national policies, strategies and planning",http://data.europa.eu/sdg/13.2,HORIZON_EUROPE|2024_PLUS
101132327:16.7,101132327,"Climate, Inequality, and Democratic Action: The Force of Political Emotions",3,0.465598856742123,16.7,"Ensure responsive, inclusive, participatory and representative decision-making at all levels",http://data.europa.eu/sdg/16.7,HORIZON_EUROPE|2024_PLUS
101132327:13.b,101132327,"Climate, Inequality, and Democratic Action: The Force of Political Emotions",4,0.4610474466367177,13.b,"Promote mechanisms for raising capacity for effective climate change-related planning and management in least developed countries and small island developing States, including focusing on women, youth and local and marginalized communities",http://data.europa.eu/sdg/13.b,HORIZON_EUROPE|2024_PLUS
101132327:13.a,101132327,"Climate, Inequality, and Democratic Action: The Force of Political Emotions",5,0.4552958690027907,13.a,Implement the commitment undertaken by developed-country parties to the United Nations Framework Convention on Climate Change to a goal of mobilizing jointly $100 billion annually by 2020 from all sources to address the needs of developing countries in the context of meaningful mitigation actions and transparency on implementation and fully operationalize the Green Climate Fund through its capitalization as soon as possible,http://data.europa.eu/sdg/13.a,HORIZON_EUROPE|2024_PLUS
101132327:13.1,101132327,"Climate, Inequality, and Democratic Action: The Force of Political Emotions",6,0.44906101153671263,13.1,Strengthen resilience and adaptive capacity to climate-related hazards and natural disasters in all countries,http://data.europa.eu/sdg/13.1,HORIZON_EUROPE|2024_PLUS
101132327:16.b,101132327,"Climate, Inequality, and Democratic Action: The Force of Political Emotions",7,0.4316147321974036,16.b,Promote and enforce non-discriminatory laws and policies for sustainable development,http://data.europa.eu/sdg/16.b,HORIZON_EUROPE|2024_PLUS
101132327:16.8,101132327,"Climate, Inequality, and Democratic Action: The Force of Political Emotions",8,0.4277242940393274,16.8,Broaden and strengthen the participation of developing countries in the institutions of global governance,http://data.europa.eu/sdg/16.8,HORIZON_EUROPE|2024_PLUS
101132327:16.10,101132327,"Climate, Inequality, and Democratic Action: The Force of Political Emotions",9,0.425567802192095,16.10,"Ensure public access to information and protect fundamental freedoms, in accordance with national legislation and international agreements",http://data.europa.eu/sdg/16.10,HORIZON_EUROPE|2024_PLUS
101132327:16.5,101132327,"Climate, Inequality, and Democratic Action: The Force of Political Emotions",10,0.4142090390162077,16.5,Substantially reduce corruption and bribery in all their forms,http://data.europa.eu/sdg/16.5,HORIZON_EUROPE|2024_PLUS
101152933:11.7,101152933,REstorative GENder-specific ExpeRiences in urbAn naTural Environments,1,0.47564035091721735,11.7,"By 2030, provide universal access to safe, inclusive and accessible, green and public spaces, in particular for women and children, older persons and persons with disabilities",http://data.europa.eu/sdg/11.7,HORIZON_EUROPE|2024_PLUS
101152933:5.6,101152933,REstorative GENder-specific ExpeRiences in urbAn naTural Environments,2,0.4492888630792773,5.6,Ensure universal access to sexual and reproductive health and reproductive rights as agreed in accordance with the Programme of Action of the International Conference on Population and Development and the Beijing Platform for Action and the outcome documents of their review conferences,http://data.europa.eu/sdg/5.6,HORIZON_EUROPE|2024_PLUS
101152933:5.5,101152933,REstorative GENder-specific ExpeRiences in urbAn naTural Environments,3,0.44608093914473096,5.5,"Ensure women’s full and effective participation and equal opportunities for leadership at all levels of decision-making in political, economic and public life",http://data.europa.eu/sdg/5.5,HORIZON_EUROPE|2024_PLUS
101152933:5.1,101152933,REstorative GENder-specific ExpeRiences in urbAn naTural Environments,4,0.4426378429724222,5.1,End all forms of discrimination against all women and girls everywhere,http://data.europa.eu/sdg/5.1,HORIZON_EUROPE|2024_PLUS
101152933:5.4,101152933,REstorative GENder-specific ExpeRiences in urbAn naTural Environments,5,0.4376013356390623,5.4,"Recognize and value unpaid care and domestic work through the provision of public services, infrastructure and social protection policies and the promotion of shared responsibility within the household and the family as nationally appropriate",http://data.europa.eu/sdg/5.4,HORIZON_EUROPE|2024_PLUS
101152933:13.b,101152933,REstorative GENder-specific ExpeRiences in urbAn naTural Environments,6,0.4304423489037643,13.b,"Promote mechanisms for raising capacity for effective climate change-related planning and management in least developed countries and small island developing States, including focusing on women, youth and local and marginalized communities",http://data.europa.eu/sdg/13.b,HORIZON_EUROPE|2024_PLUS
101152933:5.a,101152933,REstorative GENder-specific ExpeRiences in urbAn naTural Environments,7,0.4272223156393439,5.a,"Undertake reforms to give women equal rights to economic resources, as well as access to ownership and control over land and other forms of property, financial services, inheritance and natural resources, in accordance with national laws",http://data.europa.eu/sdg/5.a,HORIZON_EUROPE|2024_PLUS
101152933:11.3,101152933,REstorative GENder-specific ExpeRiences in urbAn naTural Environments,8,0.418709133748903,11.3,"By 2030, enhance inclusive and sustainable urbanization and capacity for participatory, integrated and sustainable human settlement planning and management in all countries",http://data.europa.eu/sdg/11.3,HORIZON_EUROPE|2024_PLUS
101152933:11.6,101152933,REstorative GENder-specific ExpeRiences in urbAn naTural Environments,9,0.4182038332780279,11.6,"By 2030, reduce the adverse per capita environmental impact of cities, including by paying special attention to air quality and municipal and other waste management",http://data.europa.eu/sdg/11.6,HORIZON_EUROPE|2024_PLUS
101152933:11.2,101152933,REstorative GENder-specific ExpeRiences in urbAn naTural Environments,10,0.41529268272806297,11.2,"By 2030, provide access to safe, affordable, accessible and sustainable transport systems for all, improving road safety, notably by expanding public transport, with special attention to the needs of those in vulnerable situations, women, children, persons with disabilities and older persons",http://data.europa.eu/sdg/11.2,HORIZON_EUROPE|2024_PLUS
101289094:9.5,101289094,Mechanism-Informed Multimodal Generative AI for Causal and Dynamical Modelling in Biomedical Research,1,0.351927153254215,9.5,"Enhance scientific research, upgrade the technological capabilities of industrial sectors in all countries, in particular developing countries, including, by 2030, encouraging innovation and substantially increasing the number of research and development workers per 1 million people and public and private research and development spending",http://data.europa.eu/sdg/9.5,HORIZON_EUROPE|2024_PLUS
101289094:3.3,101289094,Mechanism-Informed Multimodal Generative AI for Causal and Dynamical Modelling in Biomedical Research,2,0.2874845572181278,3.3,"By 2030, end the epidemics of AIDS, tuberculosis, malaria and neglected tropical diseases and combat hepatitis, water-borne diseases and other communicable diseases",http://data.europa.eu/sdg/3.3,HORIZON_EUROPE|2024_PLUS
101289094:3.9,101289094,Mechanism-Informed Multimodal Generative AI for Causal and Dynamical Modelling in Biomedical Research,3,0.278225924336982,3.9,"By 2030, substantially reduce the number of deaths and illnesses from hazardous chemicals and air, water and soil pollution and contamination",http://data.europa.eu/sdg/3.9,HORIZON_EUROPE|2024_PLUS
101289094:9.b,101289094,Mechanism-Informed Multimodal Generative AI for Causal and Dynamical Modelling in Biomedical Research,4,0.2689162299162405,9.b,"Support domestic technology development, research and innovation in developing countries, including by ensuring a conducive policy environment for, inter alia, industrial diversification and value addition to commodities",http://data.europa.eu/sdg/9.b,HORIZON_EUROPE|2024_PLUS
101289094:3.8,101289094,Mechanism-Informed Multimodal Generative AI for Causal and Dynamical Modelling in Biomedical Research,5,0.266078013548699,3.8,"Achieve universal health coverage, including financial risk protection, access to quality essential health-care services and access to safe, effective, quality and affordable essential medicines and vaccines for all",http://data.europa.eu/sdg/3.8,HORIZON_EUROPE|2024_PLUS
101289094:3.b,101289094,Mechanism-Informed Multimodal Generative AI for Causal and Dynamical Modelling in Biomedical Research,6,0.26406948938082,3.b,"Support the research and development of vaccines and medicines for the communicable and non‑communicable diseases that primarily affect developing countries, provide access to affordable essential medicines and vaccines, in accordance with the Doha Declaration on the TRIPS Agreement and Public Health, which affirms the right of developing countries to use to the full the provisions in the Agreement on Trade-Related Aspects of Intellectual Property Rights regarding flexibilities to protect public health, and, in particular, provide access to medicines for all",http://data.europa.eu/sdg/3.b,HORIZON_EUROPE|2024_PLUS
101289094:3.c,101289094,Mechanism-Informed Multimodal Generative AI for Causal and Dynamical Modelling in Biomedical Research,7,0.2617403369225408,3.c,"Substantially increase health financing and the recruitment, development, training and retention of the health workforce in developing countries, especially in least developed countries and small island developing States",http://data.europa.eu/sdg/3.c,HORIZON_EUROPE|2024_PLUS
101289094:17.18,101289094,Mechanism-Informed Multimodal Generative AI for Causal and Dynamical Modelling in Biomedical Research,8,0.2559500823985257,17.18,"By 2020, enhance capacity-building support to developing countries, including for least developed countries and small island developing States, to increase significantly the availability of high-quality, timely and reliable data disaggregated by income, gender, age, race, ethnicity, migratory status, disability, geographic location and other characteristics relevant in national contexts",http://data.europa.eu/sdg/17.18,HORIZON_EUROPE|2024_PLUS
101289094:12.4,101289094,Mechanism-Informed Multimodal Generative AI for Causal and Dynamical Modelling in Biomedical Research,9,0.25360648272019665,12.4,"By 2020, achieve the environmentally sound management of chemicals and all wastes throughout their life cycle, in accordance with agreed international frameworks, and significantly reduce their release to air, water and soil in order to minimize their adverse impacts on human health and the environment",http://data.europa.eu/sdg/12.4,HORIZON_EUROPE|2024_PLUS
101289094:3.d,101289094,Mechanism-Informed Multimodal Generative AI for Causal and Dynamical Modelling in Biomedical Research,10,0.24506310303266826,3.d,"Strengthen the capacity of all countries, in particular developing countries, for early warning, risk reduction and management of national and global health risks",http://data.europa.eu/sdg/3.d,HORIZON_EUROPE|2024_PLUS
101248153:7.a,101248153,Brain-inspired Computing for Next Generation Generative Artificial Intelligence,1,0.3596188225732051,7.a,"By 2030, enhance international cooperation to facilitate access to clean energy research and technology, including renewable energy, energy efficiency and advanced and cleaner fossil-fuel technology, and promote investment in energy infrastructure and clean energy technology",http://data.europa.eu/sdg/7.a,HORIZON_EUROPE|2024_PLUS
101248153:7.3,101248153,Brain-inspired Computing for Next Generation Generative Artificial Intelligence,2,0.3481506377280921,7.3,"By 2030, double the global rate of improvement in energy efficiency",http://data.europa.eu/sdg/7.3,HORIZON_EUROPE|2024_PLUS
101248153:9.4,101248153,Brain-inspired Computing for Next Generation Generative Artificial Intelligence,3,0.31738249811940905,9.4,"By 2030, upgrade infrastructure and retrofit industries to make them sustainable, with increased resource-use efficiency and greater adoption of clean and environmentally sound technologies and industrial processes, with all countries taking action in accordance with their respective capabilities",http://data.europa.eu/sdg/9.4,HORIZON_EUROPE|2024_PLUS
101248153:7.2,101248153,Brain-inspired Computing for Next Generation Generative Artificial Intelligence,4,0.3157281575866261,7.2,"By 2030, increase substantially the share of renewable energy in the global energy mix",http://data.europa.eu/sdg/7.2,HORIZON_EUROPE|2024_PLUS
101248153:9.5,101248153,Brain-inspired Computing for Next Generation Generative Artificial Intelligence,5,0.31022284551687795,9.5,"Enhance scientific research, upgrade the technological capabilities of industrial sectors in all countries, in particular developing countries, including, by 2030, encouraging innovation and substantially increasing the number of research and development workers per 1 million people and public and private research and development spending",http://data.europa.eu/sdg/9.5,HORIZON_EUROPE|2024_PLUS
101248153:7.b,101248153,Brain-inspired Computing for Next Generation Generative Artificial Intelligence,6,0.2928583555039098,7.b,"By 2030, expand infrastructure and upgrade technology for supplying modern and sustainable energy services for all in developing countries, in particular least developed countries, small island developing States and landlocked developing countries, in accordance with their respective programmes of support",http://data.europa.eu/sdg/7.b,HORIZON_EUROPE|2024_PLUS
101248153:7.1,101248153,Brain-inspired Computing for Next Generation Generative Artificial Intelligence,7,0.2914909610889362,7.1,"By 2030, ensure universal access to affordable, reliable and modern energy services",http://data.europa.eu/sdg/7.1,HORIZON_EUROPE|2024_PLUS
101248153:9.b,101248153,Brain-inspired Computing for Next Generation Generative Artificial Intelligence,8,0.29011692416175733,9.b,"Support domestic technology development, research and innovation in developing countries, including by ensuring a conducive policy environment for, inter alia, industrial diversification and value addition to commodities",http://data.europa.eu/sdg/9.b,HORIZON_EUROPE|2024_PLUS
101248153:12.4,101248153,Brain-inspired Computing for Next Generation Generative Artificial Intelligence,9,0.2825542281715945,12.4,"By 2020, achieve the environmentally sound management of chemicals and all wastes throughout their life cycle, in accordance with agreed international frameworks, and significantly reduce their release to air, water and soil in order to minimize their adverse impacts on human health and the environment",http://data.europa.eu/sdg/12.4,HORIZON_EUROPE|2024_PLUS
101248153:17.8,101248153,Brain-inspired Computing for Next Generation Generative Artificial Intelligence,10,0.2824656574670533,17.8,"Fully operationalize the technology bank and science, technology and innovation capacity-building mechanism for least developed countries by 2017 and enhance the use of enabling technology, in particular information and communications technology",http://data.europa.eu/sdg/17.8,HORIZON_EUROPE|2024_PLUS
101275563:7.a,101275563,Selenium Utilization for Novel Solar Energy Conversion Applications,1,0.2799893012993412,7.a,"By 2030, enhance international cooperation to facilitate access to clean energy research and technology, including renewable energy, energy efficiency and advanced and cleaner fossil-fuel technology, and promote investment in energy infrastructure and clean energy technology",http://data.europa.eu/sdg/7.a,HORIZON_EUROPE|2024_PLUS
101275563:7.2,101275563,Selenium Utilization for Novel Solar Energy Conversion Applications,2,0.2626780967603332,7.2,"By 2030, increase substantially the share of renewable energy in the global energy mix",http://data.europa.eu/sdg/7.2,HORIZON_EUROPE|2024_PLUS
101275563:12.4,101275563,Selenium Utilization for Novel Solar Energy Conversion Applications,3,0.25497240110114516,12.4,"By 2020, achieve the environmentally sound management of chemicals and all wastes throughout their life cycle, in accordance with agreed international frameworks, and significantly reduce their release to air, water and soil in order to minimize their adverse impacts on human health and the environment",http://data.europa.eu/sdg/12.4,HORIZON_EUROPE|2024_PLUS
101275563:7.3,101275563,Selenium Utilization for Novel Solar Energy Conversion Applications,4,0.23859812745253212,7.3,"By 2030, double the global rate of improvement in energy efficiency",http://data.europa.eu/sdg/7.3,HORIZON_EUROPE|2024_PLUS
101275563:9.4,101275563,Selenium Utilization for Novel Solar Energy Conversion Applications,5,0.23653118548541985,9.4,"By 2030, upgrade infrastructure and retrofit industries to make them sustainable, with increased resource-use efficiency and greater adoption of clean and environmentally sound technologies and industrial processes, with all countries taking action in accordance with their respective capabilities",http://data.europa.eu/sdg/9.4,HORIZON_EUROPE|2024_PLUS
101275563:12.5,101275563,Selenium Utilization for Novel Solar Energy Conversion Applications,6,0.23139808316750693,12.5,"By 2030, substantially reduce waste generation through prevention, reduction, recycling and reuse",http://data.europa.eu/sdg/12.5,HORIZON_EUROPE|2024_PLUS
101275563:7.1,101275563,Selenium Utilization for Novel Solar Energy Conversion Applications,7,0.21446410798847013,7.1,"By 2030, ensure universal access to affordable, reliable and modern energy services",http://data.europa.eu/sdg/7.1,HORIZON_EUROPE|2024_PLUS
101275563:7.b,101275563,Selenium Utilization for Novel Solar Energy Conversion Applications,8,0.20296112178351228,7.b,"By 2030, expand infrastructure and upgrade technology for supplying modern and sustainable energy services for all in developing countries, in particular least developed countries, small island developing States and landlocked developing countries, in accordance with their respective programmes of support",http://data.europa.eu/sdg/7.b,HORIZON_EUROPE|2024_PLUS
101275563:8.4,101275563,Selenium Utilization for Novel Solar Energy Conversion Applications,9,0.19176615618018802,8.4,"Improve progressively, through 2030, global resource efficiency in consumption and production and endeavour to decouple economic growth from environmental degradation, in accordance with the 10‑Year Framework of Programmes on Sustainable Consumption and Production, with developed countries taking the lead",http://data.europa.eu/sdg/8.4,HORIZON_EUROPE|2024_PLUS
101275563:12.a,101275563,Selenium Utilization for Novel Solar Energy Conversion Applications,10,0.18920050775048197,12.a,Support developing countries to strengthen their scientific and technological capacity to move towards more sustainable patterns of consumption and production,http://data.europa.eu/sdg/12.a,HORIZON_EUROPE|2024_PLUS
101217884:9.4,101217884,Revolutionary solution to unlock concrete-to-concrete circularity,1,0.43401102404423675,9.4,"By 2030, upgrade infrastructure and retrofit industries to make them sustainable, with increased resource-use efficiency and greater adoption of clean and environmentally sound technologies and industrial processes, with all countries taking action in accordance with their respective capabilities",http://data.europa.eu/sdg/9.4,HORIZON_EUROPE|2024_PLUS
101217884:12.5,101217884,Revolutionary solution to unlock concrete-to-concrete circularity,2,0.403789352916502,12.5,"By 2030, substantially reduce waste generation through prevention, reduction, recycling and reuse",http://data.europa.eu/sdg/12.5,HORIZON_EUROPE|2024_PLUS
101217884:12.4,101217884,Revolutionary solution to unlock concrete-to-concrete circularity,3,0.38098001372725687,12.4,"By 2020, achieve the environmentally sound management of chemicals and all wastes throughout their life cycle, in accordance with agreed international frameworks, and significantly reduce their release to air, water and soil in order to minimize their adverse impacts on human health and the environment",http://data.europa.eu/sdg/12.4,HORIZON_EUROPE|2024_PLUS
101217884:7.a,101217884,Revolutionary solution to unlock concrete-to-concrete circularity,4,0.3799859155463496,7.a,"By 2030, enhance international cooperation to facilitate access to clean energy research and technology, including renewable energy, energy efficiency and advanced and cleaner fossil-fuel technology, and promote investment in energy infrastructure and clean energy technology",http://data.europa.eu/sdg/7.a,HORIZON_EUROPE|2024_PLUS
101217884:9.1,101217884,Revolutionary solution to unlock concrete-to-concrete circularity,5,0.37527118725491015,9.1,"Develop quality, reliable, sustainable and resilient infrastructure, including regional and transborder infrastructure, to support economic development and human well-being, with a focus on affordable and equitable access for all",http://data.europa.eu/sdg/9.1,HORIZON_EUROPE|2024_PLUS
101217884:9.b,101217884,Revolutionary solution to unlock concrete-to-concrete circularity,6,0.34497150692044937,9.b,"Support domestic technology development, research and innovation in developing countries, including by ensuring a conducive policy environment for, inter alia, industrial diversification and value addition to commodities",http://data.europa.eu/sdg/9.b,HORIZON_EUROPE|2024_PLUS
101217884:11.c,101217884,Revolutionary solution to unlock concrete-to-concrete circularity,7,0.34417889784334704,11.c,"Support least developed countries, including through financial and technical assistance, in building sustainable and resilient buildings utilizing local materials",http://data.europa.eu/sdg/11.c,HORIZON_EUROPE|2024_PLUS
101217884:9.5,101217884,Revolutionary solution to unlock concrete-to-concrete circularity,8,0.3380090821983388,9.5,"Enhance scientific research, upgrade the technological capabilities of industrial sectors in all countries, in particular developing countries, including, by 2030, encouraging innovation and substantially increasing the number of research and development workers per 1 million people and public and private research and development spending",http://data.europa.eu/sdg/9.5,HORIZON_EUROPE|2024_PLUS
101217884:7.1,101217884,Revolutionary solution to unlock concrete-to-concrete circularity,9,0.3373132325456759,7.1,"By 2030, ensure universal access to affordable, reliable and modern energy services",http://data.europa.eu/sdg/7.1,HORIZON_EUROPE|2024_PLUS
101217884:7.3,101217884,Revolutionary solution to unlock concrete-to-concrete circularity,10,0.3353209869725743,7.3,"By 2030, double the global rate of improvement in energy efficiency",http://data.europa.eu/sdg/7.3,HORIZON_EUROPE|2024_PLUS
101287905:15.3,101287905,Simulating Management Decisions with Peatland Digital Twins and Generative AI,1,0.45273809768932854,15.3,"By 2030, combat desertification, restore degraded land and soil, including land affected by desertification, drought and floods, and strive to achieve a land degradation-neutral world",http://data.europa.eu/sdg/15.3,HORIZON_EUROPE|2024_PLUS
101287905:15.1,101287905,Simulating Management Decisions with Peatland Digital Twins and Generative AI,2,0.44932893881870745,15.1,"By 2020, ensure the conservation, restoration and sustainable use of terrestrial and inland freshwater ecosystems and their services, in particular forests, wetlands, mountains and drylands, in line with obligations under international agreements",http://data.europa.eu/sdg/15.1,HORIZON_EUROPE|2024_PLUS
101287905:15.9,101287905,Simulating Management Decisions with Peatland Digital Twins and Generative AI,3,0.4409277299912704,15.9,"By 2020, integrate ecosystem and biodiversity values into national and local planning, development processes, poverty reduction strategies and accounts",http://data.europa.eu/sdg/15.9,HORIZON_EUROPE|2024_PLUS
101287905:15.6,101287905,Simulating Management Decisions with Peatland Digital Twins and Generative AI,4,0.4215949166535775,15.6,"Promote fair and equitable sharing of the benefits arising from the utilization of genetic resources and promote appropriate access to such resources, as internationally agreed",http://data.europa.eu/sdg/15.6,HORIZON_EUROPE|2024_PLUS
101287905:15.a,101287905,Simulating Management Decisions with Peatland Digital Twins and Generative AI,5,0.4090858313128431,15.a,Mobilize and significantly increase financial resources from all sources to conserve and sustainably use biodiversity and ecosystems,http://data.europa.eu/sdg/15.a,HORIZON_EUROPE|2024_PLUS
101287905:15.5,101287905,Simulating Management Decisions with Peatland Digital Twins and Generative AI,6,0.4001735232524355,15.5,"Take urgent and significant action to reduce the degradation of natural habitats, halt the loss of biodiversity and, by 2020, protect and prevent the extinction of threatened species",http://data.europa.eu/sdg/15.5,HORIZON_EUROPE|2024_PLUS
101287905:15.2,101287905,Simulating Management Decisions with Peatland Digital Twins and Generative AI,7,0.392921352311303,15.2,"By 2020, promote the implementation of sustainable management of all types of forests, halt deforestation, restore degraded forests and substantially increase afforestation and reforestation globally",http://data.europa.eu/sdg/15.2,HORIZON_EUROPE|2024_PLUS
101287905:11.b,101287905,Simulating Management Decisions with Peatland Digital Twins and Generative AI,8,0.3893169954460225,11.b,"By 2020, substantially increase the number of cities and human settlements adopting and implementing integrated policies and plans towards inclusion, resource efficiency, mitigation and adaptation to climate change, resilience to disasters, and develop and implement, in line with the Sendai Framework for Disaster Risk Reduction 2015–2030, holistic disaster risk management at all levels",http://data.europa.eu/sdg/11.b,HORIZON_EUROPE|2024_PLUS
101287905:13.1,101287905,Simulating Management Decisions with Peatland Digital Twins and Generative AI,9,0.3841165300440809,13.1,Strengthen resilience and adaptive capacity to climate-related hazards and natural disasters in all countries,http://data.europa.eu/sdg/13.1,HORIZON_EUROPE|2024_PLUS
101287905:17.18,101287905,Simulating Management Decisions with Peatland Digital Twins and Generative AI,10,0.3784368894606126,17.18,"By 2020, enhance capacity-building support to developing countries, including for least developed countries and small island developing States, to increase significantly the availability of high-quality, timely and reliable data disaggregated by income, gender, age, race, ethnicity, migratory status, disability, geographic location and other characteristics relevant in national contexts",http://data.europa.eu/sdg/17.18,HORIZON_EUROPE|2024_PLUS
101192583:7.a,101192583,TWINSHIP – INTEGRATED DIGITAL TWIN FRAMEWORK TO ENABLE GREEN SHIP OPERATIONS TOWARDS ZERO EMISSION VESSELS,1,0.355731282194625,7.a,"By 2030, enhance international cooperation to facilitate access to clean energy research and technology, including renewable energy, energy efficiency and advanced and cleaner fossil-fuel technology, and promote investment in energy infrastructure and clean energy technology",http://data.europa.eu/sdg/7.a,HORIZON_EUROPE|2024_PLUS
101192583:17.8,101192583,TWINSHIP – INTEGRATED DIGITAL TWIN FRAMEWORK TO ENABLE GREEN SHIP OPERATIONS TOWARDS ZERO EMISSION VESSELS,2,0.3512415922215806,17.8,"Fully operationalize the technology bank and science, technology and innovation capacity-building mechanism for least developed countries by 2017 and enhance the use of enabling technology, in particular information and communications technology",http://data.europa.eu/sdg/17.8,HORIZON_EUROPE|2024_PLUS
101192583:9.4,101192583,TWINSHIP – INTEGRATED DIGITAL TWIN FRAMEWORK TO ENABLE GREEN SHIP OPERATIONS TOWARDS ZERO EMISSION VESSELS,3,0.34505241304236994,9.4,"By 2030, upgrade infrastructure and retrofit industries to make them sustainable, with increased resource-use efficiency and greater adoption of clean and environmentally sound technologies and industrial processes, with all countries taking action in accordance with their respective capabilities",http://data.europa.eu/sdg/9.4,HORIZON_EUROPE|2024_PLUS
101192583:7.b,101192583,TWINSHIP – INTEGRATED DIGITAL TWIN FRAMEWORK TO ENABLE GREEN SHIP OPERATIONS TOWARDS ZERO EMISSION VESSELS,4,0.3277512431965358,7.b,"By 2030, expand infrastructure and upgrade technology for supplying modern and sustainable energy services for all in developing countries, in particular least developed countries, small island developing States and landlocked developing countries, in accordance with their respective programmes of support",http://data.europa.eu/sdg/7.b,HORIZON_EUROPE|2024_PLUS
101192583:17.7,101192583,TWINSHIP – INTEGRATED DIGITAL TWIN FRAMEWORK TO ENABLE GREEN SHIP OPERATIONS TOWARDS ZERO EMISSION VESSELS,5,0.32502875432319667,17.7,"Promote the development, transfer, dissemination and diffusion of environmentally sound technologies to developing countries on favourable terms, including on concessional and preferential terms, as mutually agreed",http://data.europa.eu/sdg/17.7,HORIZON_EUROPE|2024_PLUS
101192583:17.16,101192583,TWINSHIP – INTEGRATED DIGITAL TWIN FRAMEWORK TO ENABLE GREEN SHIP OPERATIONS TOWARDS ZERO EMISSION VESSELS,6,0.3230627919004914,17.16,"Enhance the Global Partnership for Sustainable Development, complemented by multi-stakeholder partnerships that mobilize and share knowledge, expertise, technology and financial resources, to support the achievement of the Sustainable Development Goals in all countries, in particular developing countries",http://data.europa.eu/sdg/17.16,HORIZON_EUROPE|2024_PLUS
101192583:17.6,101192583,TWINSHIP – INTEGRATED DIGITAL TWIN FRAMEWORK TO ENABLE GREEN SHIP OPERATIONS TOWARDS ZERO EMISSION VESSELS,7,0.3222032778498314,17.6,"Enhance North-South, South-South and triangular regional and international cooperation on and access to science, technology and innovation and enhance knowledge-sharing on mutually agreed terms, including through improved coordination among existing mechanisms, in particular at the United Nations level, and through a global technology facilitation mechanism",http://data.europa.eu/sdg/17.6,HORIZON_EUROPE|2024_PLUS
101192583:14.2,101192583,TWINSHIP – INTEGRATED DIGITAL TWIN FRAMEWORK TO ENABLE GREEN SHIP OPERATIONS TOWARDS ZERO EMISSION VESSELS,8,0.31859384578455885,14.2,"By 2020, sustainably manage and protect marine and coastal ecosystems to avoid significant adverse impacts, including by strengthening their resilience, and take action for their restoration in order to achieve healthy and productive oceans",http://data.europa.eu/sdg/14.2,HORIZON_EUROPE|2024_PLUS
101192583:17.18,101192583,TWINSHIP – INTEGRATED DIGITAL TWIN FRAMEWORK TO ENABLE GREEN SHIP OPERATIONS TOWARDS ZERO EMISSION VESSELS,9,0.31721424477376137,17.18,"By 2020, enhance capacity-building support to developing countries, including for least developed countries and small island developing States, to increase significantly the availability of high-quality, timely and reliable data disaggregated by income, gender, age, race, ethnicity, migratory status, disability, geographic location and other characteristics relevant in national contexts",http://data.europa.eu/sdg/17.18,HORIZON_EUROPE|2024_PLUS
101192583:9.1,101192583,TWINSHIP – INTEGRATED DIGITAL TWIN FRAMEWORK TO ENABLE GREEN SHIP OPERATIONS TOWARDS ZERO EMISSION VESSELS,10,0.3135485659738226,9.1,"Develop quality, reliable, sustainable and resilient infrastructure, including regional and transborder infrastructure, to support economic development and human well-being, with a focus on affordable and equitable access for all",http://data.europa.eu/sdg/9.1,HORIZON_EUROPE|2024_PLUS
101181363:15.1,101181363,Autonomous Longtime Aquatic Biodiversity and Ecology Monitoring Robot,1,0.41614828778005686,15.1,"By 2020, ensure the conservation, restoration and sustainable use of terrestrial and inland freshwater ecosystems and their services, in particular forests, wetlands, mountains and drylands, in line with obligations under international agreements",http://data.europa.eu/sdg/15.1,HORIZON_EUROPE|2024_PLUS
101181363:6.6,101181363,Autonomous Longtime Aquatic Biodiversity and Ecology Monitoring Robot,2,0.4068594031201642,6.6,"By 2020, protect and restore water-related ecosystems, including mountains, forests, wetlands, rivers, aquifers and lakes",http://data.europa.eu/sdg/6.6,HORIZON_EUROPE|2024_PLUS
101181363:15.9,101181363,Autonomous Longtime Aquatic Biodiversity and Ecology Monitoring Robot,3,0.38964080697676917,15.9,"By 2020, integrate ecosystem and biodiversity values into national and local planning, development processes, poverty reduction strategies and accounts",http://data.europa.eu/sdg/15.9,HORIZON_EUROPE|2024_PLUS
101181363:15.5,101181363,Autonomous Longtime Aquatic Biodiversity and Ecology Monitoring Robot,4,0.38171579174546233,15.5,"Take urgent and significant action to reduce the degradation of natural habitats, halt the loss of biodiversity and, by 2020, protect and prevent the extinction of threatened species",http://data.europa.eu/sdg/15.5,HORIZON_EUROPE|2024_PLUS
101181363:15.3,101181363,Autonomous Longtime Aquatic Biodiversity and Ecology Monitoring Robot,5,0.377824324422463,15.3,"By 2030, combat desertification, restore degraded land and soil, including land affected by desertification, drought and floods, and strive to achieve a land degradation-neutral world",http://data.europa.eu/sdg/15.3,HORIZON_EUROPE|2024_PLUS
101181363:14.1,101181363,Autonomous Longtime Aquatic Biodiversity and Ecology Monitoring Robot,6,0.36701306066951844,14.1,"By 2025, prevent and significantly reduce marine pollution of all kinds, in particular from land-based activities, including marine debris and nutrient pollution",http://data.europa.eu/sdg/14.1,HORIZON_EUROPE|2024_PLUS
101181363:14.2,101181363,Autonomous Longtime Aquatic Biodiversity and Ecology Monitoring Robot,7,0.36597594360287783,14.2,"By 2020, sustainably manage and protect marine and coastal ecosystems to avoid significant adverse impacts, including by strengthening their resilience, and take action for their restoration in order to achieve healthy and productive oceans",http://data.europa.eu/sdg/14.2,HORIZON_EUROPE|2024_PLUS
101181363:14.a,101181363,Autonomous Longtime Aquatic Biodiversity and Ecology Monitoring Robot,8,0.3643338883793908,14.a,"Increase scientific knowledge, develop research capacity and transfer marine technology, taking into account the Intergovernmental Oceanographic Commission Criteria and Guidelines on the Transfer of Marine Technology, in order to improve ocean health and to enhance the contribution of marine biodiversity to the development of developing countries, in particular small island developing States and least developed countries",http://data.europa.eu/sdg/14.a,HORIZON_EUROPE|2024_PLUS
101181363:15.4,101181363,Autonomous Longtime Aquatic Biodiversity and Ecology Monitoring Robot,9,0.36373545409440355,15.4,"By 2030, ensure the conservation of mountain ecosystems, including their biodiversity, in order to enhance their capacity to provide benefits that are essential for sustainable development",http://data.europa.eu/sdg/15.4,HORIZON_EUROPE|2024_PLUS
101181363:15.8,101181363,Autonomous Longtime Aquatic Biodiversity and Ecology Monitoring Robot,10,0.3604760453156332,15.8,"By 2020, introduce measures to prevent the introduction and significantly reduce the impact of invasive alien species on land and water ecosystems and control or eradicate the priority species",http://data.europa.eu/sdg/15.8,HORIZON_EUROPE|2024_PLUS
101285198:2.5,101285198,Pollen Transfection via Tuneable Polymeric Silica Nanocapsules : A Non-Transgenic Platform for Plant Genetic Manipulation,1,0.35143431080084103,2.5,"By 2020, maintain the genetic diversity of seeds, cultivated plants and farmed and domesticated animals and their related wild species, including through soundly managed and diversified seed and plant banks at the national, regional and international levels, and promote access to and fair and equitable sharing of benefits arising from the utilization of genetic resources and associated traditional knowledge, as internationally agreed",http://data.europa.eu/sdg/2.5,HORIZON_EUROPE|2024_PLUS
101285198:2.a,101285198,Pollen Transfection via Tuneable Polymeric Silica Nanocapsules : A Non-Transgenic Platform for Plant Genetic Manipulation,2,0.32187865135451577,2.a,"Increase investment, including through enhanced international cooperation, in rural infrastructure, agricultural research and extension services, technology development and plant and livestock gene banks in order to enhance agricultural productive capacity in developing countries, in particular least developed countries",http://data.europa.eu/sdg/2.a,HORIZON_EUROPE|2024_PLUS
101285198:2.4,101285198,Pollen Transfection via Tuneable Polymeric Silica Nanocapsules : A Non-Transgenic Platform for Plant Genetic Manipulation,3,0.3007025867232316,2.4,"By 2030, ensure sustainable food production systems and implement resilient agricultural practices that increase productivity and production, that help maintain ecosystems, that strengthen capacity for adaptation to climate change, extreme weather, drought, flooding and other disasters and that progressively improve land and soil quality",http://data.europa.eu/sdg/2.4,HORIZON_EUROPE|2024_PLUS
101285198:9.5,101285198,Pollen Transfection via Tuneable Polymeric Silica Nanocapsules : A Non-Transgenic Platform for Plant Genetic Manipulation,4,0.27930187087701763,9.5,"Enhance scientific research, upgrade the technological capabilities of industrial sectors in all countries, in particular developing countries, including, by 2030, encouraging innovation and substantially increasing the number of research and development workers per 1 million people and public and private research and development spending",http://data.europa.eu/sdg/9.5,HORIZON_EUROPE|2024_PLUS
101285198:15.6,101285198,Pollen Transfection via Tuneable Polymeric Silica Nanocapsules : A Non-Transgenic Platform for Plant Genetic Manipulation,5,0.25934698784955423,15.6,"Promote fair and equitable sharing of the benefits arising from the utilization of genetic resources and promote appropriate access to such resources, as internationally agreed",http://data.europa.eu/sdg/15.6,HORIZON_EUROPE|2024_PLUS
101285198:9.4,101285198,Pollen Transfection via Tuneable Polymeric Silica Nanocapsules : A Non-Transgenic Platform for Plant Genetic Manipulation,6,0.2367976365543657,9.4,"By 2030, upgrade infrastructure and retrofit industries to make them sustainable, with increased resource-use efficiency and greater adoption of clean and environmentally sound technologies and industrial processes, with all countries taking action in accordance with their respective capabilities",http://data.europa.eu/sdg/9.4,HORIZON_EUROPE|2024_PLUS
101285198:2.1,101285198,Pollen Transfection via Tuneable Polymeric Silica Nanocapsules : A Non-Transgenic Platform for Plant Genetic Manipulation,7,0.23579913148499418,2.1,"By 2030, end hunger and ensure access by all people, in particular the poor and people in vulnerable situations, including infants, to safe, nutritious and sufficient food all year round",http://data.europa.eu/sdg/2.1,HORIZON_EUROPE|2024_PLUS
101285198:12.4,101285198,Pollen Transfection via Tuneable Polymeric Silica Nanocapsules : A Non-Transgenic Platform for Plant Genetic Manipulation,8,0.2291689555336539,12.4,"By 2020, achieve the environmentally sound management of chemicals and all wastes throughout their life cycle, in accordance with agreed international frameworks, and significantly reduce their release to air, water and soil in order to minimize their adverse impacts on human health and the environment",http://data.europa.eu/sdg/12.4,HORIZON_EUROPE|2024_PLUS
101285198:1.5,101285198,Pollen Transfection via Tuneable Polymeric Silica Nanocapsules : A Non-Transgenic Platform for Plant Genetic Manipulation,9,0.22816164541015452,1.5,"By 2030, build the resilience of the poor and those in vulnerable situations and reduce their exposure and vulnerability to climate-related extreme events and other economic, social and environmental shocks and disasters",http://data.europa.eu/sdg/1.5,HORIZON_EUROPE|2024_PLUS
101285198:13.1,101285198,Pollen Transfection via Tuneable Polymeric Silica Nanocapsules : A Non-Transgenic Platform for Plant Genetic Manipulation,10,0.22270633377473398,13.1,Strengthen resilience and adaptive capacity to climate-related hazards and natural disasters in all countries,http://data.europa.eu/sdg/13.1,HORIZON_EUROPE|2024_PLUS
101134869:17.6,101134869,Water Smart Connect,1,0.5719824703920522,17.6,"Enhance North-South, South-South and triangular regional and international cooperation on and access to science, technology and innovation and enhance knowledge-sharing on mutually agreed terms, including through improved coordination among existing mechanisms, in particular at the United Nations level, and through a global technology facilitation mechanism",http://data.europa.eu/sdg/17.6,HORIZON_EUROPE|2024_PLUS
101134869:9.b,101134869,Water Smart Connect,2,0.5317248431826511,9.b,"Support domestic technology development, research and innovation in developing countries, including by ensuring a conducive policy environment for, inter alia, industrial diversification and value addition to commodities",http://data.europa.eu/sdg/9.b,HORIZON_EUROPE|2024_PLUS
101134869:9.1,101134869,Water Smart Connect,3,0.5255496526731217,9.1,"Develop quality, reliable, sustainable and resilient infrastructure, including regional and transborder infrastructure, to support economic development and human well-being, with a focus on affordable and equitable access for all",http://data.europa.eu/sdg/9.1,HORIZON_EUROPE|2024_PLUS
101134869:6.a,101134869,Water Smart Connect,4,0.5198526821054713,6.a,"By 2030, expand international cooperation and capacity-building support to developing countries in water- and sanitation-related activities and programmes, including water harvesting, desalination, water efficiency, wastewater treatment, recycling and reuse technologies",http://data.europa.eu/sdg/6.a,HORIZON_EUROPE|2024_PLUS
101134869:6.5,101134869,Water Smart Connect,5,0.5109994266521016,6.5,"By 2030, implement integrated water resources management at all levels, including through transboundary cooperation as appropriate",http://data.europa.eu/sdg/6.5,HORIZON_EUROPE|2024_PLUS
101134869:9.a,101134869,Water Smart Connect,6,0.5015315117060427,9.a,"Facilitate sustainable and resilient infrastructure development in developing countries through enhanced financial, technological and technical support to African countries, least developed countries, landlocked developing countries and small island developing States",http://data.europa.eu/sdg/9.a,HORIZON_EUROPE|2024_PLUS
101134869:17.8,101134869,Water Smart Connect,7,0.49570522531901623,17.8,"Fully operationalize the technology bank and science, technology and innovation capacity-building mechanism for least developed countries by 2017 and enhance the use of enabling technology, in particular information and communications technology",http://data.europa.eu/sdg/17.8,HORIZON_EUROPE|2024_PLUS
101134869:9.5,101134869,Water Smart Connect,8,0.49442300113449283,9.5,"Enhance scientific research, upgrade the technological capabilities of industrial sectors in all countries, in particular developing countries, including, by 2030, encouraging innovation and substantially increasing the number of research and development workers per 1 million people and public and private research and development spending",http://data.europa.eu/sdg/9.5,HORIZON_EUROPE|2024_PLUS
101134869:6.1,101134869,Water Smart Connect,9,0.49317589123943745,6.1,"By 2030, achieve universal and equitable access to safe and affordable drinking water for all",http://data.europa.eu/sdg/6.1,HORIZON_EUROPE|2024_PLUS
101134869:9.4,101134869,Water Smart Connect,10,0.489245784771045,9.4,"By 2030, upgrade infrastructure and retrofit industries to make them sustainable, with increased resource-use efficiency and greater adoption of clean and environmentally sound technologies and industrial processes, with all countries taking action in accordance with their respective capabilities",http://data.europa.eu/sdg/9.4,HORIZON_EUROPE|2024_PLUS
101151817:3.3,101151817,Bridging epidemic modelling and phylogenetic methods to understand avian influenza transmission in poultry trading networks,1,0.2589431439711677,3.3,"By 2030, end the epidemics of AIDS, tuberculosis, malaria and neglected tropical diseases and combat hepatitis, water-borne diseases and other communicable diseases",http://data.europa.eu/sdg/3.3,HORIZON_EUROPE|2024_PLUS
101151817:2.5,101151817,Bridging epidemic modelling and phylogenetic methods to understand avian influenza transmission in poultry trading networks,2,0.25478009212359287,2.5,"By 2020, maintain the genetic diversity of seeds, cultivated plants and farmed and domesticated animals and their related wild species, including through soundly managed and diversified seed and plant banks at the national, regional and international levels, and promote access to and fair and equitable sharing of benefits arising from the utilization of genetic resources and associated traditional knowledge, as internationally agreed",http://data.europa.eu/sdg/2.5,HORIZON_EUROPE|2024_PLUS
101151817:15.7,101151817,Bridging epidemic modelling and phylogenetic methods to understand avian influenza transmission in poultry trading networks,3,0.2546248858722243,15.7,Take urgent action to end poaching and trafficking of protected species of flora and fauna and address both demand and supply of illegal wildlife products,http://data.europa.eu/sdg/15.7,HORIZON_EUROPE|2024_PLUS
101151817:2.a,101151817,Bridging epidemic modelling and phylogenetic methods to understand avian influenza transmission in poultry trading networks,4,0.2341139105192084,2.a,"Increase investment, including through enhanced international cooperation, in rural infrastructure, agricultural research and extension services, technology development and plant and livestock gene banks in order to enhance agricultural productive capacity in developing countries, in particular least developed countries",http://data.europa.eu/sdg/2.a,HORIZON_EUROPE|2024_PLUS
101151817:3.b,101151817,Bridging epidemic modelling and phylogenetic methods to understand avian influenza transmission in poultry trading networks,5,0.23259149311515853,3.b,"Support the research and development of vaccines and medicines for the communicable and non‑communicable diseases that primarily affect developing countries, provide access to affordable essential medicines and vaccines, in accordance with the Doha Declaration on the TRIPS Agreement and Public Health, which affirms the right of developing countries to use to the full the provisions in the Agreement on Trade-Related Aspects of Intellectual Property Rights regarding flexibilities to protect public health, and, in particular, provide access to medicines for all",http://data.europa.eu/sdg/3.b,HORIZON_EUROPE|2024_PLUS
101151817:2.c,101151817,Bridging epidemic modelling and phylogenetic methods to understand avian influenza transmission in poultry trading networks,6,0.2225549211364024,2.c,"Adopt measures to ensure the proper functioning of food commodity markets and their derivatives and facilitate timely access to market information, including on food reserves, in order to help limit extreme food price volatility",http://data.europa.eu/sdg/2.c,HORIZON_EUROPE|2024_PLUS
101151817:2.1,101151817,Bridging epidemic modelling and phylogenetic methods to understand avian influenza transmission in poultry trading networks,7,0.20305833704900972,2.1,"By 2030, end hunger and ensure access by all people, in particular the poor and people in vulnerable situations, including infants, to safe, nutritious and sufficient food all year round",http://data.europa.eu/sdg/2.1,HORIZON_EUROPE|2024_PLUS
101151817:15.6,101151817,Bridging epidemic modelling and phylogenetic methods to understand avian influenza transmission in poultry trading networks,8,0.1988467821929763,15.6,"Promote fair and equitable sharing of the benefits arising from the utilization of genetic resources and promote appropriate access to such resources, as internationally agreed",http://data.europa.eu/sdg/15.6,HORIZON_EUROPE|2024_PLUS
101151817:2.b,101151817,Bridging epidemic modelling and phylogenetic methods to understand avian influenza transmission in poultry trading networks,9,0.19746519973563018,2.b,"Correct and prevent trade restrictions and distortions in world agricultural markets, including through the parallel elimination of all forms of agricultural export subsidies and all export measures with equivalent effect, in accordance with the mandate of the Doha Development Round",http://data.europa.eu/sdg/2.b,HORIZON_EUROPE|2024_PLUS
101151817:2.3,101151817,Bridging epidemic modelling and phylogenetic methods to understand avian influenza transmission in poultry trading networks,10,0.18066712951680827,2.3,"By 2030, double the agricultural productivity and incomes of small-scale food producers, in particular women, indigenous peoples, family farmers, pastoralists and fishers, including through secure and equal access to land, other productive resources and inputs, knowledge, financial services, markets and opportunities for value addition and non-farm employment",http://data.europa.eu/sdg/2.3,HORIZON_EUROPE|2024_PLUS
101211177:9.2,101211177,Industrial Policy and Corporate Connections,1,0.3378292723827776,9.2,"Promote inclusive and sustainable industrialization and, by 2030, significantly raise industry’s share of employment and gross domestic product, in line with national circumstances, and double its share in least developed countries",http://data.europa.eu/sdg/9.2,HORIZON_EUROPE|2024_PLUS
101211177:9.b,101211177,Industrial Policy and Corporate Connections,2,0.3377915725951784,9.b,"Support domestic technology development, research and innovation in developing countries, including by ensuring a conducive policy environment for, inter alia, industrial diversification and value addition to commodities",http://data.europa.eu/sdg/9.b,HORIZON_EUROPE|2024_PLUS
101211177:9.3,101211177,Industrial Policy and Corporate Connections,3,0.30676152939804835,9.3,"Increase the access of small-scale industrial and other enterprises, in particular in developing countries, to financial services, including affordable credit, and their integration into value chains and markets",http://data.europa.eu/sdg/9.3,HORIZON_EUROPE|2024_PLUS
101211177:8.2,101211177,Industrial Policy and Corporate Connections,4,0.29721617350467183,8.2,"Achieve higher levels of economic productivity through diversification, technological upgrading and innovation, including through a focus on high-value added and labour-intensive sectors",http://data.europa.eu/sdg/8.2,HORIZON_EUROPE|2024_PLUS
101211177:9.5,101211177,Industrial Policy and Corporate Connections,5,0.29551399686800855,9.5,"Enhance scientific research, upgrade the technological capabilities of industrial sectors in all countries, in particular developing countries, including, by 2030, encouraging innovation and substantially increasing the number of research and development workers per 1 million people and public and private research and development spending",http://data.europa.eu/sdg/9.5,HORIZON_EUROPE|2024_PLUS
101211177:10.b,101211177,Industrial Policy and Corporate Connections,6,0.2891203307408715,10.b,"Encourage official development assistance and financial flows, including foreign direct investment, to States where the need is greatest, in particular least developed countries, African countries, small island developing States and landlocked developing countries, in accordance with their national plans and programmes",http://data.europa.eu/sdg/10.b,HORIZON_EUROPE|2024_PLUS
101211177:10.5,101211177,Industrial Policy and Corporate Connections,7,0.27673885468530085,10.5,Improve the regulation and monitoring of global financial markets and institutions and strengthen the implementation of such regulations,http://data.europa.eu/sdg/10.5,HORIZON_EUROPE|2024_PLUS
101211177:17.12,101211177,Industrial Policy and Corporate Connections,8,0.2735968911261259,17.12,"Realize timely implementation of duty-free and quota-free market access on a lasting basis for all least developed countries, consistent with World Trade Organization decisions, including by ensuring that preferential rules of origin applicable to imports from least developed countries are transparent and simple, and contribute to facilitating market access",http://data.europa.eu/sdg/17.12,HORIZON_EUROPE|2024_PLUS
101211177:17.5,101211177,Industrial Policy and Corporate Connections,9,0.27299254420178487,17.5,Adopt and implement investment promotion regimes for least developed countries,http://data.europa.eu/sdg/17.5,HORIZON_EUROPE|2024_PLUS
101211177:12.6,101211177,Industrial Policy and Corporate Connections,10,0.2697339886406712,12.6,"Encourage companies, especially large and transnational companies, to adopt sustainable practices and to integrate sustainability information into their reporting cycle",http://data.europa.eu/sdg/12.6,HORIZON_EUROPE|2024_PLUS
101271961:12.5,101271961,Multiscale investigations of polymer hydrocracking on bifunctional catalysts for plastic waste valorisation,1,0.33382319102825575,12.5,"By 2030, substantially reduce waste generation through prevention, reduction, recycling and reuse",http://data.europa.eu/sdg/12.5,HORIZON_EUROPE|2024_PLUS
101271961:12.4,101271961,Multiscale investigations of polymer hydrocracking on bifunctional catalysts for plastic waste valorisation,2,0.3298665720637265,12.4,"By 2020, achieve the environmentally sound management of chemicals and all wastes throughout their life cycle, in accordance with agreed international frameworks, and significantly reduce their release to air, water and soil in order to minimize their adverse impacts on human health and the environment",http://data.europa.eu/sdg/12.4,HORIZON_EUROPE|2024_PLUS
101271961:6.3,101271961,Multiscale investigations of polymer hydrocracking on bifunctional catalysts for plastic waste valorisation,3,0.26905016333558,6.3,"By 2030, improve water quality by reducing pollution, eliminating dumping and minimizing release of hazardous chemicals and materials, halving the proportion of untreated wastewater and substantially increasing recycling and safe reuse globally",http://data.europa.eu/sdg/6.3,HORIZON_EUROPE|2024_PLUS
101271961:9.4,101271961,Multiscale investigations of polymer hydrocracking on bifunctional catalysts for plastic waste valorisation,4,0.2435591212130631,9.4,"By 2030, upgrade infrastructure and retrofit industries to make them sustainable, with increased resource-use efficiency and greater adoption of clean and environmentally sound technologies and industrial processes, with all countries taking action in accordance with their respective capabilities",http://data.europa.eu/sdg/9.4,HORIZON_EUROPE|2024_PLUS
101271961:6.a,101271961,Multiscale investigations of polymer hydrocracking on bifunctional catalysts for plastic waste valorisation,5,0.23883048665736545,6.a,"By 2030, expand international cooperation and capacity-building support to developing countries in water- and sanitation-related activities and programmes, including water harvesting, desalination, water efficiency, wastewater treatment, recycling and reuse technologies",http://data.europa.eu/sdg/6.a,HORIZON_EUROPE|2024_PLUS
101271961:7.a,101271961,Multiscale investigations of polymer hydrocracking on bifunctional catalysts for plastic waste valorisation,6,0.23208754621484107,7.a,"By 2030, enhance international cooperation to facilitate access to clean energy research and technology, including renewable energy, energy efficiency and advanced and cleaner fossil-fuel technology, and promote investment in energy infrastructure and clean energy technology",http://data.europa.eu/sdg/7.a,HORIZON_EUROPE|2024_PLUS
101271961:11.6,101271961,Multiscale investigations of polymer hydrocracking on bifunctional catalysts for plastic waste valorisation,7,0.22610278652242552,11.6,"By 2030, reduce the adverse per capita environmental impact of cities, including by paying special attention to air quality and municipal and other waste management",http://data.europa.eu/sdg/11.6,HORIZON_EUROPE|2024_PLUS
101271961:6.5,101271961,Multiscale investigations of polymer hydrocracking on bifunctional catalysts for plastic waste valorisation,8,0.21518121092393072,6.5,"By 2030, implement integrated water resources management at all levels, including through transboundary cooperation as appropriate",http://data.europa.eu/sdg/6.5,HORIZON_EUROPE|2024_PLUS
101271961:8.4,101271961,Multiscale investigations of polymer hydrocracking on bifunctional catalysts for plastic waste valorisation,9,0.21390743186730501,8.4,"Improve progressively, through 2030, global resource efficiency in consumption and production and endeavour to decouple economic growth from environmental degradation, in accordance with the 10‑Year Framework of Programmes on Sustainable Consumption and Production, with developed countries taking the lead",http://data.europa.eu/sdg/8.4,HORIZON_EUROPE|2024_PLUS
101271961:11.c,101271961,Multiscale investigations of polymer hydrocracking on bifunctional catalysts for plastic waste valorisation,10,0.20367079479412442,11.c,"Support least developed countries, including through financial and technical assistance, in building sustainable and resilient buildings utilizing local materials",http://data.europa.eu/sdg/11.c,HORIZON_EUROPE|2024_PLUS
101181890:6.4,101181890,Resilient Agricultural IrrigatioN systems for water Scarcity in Europe,1,0.5780215770449284,6.4,"By 2030, substantially increase water-use efficiency across all sectors and ensure sustainable withdrawals and supply of freshwater to address water scarcity and substantially reduce the number of people suffering from water scarcity",http://data.europa.eu/sdg/6.4,HORIZON_EUROPE|2024_PLUS
101181890:6.a,101181890,Resilient Agricultural IrrigatioN systems for water Scarcity in Europe,2,0.5508535875363152,6.a,"By 2030, expand international cooperation and capacity-building support to developing countries in water- and sanitation-related activities and programmes, including water harvesting, desalination, water efficiency, wastewater treatment, recycling and reuse technologies",http://data.europa.eu/sdg/6.a,HORIZON_EUROPE|2024_PLUS
101181890:6.6,101181890,Resilient Agricultural IrrigatioN systems for water Scarcity in Europe,3,0.5415364963395077,6.6,"By 2020, protect and restore water-related ecosystems, including mountains, forests, wetlands, rivers, aquifers and lakes",http://data.europa.eu/sdg/6.6,HORIZON_EUROPE|2024_PLUS
101181890:11.5,101181890,Resilient Agricultural IrrigatioN systems for water Scarcity in Europe,4,0.5157534019799895,11.5,"By 2030, significantly reduce the number of deaths and the number of people affected and substantially decrease the direct economic losses relative to global gross domestic product caused by disasters, including water-related disasters, with a focus on protecting the poor and people in vulnerable situations",http://data.europa.eu/sdg/11.5,HORIZON_EUROPE|2024_PLUS
101181890:6.1,101181890,Resilient Agricultural IrrigatioN systems for water Scarcity in Europe,5,0.5022571545476546,6.1,"By 2030, achieve universal and equitable access to safe and affordable drinking water for all",http://data.europa.eu/sdg/6.1,HORIZON_EUROPE|2024_PLUS
101181890:6.5,101181890,Resilient Agricultural IrrigatioN systems for water Scarcity in Europe,6,0.5002125428116886,6.5,"By 2030, implement integrated water resources management at all levels, including through transboundary cooperation as appropriate",http://data.europa.eu/sdg/6.5,HORIZON_EUROPE|2024_PLUS
101181890:15.3,101181890,Resilient Agricultural IrrigatioN systems for water Scarcity in Europe,7,0.4956878136602683,15.3,"By 2030, combat desertification, restore degraded land and soil, including land affected by desertification, drought and floods, and strive to achieve a land degradation-neutral world",http://data.europa.eu/sdg/15.3,HORIZON_EUROPE|2024_PLUS
101181890:6.3,101181890,Resilient Agricultural IrrigatioN systems for water Scarcity in Europe,8,0.4946467605492816,6.3,"By 2030, improve water quality by reducing pollution, eliminating dumping and minimizing release of hazardous chemicals and materials, halving the proportion of untreated wastewater and substantially increasing recycling and safe reuse globally",http://data.europa.eu/sdg/6.3,HORIZON_EUROPE|2024_PLUS
101181890:2.4,101181890,Resilient Agricultural IrrigatioN systems for water Scarcity in Europe,9,0.4877724903808271,2.4,"By 2030, ensure sustainable food production systems and implement resilient agricultural practices that increase productivity and production, that help maintain ecosystems, that strengthen capacity for adaptation to climate change, extreme weather, drought, flooding and other disasters and that progressively improve land and soil quality",http://data.europa.eu/sdg/2.4,HORIZON_EUROPE|2024_PLUS
101181890:6.2,101181890,Resilient Agricultural IrrigatioN systems for water Scarcity in Europe,10,0.4772299918345263,6.2,"By 2030, achieve access to adequate and equitable sanitation and hygiene for all and end open defecation, paying special attention to the needs of women and girls and those in vulnerable situations",http://data.europa.eu/sdg/6.2,HORIZON_EUROPE|2024_PLUS
101311871:12.4,101311871,Ukrainian Advanced Silica: Deep-Tech Green Chemistry and Low-Temperature Plasma Transformation of Agricultural Waste into Nanostructured Critical Raw Materials,1,0.46256760753803483,12.4,"By 2020, achieve the environmentally sound management of chemicals and all wastes throughout their life cycle, in accordance with agreed international frameworks, and significantly reduce their release to air, water and soil in order to minimize their adverse impacts on human health and the environment",http://data.europa.eu/sdg/12.4,HORIZON_EUROPE|2024_PLUS
101311871:9.4,101311871,Ukrainian Advanced Silica: Deep-Tech Green Chemistry and Low-Temperature Plasma Transformation of Agricultural Waste into Nanostructured Critical Raw Materials,2,0.4140061576418255,9.4,"By 2030, upgrade infrastructure and retrofit industries to make them sustainable, with increased resource-use efficiency and greater adoption of clean and environmentally sound technologies and industrial processes, with all countries taking action in accordance with their respective capabilities",http://data.europa.eu/sdg/9.4,HORIZON_EUROPE|2024_PLUS
101311871:12.5,101311871,Ukrainian Advanced Silica: Deep-Tech Green Chemistry and Low-Temperature Plasma Transformation of Agricultural Waste into Nanostructured Critical Raw Materials,3,0.40414172857499686,12.5,"By 2030, substantially reduce waste generation through prevention, reduction, recycling and reuse",http://data.europa.eu/sdg/12.5,HORIZON_EUROPE|2024_PLUS
101311871:9.b,101311871,Ukrainian Advanced Silica: Deep-Tech Green Chemistry and Low-Temperature Plasma Transformation of Agricultural Waste into Nanostructured Critical Raw Materials,4,0.3961302922486606,9.b,"Support domestic technology development, research and innovation in developing countries, including by ensuring a conducive policy environment for, inter alia, industrial diversification and value addition to commodities",http://data.europa.eu/sdg/9.b,HORIZON_EUROPE|2024_PLUS
101311871:9.2,101311871,Ukrainian Advanced Silica: Deep-Tech Green Chemistry and Low-Temperature Plasma Transformation of Agricultural Waste into Nanostructured Critical Raw Materials,5,0.38251588570905476,9.2,"Promote inclusive and sustainable industrialization and, by 2030, significantly raise industry’s share of employment and gross domestic product, in line with national circumstances, and double its share in least developed countries",http://data.europa.eu/sdg/9.2,HORIZON_EUROPE|2024_PLUS
101311871:9.1,101311871,Ukrainian Advanced Silica: Deep-Tech Green Chemistry and Low-Temperature Plasma Transformation of Agricultural Waste into Nanostructured Critical Raw Materials,6,0.37654796121972783,9.1,"Develop quality, reliable, sustainable and resilient infrastructure, including regional and transborder infrastructure, to support economic development and human well-being, with a focus on affordable and equitable access for all",http://data.europa.eu/sdg/9.1,HORIZON_EUROPE|2024_PLUS
101311871:17.12,101311871,Ukrainian Advanced Silica: Deep-Tech Green Chemistry and Low-Temperature Plasma Transformation of Agricultural Waste into Nanostructured Critical Raw Materials,7,0.3698439888711148,17.12,"Realize timely implementation of duty-free and quota-free market access on a lasting basis for all least developed countries, consistent with World Trade Organization decisions, including by ensuring that preferential rules of origin applicable to imports from least developed countries are transparent and simple, and contribute to facilitating market access",http://data.europa.eu/sdg/17.12,HORIZON_EUROPE|2024_PLUS
101311871:6.3,101311871,Ukrainian Advanced Silica: Deep-Tech Green Chemistry and Low-Temperature Plasma Transformation of Agricultural Waste into Nanostructured Critical Raw Materials,8,0.3609288155114686,6.3,"By 2030, improve water quality by reducing pollution, eliminating dumping and minimizing release of hazardous chemicals and materials, halving the proportion of untreated wastewater and substantially increasing recycling and safe reuse globally",http://data.europa.eu/sdg/6.3,HORIZON_EUROPE|2024_PLUS
101311871:6.a,101311871,Ukrainian Advanced Silica: Deep-Tech Green Chemistry and Low-Temperature Plasma Transformation of Agricultural Waste into Nanostructured Critical Raw Materials,9,0.3522904338386042,6.a,"By 2030, expand international cooperation and capacity-building support to developing countries in water- and sanitation-related activities and programmes, including water harvesting, desalination, water efficiency, wastewater treatment, recycling and reuse technologies",http://data.europa.eu/sdg/6.a,HORIZON_EUROPE|2024_PLUS
101311871:14.1,101311871,Ukrainian Advanced Silica: Deep-Tech Green Chemistry and Low-Temperature Plasma Transformation of Agricultural Waste into Nanostructured Critical Raw Materials,10,0.35127111504259684,14.1,"By 2025, prevent and significantly reduce marine pollution of all kinds, in particular from land-based activities, including marine debris and nutrient pollution",http://data.europa.eu/sdg/14.1,HORIZON_EUROPE|2024_PLUS
101296129:13.1,101296129,"Justice-Driven Integrated Transformation for Climate-Resilient Coastal Futures: Co-creating just, systemic, and inclusive solutions for transformative adaptation in vulnerable coastal hotspots",1,0.5708426704002547,13.1,Strengthen resilience and adaptive capacity to climate-related hazards and natural disasters in all countries,http://data.europa.eu/sdg/13.1,HORIZON_EUROPE|2024_PLUS
101296129:14.2,101296129,"Justice-Driven Integrated Transformation for Climate-Resilient Coastal Futures: Co-creating just, systemic, and inclusive solutions for transformative adaptation in vulnerable coastal hotspots",2,0.5307597440060291,14.2,"By 2020, sustainably manage and protect marine and coastal ecosystems to avoid significant adverse impacts, including by strengthening their resilience, and take action for their restoration in order to achieve healthy and productive oceans",http://data.europa.eu/sdg/14.2,HORIZON_EUROPE|2024_PLUS
101296129:11.b,101296129,"Justice-Driven Integrated Transformation for Climate-Resilient Coastal Futures: Co-creating just, systemic, and inclusive solutions for transformative adaptation in vulnerable coastal hotspots",3,0.5248974547549555,11.b,"By 2020, substantially increase the number of cities and human settlements adopting and implementing integrated policies and plans towards inclusion, resource efficiency, mitigation and adaptation to climate change, resilience to disasters, and develop and implement, in line with the Sendai Framework for Disaster Risk Reduction 2015–2030, holistic disaster risk management at all levels",http://data.europa.eu/sdg/11.b,HORIZON_EUROPE|2024_PLUS
101296129:13.3,101296129,"Justice-Driven Integrated Transformation for Climate-Resilient Coastal Futures: Co-creating just, systemic, and inclusive solutions for transformative adaptation in vulnerable coastal hotspots",4,0.4901523826405858,13.3,"Improve education, awareness-raising and human and institutional capacity on climate change mitigation, adaptation, impact reduction and early warning",http://data.europa.eu/sdg/13.3,HORIZON_EUROPE|2024_PLUS
101296129:13.b,101296129,"Justice-Driven Integrated Transformation for Climate-Resilient Coastal Futures: Co-creating just, systemic, and inclusive solutions for transformative adaptation in vulnerable coastal hotspots",5,0.49010122012058266,13.b,"Promote mechanisms for raising capacity for effective climate change-related planning and management in least developed countries and small island developing States, including focusing on women, youth and local and marginalized communities",http://data.europa.eu/sdg/13.b,HORIZON_EUROPE|2024_PLUS
101296129:11.5,101296129,"Justice-Driven Integrated Transformation for Climate-Resilient Coastal Futures: Co-creating just, systemic, and inclusive solutions for transformative adaptation in vulnerable coastal hotspots",6,0.4866788798453959,11.5,"By 2030, significantly reduce the number of deaths and the number of people affected and substantially decrease the direct economic losses relative to global gross domestic product caused by disasters, including water-related disasters, with a focus on protecting the poor and people in vulnerable situations",http://data.europa.eu/sdg/11.5,HORIZON_EUROPE|2024_PLUS
101296129:13.2,101296129,"Justice-Driven Integrated Transformation for Climate-Resilient Coastal Futures: Co-creating just, systemic, and inclusive solutions for transformative adaptation in vulnerable coastal hotspots",7,0.48465761577603284,13.2,"Integrate climate change measures into national policies, strategies and planning",http://data.europa.eu/sdg/13.2,HORIZON_EUROPE|2024_PLUS
101296129:1.5,101296129,"Justice-Driven Integrated Transformation for Climate-Resilient Coastal Futures: Co-creating just, systemic, and inclusive solutions for transformative adaptation in vulnerable coastal hotspots",8,0.46680940739042076,1.5,"By 2030, build the resilience of the poor and those in vulnerable situations and reduce their exposure and vulnerability to climate-related extreme events and other economic, social and environmental shocks and disasters",http://data.europa.eu/sdg/1.5,HORIZON_EUROPE|2024_PLUS
101296129:14.5,101296129,"Justice-Driven Integrated Transformation for Climate-Resilient Coastal Futures: Co-creating just, systemic, and inclusive solutions for transformative adaptation in vulnerable coastal hotspots",9,0.45754656988831577,14.5,"By 2020, conserve at least 10 per cent of coastal and marine areas, consistent with national and international law and based on the best available scientific information",http://data.europa.eu/sdg/14.5,HORIZON_EUROPE|2024_PLUS
101296129:14.a,101296129,"Justice-Driven Integrated Transformation for Climate-Resilient Coastal Futures: Co-creating just, systemic, and inclusive solutions for transformative adaptation in vulnerable coastal hotspots",10,0.4492156681321732,14.a,"Increase scientific knowledge, develop research capacity and transfer marine technology, taking into account the Intergovernmental Oceanographic Commission Criteria and Guidelines on the Transfer of Marine Technology, in order to improve ocean health and to enhance the contribution of marine biodiversity to the development of developing countries, in particular small island developing States and least developed countries",http://data.europa.eu/sdg/14.a,HORIZON_EUROPE|2024_PLUS
101280903:15.1,101280903,Catchment METAbolism of Blue and Green fluxes,1,0.5256790702817684,15.1,"By 2020, ensure the conservation, restoration and sustainable use of terrestrial and inland freshwater ecosystems and their services, in particular forests, wetlands, mountains and drylands, in line with obligations under international agreements",http://data.europa.eu/sdg/15.1,HORIZON_EUROPE|2024_PLUS
101280903:6.6,101280903,Catchment METAbolism of Blue and Green fluxes,2,0.47553628850481056,6.6,"By 2020, protect and restore water-related ecosystems, including mountains, forests, wetlands, rivers, aquifers and lakes",http://data.europa.eu/sdg/6.6,HORIZON_EUROPE|2024_PLUS
101280903:15.a,101280903,Catchment METAbolism of Blue and Green fluxes,3,0.4533479405957419,15.a,Mobilize and significantly increase financial resources from all sources to conserve and sustainably use biodiversity and ecosystems,http://data.europa.eu/sdg/15.a,HORIZON_EUROPE|2024_PLUS
101280903:15.3,101280903,Catchment METAbolism of Blue and Green fluxes,4,0.45038677094146984,15.3,"By 2030, combat desertification, restore degraded land and soil, including land affected by desertification, drought and floods, and strive to achieve a land degradation-neutral world",http://data.europa.eu/sdg/15.3,HORIZON_EUROPE|2024_PLUS
101280903:15.9,101280903,Catchment METAbolism of Blue and Green fluxes,5,0.44942173726566675,15.9,"By 2020, integrate ecosystem and biodiversity values into national and local planning, development processes, poverty reduction strategies and accounts",http://data.europa.eu/sdg/15.9,HORIZON_EUROPE|2024_PLUS
101280903:15.4,101280903,Catchment METAbolism of Blue and Green fluxes,6,0.4259156060671789,15.4,"By 2030, ensure the conservation of mountain ecosystems, including their biodiversity, in order to enhance their capacity to provide benefits that are essential for sustainable development",http://data.europa.eu/sdg/15.4,HORIZON_EUROPE|2024_PLUS
101280903:14.3,101280903,Catchment METAbolism of Blue and Green fluxes,7,0.4203449170672742,14.3,"Minimize and address the impacts of ocean acidification, including through enhanced scientific cooperation at all levels",http://data.europa.eu/sdg/14.3,HORIZON_EUROPE|2024_PLUS
101280903:12.4,101280903,Catchment METAbolism of Blue and Green fluxes,8,0.4151099329901199,12.4,"By 2020, achieve the environmentally sound management of chemicals and all wastes throughout their life cycle, in accordance with agreed international frameworks, and significantly reduce their release to air, water and soil in order to minimize their adverse impacts on human health and the environment",http://data.europa.eu/sdg/12.4,HORIZON_EUROPE|2024_PLUS
101280903:6.5,101280903,Catchment METAbolism of Blue and Green fluxes,9,0.41302182433466883,6.5,"By 2030, implement integrated water resources management at all levels, including through transboundary cooperation as appropriate",http://data.europa.eu/sdg/6.5,HORIZON_EUROPE|2024_PLUS
101280903:15.8,101280903,Catchment METAbolism of Blue and Green fluxes,10,0.40706047322770916,15.8,"By 2020, introduce measures to prevent the introduction and significantly reduce the impact of invasive alien species on land and water ecosystems and control or eradicate the priority species",http://data.europa.eu/sdg/15.8,HORIZON_EUROPE|2024_PLUS
101281767:4.5,101281767,Accessible Categories in Constructive Type Theory,1,0.16743418403543123,4.5,"By 2030, eliminate gender disparities in education and ensure equal access to all levels of education and vocational training for the vulnerable, including persons with disabilities, indigenous peoples and children in vulnerable situations",http://data.europa.eu/sdg/4.5,HORIZON_EUROPE|2024_PLUS
101281767:8.5,101281767,Accessible Categories in Constructive Type Theory,2,0.1658536731097258,8.5,"By 2030, achieve full and productive employment and decent work for all women and men, including for young people and persons with disabilities, and equal pay for work of equal value",http://data.europa.eu/sdg/8.5,HORIZON_EUROPE|2024_PLUS
101281767:4.3,101281767,Accessible Categories in Constructive Type Theory,3,0.15952067277515555,4.3,"By 2030, ensure equal access for all women and men to affordable and quality technical, vocational and tertiary education, including university",http://data.europa.eu/sdg/4.3,HORIZON_EUROPE|2024_PLUS
101281767:5.1,101281767,Accessible Categories in Constructive Type Theory,4,0.15791001437357016,5.1,End all forms of discrimination against all women and girls everywhere,http://data.europa.eu/sdg/5.1,HORIZON_EUROPE|2024_PLUS
101281767:5.a,101281767,Accessible Categories in Constructive Type Theory,5,0.1566181696417535,5.a,"Undertake reforms to give women equal rights to economic resources, as well as access to ownership and control over land and other forms of property, financial services, inheritance and natural resources, in accordance with national laws",http://data.europa.eu/sdg/5.a,HORIZON_EUROPE|2024_PLUS
101281767:11.2,101281767,Accessible Categories in Constructive Type Theory,6,0.1493292383422068,11.2,"By 2030, provide access to safe, affordable, accessible and sustainable transport systems for all, improving road safety, notably by expanding public transport, with special attention to the needs of those in vulnerable situations, women, children, persons with disabilities and older persons",http://data.europa.eu/sdg/11.2,HORIZON_EUROPE|2024_PLUS
101281767:11.7,101281767,Accessible Categories in Constructive Type Theory,7,0.14459829535016566,11.7,"By 2030, provide universal access to safe, inclusive and accessible, green and public spaces, in particular for women and children, older persons and persons with disabilities",http://data.europa.eu/sdg/11.7,HORIZON_EUROPE|2024_PLUS
101281767:5.c,101281767,Accessible Categories in Constructive Type Theory,8,0.1419642394195607,5.c,Adopt and strengthen sound policies and enforceable legislation for the promotion of gender equality and the empowerment of all women and girls at all levels,http://data.europa.eu/sdg/5.c,HORIZON_EUROPE|2024_PLUS
101281767:17.6,101281767,Accessible Categories in Constructive Type Theory,9,0.13241017791416587,17.6,"Enhance North-South, South-South and triangular regional and international cooperation on and access to science, technology and innovation and enhance knowledge-sharing on mutually agreed terms, including through improved coordination among existing mechanisms, in particular at the United Nations level, and through a global technology facilitation mechanism",http://data.europa.eu/sdg/17.6,HORIZON_EUROPE|2024_PLUS
101281767:5.4,101281767,Accessible Categories in Constructive Type Theory,10,0.1321078012490254,5.4,"Recognize and value unpaid care and domestic work through the provision of public services, infrastructure and social protection policies and the promotion of shared responsibility within the household and the family as nationally appropriate",http://data.europa.eu/sdg/5.4,HORIZON_EUROPE|2024_PLUS
101151788:12.4,101151788,"Biobased, fully biodegradable, microplastic-free nanocarriers selectively releasing encapsulated actives for sustainable agriculture",1,0.3316705087186361,12.4,"By 2020, achieve the environmentally sound management of chemicals and all wastes throughout their life cycle, in accordance with agreed international frameworks, and significantly reduce their release to air, water and soil in order to minimize their adverse impacts on human health and the environment",http://data.europa.eu/sdg/12.4,HORIZON_EUROPE|2024_PLUS
101151788:2.a,101151788,"Biobased, fully biodegradable, microplastic-free nanocarriers selectively releasing encapsulated actives for sustainable agriculture",2,0.2799397554219008,2.a,"Increase investment, including through enhanced international cooperation, in rural infrastructure, agricultural research and extension services, technology development and plant and livestock gene banks in order to enhance agricultural productive capacity in developing countries, in particular least developed countries",http://data.europa.eu/sdg/2.a,HORIZON_EUROPE|2024_PLUS
101151788:2.4,101151788,"Biobased, fully biodegradable, microplastic-free nanocarriers selectively releasing encapsulated actives for sustainable agriculture",3,0.2595705745688085,2.4,"By 2030, ensure sustainable food production systems and implement resilient agricultural practices that increase productivity and production, that help maintain ecosystems, that strengthen capacity for adaptation to climate change, extreme weather, drought, flooding and other disasters and that progressively improve land and soil quality",http://data.europa.eu/sdg/2.4,HORIZON_EUROPE|2024_PLUS
101151788:6.3,101151788,"Biobased, fully biodegradable, microplastic-free nanocarriers selectively releasing encapsulated actives for sustainable agriculture",4,0.25401665365934456,6.3,"By 2030, improve water quality by reducing pollution, eliminating dumping and minimizing release of hazardous chemicals and materials, halving the proportion of untreated wastewater and substantially increasing recycling and safe reuse globally",http://data.europa.eu/sdg/6.3,HORIZON_EUROPE|2024_PLUS
101151788:2.5,101151788,"Biobased, fully biodegradable, microplastic-free nanocarriers selectively releasing encapsulated actives for sustainable agriculture",5,0.2525258295034988,2.5,"By 2020, maintain the genetic diversity of seeds, cultivated plants and farmed and domesticated animals and their related wild species, including through soundly managed and diversified seed and plant banks at the national, regional and international levels, and promote access to and fair and equitable sharing of benefits arising from the utilization of genetic resources and associated traditional knowledge, as internationally agreed",http://data.europa.eu/sdg/2.5,HORIZON_EUROPE|2024_PLUS
101151788:15.2,101151788,"Biobased, fully biodegradable, microplastic-free nanocarriers selectively releasing encapsulated actives for sustainable agriculture",6,0.24471177618425763,15.2,"By 2020, promote the implementation of sustainable management of all types of forests, halt deforestation, restore degraded forests and substantially increase afforestation and reforestation globally",http://data.europa.eu/sdg/15.2,HORIZON_EUROPE|2024_PLUS
101151788:14.1,101151788,"Biobased, fully biodegradable, microplastic-free nanocarriers selectively releasing encapsulated actives for sustainable agriculture",7,0.2429232852519382,14.1,"By 2025, prevent and significantly reduce marine pollution of all kinds, in particular from land-based activities, including marine debris and nutrient pollution",http://data.europa.eu/sdg/14.1,HORIZON_EUROPE|2024_PLUS
101151788:2.3,101151788,"Biobased, fully biodegradable, microplastic-free nanocarriers selectively releasing encapsulated actives for sustainable agriculture",8,0.23986630407832235,2.3,"By 2030, double the agricultural productivity and incomes of small-scale food producers, in particular women, indigenous peoples, family farmers, pastoralists and fishers, including through secure and equal access to land, other productive resources and inputs, knowledge, financial services, markets and opportunities for value addition and non-farm employment",http://data.europa.eu/sdg/2.3,HORIZON_EUROPE|2024_PLUS
101151788:12.3,101151788,"Biobased, fully biodegradable, microplastic-free nanocarriers selectively releasing encapsulated actives for sustainable agriculture",9,0.23814215315537735,12.3,"By 2030,halve per capita global food waste at the retail and consumer levels and reduce food losses along production and supply chains, including post-harvest losses",http://data.europa.eu/sdg/12.3,HORIZON_EUROPE|2024_PLUS
101151788:12.5,101151788,"Biobased, fully biodegradable, microplastic-free nanocarriers selectively releasing encapsulated actives for sustainable agriculture",10,0.23724686097688286,12.5,"By 2030, substantially reduce waste generation through prevention, reduction, recycling and reuse",http://data.europa.eu/sdg/12.5,HORIZON_EUROPE|2024_PLUS
101281968:13.b,101281968,Geometry assisted StAbilization of Floquet Engineered phases,1,0.09695019207137583,13.b,"Promote mechanisms for raising capacity for effective climate change-related planning and management in least developed countries and small island developing States, including focusing on women, youth and local and marginalized communities",http://data.europa.eu/sdg/13.b,HORIZON_EUROPE|2024_PLUS
101281968:17.13,101281968,Geometry assisted StAbilization of Floquet Engineered phases,2,0.09554061951653997,17.13,"Enhance global macroeconomic stability, including through policy coordination and policy coherence",http://data.europa.eu/sdg/17.13,HORIZON_EUROPE|2024_PLUS
101281968:17.10,101281968,Geometry assisted StAbilization of Floquet Engineered phases,3,0.09044448290689935,17.10,"Promote a universal, rules-based, open, non‑discriminatory and equitable multilateral trading system under the World Trade Organization, including through the conclusion of negotiations under its Doha Development Agenda",http://data.europa.eu/sdg/17.10,HORIZON_EUROPE|2024_PLUS
101281968:3.a,101281968,Geometry assisted StAbilization of Floquet Engineered phases,4,0.08852461828413886,3.a,"Strengthen the implementation of the World Health Organization Framework Convention on Tobacco Control in all countries, as appropriate",http://data.europa.eu/sdg/3.a,HORIZON_EUROPE|2024_PLUS
101281968:13.1,101281968,Geometry assisted StAbilization of Floquet Engineered phases,5,0.08363773874955023,13.1,Strengthen resilience and adaptive capacity to climate-related hazards and natural disasters in all countries,http://data.europa.eu/sdg/13.1,HORIZON_EUROPE|2024_PLUS
101281968:7.1,101281968,Geometry assisted StAbilization of Floquet Engineered phases,6,0.08224753031372527,7.1,"By 2030, ensure universal access to affordable, reliable and modern energy services",http://data.europa.eu/sdg/7.1,HORIZON_EUROPE|2024_PLUS
101281968:13.a,101281968,Geometry assisted StAbilization of Floquet Engineered phases,7,0.06768889036280629,13.a,Implement the commitment undertaken by developed-country parties to the United Nations Framework Convention on Climate Change to a goal of mobilizing jointly $100 billion annually by 2020 from all sources to address the needs of developing countries in the context of meaningful mitigation actions and transparency on implementation and fully operationalize the Green Climate Fund through its capitalization as soon as possible,http://data.europa.eu/sdg/13.a,HORIZON_EUROPE|2024_PLUS
101281968:13.2,101281968,Geometry assisted StAbilization of Floquet Engineered phases,8,0.06496056397407451,13.2,"Integrate climate change measures into national policies, strategies and planning",http://data.europa.eu/sdg/13.2,HORIZON_EUROPE|2024_PLUS
101281968:7.2,101281968,Geometry assisted StAbilization of Floquet Engineered phases,9,0.06286017983263689,7.2,"By 2030, increase substantially the share of renewable energy in the global energy mix",http://data.europa.eu/sdg/7.2,HORIZON_EUROPE|2024_PLUS
101281968:7.3,101281968,Geometry assisted StAbilization of Floquet Engineered phases,10,0.0568602023247721,7.3,"By 2030, double the global rate of improvement in energy efficiency",http://data.europa.eu/sdg/7.3,HORIZON_EUROPE|2024_PLUS
101299364:9.4,101299364,Non-destructive Evaluation and Service Life Extension of Vulnerable Reinforced Concrete Infrastructure,1,0.5971908648160418,9.4,"By 2030, upgrade infrastructure and retrofit industries to make them sustainable, with increased resource-use efficiency and greater adoption of clean and environmentally sound technologies and industrial processes, with all countries taking action in accordance with their respective capabilities",http://data.europa.eu/sdg/9.4,HORIZON_EUROPE|2024_PLUS
101299364:9.1,101299364,Non-destructive Evaluation and Service Life Extension of Vulnerable Reinforced Concrete Infrastructure,2,0.5588087198409007,9.1,"Develop quality, reliable, sustainable and resilient infrastructure, including regional and transborder infrastructure, to support economic development and human well-being, with a focus on affordable and equitable access for all",http://data.europa.eu/sdg/9.1,HORIZON_EUROPE|2024_PLUS
101299364:9.b,101299364,Non-destructive Evaluation and Service Life Extension of Vulnerable Reinforced Concrete Infrastructure,3,0.5247839463775112,9.b,"Support domestic technology development, research and innovation in developing countries, including by ensuring a conducive policy environment for, inter alia, industrial diversification and value addition to commodities",http://data.europa.eu/sdg/9.b,HORIZON_EUROPE|2024_PLUS
101299364:9.5,101299364,Non-destructive Evaluation and Service Life Extension of Vulnerable Reinforced Concrete Infrastructure,4,0.49282251719069803,9.5,"Enhance scientific research, upgrade the technological capabilities of industrial sectors in all countries, in particular developing countries, including, by 2030, encouraging innovation and substantially increasing the number of research and development workers per 1 million people and public and private research and development spending",http://data.europa.eu/sdg/9.5,HORIZON_EUROPE|2024_PLUS
101299364:9.a,101299364,Non-destructive Evaluation and Service Life Extension of Vulnerable Reinforced Concrete Infrastructure,5,0.4872079379780768,9.a,"Facilitate sustainable and resilient infrastructure development in developing countries through enhanced financial, technological and technical support to African countries, least developed countries, landlocked developing countries and small island developing States",http://data.europa.eu/sdg/9.a,HORIZON_EUROPE|2024_PLUS
101299364:11.c,101299364,Non-destructive Evaluation and Service Life Extension of Vulnerable Reinforced Concrete Infrastructure,6,0.48324978962932597,11.c,"Support least developed countries, including through financial and technical assistance, in building sustainable and resilient buildings utilizing local materials",http://data.europa.eu/sdg/11.c,HORIZON_EUROPE|2024_PLUS
101299364:9.2,101299364,Non-destructive Evaluation and Service Life Extension of Vulnerable Reinforced Concrete Infrastructure,7,0.47905149329592955,9.2,"Promote inclusive and sustainable industrialization and, by 2030, significantly raise industry’s share of employment and gross domestic product, in line with national circumstances, and double its share in least developed countries",http://data.europa.eu/sdg/9.2,HORIZON_EUROPE|2024_PLUS
101299364:9.c,101299364,Non-destructive Evaluation and Service Life Extension of Vulnerable Reinforced Concrete Infrastructure,8,0.45128830521724184,9.c,Significantly increase access to information and communications technology and strive to provide universal and affordable access to the Internet in least developed countries by 2020,http://data.europa.eu/sdg/9.c,HORIZON_EUROPE|2024_PLUS
101299364:7.a,101299364,Non-destructive Evaluation and Service Life Extension of Vulnerable Reinforced Concrete Infrastructure,9,0.44236814667986923,7.a,"By 2030, enhance international cooperation to facilitate access to clean energy research and technology, including renewable energy, energy efficiency and advanced and cleaner fossil-fuel technology, and promote investment in energy infrastructure and clean energy technology",http://data.europa.eu/sdg/7.a,HORIZON_EUROPE|2024_PLUS
101299364:11.2,101299364,Non-destructive Evaluation and Service Life Extension of Vulnerable Reinforced Concrete Infrastructure,10,0.42304757750385497,11.2,"By 2030, provide access to safe, affordable, accessible and sustainable transport systems for all, improving road safety, notably by expanding public transport, with special attention to the needs of those in vulnerable situations, women, children, persons with disabilities and older persons",http://data.europa.eu/sdg/11.2,HORIZON_EUROPE|2024_PLUS
101290048:6.5,101290048,HARMONIZED INTEGRATION AND VERIFICATION OF UAS MULTIPLE SIMULTANEOUS OPERATIONS IN THE U-SPACE ENVIRONMENT (HIVE),1,0.22333177828390116,6.5,"By 2030, implement integrated water resources management at all levels, including through transboundary cooperation as appropriate",http://data.europa.eu/sdg/6.5,HORIZON_EUROPE|2024_PLUS
101290048:11.b,101290048,HARMONIZED INTEGRATION AND VERIFICATION OF UAS MULTIPLE SIMULTANEOUS OPERATIONS IN THE U-SPACE ENVIRONMENT (HIVE),2,0.21786843441811254,11.b,"By 2020, substantially increase the number of cities and human settlements adopting and implementing integrated policies and plans towards inclusion, resource efficiency, mitigation and adaptation to climate change, resilience to disasters, and develop and implement, in line with the Sendai Framework for Disaster Risk Reduction 2015–2030, holistic disaster risk management at all levels",http://data.europa.eu/sdg/11.b,HORIZON_EUROPE|2024_PLUS
101290048:14.2,101290048,HARMONIZED INTEGRATION AND VERIFICATION OF UAS MULTIPLE SIMULTANEOUS OPERATIONS IN THE U-SPACE ENVIRONMENT (HIVE),3,0.21545676341913708,14.2,"By 2020, sustainably manage and protect marine and coastal ecosystems to avoid significant adverse impacts, including by strengthening their resilience, and take action for their restoration in order to achieve healthy and productive oceans",http://data.europa.eu/sdg/14.2,HORIZON_EUROPE|2024_PLUS
101290048:17.6,101290048,HARMONIZED INTEGRATION AND VERIFICATION OF UAS MULTIPLE SIMULTANEOUS OPERATIONS IN THE U-SPACE ENVIRONMENT (HIVE),4,0.2111999754985298,17.6,"Enhance North-South, South-South and triangular regional and international cooperation on and access to science, technology and innovation and enhance knowledge-sharing on mutually agreed terms, including through improved coordination among existing mechanisms, in particular at the United Nations level, and through a global technology facilitation mechanism",http://data.europa.eu/sdg/17.6,HORIZON_EUROPE|2024_PLUS
101290048:14.1,101290048,HARMONIZED INTEGRATION AND VERIFICATION OF UAS MULTIPLE SIMULTANEOUS OPERATIONS IN THE U-SPACE ENVIRONMENT (HIVE),5,0.19125069491314406,14.1,"By 2025, prevent and significantly reduce marine pollution of all kinds, in particular from land-based activities, including marine debris and nutrient pollution",http://data.europa.eu/sdg/14.1,HORIZON_EUROPE|2024_PLUS
101290048:17.12,101290048,HARMONIZED INTEGRATION AND VERIFICATION OF UAS MULTIPLE SIMULTANEOUS OPERATIONS IN THE U-SPACE ENVIRONMENT (HIVE),6,0.18994221066661568,17.12,"Realize timely implementation of duty-free and quota-free market access on a lasting basis for all least developed countries, consistent with World Trade Organization decisions, including by ensuring that preferential rules of origin applicable to imports from least developed countries are transparent and simple, and contribute to facilitating market access",http://data.europa.eu/sdg/17.12,HORIZON_EUROPE|2024_PLUS
101290048:11.2,101290048,HARMONIZED INTEGRATION AND VERIFICATION OF UAS MULTIPLE SIMULTANEOUS OPERATIONS IN THE U-SPACE ENVIRONMENT (HIVE),7,0.1820642077674629,11.2,"By 2030, provide access to safe, affordable, accessible and sustainable transport systems for all, improving road safety, notably by expanding public transport, with special attention to the needs of those in vulnerable situations, women, children, persons with disabilities and older persons",http://data.europa.eu/sdg/11.2,HORIZON_EUROPE|2024_PLUS
101290048:17.8,101290048,HARMONIZED INTEGRATION AND VERIFICATION OF UAS MULTIPLE SIMULTANEOUS OPERATIONS IN THE U-SPACE ENVIRONMENT (HIVE),8,0.18129254782137885,17.8,"Fully operationalize the technology bank and science, technology and innovation capacity-building mechanism for least developed countries by 2017 and enhance the use of enabling technology, in particular information and communications technology",http://data.europa.eu/sdg/17.8,HORIZON_EUROPE|2024_PLUS
101290048:8.3,101290048,HARMONIZED INTEGRATION AND VERIFICATION OF UAS MULTIPLE SIMULTANEOUS OPERATIONS IN THE U-SPACE ENVIRONMENT (HIVE),9,0.17731586480080452,8.3,"Promote development-oriented policies that support productive activities, decent job creation, entrepreneurship, creativity and innovation, and encourage the formalization and growth of micro-, small- and medium-sized enterprises, including through access to financial services",http://data.europa.eu/sdg/8.3,HORIZON_EUROPE|2024_PLUS
101290048:11.1,101290048,HARMONIZED INTEGRATION AND VERIFICATION OF UAS MULTIPLE SIMULTANEOUS OPERATIONS IN THE U-SPACE ENVIRONMENT (HIVE),10,0.1762465157905639,11.1,"By 2030, ensure access for all to adequate, safe and affordable housing and basic services and upgrade slums",http://data.europa.eu/sdg/11.1,HORIZON_EUROPE|2024_PLUS
101283648:14.3,101283648,SUSTainable mArine cryogenIc contaiNment for Liquid Hydrogen: a data-driven framework for real-time boil-off rate prediction and boil-off gas management,1,0.38741880298768644,14.3,"Minimize and address the impacts of ocean acidification, including through enhanced scientific cooperation at all levels",http://data.europa.eu/sdg/14.3,HORIZON_EUROPE|2024_PLUS
101283648:14.1,101283648,SUSTainable mArine cryogenIc contaiNment for Liquid Hydrogen: a data-driven framework for real-time boil-off rate prediction and boil-off gas management,2,0.3572055782517572,14.1,"By 2025, prevent and significantly reduce marine pollution of all kinds, in particular from land-based activities, including marine debris and nutrient pollution",http://data.europa.eu/sdg/14.1,HORIZON_EUROPE|2024_PLUS
101283648:14.a,101283648,SUSTainable mArine cryogenIc contaiNment for Liquid Hydrogen: a data-driven framework for real-time boil-off rate prediction and boil-off gas management,3,0.3535419762318249,14.a,"Increase scientific knowledge, develop research capacity and transfer marine technology, taking into account the Intergovernmental Oceanographic Commission Criteria and Guidelines on the Transfer of Marine Technology, in order to improve ocean health and to enhance the contribution of marine biodiversity to the development of developing countries, in particular small island developing States and least developed countries",http://data.europa.eu/sdg/14.a,HORIZON_EUROPE|2024_PLUS
101283648:14.2,101283648,SUSTainable mArine cryogenIc contaiNment for Liquid Hydrogen: a data-driven framework for real-time boil-off rate prediction and boil-off gas management,4,0.35116432267824904,14.2,"By 2020, sustainably manage and protect marine and coastal ecosystems to avoid significant adverse impacts, including by strengthening their resilience, and take action for their restoration in order to achieve healthy and productive oceans",http://data.europa.eu/sdg/14.2,HORIZON_EUROPE|2024_PLUS
101283648:14.5,101283648,SUSTainable mArine cryogenIc contaiNment for Liquid Hydrogen: a data-driven framework for real-time boil-off rate prediction and boil-off gas management,5,0.32547431282874917,14.5,"By 2020, conserve at least 10 per cent of coastal and marine areas, consistent with national and international law and based on the best available scientific information",http://data.europa.eu/sdg/14.5,HORIZON_EUROPE|2024_PLUS
101283648:14.4,101283648,SUSTainable mArine cryogenIc contaiNment for Liquid Hydrogen: a data-driven framework for real-time boil-off rate prediction and boil-off gas management,6,0.31806554663303227,14.4,"By 2020, effectively regulate harvesting and end overfishing, illegal, unreported and unregulated fishing and destructive fishing practices and implement science-based management plans, in order to restore fish stocks in the shortest time feasible, at least to levels that can produce maximum sustainable yield as determined by their biological characteristics",http://data.europa.eu/sdg/14.4,HORIZON_EUROPE|2024_PLUS
101283648:14.c,101283648,SUSTainable mArine cryogenIc contaiNment for Liquid Hydrogen: a data-driven framework for real-time boil-off rate prediction and boil-off gas management,7,0.3070219750602056,14.c,"Enhance the conservation and sustainable use of oceans and their resources by implementing international law as reflected in the United Nations Convention on the Law of the Sea, which provides the legal framework for the conservation and sustainable use of oceans and their resources, as recalled in paragraph 158 of “The future we want”",http://data.europa.eu/sdg/14.c,HORIZON_EUROPE|2024_PLUS
101283648:14.b,101283648,SUSTainable mArine cryogenIc contaiNment for Liquid Hydrogen: a data-driven framework for real-time boil-off rate prediction and boil-off gas management,8,0.29925803445016447,14.b,Provide access for small-scale artisanal fishers to marine resources and markets,http://data.europa.eu/sdg/14.b,HORIZON_EUROPE|2024_PLUS
101283648:12.4,101283648,SUSTainable mArine cryogenIc contaiNment for Liquid Hydrogen: a data-driven framework for real-time boil-off rate prediction and boil-off gas management,9,0.2987338974202659,12.4,"By 2020, achieve the environmentally sound management of chemicals and all wastes throughout their life cycle, in accordance with agreed international frameworks, and significantly reduce their release to air, water and soil in order to minimize their adverse impacts on human health and the environment",http://data.europa.eu/sdg/12.4,HORIZON_EUROPE|2024_PLUS
101283648:14.7,101283648,SUSTainable mArine cryogenIc contaiNment for Liquid Hydrogen: a data-driven framework for real-time boil-off rate prediction and boil-off gas management,10,0.2901184074017878,14.7,"By 2030, increase the economic benefits to small island developing States and least developed countries from the sustainable use of marine resources, including through sustainable management of fisheries, aquaculture and tourism",http://data.europa.eu/sdg/14.7,HORIZON_EUROPE|2024_PLUS
101258941:9.5,101258941,Illuminating new paths in heart failure therapy,1,0.2676033773757233,9.5,"Enhance scientific research, upgrade the technological capabilities of industrial sectors in all countries, in particular developing countries, including, by 2030, encouraging innovation and substantially increasing the number of research and development workers per 1 million people and public and private research and development spending",http://data.europa.eu/sdg/9.5,HORIZON_EUROPE|2024_PLUS
101258941:9.3,101258941,Illuminating new paths in heart failure therapy,2,0.2273970421035251,9.3,"Increase the access of small-scale industrial and other enterprises, in particular in developing countries, to financial services, including affordable credit, and their integration into value chains and markets",http://data.europa.eu/sdg/9.3,HORIZON_EUROPE|2024_PLUS
101258941:17.18,101258941,Illuminating new paths in heart failure therapy,3,0.2197811784116615,17.18,"By 2020, enhance capacity-building support to developing countries, including for least developed countries and small island developing States, to increase significantly the availability of high-quality, timely and reliable data disaggregated by income, gender, age, race, ethnicity, migratory status, disability, geographic location and other characteristics relevant in national contexts",http://data.europa.eu/sdg/17.18,HORIZON_EUROPE|2024_PLUS
101258941:17.8,101258941,Illuminating new paths in heart failure therapy,4,0.2099568488146492,17.8,"Fully operationalize the technology bank and science, technology and innovation capacity-building mechanism for least developed countries by 2017 and enhance the use of enabling technology, in particular information and communications technology",http://data.europa.eu/sdg/17.8,HORIZON_EUROPE|2024_PLUS
101258941:9.b,101258941,Illuminating new paths in heart failure therapy,5,0.20144650235864367,9.b,"Support domestic technology development, research and innovation in developing countries, including by ensuring a conducive policy environment for, inter alia, industrial diversification and value addition to commodities",http://data.europa.eu/sdg/9.b,HORIZON_EUROPE|2024_PLUS
101258941:9.1,101258941,Illuminating new paths in heart failure therapy,6,0.1988705547388617,9.1,"Develop quality, reliable, sustainable and resilient infrastructure, including regional and transborder infrastructure, to support economic development and human well-being, with a focus on affordable and equitable access for all",http://data.europa.eu/sdg/9.1,HORIZON_EUROPE|2024_PLUS
101258941:8.3,101258941,Illuminating new paths in heart failure therapy,7,0.1950559193303974,8.3,"Promote development-oriented policies that support productive activities, decent job creation, entrepreneurship, creativity and innovation, and encourage the formalization and growth of micro-, small- and medium-sized enterprises, including through access to financial services",http://data.europa.eu/sdg/8.3,HORIZON_EUROPE|2024_PLUS
101258941:9.2,101258941,Illuminating new paths in heart failure therapy,8,0.19227248616576875,9.2,"Promote inclusive and sustainable industrialization and, by 2030, significantly raise industry’s share of employment and gross domestic product, in line with national circumstances, and double its share in least developed countries",http://data.europa.eu/sdg/9.2,HORIZON_EUROPE|2024_PLUS
101258941:8.5,101258941,Illuminating new paths in heart failure therapy,9,0.18771270555843286,8.5,"By 2030, achieve full and productive employment and decent work for all women and men, including for young people and persons with disabilities, and equal pay for work of equal value",http://data.europa.eu/sdg/8.5,HORIZON_EUROPE|2024_PLUS
101258941:2.1,101258941,Illuminating new paths in heart failure therapy,10,0.1850393541442213,2.1,"By 2030, end hunger and ensure access by all people, in particular the poor and people in vulnerable situations, including infants, to safe, nutritious and sufficient food all year round",http://data.europa.eu/sdg/2.1,HORIZON_EUROPE|2024_PLUS
101279745:12.4,101279745,A Differential Detection Electrogravimetric Platform for the Early Diagnosis of Neuroendocrine Tumours,1,0.17520998733932436,12.4,"By 2020, achieve the environmentally sound management of chemicals and all wastes throughout their life cycle, in accordance with agreed international frameworks, and significantly reduce their release to air, water and soil in order to minimize their adverse impacts on human health and the environment",http://data.europa.eu/sdg/12.4,HORIZON_EUROPE|2024_PLUS
101279745:9.5,101279745,A Differential Detection Electrogravimetric Platform for the Early Diagnosis of Neuroendocrine Tumours,2,0.15245564647779336,9.5,"Enhance scientific research, upgrade the technological capabilities of industrial sectors in all countries, in particular developing countries, including, by 2030, encouraging innovation and substantially increasing the number of research and development workers per 1 million people and public and private research and development spending",http://data.europa.eu/sdg/9.5,HORIZON_EUROPE|2024_PLUS
101279745:3.9,101279745,A Differential Detection Electrogravimetric Platform for the Early Diagnosis of Neuroendocrine Tumours,3,0.14536043040860053,3.9,"By 2030, substantially reduce the number of deaths and illnesses from hazardous chemicals and air, water and soil pollution and contamination",http://data.europa.eu/sdg/3.9,HORIZON_EUROPE|2024_PLUS
101279745:3.b,101279745,A Differential Detection Electrogravimetric Platform for the Early Diagnosis of Neuroendocrine Tumours,4,0.1453596949171293,3.b,"Support the research and development of vaccines and medicines for the communicable and non‑communicable diseases that primarily affect developing countries, provide access to affordable essential medicines and vaccines, in accordance with the Doha Declaration on the TRIPS Agreement and Public Health, which affirms the right of developing countries to use to the full the provisions in the Agreement on Trade-Related Aspects of Intellectual Property Rights regarding flexibilities to protect public health, and, in particular, provide access to medicines for all",http://data.europa.eu/sdg/3.b,HORIZON_EUROPE|2024_PLUS
101279745:6.a,101279745,A Differential Detection Electrogravimetric Platform for the Early Diagnosis of Neuroendocrine Tumours,5,0.13836194945824273,6.a,"By 2030, expand international cooperation and capacity-building support to developing countries in water- and sanitation-related activities and programmes, including water harvesting, desalination, water efficiency, wastewater treatment, recycling and reuse technologies",http://data.europa.eu/sdg/6.a,HORIZON_EUROPE|2024_PLUS
101279745:17.18,101279745,A Differential Detection Electrogravimetric Platform for the Early Diagnosis of Neuroendocrine Tumours,6,0.13525194679032213,17.18,"By 2020, enhance capacity-building support to developing countries, including for least developed countries and small island developing States, to increase significantly the availability of high-quality, timely and reliable data disaggregated by income, gender, age, race, ethnicity, migratory status, disability, geographic location and other characteristics relevant in national contexts",http://data.europa.eu/sdg/17.18,HORIZON_EUROPE|2024_PLUS
101279745:3.8,101279745,A Differential Detection Electrogravimetric Platform for the Early Diagnosis of Neuroendocrine Tumours,7,0.1320157769496518,3.8,"Achieve universal health coverage, including financial risk protection, access to quality essential health-care services and access to safe, effective, quality and affordable essential medicines and vaccines for all",http://data.europa.eu/sdg/3.8,HORIZON_EUROPE|2024_PLUS
101279745:3.d,101279745,A Differential Detection Electrogravimetric Platform for the Early Diagnosis of Neuroendocrine Tumours,8,0.12931936755381002,3.d,"Strengthen the capacity of all countries, in particular developing countries, for early warning, risk reduction and management of national and global health risks",http://data.europa.eu/sdg/3.d,HORIZON_EUROPE|2024_PLUS
101279745:6.3,101279745,A Differential Detection Electrogravimetric Platform for the Early Diagnosis of Neuroendocrine Tumours,9,0.1261924027640573,6.3,"By 2030, improve water quality by reducing pollution, eliminating dumping and minimizing release of hazardous chemicals and materials, halving the proportion of untreated wastewater and substantially increasing recycling and safe reuse globally",http://data.europa.eu/sdg/6.3,HORIZON_EUROPE|2024_PLUS
101279745:3.6,101279745,A Differential Detection Electrogravimetric Platform for the Early Diagnosis of Neuroendocrine Tumours,10,0.12401689383776653,3.6,"By 2020, halve the number of global deaths and injuries from road traffic accidents",http://data.europa.eu/sdg/3.6,HORIZON_EUROPE|2024_PLUS
101135576:9.c,101135576,Intent-based data operation in the computing continuum,1,0.29180094249849686,9.c,Significantly increase access to information and communications technology and strive to provide universal and affordable access to the Internet in least developed countries by 2020,http://data.europa.eu/sdg/9.c,HORIZON_EUROPE|2024_PLUS
101135576:17.8,101135576,Intent-based data operation in the computing continuum,2,0.26331357563643215,17.8,"Fully operationalize the technology bank and science, technology and innovation capacity-building mechanism for least developed countries by 2017 and enhance the use of enabling technology, in particular information and communications technology",http://data.europa.eu/sdg/17.8,HORIZON_EUROPE|2024_PLUS
101135576:17.18,101135576,Intent-based data operation in the computing continuum,3,0.24284576392816032,17.18,"By 2020, enhance capacity-building support to developing countries, including for least developed countries and small island developing States, to increase significantly the availability of high-quality, timely and reliable data disaggregated by income, gender, age, race, ethnicity, migratory status, disability, geographic location and other characteristics relevant in national contexts",http://data.europa.eu/sdg/17.18,HORIZON_EUROPE|2024_PLUS
101135576:7.a,101135576,Intent-based data operation in the computing continuum,4,0.2404848190096317,7.a,"By 2030, enhance international cooperation to facilitate access to clean energy research and technology, including renewable energy, energy efficiency and advanced and cleaner fossil-fuel technology, and promote investment in energy infrastructure and clean energy technology",http://data.europa.eu/sdg/7.a,HORIZON_EUROPE|2024_PLUS
101135576:9.b,101135576,Intent-based data operation in the computing continuum,5,0.23500364490093778,9.b,"Support domestic technology development, research and innovation in developing countries, including by ensuring a conducive policy environment for, inter alia, industrial diversification and value addition to commodities",http://data.europa.eu/sdg/9.b,HORIZON_EUROPE|2024_PLUS
101135576:14.3,101135576,Intent-based data operation in the computing continuum,6,0.2336338954273841,14.3,"Minimize and address the impacts of ocean acidification, including through enhanced scientific cooperation at all levels",http://data.europa.eu/sdg/14.3,HORIZON_EUROPE|2024_PLUS
101135576:11.b,101135576,Intent-based data operation in the computing continuum,7,0.2329350904419137,11.b,"By 2020, substantially increase the number of cities and human settlements adopting and implementing integrated policies and plans towards inclusion, resource efficiency, mitigation and adaptation to climate change, resilience to disasters, and develop and implement, in line with the Sendai Framework for Disaster Risk Reduction 2015–2030, holistic disaster risk management at all levels",http://data.europa.eu/sdg/11.b,HORIZON_EUROPE|2024_PLUS
101135576:9.5,101135576,Intent-based data operation in the computing continuum,8,0.2293614199517482,9.5,"Enhance scientific research, upgrade the technological capabilities of industrial sectors in all countries, in particular developing countries, including, by 2030, encouraging innovation and substantially increasing the number of research and development workers per 1 million people and public and private research and development spending",http://data.europa.eu/sdg/9.5,HORIZON_EUROPE|2024_PLUS
101135576:9.4,101135576,Intent-based data operation in the computing continuum,9,0.22850259403166734,9.4,"By 2030, upgrade infrastructure and retrofit industries to make them sustainable, with increased resource-use efficiency and greater adoption of clean and environmentally sound technologies and industrial processes, with all countries taking action in accordance with their respective capabilities",http://data.europa.eu/sdg/9.4,HORIZON_EUROPE|2024_PLUS
101135576:9.a,101135576,Intent-based data operation in the computing continuum,10,0.22214705093243872,9.a,"Facilitate sustainable and resilient infrastructure development in developing countries through enhanced financial, technological and technical support to African countries, least developed countries, landlocked developing countries and small island developing States",http://data.europa.eu/sdg/9.a,HORIZON_EUROPE|2024_PLUS
101131175:2.a,101131175,Plant EV farming,1,0.49682073619082134,2.a,"Increase investment, including through enhanced international cooperation, in rural infrastructure, agricultural research and extension services, technology development and plant and livestock gene banks in order to enhance agricultural productive capacity in developing countries, in particular least developed countries",http://data.europa.eu/sdg/2.a,HORIZON_EUROPE|2024_PLUS
101131175:2.5,101131175,Plant EV farming,2,0.4802939893496042,2.5,"By 2020, maintain the genetic diversity of seeds, cultivated plants and farmed and domesticated animals and their related wild species, including through soundly managed and diversified seed and plant banks at the national, regional and international levels, and promote access to and fair and equitable sharing of benefits arising from the utilization of genetic resources and associated traditional knowledge, as internationally agreed",http://data.europa.eu/sdg/2.5,HORIZON_EUROPE|2024_PLUS
101131175:2.4,101131175,Plant EV farming,3,0.4374105597269919,2.4,"By 2030, ensure sustainable food production systems and implement resilient agricultural practices that increase productivity and production, that help maintain ecosystems, that strengthen capacity for adaptation to climate change, extreme weather, drought, flooding and other disasters and that progressively improve land and soil quality",http://data.europa.eu/sdg/2.4,HORIZON_EUROPE|2024_PLUS
101131175:15.6,101131175,Plant EV farming,4,0.40312601943133963,15.6,"Promote fair and equitable sharing of the benefits arising from the utilization of genetic resources and promote appropriate access to such resources, as internationally agreed",http://data.europa.eu/sdg/15.6,HORIZON_EUROPE|2024_PLUS
101131175:2.3,101131175,Plant EV farming,5,0.38848704815760465,2.3,"By 2030, double the agricultural productivity and incomes of small-scale food producers, in particular women, indigenous peoples, family farmers, pastoralists and fishers, including through secure and equal access to land, other productive resources and inputs, knowledge, financial services, markets and opportunities for value addition and non-farm employment",http://data.europa.eu/sdg/2.3,HORIZON_EUROPE|2024_PLUS
101131175:9.5,101131175,Plant EV farming,6,0.3647710823566621,9.5,"Enhance scientific research, upgrade the technological capabilities of industrial sectors in all countries, in particular developing countries, including, by 2030, encouraging innovation and substantially increasing the number of research and development workers per 1 million people and public and private research and development spending",http://data.europa.eu/sdg/9.5,HORIZON_EUROPE|2024_PLUS
101131175:15.a,101131175,Plant EV farming,7,0.3552619829513635,15.a,Mobilize and significantly increase financial resources from all sources to conserve and sustainably use biodiversity and ecosystems,http://data.europa.eu/sdg/15.a,HORIZON_EUROPE|2024_PLUS
101131175:2.1,101131175,Plant EV farming,8,0.34066677144626173,2.1,"By 2030, end hunger and ensure access by all people, in particular the poor and people in vulnerable situations, including infants, to safe, nutritious and sufficient food all year round",http://data.europa.eu/sdg/2.1,HORIZON_EUROPE|2024_PLUS
101131175:12.8,101131175,Plant EV farming,9,0.3373434003006589,12.8,"By 2030, ensure that people everywhere have the relevant information and awareness for sustainable development and lifestyles in harmony with nature",http://data.europa.eu/sdg/12.8,HORIZON_EUROPE|2024_PLUS
101131175:2.b,101131175,Plant EV farming,10,0.33408859521530393,2.b,"Correct and prevent trade restrictions and distortions in world agricultural markets, including through the parallel elimination of all forms of agricultural export subsidies and all export measures with equivalent effect, in accordance with the mandate of the Doha Development Round",http://data.europa.eu/sdg/2.b,HORIZON_EUROPE|2024_PLUS
101217199:3.b,101217199,Innovation in Vision Research Postdoctoral Training Network,1,0.39600682885837357,3.b,"Support the research and development of vaccines and medicines for the communicable and non‑communicable diseases that primarily affect developing countries, provide access to affordable essential medicines and vaccines, in accordance with the Doha Declaration on the TRIPS Agreement and Public Health, which affirms the right of developing countries to use to the full the provisions in the Agreement on Trade-Related Aspects of Intellectual Property Rights regarding flexibilities to protect public health, and, in particular, provide access to medicines for all",http://data.europa.eu/sdg/3.b,HORIZON_EUROPE|2024_PLUS
101217199:9.5,101217199,Innovation in Vision Research Postdoctoral Training Network,2,0.36367965736058694,9.5,"Enhance scientific research, upgrade the technological capabilities of industrial sectors in all countries, in particular developing countries, including, by 2030, encouraging innovation and substantially increasing the number of research and development workers per 1 million people and public and private research and development spending",http://data.europa.eu/sdg/9.5,HORIZON_EUROPE|2024_PLUS
101217199:17.6,101217199,Innovation in Vision Research Postdoctoral Training Network,3,0.35009013332319666,17.6,"Enhance North-South, South-South and triangular regional and international cooperation on and access to science, technology and innovation and enhance knowledge-sharing on mutually agreed terms, including through improved coordination among existing mechanisms, in particular at the United Nations level, and through a global technology facilitation mechanism",http://data.europa.eu/sdg/17.6,HORIZON_EUROPE|2024_PLUS
101217199:17.17,101217199,Innovation in Vision Research Postdoctoral Training Network,4,0.3376444480488642,17.17,"Encourage and promote effective public, public-private and civil society partnerships, building on the experience and resourcing strategies of partnerships",http://data.europa.eu/sdg/17.17,HORIZON_EUROPE|2024_PLUS
101217199:3.3,101217199,Innovation in Vision Research Postdoctoral Training Network,5,0.3337242705743054,3.3,"By 2030, end the epidemics of AIDS, tuberculosis, malaria and neglected tropical diseases and combat hepatitis, water-borne diseases and other communicable diseases",http://data.europa.eu/sdg/3.3,HORIZON_EUROPE|2024_PLUS
101217199:17.8,101217199,Innovation in Vision Research Postdoctoral Training Network,6,0.32040497787883293,17.8,"Fully operationalize the technology bank and science, technology and innovation capacity-building mechanism for least developed countries by 2017 and enhance the use of enabling technology, in particular information and communications technology",http://data.europa.eu/sdg/17.8,HORIZON_EUROPE|2024_PLUS
101217199:3.8,101217199,Innovation in Vision Research Postdoctoral Training Network,7,0.3185212951876414,3.8,"Achieve universal health coverage, including financial risk protection, access to quality essential health-care services and access to safe, effective, quality and affordable essential medicines and vaccines for all",http://data.europa.eu/sdg/3.8,HORIZON_EUROPE|2024_PLUS
101217199:3.c,101217199,Innovation in Vision Research Postdoctoral Training Network,8,0.309832809763676,3.c,"Substantially increase health financing and the recruitment, development, training and retention of the health workforce in developing countries, especially in least developed countries and small island developing States",http://data.europa.eu/sdg/3.c,HORIZON_EUROPE|2024_PLUS
101217199:3.d,101217199,Innovation in Vision Research Postdoctoral Training Network,9,0.306678637388338,3.d,"Strengthen the capacity of all countries, in particular developing countries, for early warning, risk reduction and management of national and global health risks",http://data.europa.eu/sdg/3.d,HORIZON_EUROPE|2024_PLUS
101217199:17.16,101217199,Innovation in Vision Research Postdoctoral Training Network,10,0.30425351366062525,17.16,"Enhance the Global Partnership for Sustainable Development, complemented by multi-stakeholder partnerships that mobilize and share knowledge, expertise, technology and financial resources, to support the achievement of the Sustainable Development Goals in all countries, in particular developing countries",http://data.europa.eu/sdg/17.16,HORIZON_EUROPE|2024_PLUS
101131435:7.3,101131435,Innovate for Sustainable Accelerating Systems,1,0.45874581587406016,7.3,"By 2030, double the global rate of improvement in energy efficiency",http://data.europa.eu/sdg/7.3,HORIZON_EUROPE|2024_PLUS
101131435:7.a,101131435,Innovate for Sustainable Accelerating Systems,2,0.4518326529853527,7.a,"By 2030, enhance international cooperation to facilitate access to clean energy research and technology, including renewable energy, energy efficiency and advanced and cleaner fossil-fuel technology, and promote investment in energy infrastructure and clean energy technology",http://data.europa.eu/sdg/7.a,HORIZON_EUROPE|2024_PLUS
101131435:7.1,101131435,Innovate for Sustainable Accelerating Systems,3,0.4212028273339598,7.1,"By 2030, ensure universal access to affordable, reliable and modern energy services",http://data.europa.eu/sdg/7.1,HORIZON_EUROPE|2024_PLUS
101131435:9.4,101131435,Innovate for Sustainable Accelerating Systems,4,0.421026470260198,9.4,"By 2030, upgrade infrastructure and retrofit industries to make them sustainable, with increased resource-use efficiency and greater adoption of clean and environmentally sound technologies and industrial processes, with all countries taking action in accordance with their respective capabilities",http://data.europa.eu/sdg/9.4,HORIZON_EUROPE|2024_PLUS
101131435:9.5,101131435,Innovate for Sustainable Accelerating Systems,5,0.4095438499067575,9.5,"Enhance scientific research, upgrade the technological capabilities of industrial sectors in all countries, in particular developing countries, including, by 2030, encouraging innovation and substantially increasing the number of research and development workers per 1 million people and public and private research and development spending",http://data.europa.eu/sdg/9.5,HORIZON_EUROPE|2024_PLUS
101131435:7.2,101131435,Innovate for Sustainable Accelerating Systems,6,0.39138883083656817,7.2,"By 2030, increase substantially the share of renewable energy in the global energy mix",http://data.europa.eu/sdg/7.2,HORIZON_EUROPE|2024_PLUS
101131435:7.b,101131435,Innovate for Sustainable Accelerating Systems,7,0.3655562758935958,7.b,"By 2030, expand infrastructure and upgrade technology for supplying modern and sustainable energy services for all in developing countries, in particular least developed countries, small island developing States and landlocked developing countries, in accordance with their respective programmes of support",http://data.europa.eu/sdg/7.b,HORIZON_EUROPE|2024_PLUS
101131435:9.2,101131435,Innovate for Sustainable Accelerating Systems,8,0.35341857795593334,9.2,"Promote inclusive and sustainable industrialization and, by 2030, significantly raise industry’s share of employment and gross domestic product, in line with national circumstances, and double its share in least developed countries",http://data.europa.eu/sdg/9.2,HORIZON_EUROPE|2024_PLUS
101131435:12.5,101131435,Innovate for Sustainable Accelerating Systems,9,0.33508789359595154,12.5,"By 2030, substantially reduce waste generation through prevention, reduction, recycling and reuse",http://data.europa.eu/sdg/12.5,HORIZON_EUROPE|2024_PLUS
101131435:12.4,101131435,Innovate for Sustainable Accelerating Systems,10,0.3276567790353919,12.4,"By 2020, achieve the environmentally sound management of chemicals and all wastes throughout their life cycle, in accordance with agreed international frameworks, and significantly reduce their release to air, water and soil in order to minimize their adverse impacts on human health and the environment",http://data.europa.eu/sdg/12.4,HORIZON_EUROPE|2024_PLUS
101043410:5.2,101043410,Machine Learning for Offensive Computer Security,1,0.14084078900756863,5.2,"Eliminate all forms of violence against all women and girls in the public and private spheres, including trafficking and sexual and other types of exploitation",http://data.europa.eu/sdg/5.2,OTHER|2021_2023
101043410:9.a,101043410,Machine Learning for Offensive Computer Security,2,0.14009340026539654,9.a,"Facilitate sustainable and resilient infrastructure development in developing countries through enhanced financial, technological and technical support to African countries, least developed countries, landlocked developing countries and small island developing States",http://data.europa.eu/sdg/9.a,OTHER|2021_2023
101043410:11.b,101043410,Machine Learning for Offensive Computer Security,3,0.13970808330061413,11.b,"By 2020, substantially increase the number of cities and human settlements adopting and implementing integrated policies and plans towards inclusion, resource efficiency, mitigation and adaptation to climate change, resilience to disasters, and develop and implement, in line with the Sendai Framework for Disaster Risk Reduction 2015–2030, holistic disaster risk management at all levels",http://data.europa.eu/sdg/11.b,OTHER|2021_2023
101043410:4.a,101043410,Machine Learning for Offensive Computer Security,4,0.13935525902030116,4.a,"Build and upgrade education facilities that are child, disability and gender sensitive and provide safe, non-violent, inclusive and effective learning environments for all",http://data.europa.eu/sdg/4.a,OTHER|2021_2023
101043410:15.c,101043410,Machine Learning for Offensive Computer Security,5,0.13753702244186966,15.c,"Enhance global support for efforts to combat poaching and trafficking of protected species, including by increasing the capacity of local communities to pursue sustainable livelihood opportunities",http://data.europa.eu/sdg/15.c,OTHER|2021_2023
101043410:16.4,101043410,Machine Learning for Offensive Computer Security,6,0.12764556100991503,16.4,"By 2030, significantly reduce illicit financial and arms flows, strengthen the recovery and return of stolen assets and combat all forms of organized crime",http://data.europa.eu/sdg/16.4,OTHER|2021_2023
101043410:15.7,101043410,Machine Learning for Offensive Computer Security,7,0.12574568976031858,15.7,Take urgent action to end poaching and trafficking of protected species of flora and fauna and address both demand and supply of illegal wildlife products,http://data.europa.eu/sdg/15.7,OTHER|2021_2023
101043410:16.2,101043410,Machine Learning for Offensive Computer Security,8,0.1253496799788747,16.2,"End abuse, exploitation, trafficking and all forms of violence against and torture of children",http://data.europa.eu/sdg/16.2,OTHER|2021_2023
101043410:13.1,101043410,Machine Learning for Offensive Computer Security,9,0.12486523225685117,13.1,Strengthen resilience and adaptive capacity to climate-related hazards and natural disasters in all countries,http://data.europa.eu/sdg/13.1,OTHER|2021_2023
101043410:2.c,101043410,Machine Learning for Offensive Computer Security,10,0.11626870741703008,2.c,"Adopt measures to ensure the proper functioning of food commodity markets and their derivatives and facilitate timely access to market information, including on food reserves, in order to help limit extreme food price volatility",http://data.europa.eu/sdg/2.c,OTHER|2021_2023
101089009:3.4,101089009,4D Brain-Targeting Nanomedicines for Treating Neurodegeneration,1,0.2020564400624137,3.4,"By 2030, reduce by one third premature mortality from non-communicable diseases through prevention and treatment and promote mental health and well-being",http://data.europa.eu/sdg/3.4,OTHER|2021_2023
101089009:9.5,101089009,4D Brain-Targeting Nanomedicines for Treating Neurodegeneration,2,0.18605217288182238,9.5,"Enhance scientific research, upgrade the technological capabilities of industrial sectors in all countries, in particular developing countries, including, by 2030, encouraging innovation and substantially increasing the number of research and development workers per 1 million people and public and private research and development spending",http://data.europa.eu/sdg/9.5,OTHER|2021_2023
101089009:3.b,101089009,4D Brain-Targeting Nanomedicines for Treating Neurodegeneration,3,0.15294379455005008,3.b,"Support the research and development of vaccines and medicines for the communicable and non‑communicable diseases that primarily affect developing countries, provide access to affordable essential medicines and vaccines, in accordance with the Doha Declaration on the TRIPS Agreement and Public Health, which affirms the right of developing countries to use to the full the provisions in the Agreement on Trade-Related Aspects of Intellectual Property Rights regarding flexibilities to protect public health, and, in particular, provide access to medicines for all",http://data.europa.eu/sdg/3.b,OTHER|2021_2023
101089009:3.2,101089009,4D Brain-Targeting Nanomedicines for Treating Neurodegeneration,4,0.15246906530597024,3.2,"By 2030, end preventable deaths of newborns and children under 5 years of age, with all countries aiming to reduce neonatal mortality to at least as low as 12 per 1,000 live births and under‑5 mortality to at least as low as 25 per 1,000 live births",http://data.europa.eu/sdg/3.2,OTHER|2021_2023
101089009:3.3,101089009,4D Brain-Targeting Nanomedicines for Treating Neurodegeneration,5,0.14366989010949568,3.3,"By 2030, end the epidemics of AIDS, tuberculosis, malaria and neglected tropical diseases and combat hepatitis, water-borne diseases and other communicable diseases",http://data.europa.eu/sdg/3.3,OTHER|2021_2023
101089009:11.7,101089009,4D Brain-Targeting Nanomedicines for Treating Neurodegeneration,6,0.14265098474573668,11.7,"By 2030, provide universal access to safe, inclusive and accessible, green and public spaces, in particular for women and children, older persons and persons with disabilities",http://data.europa.eu/sdg/11.7,OTHER|2021_2023
101089009:2.1,101089009,4D Brain-Targeting Nanomedicines for Treating Neurodegeneration,7,0.1398482164373879,2.1,"By 2030, end hunger and ensure access by all people, in particular the poor and people in vulnerable situations, including infants, to safe, nutritious and sufficient food all year round",http://data.europa.eu/sdg/2.1,OTHER|2021_2023
101089009:3.1,101089009,4D Brain-Targeting Nanomedicines for Treating Neurodegeneration,8,0.13602364521935886,3.1,"By 2030, reduce the global maternal mortality ratio to less than 70 per 100,000 live births",http://data.europa.eu/sdg/3.1,OTHER|2021_2023
101089009:11.2,101089009,4D Brain-Targeting Nanomedicines for Treating Neurodegeneration,9,0.1345914165698263,11.2,"By 2030, provide access to safe, affordable, accessible and sustainable transport systems for all, improving road safety, notably by expanding public transport, with special attention to the needs of those in vulnerable situations, women, children, persons with disabilities and older persons",http://data.europa.eu/sdg/11.2,OTHER|2021_2023
101089009:4.4,101089009,4D Brain-Targeting Nanomedicines for Treating Neurodegeneration,10,0.13020743305839144,4.4,"By 2030, substantially increase the number of youth and adults who have relevant skills, including technical and vocational skills, for employment, decent jobs and entrepreneurship",http://data.europa.eu/sdg/4.4,OTHER|2021_2023
101069348:12.4,101069348,INorganic Photochemical PATTerning,1,0.20389548788041192,12.4,"By 2020, achieve the environmentally sound management of chemicals and all wastes throughout their life cycle, in accordance with agreed international frameworks, and significantly reduce their release to air, water and soil in order to minimize their adverse impacts on human health and the environment",http://data.europa.eu/sdg/12.4,OTHER|2021_2023
101069348:17.8,101069348,INorganic Photochemical PATTerning,2,0.17065076409558902,17.8,"Fully operationalize the technology bank and science, technology and innovation capacity-building mechanism for least developed countries by 2017 and enhance the use of enabling technology, in particular information and communications technology",http://data.europa.eu/sdg/17.8,OTHER|2021_2023
101069348:6.3,101069348,INorganic Photochemical PATTerning,3,0.15823446834693572,6.3,"By 2030, improve water quality by reducing pollution, eliminating dumping and minimizing release of hazardous chemicals and materials, halving the proportion of untreated wastewater and substantially increasing recycling and safe reuse globally",http://data.europa.eu/sdg/6.3,OTHER|2021_2023
101069348:12.a,101069348,INorganic Photochemical PATTerning,4,0.15773391942509601,12.a,Support developing countries to strengthen their scientific and technological capacity to move towards more sustainable patterns of consumption and production,http://data.europa.eu/sdg/12.a,OTHER|2021_2023
101069348:12.1,101069348,INorganic Photochemical PATTerning,5,0.14515982015401016,12.1,"Implement the 10‑Year Framework of Programmes on Sustainable Consumption and Production Patterns, all countries taking action, with developed countries taking the lead, taking into account the development and capabilities of developing countries",http://data.europa.eu/sdg/12.1,OTHER|2021_2023
101069348:12.5,101069348,INorganic Photochemical PATTerning,6,0.14431700530854952,12.5,"By 2030, substantially reduce waste generation through prevention, reduction, recycling and reuse",http://data.europa.eu/sdg/12.5,OTHER|2021_2023
101069348:12.c,101069348,INorganic Photochemical PATTerning,7,0.1421751818514223,12.c,"Rationalize inefficient fossil-fuel subsidies that encourage wasteful consumption by removing market distortions, in accordance with national circumstances, including by restructuring taxation and phasing out those harmful subsidies, where they exist, to reflect their environmental impacts, taking fully into account the specific needs and conditions of developing countries and minimizing the possible adverse impacts on their development in a manner that protects the poor and the affected communities",http://data.europa.eu/sdg/12.c,OTHER|2021_2023
101069348:17.7,101069348,INorganic Photochemical PATTerning,8,0.140513048831481,17.7,"Promote the development, transfer, dissemination and diffusion of environmentally sound technologies to developing countries on favourable terms, including on concessional and preferential terms, as mutually agreed",http://data.europa.eu/sdg/17.7,OTHER|2021_2023
101069348:12.8,101069348,INorganic Photochemical PATTerning,9,0.1399092625566663,12.8,"By 2030, ensure that people everywhere have the relevant information and awareness for sustainable development and lifestyles in harmony with nature",http://data.europa.eu/sdg/12.8,OTHER|2021_2023
101069348:6.a,101069348,INorganic Photochemical PATTerning,10,0.1396537493949814,6.a,"By 2030, expand international cooperation and capacity-building support to developing countries in water- and sanitation-related activities and programmes, including water harvesting, desalination, water efficiency, wastewater treatment, recycling and reuse technologies",http://data.europa.eu/sdg/6.a,OTHER|2021_2023
101062190:3.8,101062190,Targeting RANK receptor as a novel therapeutic strategy in triple negative breast cancer,1,0.1447191675078459,3.8,"Achieve universal health coverage, including financial risk protection, access to quality essential health-care services and access to safe, effective, quality and affordable essential medicines and vaccines for all",http://data.europa.eu/sdg/3.8,OTHER|2021_2023
101062190:15.6,101062190,Targeting RANK receptor as a novel therapeutic strategy in triple negative breast cancer,2,0.1330180961692896,15.6,"Promote fair and equitable sharing of the benefits arising from the utilization of genetic resources and promote appropriate access to such resources, as internationally agreed",http://data.europa.eu/sdg/15.6,OTHER|2021_2023
101062190:3.b,101062190,Targeting RANK receptor as a novel therapeutic strategy in triple negative breast cancer,3,0.12816823266921978,3.b,"Support the research and development of vaccines and medicines for the communicable and non‑communicable diseases that primarily affect developing countries, provide access to affordable essential medicines and vaccines, in accordance with the Doha Declaration on the TRIPS Agreement and Public Health, which affirms the right of developing countries to use to the full the provisions in the Agreement on Trade-Related Aspects of Intellectual Property Rights regarding flexibilities to protect public health, and, in particular, provide access to medicines for all",http://data.europa.eu/sdg/3.b,OTHER|2021_2023
101062190:3.4,101062190,Targeting RANK receptor as a novel therapeutic strategy in triple negative breast cancer,4,0.12415930630384528,3.4,"By 2030, reduce by one third premature mortality from non-communicable diseases through prevention and treatment and promote mental health and well-being",http://data.europa.eu/sdg/3.4,OTHER|2021_2023
101062190:11.3,101062190,Targeting RANK receptor as a novel therapeutic strategy in triple negative breast cancer,5,0.12043481048010579,11.3,"By 2030, enhance inclusive and sustainable urbanization and capacity for participatory, integrated and sustainable human settlement planning and management in all countries",http://data.europa.eu/sdg/11.3,OTHER|2021_2023
101062190:3.9,101062190,Targeting RANK receptor as a novel therapeutic strategy in triple negative breast cancer,6,0.11696542572216195,3.9,"By 2030, substantially reduce the number of deaths and illnesses from hazardous chemicals and air, water and soil pollution and contamination",http://data.europa.eu/sdg/3.9,OTHER|2021_2023
101062190:15.2,101062190,Targeting RANK receptor as a novel therapeutic strategy in triple negative breast cancer,7,0.11466150211385245,15.2,"By 2020, promote the implementation of sustainable management of all types of forests, halt deforestation, restore degraded forests and substantially increase afforestation and reforestation globally",http://data.europa.eu/sdg/15.2,OTHER|2021_2023
101062190:15.4,101062190,Targeting RANK receptor as a novel therapeutic strategy in triple negative breast cancer,8,0.11401321092337352,15.4,"By 2030, ensure the conservation of mountain ecosystems, including their biodiversity, in order to enhance their capacity to provide benefits that are essential for sustainable development",http://data.europa.eu/sdg/15.4,OTHER|2021_2023
101062190:5.2,101062190,Targeting RANK receptor as a novel therapeutic strategy in triple negative breast cancer,9,0.11116764689607898,5.2,"Eliminate all forms of violence against all women and girls in the public and private spheres, including trafficking and sexual and other types of exploitation",http://data.europa.eu/sdg/5.2,OTHER|2021_2023
101062190:2.5,101062190,Targeting RANK receptor as a novel therapeutic strategy in triple negative breast cancer,10,0.11007092479319562,2.5,"By 2020, maintain the genetic diversity of seeds, cultivated plants and farmed and domesticated animals and their related wild species, including through soundly managed and diversified seed and plant banks at the national, regional and international levels, and promote access to and fair and equitable sharing of benefits arising from the utilization of genetic resources and associated traditional knowledge, as internationally agreed",http://data.europa.eu/sdg/2.5,OTHER|2021_2023
101054778:3.2,101054778,Modelling trajectories and mechanisms of childhood hip dysplasia,1,0.31331603444535894,3.2,"By 2030, end preventable deaths of newborns and children under 5 years of age, with all countries aiming to reduce neonatal mortality to at least as low as 12 per 1,000 live births and under‑5 mortality to at least as low as 25 per 1,000 live births",http://data.europa.eu/sdg/3.2,OTHER|2021_2023
101054778:2.2,101054778,Modelling trajectories and mechanisms of childhood hip dysplasia,2,0.2756909431205526,2.2,"By 2030, end all forms of malnutrition, including achieving, by 2025, the internationally agreed targets on stunting and wasting in children under 5 years of age, and address the nutritional needs of adolescent girls, pregnant and lactating women and older persons",http://data.europa.eu/sdg/2.2,OTHER|2021_2023
101054778:4.2,101054778,Modelling trajectories and mechanisms of childhood hip dysplasia,3,0.2717771477508736,4.2,"By 2030, ensure that all girls and boys have access to quality early childhood development, care and pre‑primary education so that they are ready for primary education",http://data.europa.eu/sdg/4.2,OTHER|2021_2023
101054778:3.7,101054778,Modelling trajectories and mechanisms of childhood hip dysplasia,4,0.26127173391483866,3.7,"By 2030, ensure universal access to sexual and reproductive health-care services, including for family planning, information and education, and the integration of reproductive health into national strategies and programmes",http://data.europa.eu/sdg/3.7,OTHER|2021_2023
101054778:3.1,101054778,Modelling trajectories and mechanisms of childhood hip dysplasia,5,0.256599665569552,3.1,"By 2030, reduce the global maternal mortality ratio to less than 70 per 100,000 live births",http://data.europa.eu/sdg/3.1,OTHER|2021_2023
101054778:3.8,101054778,Modelling trajectories and mechanisms of childhood hip dysplasia,6,0.23494630160118765,3.8,"Achieve universal health coverage, including financial risk protection, access to quality essential health-care services and access to safe, effective, quality and affordable essential medicines and vaccines for all",http://data.europa.eu/sdg/3.8,OTHER|2021_2023
101054778:3.c,101054778,Modelling trajectories and mechanisms of childhood hip dysplasia,7,0.23266586685138652,3.c,"Substantially increase health financing and the recruitment, development, training and retention of the health workforce in developing countries, especially in least developed countries and small island developing States",http://data.europa.eu/sdg/3.c,OTHER|2021_2023
101054778:17.18,101054778,Modelling trajectories and mechanisms of childhood hip dysplasia,8,0.2305092891862974,17.18,"By 2020, enhance capacity-building support to developing countries, including for least developed countries and small island developing States, to increase significantly the availability of high-quality, timely and reliable data disaggregated by income, gender, age, race, ethnicity, migratory status, disability, geographic location and other characteristics relevant in national contexts",http://data.europa.eu/sdg/17.18,OTHER|2021_2023
101054778:8.6,101054778,Modelling trajectories and mechanisms of childhood hip dysplasia,9,0.22704336515586226,8.6,"By 2020, substantially reduce the proportion of youth not in employment, education or training",http://data.europa.eu/sdg/8.6,OTHER|2021_2023
101054778:10.a,101054778,Modelling trajectories and mechanisms of childhood hip dysplasia,10,0.22297956746732653,10.a,"Implement the principle of special and differential treatment for developing countries, in particular least developed countries, in accordance with World Trade Organization agreements",http://data.europa.eu/sdg/10.a,OTHER|2021_2023
101041677:3.1,101041677,Tandem Repeats Associated with Neurogenomic Somatic Instability and Neurodegeneration,1,0.2012533341539714,3.1,"By 2030, reduce the global maternal mortality ratio to less than 70 per 100,000 live births",http://data.europa.eu/sdg/3.1,OTHER|2021_2023
101041677:3.2,101041677,Tandem Repeats Associated with Neurogenomic Somatic Instability and Neurodegeneration,2,0.19593356624229777,3.2,"By 2030, end preventable deaths of newborns and children under 5 years of age, with all countries aiming to reduce neonatal mortality to at least as low as 12 per 1,000 live births and under‑5 mortality to at least as low as 25 per 1,000 live births",http://data.europa.eu/sdg/3.2,OTHER|2021_2023
101041677:3.4,101041677,Tandem Repeats Associated with Neurogenomic Somatic Instability and Neurodegeneration,3,0.19495396907750212,3.4,"By 2030, reduce by one third premature mortality from non-communicable diseases through prevention and treatment and promote mental health and well-being",http://data.europa.eu/sdg/3.4,OTHER|2021_2023
101041677:3.3,101041677,Tandem Repeats Associated with Neurogenomic Somatic Instability and Neurodegeneration,4,0.18422026201020789,3.3,"By 2030, end the epidemics of AIDS, tuberculosis, malaria and neglected tropical diseases and combat hepatitis, water-borne diseases and other communicable diseases",http://data.europa.eu/sdg/3.3,OTHER|2021_2023
101041677:3.6,101041677,Tandem Repeats Associated with Neurogenomic Somatic Instability and Neurodegeneration,5,0.17117940163783715,3.6,"By 2020, halve the number of global deaths and injuries from road traffic accidents",http://data.europa.eu/sdg/3.6,OTHER|2021_2023
101041677:4.4,101041677,Tandem Repeats Associated with Neurogenomic Somatic Instability and Neurodegeneration,6,0.1706046279721985,4.4,"By 2030, substantially increase the number of youth and adults who have relevant skills, including technical and vocational skills, for employment, decent jobs and entrepreneurship",http://data.europa.eu/sdg/4.4,OTHER|2021_2023
101041677:4.c,101041677,Tandem Repeats Associated with Neurogenomic Somatic Instability and Neurodegeneration,7,0.16785008010018826,4.c,"By 2030, substantially increase the supply of qualified teachers, including through international cooperation for teacher training in developing countries, especially least developed countries and small island developing States",http://data.europa.eu/sdg/4.c,OTHER|2021_2023
101041677:2.5,101041677,Tandem Repeats Associated with Neurogenomic Somatic Instability and Neurodegeneration,8,0.16607260178919794,2.5,"By 2020, maintain the genetic diversity of seeds, cultivated plants and farmed and domesticated animals and their related wild species, including through soundly managed and diversified seed and plant banks at the national, regional and international levels, and promote access to and fair and equitable sharing of benefits arising from the utilization of genetic resources and associated traditional knowledge, as internationally agreed",http://data.europa.eu/sdg/2.5,OTHER|2021_2023
101041677:9.5,101041677,Tandem Repeats Associated with Neurogenomic Somatic Instability and Neurodegeneration,9,0.16279530872684977,9.5,"Enhance scientific research, upgrade the technological capabilities of industrial sectors in all countries, in particular developing countries, including, by 2030, encouraging innovation and substantially increasing the number of research and development workers per 1 million people and public and private research and development spending",http://data.europa.eu/sdg/9.5,OTHER|2021_2023
101041677:4.6,101041677,Tandem Repeats Associated with Neurogenomic Somatic Instability and Neurodegeneration,10,0.1568829148282071,4.6,"By 2030, ensure that all youth and a substantial proportion of adults, both men and women, achieve literacy and numeracy",http://data.europa.eu/sdg/4.6,OTHER|2021_2023
101088366:9.5,101088366,Two-dimensional high entropy alloys and ceramics,1,0.09810538180233716,9.5,"Enhance scientific research, upgrade the technological capabilities of industrial sectors in all countries, in particular developing countries, including, by 2030, encouraging innovation and substantially increasing the number of research and development workers per 1 million people and public and private research and development spending",http://data.europa.eu/sdg/9.5,OTHER|2021_2023
101088366:4.b,101088366,Two-dimensional high entropy alloys and ceramics,2,0.08828039973833053,4.b,"By 2020, substantially expand globally the number of scholarships available to developing countries, in particular least developed countries, small island developing States and African countries, for enrolment in higher education, including vocational training and information and communications technology, technical, engineering and scientific programmes, in developed countries and other developing countries",http://data.europa.eu/sdg/4.b,OTHER|2021_2023
101088366:11.b,101088366,Two-dimensional high entropy alloys and ceramics,3,0.08101664507989853,11.b,"By 2020, substantially increase the number of cities and human settlements adopting and implementing integrated policies and plans towards inclusion, resource efficiency, mitigation and adaptation to climate change, resilience to disasters, and develop and implement, in line with the Sendai Framework for Disaster Risk Reduction 2015–2030, holistic disaster risk management at all levels",http://data.europa.eu/sdg/11.b,OTHER|2021_2023
101088366:12.4,101088366,Two-dimensional high entropy alloys and ceramics,4,0.06556900060738163,12.4,"By 2020, achieve the environmentally sound management of chemicals and all wastes throughout their life cycle, in accordance with agreed international frameworks, and significantly reduce their release to air, water and soil in order to minimize their adverse impacts on human health and the environment",http://data.europa.eu/sdg/12.4,OTHER|2021_2023
101088366:17.8,101088366,Two-dimensional high entropy alloys and ceramics,5,0.06517018872818209,17.8,"Fully operationalize the technology bank and science, technology and innovation capacity-building mechanism for least developed countries by 2017 and enhance the use of enabling technology, in particular information and communications technology",http://data.europa.eu/sdg/17.8,OTHER|2021_2023
101088366:17.6,101088366,Two-dimensional high entropy alloys and ceramics,6,0.0644515164804199,17.6,"Enhance North-South, South-South and triangular regional and international cooperation on and access to science, technology and innovation and enhance knowledge-sharing on mutually agreed terms, including through improved coordination among existing mechanisms, in particular at the United Nations level, and through a global technology facilitation mechanism",http://data.europa.eu/sdg/17.6,OTHER|2021_2023
101088366:9.4,101088366,Two-dimensional high entropy alloys and ceramics,7,0.06112639015932102,9.4,"By 2030, upgrade infrastructure and retrofit industries to make them sustainable, with increased resource-use efficiency and greater adoption of clean and environmentally sound technologies and industrial processes, with all countries taking action in accordance with their respective capabilities",http://data.europa.eu/sdg/9.4,OTHER|2021_2023
101088366:4.4,101088366,Two-dimensional high entropy alloys and ceramics,8,0.055888780703679544,4.4,"By 2030, substantially increase the number of youth and adults who have relevant skills, including technical and vocational skills, for employment, decent jobs and entrepreneurship",http://data.europa.eu/sdg/4.4,OTHER|2021_2023
101088366:4.a,101088366,Two-dimensional high entropy alloys and ceramics,9,0.055785226634288726,4.a,"Build and upgrade education facilities that are child, disability and gender sensitive and provide safe, non-violent, inclusive and effective learning environments for all",http://data.europa.eu/sdg/4.a,OTHER|2021_2023
101088366:6.a,101088366,Two-dimensional high entropy alloys and ceramics,10,0.05532360914894667,6.a,"By 2030, expand international cooperation and capacity-building support to developing countries in water- and sanitation-related activities and programmes, including water harvesting, desalination, water efficiency, wastewater treatment, recycling and reuse technologies",http://data.europa.eu/sdg/6.a,OTHER|2021_2023
101053472:10.5,101053472,Noise in Fluids,1,0.05480316512215702,10.5,Improve the regulation and monitoring of global financial markets and institutions and strengthen the implementation of such regulations,http://data.europa.eu/sdg/10.5,OTHER|2021_2023
101053472:10.7,101053472,Noise in Fluids,2,0.038674785074660545,10.7,"Facilitate orderly, safe, regular and responsible migration and mobility of people, including through the implementation of planned and well-managed migration policies",http://data.europa.eu/sdg/10.7,OTHER|2021_2023
101053472:14.b,101053472,Noise in Fluids,3,0.03692606571763263,14.b,Provide access for small-scale artisanal fishers to marine resources and markets,http://data.europa.eu/sdg/14.b,OTHER|2021_2023
101053472:10.c,101053472,Noise in Fluids,4,0.03236404465298427,10.c,"By 2030, reduce to less than 3 per cent the transaction costs of migrant remittances and eliminate remittance corridors with costs higher than 5 per cent",http://data.europa.eu/sdg/10.c,OTHER|2021_2023
101053472:4.b,101053472,Noise in Fluids,5,0.031156211785007555,4.b,"By 2020, substantially expand globally the number of scholarships available to developing countries, in particular least developed countries, small island developing States and African countries, for enrolment in higher education, including vocational training and information and communications technology, technical, engineering and scientific programmes, in developed countries and other developing countries",http://data.europa.eu/sdg/4.b,OTHER|2021_2023
101053472:14.1,101053472,Noise in Fluids,6,0.028861753611817736,14.1,"By 2025, prevent and significantly reduce marine pollution of all kinds, in particular from land-based activities, including marine debris and nutrient pollution",http://data.europa.eu/sdg/14.1,OTHER|2021_2023
101053472:17.7,101053472,Noise in Fluids,7,0.024511582420453544,17.7,"Promote the development, transfer, dissemination and diffusion of environmentally sound technologies to developing countries on favourable terms, including on concessional and preferential terms, as mutually agreed",http://data.europa.eu/sdg/17.7,OTHER|2021_2023
101053472:13.1,101053472,Noise in Fluids,8,0.02402427625463108,13.1,Strengthen resilience and adaptive capacity to climate-related hazards and natural disasters in all countries,http://data.europa.eu/sdg/13.1,OTHER|2021_2023
101053472:4.c,101053472,Noise in Fluids,9,0.023822214742795743,4.c,"By 2030, substantially increase the supply of qualified teachers, including through international cooperation for teacher training in developing countries, especially least developed countries and small island developing States",http://data.europa.eu/sdg/4.c,OTHER|2021_2023
101053472:4.a,101053472,Noise in Fluids,10,0.023659379420259634,4.a,"Build and upgrade education facilities that are child, disability and gender sensitive and provide safe, non-violent, inclusive and effective learning environments for all",http://data.europa.eu/sdg/4.a,OTHER|2021_2023
101075733:3.8,101075733,Deciphering the antibody-microbiota axis in early life,1,0.23804830739970845,3.8,"Achieve universal health coverage, including financial risk protection, access to quality essential health-care services and access to safe, effective, quality and affordable essential medicines and vaccines for all",http://data.europa.eu/sdg/3.8,OTHER|2021_2023
101075733:3.2,101075733,Deciphering the antibody-microbiota axis in early life,2,0.22953420179072132,3.2,"By 2030, end preventable deaths of newborns and children under 5 years of age, with all countries aiming to reduce neonatal mortality to at least as low as 12 per 1,000 live births and under‑5 mortality to at least as low as 25 per 1,000 live births",http://data.europa.eu/sdg/3.2,OTHER|2021_2023
101075733:3.b,101075733,Deciphering the antibody-microbiota axis in early life,3,0.22052048752474102,3.b,"Support the research and development of vaccines and medicines for the communicable and non‑communicable diseases that primarily affect developing countries, provide access to affordable essential medicines and vaccines, in accordance with the Doha Declaration on the TRIPS Agreement and Public Health, which affirms the right of developing countries to use to the full the provisions in the Agreement on Trade-Related Aspects of Intellectual Property Rights regarding flexibilities to protect public health, and, in particular, provide access to medicines for all",http://data.europa.eu/sdg/3.b,OTHER|2021_2023
101075733:3.1,101075733,Deciphering the antibody-microbiota axis in early life,4,0.20248330353124766,3.1,"By 2030, reduce the global maternal mortality ratio to less than 70 per 100,000 live births",http://data.europa.eu/sdg/3.1,OTHER|2021_2023
101075733:3.d,101075733,Deciphering the antibody-microbiota axis in early life,5,0.19965365962521475,3.d,"Strengthen the capacity of all countries, in particular developing countries, for early warning, risk reduction and management of national and global health risks",http://data.europa.eu/sdg/3.d,OTHER|2021_2023
101075733:2.2,101075733,Deciphering the antibody-microbiota axis in early life,6,0.19458993678567876,2.2,"By 2030, end all forms of malnutrition, including achieving, by 2025, the internationally agreed targets on stunting and wasting in children under 5 years of age, and address the nutritional needs of adolescent girls, pregnant and lactating women and older persons",http://data.europa.eu/sdg/2.2,OTHER|2021_2023
101075733:4.2,101075733,Deciphering the antibody-microbiota axis in early life,7,0.1906781370147264,4.2,"By 2030, ensure that all girls and boys have access to quality early childhood development, care and pre‑primary education so that they are ready for primary education",http://data.europa.eu/sdg/4.2,OTHER|2021_2023
101075733:3.3,101075733,Deciphering the antibody-microbiota axis in early life,8,0.18704731783039888,3.3,"By 2030, end the epidemics of AIDS, tuberculosis, malaria and neglected tropical diseases and combat hepatitis, water-borne diseases and other communicable diseases",http://data.europa.eu/sdg/3.3,OTHER|2021_2023
101075733:3.c,101075733,Deciphering the antibody-microbiota axis in early life,9,0.18402792910753446,3.c,"Substantially increase health financing and the recruitment, development, training and retention of the health workforce in developing countries, especially in least developed countries and small island developing States",http://data.europa.eu/sdg/3.c,OTHER|2021_2023
101075733:10.a,101075733,Deciphering the antibody-microbiota axis in early life,10,0.17630934733464587,10.a,"Implement the principle of special and differential treatment for developing countries, in particular least developed countries, in accordance with World Trade Organization agreements",http://data.europa.eu/sdg/10.a,OTHER|2021_2023
101067731:3.6,101067731,First-in-class beta-catenin inhibitor as treatment for colorectal cancer,1,0.15156044368449045,3.6,"By 2020, halve the number of global deaths and injuries from road traffic accidents",http://data.europa.eu/sdg/3.6,OTHER|2021_2023
101067731:15.2,101067731,First-in-class beta-catenin inhibitor as treatment for colorectal cancer,2,0.13576685241542438,15.2,"By 2020, promote the implementation of sustainable management of all types of forests, halt deforestation, restore degraded forests and substantially increase afforestation and reforestation globally",http://data.europa.eu/sdg/15.2,OTHER|2021_2023
101067731:13.a,101067731,First-in-class beta-catenin inhibitor as treatment for colorectal cancer,3,0.1311441061710255,13.a,Implement the commitment undertaken by developed-country parties to the United Nations Framework Convention on Climate Change to a goal of mobilizing jointly $100 billion annually by 2020 from all sources to address the needs of developing countries in the context of meaningful mitigation actions and transparency on implementation and fully operationalize the Green Climate Fund through its capitalization as soon as possible,http://data.europa.eu/sdg/13.a,OTHER|2021_2023
101067731:1.b,101067731,First-in-class beta-catenin inhibitor as treatment for colorectal cancer,4,0.1245312428373844,1.b,"Create sound policy frameworks at the national, regional and international levels, based on pro-poor and gender-sensitive development strategies, to support accelerated investment in poverty eradication actions",http://data.europa.eu/sdg/1.b,OTHER|2021_2023
101067731:15.5,101067731,First-in-class beta-catenin inhibitor as treatment for colorectal cancer,5,0.12333159591485075,15.5,"Take urgent and significant action to reduce the degradation of natural habitats, halt the loss of biodiversity and, by 2020, protect and prevent the extinction of threatened species",http://data.europa.eu/sdg/15.5,OTHER|2021_2023
101067731:13.2,101067731,First-in-class beta-catenin inhibitor as treatment for colorectal cancer,6,0.119530138915031,13.2,"Integrate climate change measures into national policies, strategies and planning",http://data.europa.eu/sdg/13.2,OTHER|2021_2023
101067731:15.a,101067731,First-in-class beta-catenin inhibitor as treatment for colorectal cancer,7,0.11843804025318266,15.a,Mobilize and significantly increase financial resources from all sources to conserve and sustainably use biodiversity and ecosystems,http://data.europa.eu/sdg/15.a,OTHER|2021_2023
101067731:3.5,101067731,First-in-class beta-catenin inhibitor as treatment for colorectal cancer,8,0.1175871425327022,3.5,"Strengthen the prevention and treatment of substance abuse, including narcotic drug abuse and harmful use of alcohol",http://data.europa.eu/sdg/3.5,OTHER|2021_2023
101067731:6.6,101067731,First-in-class beta-catenin inhibitor as treatment for colorectal cancer,9,0.11515277384747385,6.6,"By 2020, protect and restore water-related ecosystems, including mountains, forests, wetlands, rivers, aquifers and lakes",http://data.europa.eu/sdg/6.6,OTHER|2021_2023
101067731:15.6,101067731,First-in-class beta-catenin inhibitor as treatment for colorectal cancer,10,0.11241687442460374,15.6,"Promote fair and equitable sharing of the benefits arising from the utilization of genetic resources and promote appropriate access to such resources, as internationally agreed",http://data.europa.eu/sdg/15.6,OTHER|2021_2023
101076020:9.1,101076020,Making the Ariane Rocket: Negotiating relations between  European integration and the future of Europe in space,1,0.38306993836598335,9.1,"Develop quality, reliable, sustainable and resilient infrastructure, including regional and transborder infrastructure, to support economic development and human well-being, with a focus on affordable and equitable access for all",http://data.europa.eu/sdg/9.1,OTHER|2021_2023
101076020:9.4,101076020,Making the Ariane Rocket: Negotiating relations between  European integration and the future of Europe in space,2,0.36677653807228716,9.4,"By 2030, upgrade infrastructure and retrofit industries to make them sustainable, with increased resource-use efficiency and greater adoption of clean and environmentally sound technologies and industrial processes, with all countries taking action in accordance with their respective capabilities",http://data.europa.eu/sdg/9.4,OTHER|2021_2023
101076020:17.6,101076020,Making the Ariane Rocket: Negotiating relations between  European integration and the future of Europe in space,3,0.3659286411630669,17.6,"Enhance North-South, South-South and triangular regional and international cooperation on and access to science, technology and innovation and enhance knowledge-sharing on mutually agreed terms, including through improved coordination among existing mechanisms, in particular at the United Nations level, and through a global technology facilitation mechanism",http://data.europa.eu/sdg/17.6,OTHER|2021_2023
101076020:11.4,101076020,Making the Ariane Rocket: Negotiating relations between  European integration and the future of Europe in space,4,0.3616608467042254,11.4,Strengthen efforts to protect and safeguard the world’s cultural and natural heritage,http://data.europa.eu/sdg/11.4,OTHER|2021_2023
101076020:11.7,101076020,Making the Ariane Rocket: Negotiating relations between  European integration and the future of Europe in space,5,0.35664961400860523,11.7,"By 2030, provide universal access to safe, inclusive and accessible, green and public spaces, in particular for women and children, older persons and persons with disabilities",http://data.europa.eu/sdg/11.7,OTHER|2021_2023
101076020:9.b,101076020,Making the Ariane Rocket: Negotiating relations between  European integration and the future of Europe in space,6,0.34675003171096863,9.b,"Support domestic technology development, research and innovation in developing countries, including by ensuring a conducive policy environment for, inter alia, industrial diversification and value addition to commodities",http://data.europa.eu/sdg/9.b,OTHER|2021_2023
101076020:17.7,101076020,Making the Ariane Rocket: Negotiating relations between  European integration and the future of Europe in space,7,0.3442409318642587,17.7,"Promote the development, transfer, dissemination and diffusion of environmentally sound technologies to developing countries on favourable terms, including on concessional and preferential terms, as mutually agreed",http://data.europa.eu/sdg/17.7,OTHER|2021_2023
101076020:9.c,101076020,Making the Ariane Rocket: Negotiating relations between  European integration and the future of Europe in space,8,0.34053002091640383,9.c,Significantly increase access to information and communications technology and strive to provide universal and affordable access to the Internet in least developed countries by 2020,http://data.europa.eu/sdg/9.c,OTHER|2021_2023
101076020:9.5,101076020,Making the Ariane Rocket: Negotiating relations between  European integration and the future of Europe in space,9,0.3362868317048301,9.5,"Enhance scientific research, upgrade the technological capabilities of industrial sectors in all countries, in particular developing countries, including, by 2030, encouraging innovation and substantially increasing the number of research and development workers per 1 million people and public and private research and development spending",http://data.europa.eu/sdg/9.5,OTHER|2021_2023
101076020:11.3,101076020,Making the Ariane Rocket: Negotiating relations between  European integration and the future of Europe in space,10,0.33187262975698206,11.3,"By 2030, enhance inclusive and sustainable urbanization and capacity for participatory, integrated and sustainable human settlement planning and management in all countries",http://data.europa.eu/sdg/11.3,OTHER|2021_2023
101083038:9.5,101083038,Realizing the Promise of Higher-Order SMT and Superposition for Interactive Verification,1,0.22027737947609297,9.5,"Enhance scientific research, upgrade the technological capabilities of industrial sectors in all countries, in particular developing countries, including, by 2030, encouraging innovation and substantially increasing the number of research and development workers per 1 million people and public and private research and development spending",http://data.europa.eu/sdg/9.5,OTHER|2021_2023
101083038:4.3,101083038,Realizing the Promise of Higher-Order SMT and Superposition for Interactive Verification,2,0.2169301034101852,4.3,"By 2030, ensure equal access for all women and men to affordable and quality technical, vocational and tertiary education, including university",http://data.europa.eu/sdg/4.3,OTHER|2021_2023
101083038:4.6,101083038,Realizing the Promise of Higher-Order SMT and Superposition for Interactive Verification,3,0.2136807722463569,4.6,"By 2030, ensure that all youth and a substantial proportion of adults, both men and women, achieve literacy and numeracy",http://data.europa.eu/sdg/4.6,OTHER|2021_2023
101083038:1.4,101083038,Realizing the Promise of Higher-Order SMT and Superposition for Interactive Verification,4,0.208755878795878,1.4,"By 2030, ensure that all men and women, in particular the poor and the vulnerable, have equal rights to economic resources, as well as access to basic services, ownership and control over land and other forms of property, inheritance, natural resources, appropriate new technology and financial services, including microfinance",http://data.europa.eu/sdg/1.4,OTHER|2021_2023
101083038:4.4,101083038,Realizing the Promise of Higher-Order SMT and Superposition for Interactive Verification,5,0.20816982006040474,4.4,"By 2030, substantially increase the number of youth and adults who have relevant skills, including technical and vocational skills, for employment, decent jobs and entrepreneurship",http://data.europa.eu/sdg/4.4,OTHER|2021_2023
101083038:7.a,101083038,Realizing the Promise of Higher-Order SMT and Superposition for Interactive Verification,6,0.2051181536093109,7.a,"By 2030, enhance international cooperation to facilitate access to clean energy research and technology, including renewable energy, energy efficiency and advanced and cleaner fossil-fuel technology, and promote investment in energy infrastructure and clean energy technology",http://data.europa.eu/sdg/7.a,OTHER|2021_2023
101083038:17.6,101083038,Realizing the Promise of Higher-Order SMT and Superposition for Interactive Verification,7,0.20353337458079437,17.6,"Enhance North-South, South-South and triangular regional and international cooperation on and access to science, technology and innovation and enhance knowledge-sharing on mutually agreed terms, including through improved coordination among existing mechanisms, in particular at the United Nations level, and through a global technology facilitation mechanism",http://data.europa.eu/sdg/17.6,OTHER|2021_2023
101083038:4.b,101083038,Realizing the Promise of Higher-Order SMT and Superposition for Interactive Verification,8,0.2026050526879381,4.b,"By 2020, substantially expand globally the number of scholarships available to developing countries, in particular least developed countries, small island developing States and African countries, for enrolment in higher education, including vocational training and information and communications technology, technical, engineering and scientific programmes, in developed countries and other developing countries",http://data.europa.eu/sdg/4.b,OTHER|2021_2023
101083038:7.1,101083038,Realizing the Promise of Higher-Order SMT and Superposition for Interactive Verification,9,0.2023159252940687,7.1,"By 2030, ensure universal access to affordable, reliable and modern energy services",http://data.europa.eu/sdg/7.1,OTHER|2021_2023
101083038:4.1,101083038,Realizing the Promise of Higher-Order SMT and Superposition for Interactive Verification,10,0.19533522484951985,4.1,"By 2030, ensure that all girls and boys complete free, equitable and quality primary and secondary education leading to relevant and effective learning outcomes",http://data.europa.eu/sdg/4.1,OTHER|2021_2023
101039794:4.b,101039794,Computational Hardness Of RepresentAtion Learning,1,0.09981603138942358,4.b,"By 2020, substantially expand globally the number of scholarships available to developing countries, in particular least developed countries, small island developing States and African countries, for enrolment in higher education, including vocational training and information and communications technology, technical, engineering and scientific programmes, in developed countries and other developing countries",http://data.europa.eu/sdg/4.b,OTHER|2021_2023
101039794:7.3,101039794,Computational Hardness Of RepresentAtion Learning,2,0.0902585636385476,7.3,"By 2030, double the global rate of improvement in energy efficiency",http://data.europa.eu/sdg/7.3,OTHER|2021_2023
101039794:4.4,101039794,Computational Hardness Of RepresentAtion Learning,3,0.08674334934569969,4.4,"By 2030, substantially increase the number of youth and adults who have relevant skills, including technical and vocational skills, for employment, decent jobs and entrepreneurship",http://data.europa.eu/sdg/4.4,OTHER|2021_2023
101039794:4.1,101039794,Computational Hardness Of RepresentAtion Learning,4,0.07998822145162984,4.1,"By 2030, ensure that all girls and boys complete free, equitable and quality primary and secondary education leading to relevant and effective learning outcomes",http://data.europa.eu/sdg/4.1,OTHER|2021_2023
101039794:4.6,101039794,Computational Hardness Of RepresentAtion Learning,5,0.07410637769741582,4.6,"By 2030, ensure that all youth and a substantial proportion of adults, both men and women, achieve literacy and numeracy",http://data.europa.eu/sdg/4.6,OTHER|2021_2023
101039794:8.2,101039794,Computational Hardness Of RepresentAtion Learning,6,0.06814076104034664,8.2,"Achieve higher levels of economic productivity through diversification, technological upgrading and innovation, including through a focus on high-value added and labour-intensive sectors",http://data.europa.eu/sdg/8.2,OTHER|2021_2023
101039794:10.6,101039794,Computational Hardness Of RepresentAtion Learning,7,0.06687741335188432,10.6,"Ensure enhanced representation and voice for developing countries in decision-making in global international economic and financial institutions in order to deliver more effective, credible, accountable and legitimate institutions",http://data.europa.eu/sdg/10.6,OTHER|2021_2023
101039794:4.2,101039794,Computational Hardness Of RepresentAtion Learning,8,0.05892850694817797,4.2,"By 2030, ensure that all girls and boys have access to quality early childhood development, care and pre‑primary education so that they are ready for primary education",http://data.europa.eu/sdg/4.2,OTHER|2021_2023
101039794:4.c,101039794,Computational Hardness Of RepresentAtion Learning,9,0.05727123729859593,4.c,"By 2030, substantially increase the supply of qualified teachers, including through international cooperation for teacher training in developing countries, especially least developed countries and small island developing States",http://data.europa.eu/sdg/4.c,OTHER|2021_2023
101039794:4.3,101039794,Computational Hardness Of RepresentAtion Learning,10,0.05515567906758617,4.3,"By 2030, ensure equal access for all women and men to affordable and quality technical, vocational and tertiary education, including university",http://data.europa.eu/sdg/4.3,OTHER|2021_2023
101087184:17.6,101087184,A quantum chemical approach to dynamic properties of real materials,1,0.04831907180012053,17.6,"Enhance North-South, South-South and triangular regional and international cooperation on and access to science, technology and innovation and enhance knowledge-sharing on mutually agreed terms, including through improved coordination among existing mechanisms, in particular at the United Nations level, and through a global technology facilitation mechanism",http://data.europa.eu/sdg/17.6,OTHER|2021_2023
101087184:17.4,101087184,A quantum chemical approach to dynamic properties of real materials,2,0.037101022112869204,17.4,"Assist developing countries in attaining long-term debt sustainability through coordinated policies aimed at fostering debt financing, debt relief and debt restructuring, as appropriate, and address the external debt of highly indebted poor countries to reduce debt distress",http://data.europa.eu/sdg/17.4,OTHER|2021_2023
101087184:7.a,101087184,A quantum chemical approach to dynamic properties of real materials,3,0.033194011212330815,7.a,"By 2030, enhance international cooperation to facilitate access to clean energy research and technology, including renewable energy, energy efficiency and advanced and cleaner fossil-fuel technology, and promote investment in energy infrastructure and clean energy technology",http://data.europa.eu/sdg/7.a,OTHER|2021_2023
101087184:13.a,101087184,A quantum chemical approach to dynamic properties of real materials,4,0.030617721918977353,13.a,Implement the commitment undertaken by developed-country parties to the United Nations Framework Convention on Climate Change to a goal of mobilizing jointly $100 billion annually by 2020 from all sources to address the needs of developing countries in the context of meaningful mitigation actions and transparency on implementation and fully operationalize the Green Climate Fund through its capitalization as soon as possible,http://data.europa.eu/sdg/13.a,OTHER|2021_2023
101087184:17.8,101087184,A quantum chemical approach to dynamic properties of real materials,5,0.023191417515075797,17.8,"Fully operationalize the technology bank and science, technology and innovation capacity-building mechanism for least developed countries by 2017 and enhance the use of enabling technology, in particular information and communications technology",http://data.europa.eu/sdg/17.8,OTHER|2021_2023
101087184:12.4,101087184,A quantum chemical approach to dynamic properties of real materials,6,0.020246907933439286,12.4,"By 2020, achieve the environmentally sound management of chemicals and all wastes throughout their life cycle, in accordance with agreed international frameworks, and significantly reduce their release to air, water and soil in order to minimize their adverse impacts on human health and the environment",http://data.europa.eu/sdg/12.4,OTHER|2021_2023
101087184:13.2,101087184,A quantum chemical approach to dynamic properties of real materials,7,0.01889917130036776,13.2,"Integrate climate change measures into national policies, strategies and planning",http://data.europa.eu/sdg/13.2,OTHER|2021_2023
101087184:13.b,101087184,A quantum chemical approach to dynamic properties of real materials,8,0.0175860503957155,13.b,"Promote mechanisms for raising capacity for effective climate change-related planning and management in least developed countries and small island developing States, including focusing on women, youth and local and marginalized communities",http://data.europa.eu/sdg/13.b,OTHER|2021_2023
101087184:8.b,101087184,A quantum chemical approach to dynamic properties of real materials,9,0.016628769572518392,8.b,"By 2020, develop and operationalize a global strategy for youth employment and implement the Global Jobs Pact of the International Labour Organization",http://data.europa.eu/sdg/8.b,OTHER|2021_2023
101087184:4.b,101087184,A quantum chemical approach to dynamic properties of real materials,10,0.012302069201532609,4.b,"By 2020, substantially expand globally the number of scholarships available to developing countries, in particular least developed countries, small island developing States and African countries, for enrolment in higher education, including vocational training and information and communications technology, technical, engineering and scientific programmes, in developed countries and other developing countries",http://data.europa.eu/sdg/4.b,OTHER|2021_2023
101039986:7.3,101039986,Highly Energy-Efficient Resistive Switching in Defect- and Strain- Engineered Mott Insulators for Neuromorphic Computing Applications,1,0.18519296368198823,7.3,"By 2030, double the global rate of improvement in energy efficiency",http://data.europa.eu/sdg/7.3,OTHER|2021_2023
101039986:7.1,101039986,Highly Energy-Efficient Resistive Switching in Defect- and Strain- Engineered Mott Insulators for Neuromorphic Computing Applications,2,0.15384074031353123,7.1,"By 2030, ensure universal access to affordable, reliable and modern energy services",http://data.europa.eu/sdg/7.1,OTHER|2021_2023
101039986:7.a,101039986,Highly Energy-Efficient Resistive Switching in Defect- and Strain- Engineered Mott Insulators for Neuromorphic Computing Applications,3,0.15094038827941156,7.a,"By 2030, enhance international cooperation to facilitate access to clean energy research and technology, including renewable energy, energy efficiency and advanced and cleaner fossil-fuel technology, and promote investment in energy infrastructure and clean energy technology",http://data.europa.eu/sdg/7.a,OTHER|2021_2023
101039986:12.c,101039986,Highly Energy-Efficient Resistive Switching in Defect- and Strain- Engineered Mott Insulators for Neuromorphic Computing Applications,4,0.1286867828475335,12.c,"Rationalize inefficient fossil-fuel subsidies that encourage wasteful consumption by removing market distortions, in accordance with national circumstances, including by restructuring taxation and phasing out those harmful subsidies, where they exist, to reflect their environmental impacts, taking fully into account the specific needs and conditions of developing countries and minimizing the possible adverse impacts on their development in a manner that protects the poor and the affected communities",http://data.europa.eu/sdg/12.c,OTHER|2021_2023
101039986:7.2,101039986,Highly Energy-Efficient Resistive Switching in Defect- and Strain- Engineered Mott Insulators for Neuromorphic Computing Applications,5,0.12750830270284136,7.2,"By 2030, increase substantially the share of renewable energy in the global energy mix",http://data.europa.eu/sdg/7.2,OTHER|2021_2023
101039986:7.b,101039986,Highly Energy-Efficient Resistive Switching in Defect- and Strain- Engineered Mott Insulators for Neuromorphic Computing Applications,6,0.11839231885128326,7.b,"By 2030, expand infrastructure and upgrade technology for supplying modern and sustainable energy services for all in developing countries, in particular least developed countries, small island developing States and landlocked developing countries, in accordance with their respective programmes of support",http://data.europa.eu/sdg/7.b,OTHER|2021_2023
101039986:8.9,101039986,Highly Energy-Efficient Resistive Switching in Defect- and Strain- Engineered Mott Insulators for Neuromorphic Computing Applications,7,0.10125174534514929,8.9,"By 2030, devise and implement policies to promote sustainable tourism that creates jobs and promotes local culture and products",http://data.europa.eu/sdg/8.9,OTHER|2021_2023
101039986:12.a,101039986,Highly Energy-Efficient Resistive Switching in Defect- and Strain- Engineered Mott Insulators for Neuromorphic Computing Applications,8,0.09951186762511617,12.a,Support developing countries to strengthen their scientific and technological capacity to move towards more sustainable patterns of consumption and production,http://data.europa.eu/sdg/12.a,OTHER|2021_2023
101039986:10.c,101039986,Highly Energy-Efficient Resistive Switching in Defect- and Strain- Engineered Mott Insulators for Neuromorphic Computing Applications,9,0.09874948708064124,10.c,"By 2030, reduce to less than 3 per cent the transaction costs of migrant remittances and eliminate remittance corridors with costs higher than 5 per cent",http://data.europa.eu/sdg/10.c,OTHER|2021_2023
101039986:10.7,101039986,Highly Energy-Efficient Resistive Switching in Defect- and Strain- Engineered Mott Insulators for Neuromorphic Computing Applications,10,0.09518108287374843,10.7,"Facilitate orderly, safe, regular and responsible migration and mobility of people, including through the implementation of planned and well-managed migration policies",http://data.europa.eu/sdg/10.7,OTHER|2021_2023
101089233:4.6,101089233,"Digital Time Use, Adolescent Well-Being and Social Inequalities",1,0.4076608902015915,4.6,"By 2030, ensure that all youth and a substantial proportion of adults, both men and women, achieve literacy and numeracy",http://data.europa.eu/sdg/4.6,OTHER|2024_PLUS
101089233:4.4,101089233,"Digital Time Use, Adolescent Well-Being and Social Inequalities",2,0.3902972963946083,4.4,"By 2030, substantially increase the number of youth and adults who have relevant skills, including technical and vocational skills, for employment, decent jobs and entrepreneurship",http://data.europa.eu/sdg/4.4,OTHER|2024_PLUS
101089233:4.1,101089233,"Digital Time Use, Adolescent Well-Being and Social Inequalities",3,0.38413246702217124,4.1,"By 2030, ensure that all girls and boys complete free, equitable and quality primary and secondary education leading to relevant and effective learning outcomes",http://data.europa.eu/sdg/4.1,OTHER|2024_PLUS
101089233:4.2,101089233,"Digital Time Use, Adolescent Well-Being and Social Inequalities",4,0.37265996819927455,4.2,"By 2030, ensure that all girls and boys have access to quality early childhood development, care and pre‑primary education so that they are ready for primary education",http://data.europa.eu/sdg/4.2,OTHER|2024_PLUS
101089233:8.6,101089233,"Digital Time Use, Adolescent Well-Being and Social Inequalities",5,0.352966771001672,8.6,"By 2020, substantially reduce the proportion of youth not in employment, education or training",http://data.europa.eu/sdg/8.6,OTHER|2024_PLUS
101089233:5.b,101089233,"Digital Time Use, Adolescent Well-Being and Social Inequalities",6,0.3456754983910308,5.b,"Enhance the use of enabling technology, in particular information and communications technology, to promote the empowerment of women",http://data.europa.eu/sdg/5.b,OTHER|2024_PLUS
101089233:4.5,101089233,"Digital Time Use, Adolescent Well-Being and Social Inequalities",7,0.3446241535892784,4.5,"By 2030, eliminate gender disparities in education and ensure equal access to all levels of education and vocational training for the vulnerable, including persons with disabilities, indigenous peoples and children in vulnerable situations",http://data.europa.eu/sdg/4.5,OTHER|2024_PLUS
101089233:4.a,101089233,"Digital Time Use, Adolescent Well-Being and Social Inequalities",8,0.3410241396505301,4.a,"Build and upgrade education facilities that are child, disability and gender sensitive and provide safe, non-violent, inclusive and effective learning environments for all",http://data.europa.eu/sdg/4.a,OTHER|2024_PLUS
101089233:3.4,101089233,"Digital Time Use, Adolescent Well-Being and Social Inequalities",9,0.3389502832457527,3.4,"By 2030, reduce by one third premature mortality from non-communicable diseases through prevention and treatment and promote mental health and well-being",http://data.europa.eu/sdg/3.4,OTHER|2024_PLUS
101089233:17.18,101089233,"Digital Time Use, Adolescent Well-Being and Social Inequalities",10,0.33777634145625596,17.18,"By 2020, enhance capacity-building support to developing countries, including for least developed countries and small island developing States, to increase significantly the availability of high-quality, timely and reliable data disaggregated by income, gender, age, race, ethnicity, migratory status, disability, geographic location and other characteristics relevant in national contexts",http://data.europa.eu/sdg/17.18,OTHER|2024_PLUS
101246792:9.1,101246792,DNA: A Dependable NIC Architecture,1,0.2718767294977823,9.1,"Develop quality, reliable, sustainable and resilient infrastructure, including regional and transborder infrastructure, to support economic development and human well-being, with a focus on affordable and equitable access for all",http://data.europa.eu/sdg/9.1,OTHER|2024_PLUS
101246792:9.c,101246792,DNA: A Dependable NIC Architecture,2,0.2347095663555391,9.c,Significantly increase access to information and communications technology and strive to provide universal and affordable access to the Internet in least developed countries by 2020,http://data.europa.eu/sdg/9.c,OTHER|2024_PLUS
101246792:9.a,101246792,DNA: A Dependable NIC Architecture,3,0.22468194877836686,9.a,"Facilitate sustainable and resilient infrastructure development in developing countries through enhanced financial, technological and technical support to African countries, least developed countries, landlocked developing countries and small island developing States",http://data.europa.eu/sdg/9.a,OTHER|2024_PLUS
101246792:15.6,101246792,DNA: A Dependable NIC Architecture,4,0.22060110342770112,15.6,"Promote fair and equitable sharing of the benefits arising from the utilization of genetic resources and promote appropriate access to such resources, as internationally agreed",http://data.europa.eu/sdg/15.6,OTHER|2024_PLUS
101246792:9.5,101246792,DNA: A Dependable NIC Architecture,5,0.22047410014387805,9.5,"Enhance scientific research, upgrade the technological capabilities of industrial sectors in all countries, in particular developing countries, including, by 2030, encouraging innovation and substantially increasing the number of research and development workers per 1 million people and public and private research and development spending",http://data.europa.eu/sdg/9.5,OTHER|2024_PLUS
101246792:11.2,101246792,DNA: A Dependable NIC Architecture,6,0.2185324986508812,11.2,"By 2030, provide access to safe, affordable, accessible and sustainable transport systems for all, improving road safety, notably by expanding public transport, with special attention to the needs of those in vulnerable situations, women, children, persons with disabilities and older persons",http://data.europa.eu/sdg/11.2,OTHER|2024_PLUS
101246792:11.1,101246792,DNA: A Dependable NIC Architecture,7,0.21602445612706503,11.1,"By 2030, ensure access for all to adequate, safe and affordable housing and basic services and upgrade slums",http://data.europa.eu/sdg/11.1,OTHER|2024_PLUS
101246792:7.1,101246792,DNA: A Dependable NIC Architecture,8,0.21224841418561402,7.1,"By 2030, ensure universal access to affordable, reliable and modern energy services",http://data.europa.eu/sdg/7.1,OTHER|2024_PLUS
101246792:9.4,101246792,DNA: A Dependable NIC Architecture,9,0.21191363692946777,9.4,"By 2030, upgrade infrastructure and retrofit industries to make them sustainable, with increased resource-use efficiency and greater adoption of clean and environmentally sound technologies and industrial processes, with all countries taking action in accordance with their respective capabilities",http://data.europa.eu/sdg/9.4,OTHER|2024_PLUS
101246792:3.b,101246792,DNA: A Dependable NIC Architecture,10,0.2032577131841029,3.b,"Support the research and development of vaccines and medicines for the communicable and non‑communicable diseases that primarily affect developing countries, provide access to affordable essential medicines and vaccines, in accordance with the Doha Declaration on the TRIPS Agreement and Public Health, which affirms the right of developing countries to use to the full the provisions in the Agreement on Trade-Related Aspects of Intellectual Property Rights regarding flexibilities to protect public health, and, in particular, provide access to medicines for all",http://data.europa.eu/sdg/3.b,OTHER|2024_PLUS
101170073:16.8,101170073,The politics of aspiring sovereignty: Understanding separatist politics from a performative perspective,1,0.37549752480691084,16.8,Broaden and strengthen the participation of developing countries in the institutions of global governance,http://data.europa.eu/sdg/16.8,OTHER|2024_PLUS
101170073:16.7,101170073,The politics of aspiring sovereignty: Understanding separatist politics from a performative perspective,2,0.3742363437037266,16.7,"Ensure responsive, inclusive, participatory and representative decision-making at all levels",http://data.europa.eu/sdg/16.7,OTHER|2024_PLUS
101170073:16.10,101170073,The politics of aspiring sovereignty: Understanding separatist politics from a performative perspective,3,0.3595727417484493,16.10,"Ensure public access to information and protect fundamental freedoms, in accordance with national legislation and international agreements",http://data.europa.eu/sdg/16.10,OTHER|2024_PLUS
101170073:16.9,101170073,The politics of aspiring sovereignty: Understanding separatist politics from a performative perspective,4,0.3543377108530933,16.9,"By 2030, provide legal identity for all, including birth registration",http://data.europa.eu/sdg/16.9,OTHER|2024_PLUS
101170073:16.6,101170073,The politics of aspiring sovereignty: Understanding separatist politics from a performative perspective,5,0.3539277580827757,16.6,"Develop effective, accountable and transparent institutions at all levels",http://data.europa.eu/sdg/16.6,OTHER|2024_PLUS
101170073:16.b,101170073,The politics of aspiring sovereignty: Understanding separatist politics from a performative perspective,6,0.3492338980491278,16.b,Promote and enforce non-discriminatory laws and policies for sustainable development,http://data.europa.eu/sdg/16.b,OTHER|2024_PLUS
101170073:16.3,101170073,The politics of aspiring sovereignty: Understanding separatist politics from a performative perspective,7,0.3479845775452769,16.3,Promote the rule of law at the national and international levels and ensure equal access to justice for all,http://data.europa.eu/sdg/16.3,OTHER|2024_PLUS
101170073:16.2,101170073,The politics of aspiring sovereignty: Understanding separatist politics from a performative perspective,8,0.3380436064597121,16.2,"End abuse, exploitation, trafficking and all forms of violence against and torture of children",http://data.europa.eu/sdg/16.2,OTHER|2024_PLUS
101170073:16.a,101170073,The politics of aspiring sovereignty: Understanding separatist politics from a performative perspective,9,0.3374218662984624,16.a,"Strengthen relevant national institutions, including through international cooperation, for building capacity at all levels, in particular in developing countries, to prevent violence and combat terrorism and crime",http://data.europa.eu/sdg/16.a,OTHER|2024_PLUS
101170073:16.5,101170073,The politics of aspiring sovereignty: Understanding separatist politics from a performative perspective,10,0.33698090488496935,16.5,Substantially reduce corruption and bribery in all their forms,http://data.europa.eu/sdg/16.5,OTHER|2024_PLUS
101225153:15.6,101225153,Tracing and harnessing the ancestry of RNA-guided nucleases,1,0.2603410590861568,15.6,"Promote fair and equitable sharing of the benefits arising from the utilization of genetic resources and promote appropriate access to such resources, as internationally agreed",http://data.europa.eu/sdg/15.6,OTHER|2024_PLUS
101225153:2.5,101225153,Tracing and harnessing the ancestry of RNA-guided nucleases,2,0.20395740661466355,2.5,"By 2020, maintain the genetic diversity of seeds, cultivated plants and farmed and domesticated animals and their related wild species, including through soundly managed and diversified seed and plant banks at the national, regional and international levels, and promote access to and fair and equitable sharing of benefits arising from the utilization of genetic resources and associated traditional knowledge, as internationally agreed",http://data.europa.eu/sdg/2.5,OTHER|2024_PLUS
101225153:9.5,101225153,Tracing and harnessing the ancestry of RNA-guided nucleases,3,0.17186748607706673,9.5,"Enhance scientific research, upgrade the technological capabilities of industrial sectors in all countries, in particular developing countries, including, by 2030, encouraging innovation and substantially increasing the number of research and development workers per 1 million people and public and private research and development spending",http://data.europa.eu/sdg/9.5,OTHER|2024_PLUS
101225153:15.8,101225153,Tracing and harnessing the ancestry of RNA-guided nucleases,4,0.15563943183087048,15.8,"By 2020, introduce measures to prevent the introduction and significantly reduce the impact of invasive alien species on land and water ecosystems and control or eradicate the priority species",http://data.europa.eu/sdg/15.8,OTHER|2024_PLUS
101225153:15.5,101225153,Tracing and harnessing the ancestry of RNA-guided nucleases,5,0.14747192669414605,15.5,"Take urgent and significant action to reduce the degradation of natural habitats, halt the loss of biodiversity and, by 2020, protect and prevent the extinction of threatened species",http://data.europa.eu/sdg/15.5,OTHER|2024_PLUS
101225153:15.4,101225153,Tracing and harnessing the ancestry of RNA-guided nucleases,6,0.145783452722011,15.4,"By 2030, ensure the conservation of mountain ecosystems, including their biodiversity, in order to enhance their capacity to provide benefits that are essential for sustainable development",http://data.europa.eu/sdg/15.4,OTHER|2024_PLUS
101225153:15.3,101225153,Tracing and harnessing the ancestry of RNA-guided nucleases,7,0.13003623115910334,15.3,"By 2030, combat desertification, restore degraded land and soil, including land affected by desertification, drought and floods, and strive to achieve a land degradation-neutral world",http://data.europa.eu/sdg/15.3,OTHER|2024_PLUS
101225153:17.6,101225153,Tracing and harnessing the ancestry of RNA-guided nucleases,8,0.1294200110821529,17.6,"Enhance North-South, South-South and triangular regional and international cooperation on and access to science, technology and innovation and enhance knowledge-sharing on mutually agreed terms, including through improved coordination among existing mechanisms, in particular at the United Nations level, and through a global technology facilitation mechanism",http://data.europa.eu/sdg/17.6,OTHER|2024_PLUS
101225153:2.a,101225153,Tracing and harnessing the ancestry of RNA-guided nucleases,9,0.1284820240332888,2.a,"Increase investment, including through enhanced international cooperation, in rural infrastructure, agricultural research and extension services, technology development and plant and livestock gene banks in order to enhance agricultural productive capacity in developing countries, in particular least developed countries",http://data.europa.eu/sdg/2.a,OTHER|2024_PLUS
101225153:14.4,101225153,Tracing and harnessing the ancestry of RNA-guided nucleases,10,0.1237824215828975,14.4,"By 2020, effectively regulate harvesting and end overfishing, illegal, unreported and unregulated fishing and destructive fishing practices and implement science-based management plans, in order to restore fish stocks in the shortest time feasible, at least to levels that can produce maximum sustainable yield as determined by their biological characteristics",http://data.europa.eu/sdg/14.4,OTHER|2024_PLUS
101219770:15.8,101219770,Using morphological information to accurately date phylogenies and understand past diversification dynamics,1,0.35692437831423457,15.8,"By 2020, introduce measures to prevent the introduction and significantly reduce the impact of invasive alien species on land and water ecosystems and control or eradicate the priority species",http://data.europa.eu/sdg/15.8,OTHER|2024_PLUS
101219770:15.6,101219770,Using morphological information to accurately date phylogenies and understand past diversification dynamics,2,0.3203748915936286,15.6,"Promote fair and equitable sharing of the benefits arising from the utilization of genetic resources and promote appropriate access to such resources, as internationally agreed",http://data.europa.eu/sdg/15.6,OTHER|2024_PLUS
101219770:15.1,101219770,Using morphological information to accurately date phylogenies and understand past diversification dynamics,3,0.3118871032623405,15.1,"By 2020, ensure the conservation, restoration and sustainable use of terrestrial and inland freshwater ecosystems and their services, in particular forests, wetlands, mountains and drylands, in line with obligations under international agreements",http://data.europa.eu/sdg/15.1,OTHER|2024_PLUS
101219770:15.a,101219770,Using morphological information to accurately date phylogenies and understand past diversification dynamics,4,0.2971420760794363,15.a,Mobilize and significantly increase financial resources from all sources to conserve and sustainably use biodiversity and ecosystems,http://data.europa.eu/sdg/15.a,OTHER|2024_PLUS
101219770:15.4,101219770,Using morphological information to accurately date phylogenies and understand past diversification dynamics,5,0.2909750422335065,15.4,"By 2030, ensure the conservation of mountain ecosystems, including their biodiversity, in order to enhance their capacity to provide benefits that are essential for sustainable development",http://data.europa.eu/sdg/15.4,OTHER|2024_PLUS
101219770:15.5,101219770,Using morphological information to accurately date phylogenies and understand past diversification dynamics,6,0.2885788880583695,15.5,"Take urgent and significant action to reduce the degradation of natural habitats, halt the loss of biodiversity and, by 2020, protect and prevent the extinction of threatened species",http://data.europa.eu/sdg/15.5,OTHER|2024_PLUS
101219770:15.9,101219770,Using morphological information to accurately date phylogenies and understand past diversification dynamics,7,0.27642425930253267,15.9,"By 2020, integrate ecosystem and biodiversity values into national and local planning, development processes, poverty reduction strategies and accounts",http://data.europa.eu/sdg/15.9,OTHER|2024_PLUS
101219770:15.c,101219770,Using morphological information to accurately date phylogenies and understand past diversification dynamics,8,0.2372477217535435,15.c,"Enhance global support for efforts to combat poaching and trafficking of protected species, including by increasing the capacity of local communities to pursue sustainable livelihood opportunities",http://data.europa.eu/sdg/15.c,OTHER|2024_PLUS
101219770:15.7,101219770,Using morphological information to accurately date phylogenies and understand past diversification dynamics,9,0.23107976318601442,15.7,Take urgent action to end poaching and trafficking of protected species of flora and fauna and address both demand and supply of illegal wildlife products,http://data.europa.eu/sdg/15.7,OTHER|2024_PLUS
101219770:15.3,101219770,Using morphological information to accurately date phylogenies and understand past diversification dynamics,10,0.223023708887013,15.3,"By 2030, combat desertification, restore degraded land and soil, including land affected by desertification, drought and floods, and strive to achieve a land degradation-neutral world",http://data.europa.eu/sdg/15.3,OTHER|2024_PLUS
101198490:15.c,101198490,The LPS-code: uncovering meta-level chemical structures that establish LPS as friend or foe,1,0.20518920475882207,15.c,"Enhance global support for efforts to combat poaching and trafficking of protected species, including by increasing the capacity of local communities to pursue sustainable livelihood opportunities",http://data.europa.eu/sdg/15.c,OTHER|2024_PLUS
101198490:15.6,101198490,The LPS-code: uncovering meta-level chemical structures that establish LPS as friend or foe,2,0.19478734166200462,15.6,"Promote fair and equitable sharing of the benefits arising from the utilization of genetic resources and promote appropriate access to such resources, as internationally agreed",http://data.europa.eu/sdg/15.6,OTHER|2024_PLUS
101198490:2.5,101198490,The LPS-code: uncovering meta-level chemical structures that establish LPS as friend or foe,3,0.19321125383535678,2.5,"By 2020, maintain the genetic diversity of seeds, cultivated plants and farmed and domesticated animals and their related wild species, including through soundly managed and diversified seed and plant banks at the national, regional and international levels, and promote access to and fair and equitable sharing of benefits arising from the utilization of genetic resources and associated traditional knowledge, as internationally agreed",http://data.europa.eu/sdg/2.5,OTHER|2024_PLUS
101198490:2.4,101198490,The LPS-code: uncovering meta-level chemical structures that establish LPS as friend or foe,4,0.18886457783175986,2.4,"By 2030, ensure sustainable food production systems and implement resilient agricultural practices that increase productivity and production, that help maintain ecosystems, that strengthen capacity for adaptation to climate change, extreme weather, drought, flooding and other disasters and that progressively improve land and soil quality",http://data.europa.eu/sdg/2.4,OTHER|2024_PLUS
101198490:2.a,101198490,The LPS-code: uncovering meta-level chemical structures that establish LPS as friend or foe,5,0.18678821433202775,2.a,"Increase investment, including through enhanced international cooperation, in rural infrastructure, agricultural research and extension services, technology development and plant and livestock gene banks in order to enhance agricultural productive capacity in developing countries, in particular least developed countries",http://data.europa.eu/sdg/2.a,OTHER|2024_PLUS
101198490:15.a,101198490,The LPS-code: uncovering meta-level chemical structures that establish LPS as friend or foe,6,0.18130613529825684,15.a,Mobilize and significantly increase financial resources from all sources to conserve and sustainably use biodiversity and ecosystems,http://data.europa.eu/sdg/15.a,OTHER|2024_PLUS
101198490:15.7,101198490,The LPS-code: uncovering meta-level chemical structures that establish LPS as friend or foe,7,0.17589227959591563,15.7,Take urgent action to end poaching and trafficking of protected species of flora and fauna and address both demand and supply of illegal wildlife products,http://data.europa.eu/sdg/15.7,OTHER|2024_PLUS
101198490:3.a,101198490,The LPS-code: uncovering meta-level chemical structures that establish LPS as friend or foe,8,0.17087696920467543,3.a,"Strengthen the implementation of the World Health Organization Framework Convention on Tobacco Control in all countries, as appropriate",http://data.europa.eu/sdg/3.a,OTHER|2024_PLUS
101198490:3.b,101198490,The LPS-code: uncovering meta-level chemical structures that establish LPS as friend or foe,9,0.16982369140847298,3.b,"Support the research and development of vaccines and medicines for the communicable and non‑communicable diseases that primarily affect developing countries, provide access to affordable essential medicines and vaccines, in accordance with the Doha Declaration on the TRIPS Agreement and Public Health, which affirms the right of developing countries to use to the full the provisions in the Agreement on Trade-Related Aspects of Intellectual Property Rights regarding flexibilities to protect public health, and, in particular, provide access to medicines for all",http://data.europa.eu/sdg/3.b,OTHER|2024_PLUS
101198490:12.4,101198490,The LPS-code: uncovering meta-level chemical structures that establish LPS as friend or foe,10,0.16322262017297567,12.4,"By 2020, achieve the environmentally sound management of chemicals and all wastes throughout their life cycle, in accordance with agreed international frameworks, and significantly reduce their release to air, water and soil in order to minimize their adverse impacts on human health and the environment",http://data.europa.eu/sdg/12.4,OTHER|2024_PLUS
101165129:9.5,101165129,Deciphering Neurodegenerative Disease with fast 3D imaging & functional nanoscopy,1,0.09199636647053896,9.5,"Enhance scientific research, upgrade the technological capabilities of industrial sectors in all countries, in particular developing countries, including, by 2030, encouraging innovation and substantially increasing the number of research and development workers per 1 million people and public and private research and development spending",http://data.europa.eu/sdg/9.5,OTHER|2024_PLUS
101165129:17.17,101165129,Deciphering Neurodegenerative Disease with fast 3D imaging & functional nanoscopy,2,0.08186429649357528,17.17,"Encourage and promote effective public, public-private and civil society partnerships, building on the experience and resourcing strategies of partnerships",http://data.europa.eu/sdg/17.17,OTHER|2024_PLUS
101165129:17.18,101165129,Deciphering Neurodegenerative Disease with fast 3D imaging & functional nanoscopy,3,0.07774085473502668,17.18,"By 2020, enhance capacity-building support to developing countries, including for least developed countries and small island developing States, to increase significantly the availability of high-quality, timely and reliable data disaggregated by income, gender, age, race, ethnicity, migratory status, disability, geographic location and other characteristics relevant in national contexts",http://data.europa.eu/sdg/17.18,OTHER|2024_PLUS
101165129:17.6,101165129,Deciphering Neurodegenerative Disease with fast 3D imaging & functional nanoscopy,4,0.07620580072360082,17.6,"Enhance North-South, South-South and triangular regional and international cooperation on and access to science, technology and innovation and enhance knowledge-sharing on mutually agreed terms, including through improved coordination among existing mechanisms, in particular at the United Nations level, and through a global technology facilitation mechanism",http://data.europa.eu/sdg/17.6,OTHER|2024_PLUS
101165129:9.3,101165129,Deciphering Neurodegenerative Disease with fast 3D imaging & functional nanoscopy,5,0.07164995734771155,9.3,"Increase the access of small-scale industrial and other enterprises, in particular in developing countries, to financial services, including affordable credit, and their integration into value chains and markets",http://data.europa.eu/sdg/9.3,OTHER|2024_PLUS
101165129:17.16,101165129,Deciphering Neurodegenerative Disease with fast 3D imaging & functional nanoscopy,6,0.06916256733583642,17.16,"Enhance the Global Partnership for Sustainable Development, complemented by multi-stakeholder partnerships that mobilize and share knowledge, expertise, technology and financial resources, to support the achievement of the Sustainable Development Goals in all countries, in particular developing countries",http://data.europa.eu/sdg/17.16,OTHER|2024_PLUS
101165129:4.c,101165129,Deciphering Neurodegenerative Disease with fast 3D imaging & functional nanoscopy,7,0.06663614671171056,4.c,"By 2030, substantially increase the supply of qualified teachers, including through international cooperation for teacher training in developing countries, especially least developed countries and small island developing States",http://data.europa.eu/sdg/4.c,OTHER|2024_PLUS
101165129:4.6,101165129,Deciphering Neurodegenerative Disease with fast 3D imaging & functional nanoscopy,8,0.06293711574127273,4.6,"By 2030, ensure that all youth and a substantial proportion of adults, both men and women, achieve literacy and numeracy",http://data.europa.eu/sdg/4.6,OTHER|2024_PLUS
101165129:17.3,101165129,Deciphering Neurodegenerative Disease with fast 3D imaging & functional nanoscopy,9,0.060569128478424654,17.3,Mobilize additional financial resources for developing countries from multiple sources,http://data.europa.eu/sdg/17.3,OTHER|2024_PLUS
101165129:8.a,101165129,Deciphering Neurodegenerative Disease with fast 3D imaging & functional nanoscopy,10,0.05922577947253302,8.a,"Increase Aid for Trade support for developing countries, in particular least developed countries, including through the Enhanced Integrated Framework for Trade-related Technical Assistance to Least Developed Countries",http://data.europa.eu/sdg/8.a,OTHER|2024_PLUS
101167065:9.5,101167065,Engineering an integrated platform for generation of human blood stem cells from pluripotent sources,1,0.2624301561340806,9.5,"Enhance scientific research, upgrade the technological capabilities of industrial sectors in all countries, in particular developing countries, including, by 2030, encouraging innovation and substantially increasing the number of research and development workers per 1 million people and public and private research and development spending",http://data.europa.eu/sdg/9.5,OTHER|2024_PLUS
101167065:3.c,101167065,Engineering an integrated platform for generation of human blood stem cells from pluripotent sources,2,0.2596276672523247,3.c,"Substantially increase health financing and the recruitment, development, training and retention of the health workforce in developing countries, especially in least developed countries and small island developing States",http://data.europa.eu/sdg/3.c,OTHER|2024_PLUS
101167065:3.8,101167065,Engineering an integrated platform for generation of human blood stem cells from pluripotent sources,3,0.2549687277859293,3.8,"Achieve universal health coverage, including financial risk protection, access to quality essential health-care services and access to safe, effective, quality and affordable essential medicines and vaccines for all",http://data.europa.eu/sdg/3.8,OTHER|2024_PLUS
101167065:14.3,101167065,Engineering an integrated platform for generation of human blood stem cells from pluripotent sources,4,0.2518684327421676,14.3,"Minimize and address the impacts of ocean acidification, including through enhanced scientific cooperation at all levels",http://data.europa.eu/sdg/14.3,OTHER|2024_PLUS
101167065:6.a,101167065,Engineering an integrated platform for generation of human blood stem cells from pluripotent sources,5,0.25047678890216263,6.a,"By 2030, expand international cooperation and capacity-building support to developing countries in water- and sanitation-related activities and programmes, including water harvesting, desalination, water efficiency, wastewater treatment, recycling and reuse technologies",http://data.europa.eu/sdg/6.a,OTHER|2024_PLUS
101167065:2.a,101167065,Engineering an integrated platform for generation of human blood stem cells from pluripotent sources,6,0.24917548789543764,2.a,"Increase investment, including through enhanced international cooperation, in rural infrastructure, agricultural research and extension services, technology development and plant and livestock gene banks in order to enhance agricultural productive capacity in developing countries, in particular least developed countries",http://data.europa.eu/sdg/2.a,OTHER|2024_PLUS
101167065:3.1,101167065,Engineering an integrated platform for generation of human blood stem cells from pluripotent sources,7,0.2482516370940927,3.1,"By 2030, reduce the global maternal mortality ratio to less than 70 per 100,000 live births",http://data.europa.eu/sdg/3.1,OTHER|2024_PLUS
101167065:3.3,101167065,Engineering an integrated platform for generation of human blood stem cells from pluripotent sources,8,0.23834430905345744,3.3,"By 2030, end the epidemics of AIDS, tuberculosis, malaria and neglected tropical diseases and combat hepatitis, water-borne diseases and other communicable diseases",http://data.europa.eu/sdg/3.3,OTHER|2024_PLUS
101167065:14.4,101167065,Engineering an integrated platform for generation of human blood stem cells from pluripotent sources,9,0.23122252339970473,14.4,"By 2020, effectively regulate harvesting and end overfishing, illegal, unreported and unregulated fishing and destructive fishing practices and implement science-based management plans, in order to restore fish stocks in the shortest time feasible, at least to levels that can produce maximum sustainable yield as determined by their biological characteristics",http://data.europa.eu/sdg/14.4,OTHER|2024_PLUS
101167065:2.5,101167065,Engineering an integrated platform for generation of human blood stem cells from pluripotent sources,10,0.22761843052716302,2.5,"By 2020, maintain the genetic diversity of seeds, cultivated plants and farmed and domesticated animals and their related wild species, including through soundly managed and diversified seed and plant banks at the national, regional and international levels, and promote access to and fair and equitable sharing of benefits arising from the utilization of genetic resources and associated traditional knowledge, as internationally agreed",http://data.europa.eu/sdg/2.5,OTHER|2024_PLUS
101199747:3.4,101199747,Astrocytic metabolism-driven epigenetics at the cornerstone of cognitive aging,1,0.1984963116246508,3.4,"By 2030, reduce by one third premature mortality from non-communicable diseases through prevention and treatment and promote mental health and well-being",http://data.europa.eu/sdg/3.4,OTHER|2024_PLUS
101199747:2.2,101199747,Astrocytic metabolism-driven epigenetics at the cornerstone of cognitive aging,2,0.1938686307906607,2.2,"By 2030, end all forms of malnutrition, including achieving, by 2025, the internationally agreed targets on stunting and wasting in children under 5 years of age, and address the nutritional needs of adolescent girls, pregnant and lactating women and older persons",http://data.europa.eu/sdg/2.2,OTHER|2024_PLUS
101199747:3.1,101199747,Astrocytic metabolism-driven epigenetics at the cornerstone of cognitive aging,3,0.18303185533131905,3.1,"By 2030, reduce the global maternal mortality ratio to less than 70 per 100,000 live births",http://data.europa.eu/sdg/3.1,OTHER|2024_PLUS
101199747:2.5,101199747,Astrocytic metabolism-driven epigenetics at the cornerstone of cognitive aging,4,0.17053663535667893,2.5,"By 2020, maintain the genetic diversity of seeds, cultivated plants and farmed and domesticated animals and their related wild species, including through soundly managed and diversified seed and plant banks at the national, regional and international levels, and promote access to and fair and equitable sharing of benefits arising from the utilization of genetic resources and associated traditional knowledge, as internationally agreed",http://data.europa.eu/sdg/2.5,OTHER|2024_PLUS
101199747:3.5,101199747,Astrocytic metabolism-driven epigenetics at the cornerstone of cognitive aging,5,0.1686974925806371,3.5,"Strengthen the prevention and treatment of substance abuse, including narcotic drug abuse and harmful use of alcohol",http://data.europa.eu/sdg/3.5,OTHER|2024_PLUS
101199747:3.2,101199747,Astrocytic metabolism-driven epigenetics at the cornerstone of cognitive aging,6,0.16091175325498827,3.2,"By 2030, end preventable deaths of newborns and children under 5 years of age, with all countries aiming to reduce neonatal mortality to at least as low as 12 per 1,000 live births and under‑5 mortality to at least as low as 25 per 1,000 live births",http://data.europa.eu/sdg/3.2,OTHER|2024_PLUS
101199747:14.4,101199747,Astrocytic metabolism-driven epigenetics at the cornerstone of cognitive aging,7,0.14709104054507083,14.4,"By 2020, effectively regulate harvesting and end overfishing, illegal, unreported and unregulated fishing and destructive fishing practices and implement science-based management plans, in order to restore fish stocks in the shortest time feasible, at least to levels that can produce maximum sustainable yield as determined by their biological characteristics",http://data.europa.eu/sdg/14.4,OTHER|2024_PLUS
101199747:3.3,101199747,Astrocytic metabolism-driven epigenetics at the cornerstone of cognitive aging,8,0.1411291794070412,3.3,"By 2030, end the epidemics of AIDS, tuberculosis, malaria and neglected tropical diseases and combat hepatitis, water-borne diseases and other communicable diseases",http://data.europa.eu/sdg/3.3,OTHER|2024_PLUS
101199747:12.4,101199747,Astrocytic metabolism-driven epigenetics at the cornerstone of cognitive aging,9,0.13971766964195614,12.4,"By 2020, achieve the environmentally sound management of chemicals and all wastes throughout their life cycle, in accordance with agreed international frameworks, and significantly reduce their release to air, water and soil in order to minimize their adverse impacts on human health and the environment",http://data.europa.eu/sdg/12.4,OTHER|2024_PLUS
101199747:3.7,101199747,Astrocytic metabolism-driven epigenetics at the cornerstone of cognitive aging,10,0.13943374761964117,3.7,"By 2030, ensure universal access to sexual and reproductive health-care services, including for family planning, information and education, and the integration of reproductive health into national strategies and programmes",http://data.europa.eu/sdg/3.7,OTHER|2024_PLUS
101263413:14.b,101263413,"Sailing Beyond the Crisis. Comparative Perspectives on Social, Economic, and Cultural Changes in the Late Medieval Mediterranean (ca. 1250-1450)",1,0.33932649452270014,14.b,Provide access for small-scale artisanal fishers to marine resources and markets,http://data.europa.eu/sdg/14.b,OTHER|2024_PLUS
101263413:14.7,101263413,"Sailing Beyond the Crisis. Comparative Perspectives on Social, Economic, and Cultural Changes in the Late Medieval Mediterranean (ca. 1250-1450)",2,0.31963444340932756,14.7,"By 2030, increase the economic benefits to small island developing States and least developed countries from the sustainable use of marine resources, including through sustainable management of fisheries, aquaculture and tourism",http://data.europa.eu/sdg/14.7,OTHER|2024_PLUS
101263413:14.2,101263413,"Sailing Beyond the Crisis. Comparative Perspectives on Social, Economic, and Cultural Changes in the Late Medieval Mediterranean (ca. 1250-1450)",3,0.3187612265494435,14.2,"By 2020, sustainably manage and protect marine and coastal ecosystems to avoid significant adverse impacts, including by strengthening their resilience, and take action for their restoration in order to achieve healthy and productive oceans",http://data.europa.eu/sdg/14.2,OTHER|2024_PLUS
101263413:14.c,101263413,"Sailing Beyond the Crisis. Comparative Perspectives on Social, Economic, and Cultural Changes in the Late Medieval Mediterranean (ca. 1250-1450)",4,0.3050970518186773,14.c,"Enhance the conservation and sustainable use of oceans and their resources by implementing international law as reflected in the United Nations Convention on the Law of the Sea, which provides the legal framework for the conservation and sustainable use of oceans and their resources, as recalled in paragraph 158 of “The future we want”",http://data.europa.eu/sdg/14.c,OTHER|2024_PLUS
101263413:14.a,101263413,"Sailing Beyond the Crisis. Comparative Perspectives on Social, Economic, and Cultural Changes in the Late Medieval Mediterranean (ca. 1250-1450)",5,0.30213941085746326,14.a,"Increase scientific knowledge, develop research capacity and transfer marine technology, taking into account the Intergovernmental Oceanographic Commission Criteria and Guidelines on the Transfer of Marine Technology, in order to improve ocean health and to enhance the contribution of marine biodiversity to the development of developing countries, in particular small island developing States and least developed countries",http://data.europa.eu/sdg/14.a,OTHER|2024_PLUS
101263413:10.7,101263413,"Sailing Beyond the Crisis. Comparative Perspectives on Social, Economic, and Cultural Changes in the Late Medieval Mediterranean (ca. 1250-1450)",6,0.2936328284845514,10.7,"Facilitate orderly, safe, regular and responsible migration and mobility of people, including through the implementation of planned and well-managed migration policies",http://data.europa.eu/sdg/10.7,OTHER|2024_PLUS
101263413:9.1,101263413,"Sailing Beyond the Crisis. Comparative Perspectives on Social, Economic, and Cultural Changes in the Late Medieval Mediterranean (ca. 1250-1450)",7,0.28582424617911517,9.1,"Develop quality, reliable, sustainable and resilient infrastructure, including regional and transborder infrastructure, to support economic development and human well-being, with a focus on affordable and equitable access for all",http://data.europa.eu/sdg/9.1,OTHER|2024_PLUS
101263413:9.a,101263413,"Sailing Beyond the Crisis. Comparative Perspectives on Social, Economic, and Cultural Changes in the Late Medieval Mediterranean (ca. 1250-1450)",8,0.26727883340912284,9.a,"Facilitate sustainable and resilient infrastructure development in developing countries through enhanced financial, technological and technical support to African countries, least developed countries, landlocked developing countries and small island developing States",http://data.europa.eu/sdg/9.a,OTHER|2024_PLUS
101263413:14.6,101263413,"Sailing Beyond the Crisis. Comparative Perspectives on Social, Economic, and Cultural Changes in the Late Medieval Mediterranean (ca. 1250-1450)",9,0.2654004698216757,14.6,"By 2020, prohibit certain forms of fisheries subsidies which contribute to overcapacity and overfishing, eliminate subsidies that contribute to illegal, unreported and unregulated fishing and refrain from introducing new such subsidies, recognizing that appropriate and effective special and differential treatment for developing and least developed countries should be an integral part of the World Trade Organization fisheries subsidies negotiation3",http://data.europa.eu/sdg/14.6,OTHER|2024_PLUS
101263413:11.4,101263413,"Sailing Beyond the Crisis. Comparative Perspectives on Social, Economic, and Cultural Changes in the Late Medieval Mediterranean (ca. 1250-1450)",10,0.26287788242708315,11.4,Strengthen efforts to protect and safeguard the world’s cultural and natural heritage,http://data.europa.eu/sdg/11.4,OTHER|2024_PLUS
101114850:16.5,101114850,Moral Elites: The Historical Positioning of Civil Society Leaders in National Moral Economies,1,0.330317101849919,16.5,Substantially reduce corruption and bribery in all their forms,http://data.europa.eu/sdg/16.5,OTHER|2024_PLUS
101114850:16.4,101114850,Moral Elites: The Historical Positioning of Civil Society Leaders in National Moral Economies,2,0.3302975001361769,16.4,"By 2030, significantly reduce illicit financial and arms flows, strengthen the recovery and return of stolen assets and combat all forms of organized crime",http://data.europa.eu/sdg/16.4,OTHER|2024_PLUS
101114850:16.2,101114850,Moral Elites: The Historical Positioning of Civil Society Leaders in National Moral Economies,3,0.3276683987079593,16.2,"End abuse, exploitation, trafficking and all forms of violence against and torture of children",http://data.europa.eu/sdg/16.2,OTHER|2024_PLUS
101114850:16.6,101114850,Moral Elites: The Historical Positioning of Civil Society Leaders in National Moral Economies,4,0.3260867302173499,16.6,"Develop effective, accountable and transparent institutions at all levels",http://data.europa.eu/sdg/16.6,OTHER|2024_PLUS
101114850:16.7,101114850,Moral Elites: The Historical Positioning of Civil Society Leaders in National Moral Economies,5,0.31511859647026125,16.7,"Ensure responsive, inclusive, participatory and representative decision-making at all levels",http://data.europa.eu/sdg/16.7,OTHER|2024_PLUS
101114850:10.2,101114850,Moral Elites: The Historical Positioning of Civil Society Leaders in National Moral Economies,6,0.3141409572215746,10.2,"By 2030, empower and promote the social, economic and political inclusion of all, irrespective of age, sex, disability, race, ethnicity, origin, religion or economic or other status",http://data.europa.eu/sdg/10.2,OTHER|2024_PLUS
101114850:16.10,101114850,Moral Elites: The Historical Positioning of Civil Society Leaders in National Moral Economies,7,0.3073333599628632,16.10,"Ensure public access to information and protect fundamental freedoms, in accordance with national legislation and international agreements",http://data.europa.eu/sdg/16.10,OTHER|2024_PLUS
101114850:16.1,101114850,Moral Elites: The Historical Positioning of Civil Society Leaders in National Moral Economies,8,0.3056993728749438,16.1,Significantly reduce all forms of violence and related death rates everywhere,http://data.europa.eu/sdg/16.1,OTHER|2024_PLUS
101114850:1.1,101114850,Moral Elites: The Historical Positioning of Civil Society Leaders in National Moral Economies,9,0.2989976147285129,1.1,"By 2030, eradicate extreme poverty for all people everywhere, currently measured as people living on less than $1.25 a day",http://data.europa.eu/sdg/1.1,OTHER|2024_PLUS
101114850:16.9,101114850,Moral Elites: The Historical Positioning of Civil Society Leaders in National Moral Economies,10,0.29483130076171216,16.9,"By 2030, provide legal identity for all, including birth registration",http://data.europa.eu/sdg/16.9,OTHER|2024_PLUS
101115798:7.a,101115798,Empirical and mechanistic foundations for synergistic predictive processing in the sensory brain,1,0.11285283860063625,7.a,"By 2030, enhance international cooperation to facilitate access to clean energy research and technology, including renewable energy, energy efficiency and advanced and cleaner fossil-fuel technology, and promote investment in energy infrastructure and clean energy technology",http://data.europa.eu/sdg/7.a,OTHER|2024_PLUS
101115798:17.6,101115798,Empirical and mechanistic foundations for synergistic predictive processing in the sensory brain,2,0.11003901073906347,17.6,"Enhance North-South, South-South and triangular regional and international cooperation on and access to science, technology and innovation and enhance knowledge-sharing on mutually agreed terms, including through improved coordination among existing mechanisms, in particular at the United Nations level, and through a global technology facilitation mechanism",http://data.europa.eu/sdg/17.6,OTHER|2024_PLUS
101115798:12.1,101115798,Empirical and mechanistic foundations for synergistic predictive processing in the sensory brain,3,0.10225745411580454,12.1,"Implement the 10‑Year Framework of Programmes on Sustainable Consumption and Production Patterns, all countries taking action, with developed countries taking the lead, taking into account the development and capabilities of developing countries",http://data.europa.eu/sdg/12.1,OTHER|2024_PLUS
101115798:11.2,101115798,Empirical and mechanistic foundations for synergistic predictive processing in the sensory brain,4,0.10143559304069347,11.2,"By 2030, provide access to safe, affordable, accessible and sustainable transport systems for all, improving road safety, notably by expanding public transport, with special attention to the needs of those in vulnerable situations, women, children, persons with disabilities and older persons",http://data.europa.eu/sdg/11.2,OTHER|2024_PLUS
101115798:8.b,101115798,Empirical and mechanistic foundations for synergistic predictive processing in the sensory brain,5,0.09813796525029085,8.b,"By 2020, develop and operationalize a global strategy for youth employment and implement the Global Jobs Pact of the International Labour Organization",http://data.europa.eu/sdg/8.b,OTHER|2024_PLUS
101115798:8.2,101115798,Empirical and mechanistic foundations for synergistic predictive processing in the sensory brain,6,0.0949835894565049,8.2,"Achieve higher levels of economic productivity through diversification, technological upgrading and innovation, including through a focus on high-value added and labour-intensive sectors",http://data.europa.eu/sdg/8.2,OTHER|2024_PLUS
101115798:13.a,101115798,Empirical and mechanistic foundations for synergistic predictive processing in the sensory brain,7,0.09376114035249783,13.a,Implement the commitment undertaken by developed-country parties to the United Nations Framework Convention on Climate Change to a goal of mobilizing jointly $100 billion annually by 2020 from all sources to address the needs of developing countries in the context of meaningful mitigation actions and transparency on implementation and fully operationalize the Green Climate Fund through its capitalization as soon as possible,http://data.europa.eu/sdg/13.a,OTHER|2024_PLUS
101115798:17.7,101115798,Empirical and mechanistic foundations for synergistic predictive processing in the sensory brain,8,0.09288182426716853,17.7,"Promote the development, transfer, dissemination and diffusion of environmentally sound technologies to developing countries on favourable terms, including on concessional and preferential terms, as mutually agreed",http://data.europa.eu/sdg/17.7,OTHER|2024_PLUS
101115798:7.3,101115798,Empirical and mechanistic foundations for synergistic predictive processing in the sensory brain,9,0.09259600366397554,7.3,"By 2030, double the global rate of improvement in energy efficiency",http://data.europa.eu/sdg/7.3,OTHER|2024_PLUS
101115798:11.1,101115798,Empirical and mechanistic foundations for synergistic predictive processing in the sensory brain,10,0.09253492366119313,11.1,"By 2030, ensure access for all to adequate, safe and affordable housing and basic services and upgrade slums",http://data.europa.eu/sdg/11.1,OTHER|2024_PLUS
101188898:3.b,101188898,Intrinsic Microenvironment-Dependent Potentiation of Antibodies for Cancer Therapy,1,0.12815886794111658,3.b,"Support the research and development of vaccines and medicines for the communicable and non‑communicable diseases that primarily affect developing countries, provide access to affordable essential medicines and vaccines, in accordance with the Doha Declaration on the TRIPS Agreement and Public Health, which affirms the right of developing countries to use to the full the provisions in the Agreement on Trade-Related Aspects of Intellectual Property Rights regarding flexibilities to protect public health, and, in particular, provide access to medicines for all",http://data.europa.eu/sdg/3.b,OTHER|2024_PLUS
101188898:3.8,101188898,Intrinsic Microenvironment-Dependent Potentiation of Antibodies for Cancer Therapy,2,0.0883188634422796,3.8,"Achieve universal health coverage, including financial risk protection, access to quality essential health-care services and access to safe, effective, quality and affordable essential medicines and vaccines for all",http://data.europa.eu/sdg/3.8,OTHER|2024_PLUS
101188898:15.6,101188898,Intrinsic Microenvironment-Dependent Potentiation of Antibodies for Cancer Therapy,3,0.08394193447991408,15.6,"Promote fair and equitable sharing of the benefits arising from the utilization of genetic resources and promote appropriate access to such resources, as internationally agreed",http://data.europa.eu/sdg/15.6,OTHER|2024_PLUS
101188898:3.a,101188898,Intrinsic Microenvironment-Dependent Potentiation of Antibodies for Cancer Therapy,4,0.0827199310278959,3.a,"Strengthen the implementation of the World Health Organization Framework Convention on Tobacco Control in all countries, as appropriate",http://data.europa.eu/sdg/3.a,OTHER|2024_PLUS
101188898:5.1,101188898,Intrinsic Microenvironment-Dependent Potentiation of Antibodies for Cancer Therapy,5,0.07625826248983797,5.1,End all forms of discrimination against all women and girls everywhere,http://data.europa.eu/sdg/5.1,OTHER|2024_PLUS
101188898:3.d,101188898,Intrinsic Microenvironment-Dependent Potentiation of Antibodies for Cancer Therapy,6,0.07259730785290051,3.d,"Strengthen the capacity of all countries, in particular developing countries, for early warning, risk reduction and management of national and global health risks",http://data.europa.eu/sdg/3.d,OTHER|2024_PLUS
101188898:3.c,101188898,Intrinsic Microenvironment-Dependent Potentiation of Antibodies for Cancer Therapy,7,0.07101099405943162,3.c,"Substantially increase health financing and the recruitment, development, training and retention of the health workforce in developing countries, especially in least developed countries and small island developing States",http://data.europa.eu/sdg/3.c,OTHER|2024_PLUS
101188898:2.a,101188898,Intrinsic Microenvironment-Dependent Potentiation of Antibodies for Cancer Therapy,8,0.06400659110075554,2.a,"Increase investment, including through enhanced international cooperation, in rural infrastructure, agricultural research and extension services, technology development and plant and livestock gene banks in order to enhance agricultural productive capacity in developing countries, in particular least developed countries",http://data.europa.eu/sdg/2.a,OTHER|2024_PLUS
101188898:15.a,101188898,Intrinsic Microenvironment-Dependent Potentiation of Antibodies for Cancer Therapy,9,0.055312639993916266,15.a,Mobilize and significantly increase financial resources from all sources to conserve and sustainably use biodiversity and ecosystems,http://data.europa.eu/sdg/15.a,OTHER|2024_PLUS
101188898:5.b,101188898,Intrinsic Microenvironment-Dependent Potentiation of Antibodies for Cancer Therapy,10,0.0550150105281039,5.b,"Enhance the use of enabling technology, in particular information and communications technology, to promote the empowerment of women",http://data.europa.eu/sdg/5.b,OTHER|2024_PLUS
101213672:3.b,101213672,Diagnostic model and assay for personalized vaccine,1,0.30536293095120215,3.b,"Support the research and development of vaccines and medicines for the communicable and non‑communicable diseases that primarily affect developing countries, provide access to affordable essential medicines and vaccines, in accordance with the Doha Declaration on the TRIPS Agreement and Public Health, which affirms the right of developing countries to use to the full the provisions in the Agreement on Trade-Related Aspects of Intellectual Property Rights regarding flexibilities to protect public health, and, in particular, provide access to medicines for all",http://data.europa.eu/sdg/3.b,OTHER|2024_PLUS
101213672:3.8,101213672,Diagnostic model and assay for personalized vaccine,2,0.2686824489804149,3.8,"Achieve universal health coverage, including financial risk protection, access to quality essential health-care services and access to safe, effective, quality and affordable essential medicines and vaccines for all",http://data.europa.eu/sdg/3.8,OTHER|2024_PLUS
101213672:3.3,101213672,Diagnostic model and assay for personalized vaccine,3,0.24081359550393983,3.3,"By 2030, end the epidemics of AIDS, tuberculosis, malaria and neglected tropical diseases and combat hepatitis, water-borne diseases and other communicable diseases",http://data.europa.eu/sdg/3.3,OTHER|2024_PLUS
101213672:3.d,101213672,Diagnostic model and assay for personalized vaccine,4,0.2218144500759474,3.d,"Strengthen the capacity of all countries, in particular developing countries, for early warning, risk reduction and management of national and global health risks",http://data.europa.eu/sdg/3.d,OTHER|2024_PLUS
101213672:3.c,101213672,Diagnostic model and assay for personalized vaccine,5,0.21306886257472935,3.c,"Substantially increase health financing and the recruitment, development, training and retention of the health workforce in developing countries, especially in least developed countries and small island developing States",http://data.europa.eu/sdg/3.c,OTHER|2024_PLUS
101213672:3.2,101213672,Diagnostic model and assay for personalized vaccine,6,0.1786628034394815,3.2,"By 2030, end preventable deaths of newborns and children under 5 years of age, with all countries aiming to reduce neonatal mortality to at least as low as 12 per 1,000 live births and under‑5 mortality to at least as low as 25 per 1,000 live births",http://data.europa.eu/sdg/3.2,OTHER|2024_PLUS
101213672:3.7,101213672,Diagnostic model and assay for personalized vaccine,7,0.16911447072861574,3.7,"By 2030, ensure universal access to sexual and reproductive health-care services, including for family planning, information and education, and the integration of reproductive health into national strategies and programmes",http://data.europa.eu/sdg/3.7,OTHER|2024_PLUS
101213672:3.a,101213672,Diagnostic model and assay for personalized vaccine,8,0.1654297302196845,3.a,"Strengthen the implementation of the World Health Organization Framework Convention on Tobacco Control in all countries, as appropriate",http://data.europa.eu/sdg/3.a,OTHER|2024_PLUS
101213672:2.1,101213672,Diagnostic model and assay for personalized vaccine,9,0.16373169519397862,2.1,"By 2030, end hunger and ensure access by all people, in particular the poor and people in vulnerable situations, including infants, to safe, nutritious and sufficient food all year round",http://data.europa.eu/sdg/2.1,OTHER|2024_PLUS
101213672:3.6,101213672,Diagnostic model and assay for personalized vaccine,10,0.15741910781625096,3.6,"By 2020, halve the number of global deaths and injuries from road traffic accidents",http://data.europa.eu/sdg/3.6,OTHER|2024_PLUS
101140447:3.1,101140447,(Re-)Writing the Ubiquitin Code – Manipulating Polyubiquitin Chain Linkage to Investigate Ubiquitin Signalling in Genome Maintenance and Beyond,1,0.18206828972926792,3.1,"By 2030, reduce the global maternal mortality ratio to less than 70 per 100,000 live births",http://data.europa.eu/sdg/3.1,OTHER|2024_PLUS
101140447:9.5,101140447,(Re-)Writing the Ubiquitin Code – Manipulating Polyubiquitin Chain Linkage to Investigate Ubiquitin Signalling in Genome Maintenance and Beyond,2,0.17469617104455384,9.5,"Enhance scientific research, upgrade the technological capabilities of industrial sectors in all countries, in particular developing countries, including, by 2030, encouraging innovation and substantially increasing the number of research and development workers per 1 million people and public and private research and development spending",http://data.europa.eu/sdg/9.5,OTHER|2024_PLUS
101140447:3.3,101140447,(Re-)Writing the Ubiquitin Code – Manipulating Polyubiquitin Chain Linkage to Investigate Ubiquitin Signalling in Genome Maintenance and Beyond,3,0.17457600967262019,3.3,"By 2030, end the epidemics of AIDS, tuberculosis, malaria and neglected tropical diseases and combat hepatitis, water-borne diseases and other communicable diseases",http://data.europa.eu/sdg/3.3,OTHER|2024_PLUS
101140447:3.d,101140447,(Re-)Writing the Ubiquitin Code – Manipulating Polyubiquitin Chain Linkage to Investigate Ubiquitin Signalling in Genome Maintenance and Beyond,4,0.1735273262914039,3.d,"Strengthen the capacity of all countries, in particular developing countries, for early warning, risk reduction and management of national and global health risks",http://data.europa.eu/sdg/3.d,OTHER|2024_PLUS
101140447:3.b,101140447,(Re-)Writing the Ubiquitin Code – Manipulating Polyubiquitin Chain Linkage to Investigate Ubiquitin Signalling in Genome Maintenance and Beyond,5,0.1715674649626234,3.b,"Support the research and development of vaccines and medicines for the communicable and non‑communicable diseases that primarily affect developing countries, provide access to affordable essential medicines and vaccines, in accordance with the Doha Declaration on the TRIPS Agreement and Public Health, which affirms the right of developing countries to use to the full the provisions in the Agreement on Trade-Related Aspects of Intellectual Property Rights regarding flexibilities to protect public health, and, in particular, provide access to medicines for all",http://data.europa.eu/sdg/3.b,OTHER|2024_PLUS
101140447:17.13,101140447,(Re-)Writing the Ubiquitin Code – Manipulating Polyubiquitin Chain Linkage to Investigate Ubiquitin Signalling in Genome Maintenance and Beyond,6,0.17085949999364355,17.13,"Enhance global macroeconomic stability, including through policy coordination and policy coherence",http://data.europa.eu/sdg/17.13,OTHER|2024_PLUS
101140447:15.6,101140447,(Re-)Writing the Ubiquitin Code – Manipulating Polyubiquitin Chain Linkage to Investigate Ubiquitin Signalling in Genome Maintenance and Beyond,7,0.16687649661362197,15.6,"Promote fair and equitable sharing of the benefits arising from the utilization of genetic resources and promote appropriate access to such resources, as internationally agreed",http://data.europa.eu/sdg/15.6,OTHER|2024_PLUS
101140447:3.7,101140447,(Re-)Writing the Ubiquitin Code – Manipulating Polyubiquitin Chain Linkage to Investigate Ubiquitin Signalling in Genome Maintenance and Beyond,8,0.1661864595080027,3.7,"By 2030, ensure universal access to sexual and reproductive health-care services, including for family planning, information and education, and the integration of reproductive health into national strategies and programmes",http://data.europa.eu/sdg/3.7,OTHER|2024_PLUS
101140447:17.4,101140447,(Re-)Writing the Ubiquitin Code – Manipulating Polyubiquitin Chain Linkage to Investigate Ubiquitin Signalling in Genome Maintenance and Beyond,9,0.16524757964750236,17.4,"Assist developing countries in attaining long-term debt sustainability through coordinated policies aimed at fostering debt financing, debt relief and debt restructuring, as appropriate, and address the external debt of highly indebted poor countries to reduce debt distress",http://data.europa.eu/sdg/17.4,OTHER|2024_PLUS
101140447:3.9,101140447,(Re-)Writing the Ubiquitin Code – Manipulating Polyubiquitin Chain Linkage to Investigate Ubiquitin Signalling in Genome Maintenance and Beyond,10,0.1633706822952079,3.9,"By 2030, substantially reduce the number of deaths and illnesses from hazardous chemicals and air, water and soil pollution and contamination",http://data.europa.eu/sdg/3.9,OTHER|2024_PLUS
101125450:16.4,101125450,Solid Basis for Symmetric Cryptography,1,0.18063898005323764,16.4,"By 2030, significantly reduce illicit financial and arms flows, strengthen the recovery and return of stolen assets and combat all forms of organized crime",http://data.europa.eu/sdg/16.4,OTHER|2024_PLUS
101125450:16.10,101125450,Solid Basis for Symmetric Cryptography,2,0.17874847902858249,16.10,"Ensure public access to information and protect fundamental freedoms, in accordance with national legislation and international agreements",http://data.europa.eu/sdg/16.10,OTHER|2024_PLUS
101125450:16.5,101125450,Solid Basis for Symmetric Cryptography,3,0.17056382132851886,16.5,Substantially reduce corruption and bribery in all their forms,http://data.europa.eu/sdg/16.5,OTHER|2024_PLUS
101125450:1.3,101125450,Solid Basis for Symmetric Cryptography,4,0.15714814099555954,1.3,"Implement nationally appropriate social protection systems and measures for all, including floors, and by 2030 achieve substantial coverage of the poor and the vulnerable",http://data.europa.eu/sdg/1.3,OTHER|2024_PLUS
101125450:5.2,101125450,Solid Basis for Symmetric Cryptography,5,0.1546692639701889,5.2,"Eliminate all forms of violence against all women and girls in the public and private spheres, including trafficking and sexual and other types of exploitation",http://data.europa.eu/sdg/5.2,OTHER|2024_PLUS
101125450:16.a,101125450,Solid Basis for Symmetric Cryptography,6,0.15093251701499305,16.a,"Strengthen relevant national institutions, including through international cooperation, for building capacity at all levels, in particular in developing countries, to prevent violence and combat terrorism and crime",http://data.europa.eu/sdg/16.a,OTHER|2024_PLUS
101125450:16.9,101125450,Solid Basis for Symmetric Cryptography,7,0.15078600211789686,16.9,"By 2030, provide legal identity for all, including birth registration",http://data.europa.eu/sdg/16.9,OTHER|2024_PLUS
101125450:16.6,101125450,Solid Basis for Symmetric Cryptography,8,0.14657845535277386,16.6,"Develop effective, accountable and transparent institutions at all levels",http://data.europa.eu/sdg/16.6,OTHER|2024_PLUS
101125450:16.3,101125450,Solid Basis for Symmetric Cryptography,9,0.14575697732439946,16.3,Promote the rule of law at the national and international levels and ensure equal access to justice for all,http://data.europa.eu/sdg/16.3,OTHER|2024_PLUS
101125450:5.1,101125450,Solid Basis for Symmetric Cryptography,10,0.14567972308714733,5.1,End all forms of discrimination against all women and girls everywhere,http://data.europa.eu/sdg/5.1,OTHER|2024_PLUS
101264391:5.b,101264391,Revealing Hidden Innovations: Gendered Work and Perishable Technologies in Prehistory,1,0.3924165551667012,5.b,"Enhance the use of enabling technology, in particular information and communications technology, to promote the empowerment of women",http://data.europa.eu/sdg/5.b,OTHER|2024_PLUS
101264391:9.5,101264391,Revealing Hidden Innovations: Gendered Work and Perishable Technologies in Prehistory,2,0.36474365447313106,9.5,"Enhance scientific research, upgrade the technological capabilities of industrial sectors in all countries, in particular developing countries, including, by 2030, encouraging innovation and substantially increasing the number of research and development workers per 1 million people and public and private research and development spending",http://data.europa.eu/sdg/9.5,OTHER|2024_PLUS
101264391:9.2,101264391,Revealing Hidden Innovations: Gendered Work and Perishable Technologies in Prehistory,3,0.32676223268075055,9.2,"Promote inclusive and sustainable industrialization and, by 2030, significantly raise industry’s share of employment and gross domestic product, in line with national circumstances, and double its share in least developed countries",http://data.europa.eu/sdg/9.2,OTHER|2024_PLUS
101264391:12.8,101264391,Revealing Hidden Innovations: Gendered Work and Perishable Technologies in Prehistory,4,0.32350619464697233,12.8,"By 2030, ensure that people everywhere have the relevant information and awareness for sustainable development and lifestyles in harmony with nature",http://data.europa.eu/sdg/12.8,OTHER|2024_PLUS
101264391:2.3,101264391,Revealing Hidden Innovations: Gendered Work and Perishable Technologies in Prehistory,5,0.3195109137204781,2.3,"By 2030, double the agricultural productivity and incomes of small-scale food producers, in particular women, indigenous peoples, family farmers, pastoralists and fishers, including through secure and equal access to land, other productive resources and inputs, knowledge, financial services, markets and opportunities for value addition and non-farm employment",http://data.europa.eu/sdg/2.3,OTHER|2024_PLUS
101264391:8.5,101264391,Revealing Hidden Innovations: Gendered Work and Perishable Technologies in Prehistory,6,0.31506619959658994,8.5,"By 2030, achieve full and productive employment and decent work for all women and men, including for young people and persons with disabilities, and equal pay for work of equal value",http://data.europa.eu/sdg/8.5,OTHER|2024_PLUS
101264391:5.4,101264391,Revealing Hidden Innovations: Gendered Work and Perishable Technologies in Prehistory,7,0.3036603641148626,5.4,"Recognize and value unpaid care and domestic work through the provision of public services, infrastructure and social protection policies and the promotion of shared responsibility within the household and the family as nationally appropriate",http://data.europa.eu/sdg/5.4,OTHER|2024_PLUS
101264391:5.3,101264391,Revealing Hidden Innovations: Gendered Work and Perishable Technologies in Prehistory,8,0.30107349878304274,5.3,"Eliminate all harmful practices, such as child, early and forced marriage and female genital mutilation",http://data.europa.eu/sdg/5.3,OTHER|2024_PLUS
101264391:9.4,101264391,Revealing Hidden Innovations: Gendered Work and Perishable Technologies in Prehistory,9,0.300740660639435,9.4,"By 2030, upgrade infrastructure and retrofit industries to make them sustainable, with increased resource-use efficiency and greater adoption of clean and environmentally sound technologies and industrial processes, with all countries taking action in accordance with their respective capabilities",http://data.europa.eu/sdg/9.4,OTHER|2024_PLUS
101264391:5.a,101264391,Revealing Hidden Innovations: Gendered Work and Perishable Technologies in Prehistory,10,0.2982441354747494,5.a,"Undertake reforms to give women equal rights to economic resources, as well as access to ownership and control over land and other forms of property, financial services, inheritance and natural resources, in accordance with national laws",http://data.europa.eu/sdg/5.a,OTHER|2024_PLUS
101229851:15.9,101229851,Chilling Limits and impacts on leaf-out Timing and Ecosystem dynamics under climate change,1,0.4619087451431898,15.9,"By 2020, integrate ecosystem and biodiversity values into national and local planning, development processes, poverty reduction strategies and accounts",http://data.europa.eu/sdg/15.9,OTHER|2024_PLUS
101229851:15.1,101229851,Chilling Limits and impacts on leaf-out Timing and Ecosystem dynamics under climate change,2,0.43212250448313233,15.1,"By 2020, ensure the conservation, restoration and sustainable use of terrestrial and inland freshwater ecosystems and their services, in particular forests, wetlands, mountains and drylands, in line with obligations under international agreements",http://data.europa.eu/sdg/15.1,OTHER|2024_PLUS
101229851:15.a,101229851,Chilling Limits and impacts on leaf-out Timing and Ecosystem dynamics under climate change,3,0.42865998173208547,15.a,Mobilize and significantly increase financial resources from all sources to conserve and sustainably use biodiversity and ecosystems,http://data.europa.eu/sdg/15.a,OTHER|2024_PLUS
101229851:15.2,101229851,Chilling Limits and impacts on leaf-out Timing and Ecosystem dynamics under climate change,4,0.42720550934714163,15.2,"By 2020, promote the implementation of sustainable management of all types of forests, halt deforestation, restore degraded forests and substantially increase afforestation and reforestation globally",http://data.europa.eu/sdg/15.2,OTHER|2024_PLUS
101229851:15.3,101229851,Chilling Limits and impacts on leaf-out Timing and Ecosystem dynamics under climate change,5,0.42567848994151525,15.3,"By 2030, combat desertification, restore degraded land and soil, including land affected by desertification, drought and floods, and strive to achieve a land degradation-neutral world",http://data.europa.eu/sdg/15.3,OTHER|2024_PLUS
101229851:15.8,101229851,Chilling Limits and impacts on leaf-out Timing and Ecosystem dynamics under climate change,6,0.4102386254517951,15.8,"By 2020, introduce measures to prevent the introduction and significantly reduce the impact of invasive alien species on land and water ecosystems and control or eradicate the priority species",http://data.europa.eu/sdg/15.8,OTHER|2024_PLUS
101229851:15.5,101229851,Chilling Limits and impacts on leaf-out Timing and Ecosystem dynamics under climate change,7,0.40953334110353,15.5,"Take urgent and significant action to reduce the degradation of natural habitats, halt the loss of biodiversity and, by 2020, protect and prevent the extinction of threatened species",http://data.europa.eu/sdg/15.5,OTHER|2024_PLUS
101229851:15.b,101229851,Chilling Limits and impacts on leaf-out Timing and Ecosystem dynamics under climate change,8,0.39977529376802806,15.b,"Mobilize significant resources from all sources and at all levels to finance sustainable forest management and provide adequate incentives to developing countries to advance such management, including for conservation and reforestation",http://data.europa.eu/sdg/15.b,OTHER|2024_PLUS
101229851:15.4,101229851,Chilling Limits and impacts on leaf-out Timing and Ecosystem dynamics under climate change,9,0.3785829815931816,15.4,"By 2030, ensure the conservation of mountain ecosystems, including their biodiversity, in order to enhance their capacity to provide benefits that are essential for sustainable development",http://data.europa.eu/sdg/15.4,OTHER|2024_PLUS
101229851:15.6,101229851,Chilling Limits and impacts on leaf-out Timing and Ecosystem dynamics under climate change,10,0.36894294572877023,15.6,"Promote fair and equitable sharing of the benefits arising from the utilization of genetic resources and promote appropriate access to such resources, as internationally agreed",http://data.europa.eu/sdg/15.6,OTHER|2024_PLUS
101229568:8.b,101229568,Deciphering the molecular mechanisms of skeletal muscle fiber fusion,1,0.09236361070454793,8.b,"By 2020, develop and operationalize a global strategy for youth employment and implement the Global Jobs Pact of the International Labour Organization",http://data.europa.eu/sdg/8.b,OTHER|2024_PLUS
101229568:17.1,101229568,Deciphering the molecular mechanisms of skeletal muscle fiber fusion,2,0.08514939358585119,17.1,"Strengthen domestic resource mobilization, including through international support to developing countries, to improve domestic capacity for tax and other revenue collection",http://data.europa.eu/sdg/17.1,OTHER|2024_PLUS
101229568:9.2,101229568,Deciphering the molecular mechanisms of skeletal muscle fiber fusion,3,0.07531598535441875,9.2,"Promote inclusive and sustainable industrialization and, by 2030, significantly raise industry’s share of employment and gross domestic product, in line with national circumstances, and double its share in least developed countries",http://data.europa.eu/sdg/9.2,OTHER|2024_PLUS
101229568:8.2,101229568,Deciphering the molecular mechanisms of skeletal muscle fiber fusion,4,0.07320387414685137,8.2,"Achieve higher levels of economic productivity through diversification, technological upgrading and innovation, including through a focus on high-value added and labour-intensive sectors",http://data.europa.eu/sdg/8.2,OTHER|2024_PLUS
101229568:15.6,101229568,Deciphering the molecular mechanisms of skeletal muscle fiber fusion,5,0.07287057916327373,15.6,"Promote fair and equitable sharing of the benefits arising from the utilization of genetic resources and promote appropriate access to such resources, as internationally agreed",http://data.europa.eu/sdg/15.6,OTHER|2024_PLUS
101229568:17.11,101229568,Deciphering the molecular mechanisms of skeletal muscle fiber fusion,6,0.07216630690269948,17.11,"Significantly increase the exports of developing countries, in particular with a view to doubling the least developed countries’ share of global exports by 2020",http://data.europa.eu/sdg/17.11,OTHER|2024_PLUS
101229568:14.6,101229568,Deciphering the molecular mechanisms of skeletal muscle fiber fusion,7,0.061007657515416806,14.6,"By 2020, prohibit certain forms of fisheries subsidies which contribute to overcapacity and overfishing, eliminate subsidies that contribute to illegal, unreported and unregulated fishing and refrain from introducing new such subsidies, recognizing that appropriate and effective special and differential treatment for developing and least developed countries should be an integral part of the World Trade Organization fisheries subsidies negotiation3",http://data.europa.eu/sdg/14.6,OTHER|2024_PLUS
101229568:14.4,101229568,Deciphering the molecular mechanisms of skeletal muscle fiber fusion,8,0.05925420884121134,14.4,"By 2020, effectively regulate harvesting and end overfishing, illegal, unreported and unregulated fishing and destructive fishing practices and implement science-based management plans, in order to restore fish stocks in the shortest time feasible, at least to levels that can produce maximum sustainable yield as determined by their biological characteristics",http://data.europa.eu/sdg/14.4,OTHER|2024_PLUS
101229568:8.3,101229568,Deciphering the molecular mechanisms of skeletal muscle fiber fusion,9,0.05829543473146512,8.3,"Promote development-oriented policies that support productive activities, decent job creation, entrepreneurship, creativity and innovation, and encourage the formalization and growth of micro-, small- and medium-sized enterprises, including through access to financial services",http://data.europa.eu/sdg/8.3,OTHER|2024_PLUS
101229568:8.a,101229568,Deciphering the molecular mechanisms of skeletal muscle fiber fusion,10,0.05702600115599374,8.a,"Increase Aid for Trade support for developing countries, in particular least developed countries, including through the Enhanced Integrated Framework for Trade-related Technical Assistance to Least Developed Countries",http://data.europa.eu/sdg/8.a,OTHER|2024_PLUS
101198414:14.6,101198414,Nanobody-Targeted  Camk2d Inhibition for Cardiac Arrhythmias,1,0.13007210931765772,14.6,"By 2020, prohibit certain forms of fisheries subsidies which contribute to overcapacity and overfishing, eliminate subsidies that contribute to illegal, unreported and unregulated fishing and refrain from introducing new such subsidies, recognizing that appropriate and effective special and differential treatment for developing and least developed countries should be an integral part of the World Trade Organization fisheries subsidies negotiation3",http://data.europa.eu/sdg/14.6,OTHER|2024_PLUS
101198414:14.a,101198414,Nanobody-Targeted  Camk2d Inhibition for Cardiac Arrhythmias,2,0.11976637609509282,14.a,"Increase scientific knowledge, develop research capacity and transfer marine technology, taking into account the Intergovernmental Oceanographic Commission Criteria and Guidelines on the Transfer of Marine Technology, in order to improve ocean health and to enhance the contribution of marine biodiversity to the development of developing countries, in particular small island developing States and least developed countries",http://data.europa.eu/sdg/14.a,OTHER|2024_PLUS
101198414:14.1,101198414,Nanobody-Targeted  Camk2d Inhibition for Cardiac Arrhythmias,3,0.11501375674909449,14.1,"By 2025, prevent and significantly reduce marine pollution of all kinds, in particular from land-based activities, including marine debris and nutrient pollution",http://data.europa.eu/sdg/14.1,OTHER|2024_PLUS
101198414:3.b,101198414,Nanobody-Targeted  Camk2d Inhibition for Cardiac Arrhythmias,4,0.1134423950136216,3.b,"Support the research and development of vaccines and medicines for the communicable and non‑communicable diseases that primarily affect developing countries, provide access to affordable essential medicines and vaccines, in accordance with the Doha Declaration on the TRIPS Agreement and Public Health, which affirms the right of developing countries to use to the full the provisions in the Agreement on Trade-Related Aspects of Intellectual Property Rights regarding flexibilities to protect public health, and, in particular, provide access to medicines for all",http://data.europa.eu/sdg/3.b,OTHER|2024_PLUS
101198414:15.5,101198414,Nanobody-Targeted  Camk2d Inhibition for Cardiac Arrhythmias,5,0.11228003711724244,15.5,"Take urgent and significant action to reduce the degradation of natural habitats, halt the loss of biodiversity and, by 2020, protect and prevent the extinction of threatened species",http://data.europa.eu/sdg/15.5,OTHER|2024_PLUS
101198414:2.a,101198414,Nanobody-Targeted  Camk2d Inhibition for Cardiac Arrhythmias,6,0.1058196062697528,2.a,"Increase investment, including through enhanced international cooperation, in rural infrastructure, agricultural research and extension services, technology development and plant and livestock gene banks in order to enhance agricultural productive capacity in developing countries, in particular least developed countries",http://data.europa.eu/sdg/2.a,OTHER|2024_PLUS
101198414:3.2,101198414,Nanobody-Targeted  Camk2d Inhibition for Cardiac Arrhythmias,7,0.1046876856166313,3.2,"By 2030, end preventable deaths of newborns and children under 5 years of age, with all countries aiming to reduce neonatal mortality to at least as low as 12 per 1,000 live births and under‑5 mortality to at least as low as 25 per 1,000 live births",http://data.europa.eu/sdg/3.2,OTHER|2024_PLUS
101198414:14.2,101198414,Nanobody-Targeted  Camk2d Inhibition for Cardiac Arrhythmias,8,0.10460503282880983,14.2,"By 2020, sustainably manage and protect marine and coastal ecosystems to avoid significant adverse impacts, including by strengthening their resilience, and take action for their restoration in order to achieve healthy and productive oceans",http://data.europa.eu/sdg/14.2,OTHER|2024_PLUS
101198414:2.1,101198414,Nanobody-Targeted  Camk2d Inhibition for Cardiac Arrhythmias,9,0.10379834403532719,2.1,"By 2030, end hunger and ensure access by all people, in particular the poor and people in vulnerable situations, including infants, to safe, nutritious and sufficient food all year round",http://data.europa.eu/sdg/2.1,OTHER|2024_PLUS
101198414:8.a,101198414,Nanobody-Targeted  Camk2d Inhibition for Cardiac Arrhythmias,10,0.10332747361382387,8.a,"Increase Aid for Trade support for developing countries, in particular least developed countries, including through the Enhanced Integrated Framework for Trade-related Technical Assistance to Least Developed Countries",http://data.europa.eu/sdg/8.a,OTHER|2024_PLUS
101220159:12.4,101220159,Understanding degradation mechanisms of metallic materials in extreme environments using element-resolved electrochemistry,1,0.30737860243415394,12.4,"By 2020, achieve the environmentally sound management of chemicals and all wastes throughout their life cycle, in accordance with agreed international frameworks, and significantly reduce their release to air, water and soil in order to minimize their adverse impacts on human health and the environment",http://data.europa.eu/sdg/12.4,OTHER|2024_PLUS
101220159:12.5,101220159,Understanding degradation mechanisms of metallic materials in extreme environments using element-resolved electrochemistry,2,0.30563410469356483,12.5,"By 2030, substantially reduce waste generation through prevention, reduction, recycling and reuse",http://data.europa.eu/sdg/12.5,OTHER|2024_PLUS
101220159:7.a,101220159,Understanding degradation mechanisms of metallic materials in extreme environments using element-resolved electrochemistry,3,0.2792268834968219,7.a,"By 2030, enhance international cooperation to facilitate access to clean energy research and technology, including renewable energy, energy efficiency and advanced and cleaner fossil-fuel technology, and promote investment in energy infrastructure and clean energy technology",http://data.europa.eu/sdg/7.a,OTHER|2024_PLUS
101220159:14.3,101220159,Understanding degradation mechanisms of metallic materials in extreme environments using element-resolved electrochemistry,4,0.26758378003081373,14.3,"Minimize and address the impacts of ocean acidification, including through enhanced scientific cooperation at all levels",http://data.europa.eu/sdg/14.3,OTHER|2024_PLUS
101220159:9.4,101220159,Understanding degradation mechanisms of metallic materials in extreme environments using element-resolved electrochemistry,5,0.24891243148884296,9.4,"By 2030, upgrade infrastructure and retrofit industries to make them sustainable, with increased resource-use efficiency and greater adoption of clean and environmentally sound technologies and industrial processes, with all countries taking action in accordance with their respective capabilities",http://data.europa.eu/sdg/9.4,OTHER|2024_PLUS
101220159:8.4,101220159,Understanding degradation mechanisms of metallic materials in extreme environments using element-resolved electrochemistry,6,0.2488041648016125,8.4,"Improve progressively, through 2030, global resource efficiency in consumption and production and endeavour to decouple economic growth from environmental degradation, in accordance with the 10‑Year Framework of Programmes on Sustainable Consumption and Production, with developed countries taking the lead",http://data.europa.eu/sdg/8.4,OTHER|2024_PLUS
101220159:6.3,101220159,Understanding degradation mechanisms of metallic materials in extreme environments using element-resolved electrochemistry,7,0.24596116567215734,6.3,"By 2030, improve water quality by reducing pollution, eliminating dumping and minimizing release of hazardous chemicals and materials, halving the proportion of untreated wastewater and substantially increasing recycling and safe reuse globally",http://data.europa.eu/sdg/6.3,OTHER|2024_PLUS
101220159:7.1,101220159,Understanding degradation mechanisms of metallic materials in extreme environments using element-resolved electrochemistry,8,0.2434442703477285,7.1,"By 2030, ensure universal access to affordable, reliable and modern energy services",http://data.europa.eu/sdg/7.1,OTHER|2024_PLUS
101220159:7.3,101220159,Understanding degradation mechanisms of metallic materials in extreme environments using element-resolved electrochemistry,9,0.23407321497903658,7.3,"By 2030, double the global rate of improvement in energy efficiency",http://data.europa.eu/sdg/7.3,OTHER|2024_PLUS
101220159:14.5,101220159,Understanding degradation mechanisms of metallic materials in extreme environments using element-resolved electrochemistry,10,0.22767593171811154,14.5,"By 2020, conserve at least 10 per cent of coastal and marine areas, consistent with national and international law and based on the best available scientific information",http://data.europa.eu/sdg/14.5,OTHER|2024_PLUS
101087847:1.4,101087847,"Entanglement of an array of massive, magnetically levitated superconducting microparticles on a chip",1,0.1360486737222756,1.4,"By 2030, ensure that all men and women, in particular the poor and the vulnerable, have equal rights to economic resources, as well as access to basic services, ownership and control over land and other forms of property, inheritance, natural resources, appropriate new technology and financial services, including microfinance",http://data.europa.eu/sdg/1.4,OTHER|2024_PLUS
101087847:5.1,101087847,"Entanglement of an array of massive, magnetically levitated superconducting microparticles on a chip",2,0.12296825288289231,5.1,End all forms of discrimination against all women and girls everywhere,http://data.europa.eu/sdg/5.1,OTHER|2024_PLUS
101087847:5.c,101087847,"Entanglement of an array of massive, magnetically levitated superconducting microparticles on a chip",3,0.10686371948716393,5.c,Adopt and strengthen sound policies and enforceable legislation for the promotion of gender equality and the empowerment of all women and girls at all levels,http://data.europa.eu/sdg/5.c,OTHER|2024_PLUS
101087847:1.1,101087847,"Entanglement of an array of massive, magnetically levitated superconducting microparticles on a chip",4,0.09982459748711406,1.1,"By 2030, eradicate extreme poverty for all people everywhere, currently measured as people living on less than $1.25 a day",http://data.europa.eu/sdg/1.1,OTHER|2024_PLUS
101087847:5.4,101087847,"Entanglement of an array of massive, magnetically levitated superconducting microparticles on a chip",5,0.09635866337063757,5.4,"Recognize and value unpaid care and domestic work through the provision of public services, infrastructure and social protection policies and the promotion of shared responsibility within the household and the family as nationally appropriate",http://data.europa.eu/sdg/5.4,OTHER|2024_PLUS
101087847:1.3,101087847,"Entanglement of an array of massive, magnetically levitated superconducting microparticles on a chip",6,0.09013973076312286,1.3,"Implement nationally appropriate social protection systems and measures for all, including floors, and by 2030 achieve substantial coverage of the poor and the vulnerable",http://data.europa.eu/sdg/1.3,OTHER|2024_PLUS
101087847:1.a,101087847,"Entanglement of an array of massive, magnetically levitated superconducting microparticles on a chip",7,0.08351205602691217,1.a,"Ensure significant mobilization of resources from a variety of sources, including through enhanced development cooperation, in order to provide adequate and predictable means for developing countries, in particular least developed countries, to implement programmes and policies to end poverty in all its dimensions",http://data.europa.eu/sdg/1.a,OTHER|2024_PLUS
101087847:1.2,101087847,"Entanglement of an array of massive, magnetically levitated superconducting microparticles on a chip",8,0.0825330918482952,1.2,"By 2030, reduce at least by half the proportion of men, women and children of all ages living in poverty in all its dimensions according to national definitions",http://data.europa.eu/sdg/1.2,OTHER|2024_PLUS
101087847:2.b,101087847,"Entanglement of an array of massive, magnetically levitated superconducting microparticles on a chip",9,0.07772078851119604,2.b,"Correct and prevent trade restrictions and distortions in world agricultural markets, including through the parallel elimination of all forms of agricultural export subsidies and all export measures with equivalent effect, in accordance with the mandate of the Doha Development Round",http://data.europa.eu/sdg/2.b,OTHER|2024_PLUS
101087847:17.6,101087847,"Entanglement of an array of massive, magnetically levitated superconducting microparticles on a chip",10,0.0773379187928533,17.6,"Enhance North-South, South-South and triangular regional and international cooperation on and access to science, technology and innovation and enhance knowledge-sharing on mutually agreed terms, including through improved coordination among existing mechanisms, in particular at the United Nations level, and through a global technology facilitation mechanism",http://data.europa.eu/sdg/17.6,OTHER|2024_PLUS
101200916:3.6,101200916,Connecting Joint Function to Chondrocyte Biology in Knee Osteoarthritis,1,0.1637112664208638,3.6,"By 2020, halve the number of global deaths and injuries from road traffic accidents",http://data.europa.eu/sdg/3.6,OTHER|2024_PLUS
101200916:17.18,101200916,Connecting Joint Function to Chondrocyte Biology in Knee Osteoarthritis,2,0.16356740783349027,17.18,"By 2020, enhance capacity-building support to developing countries, including for least developed countries and small island developing States, to increase significantly the availability of high-quality, timely and reliable data disaggregated by income, gender, age, race, ethnicity, migratory status, disability, geographic location and other characteristics relevant in national contexts",http://data.europa.eu/sdg/17.18,OTHER|2024_PLUS
101200916:9.b,101200916,Connecting Joint Function to Chondrocyte Biology in Knee Osteoarthritis,3,0.16041530736970547,9.b,"Support domestic technology development, research and innovation in developing countries, including by ensuring a conducive policy environment for, inter alia, industrial diversification and value addition to commodities",http://data.europa.eu/sdg/9.b,OTHER|2024_PLUS
101200916:9.5,101200916,Connecting Joint Function to Chondrocyte Biology in Knee Osteoarthritis,4,0.15772456606901342,9.5,"Enhance scientific research, upgrade the technological capabilities of industrial sectors in all countries, in particular developing countries, including, by 2030, encouraging innovation and substantially increasing the number of research and development workers per 1 million people and public and private research and development spending",http://data.europa.eu/sdg/9.5,OTHER|2024_PLUS
101200916:8.a,101200916,Connecting Joint Function to Chondrocyte Biology in Knee Osteoarthritis,5,0.1571507882395197,8.a,"Increase Aid for Trade support for developing countries, in particular least developed countries, including through the Enhanced Integrated Framework for Trade-related Technical Assistance to Least Developed Countries",http://data.europa.eu/sdg/8.a,OTHER|2024_PLUS
101200916:11.2,101200916,Connecting Joint Function to Chondrocyte Biology in Knee Osteoarthritis,6,0.15704123382194907,11.2,"By 2030, provide access to safe, affordable, accessible and sustainable transport systems for all, improving road safety, notably by expanding public transport, with special attention to the needs of those in vulnerable situations, women, children, persons with disabilities and older persons",http://data.europa.eu/sdg/11.2,OTHER|2024_PLUS
101200916:9.1,101200916,Connecting Joint Function to Chondrocyte Biology in Knee Osteoarthritis,7,0.14417060969952122,9.1,"Develop quality, reliable, sustainable and resilient infrastructure, including regional and transborder infrastructure, to support economic development and human well-being, with a focus on affordable and equitable access for all",http://data.europa.eu/sdg/9.1,OTHER|2024_PLUS
101200916:9.4,101200916,Connecting Joint Function to Chondrocyte Biology in Knee Osteoarthritis,8,0.14403951901184298,9.4,"By 2030, upgrade infrastructure and retrofit industries to make them sustainable, with increased resource-use efficiency and greater adoption of clean and environmentally sound technologies and industrial processes, with all countries taking action in accordance with their respective capabilities",http://data.europa.eu/sdg/9.4,OTHER|2024_PLUS
101200916:17.6,101200916,Connecting Joint Function to Chondrocyte Biology in Knee Osteoarthritis,9,0.14184998931325402,17.6,"Enhance North-South, South-South and triangular regional and international cooperation on and access to science, technology and innovation and enhance knowledge-sharing on mutually agreed terms, including through improved coordination among existing mechanisms, in particular at the United Nations level, and through a global technology facilitation mechanism",http://data.europa.eu/sdg/17.6,OTHER|2024_PLUS
101200916:17.10,101200916,Connecting Joint Function to Chondrocyte Biology in Knee Osteoarthritis,10,0.14147704343917877,17.10,"Promote a universal, rules-based, open, non‑discriminatory and equitable multilateral trading system under the World Trade Organization, including through the conclusion of negotiations under its Doha Development Agenda",http://data.europa.eu/sdg/17.10,OTHER|2024_PLUS
101201156:16.b,101201156,Free Electrons to Bound Electrons and Photons Quantum Coherent Coupling,1,0.11380103636201606,16.b,Promote and enforce non-discriminatory laws and policies for sustainable development,http://data.europa.eu/sdg/16.b,OTHER|2024_PLUS
101201156:16.10,101201156,Free Electrons to Bound Electrons and Photons Quantum Coherent Coupling,2,0.10790220173689724,16.10,"Ensure public access to information and protect fundamental freedoms, in accordance with national legislation and international agreements",http://data.europa.eu/sdg/16.10,OTHER|2024_PLUS
101201156:16.7,101201156,Free Electrons to Bound Electrons and Photons Quantum Coherent Coupling,3,0.10346899159442476,16.7,"Ensure responsive, inclusive, participatory and representative decision-making at all levels",http://data.europa.eu/sdg/16.7,OTHER|2024_PLUS
101201156:5.1,101201156,Free Electrons to Bound Electrons and Photons Quantum Coherent Coupling,4,0.09963873701486149,5.1,End all forms of discrimination against all women and girls everywhere,http://data.europa.eu/sdg/5.1,OTHER|2024_PLUS
101201156:5.4,101201156,Free Electrons to Bound Electrons and Photons Quantum Coherent Coupling,5,0.08908220271178952,5.4,"Recognize and value unpaid care and domestic work through the provision of public services, infrastructure and social protection policies and the promotion of shared responsibility within the household and the family as nationally appropriate",http://data.europa.eu/sdg/5.4,OTHER|2024_PLUS
101201156:17.14,101201156,Free Electrons to Bound Electrons and Photons Quantum Coherent Coupling,6,0.08794510564078385,17.14,Enhance policy coherence for sustainable development,http://data.europa.eu/sdg/17.14,OTHER|2024_PLUS
101201156:8.3,101201156,Free Electrons to Bound Electrons and Photons Quantum Coherent Coupling,7,0.08265306506728365,8.3,"Promote development-oriented policies that support productive activities, decent job creation, entrepreneurship, creativity and innovation, and encourage the formalization and growth of micro-, small- and medium-sized enterprises, including through access to financial services",http://data.europa.eu/sdg/8.3,OTHER|2024_PLUS
101201156:16.6,101201156,Free Electrons to Bound Electrons and Photons Quantum Coherent Coupling,8,0.08203395912454198,16.6,"Develop effective, accountable and transparent institutions at all levels",http://data.europa.eu/sdg/16.6,OTHER|2024_PLUS
101201156:17.10,101201156,Free Electrons to Bound Electrons and Photons Quantum Coherent Coupling,9,0.08124084872233371,17.10,"Promote a universal, rules-based, open, non‑discriminatory and equitable multilateral trading system under the World Trade Organization, including through the conclusion of negotiations under its Doha Development Agenda",http://data.europa.eu/sdg/17.10,OTHER|2024_PLUS
101201156:16.8,101201156,Free Electrons to Bound Electrons and Photons Quantum Coherent Coupling,10,0.08111972471856224,16.8,Broaden and strengthen the participation of developing countries in the institutions of global governance,http://data.europa.eu/sdg/16.8,OTHER|2024_PLUS
101088285:6.a,101088285,Supramolecular & Covalent Bonds for Engineering Spatiotemporal Complexity in Hydrogel Biomaterials,1,0.24627141753335302,6.a,"By 2030, expand international cooperation and capacity-building support to developing countries in water- and sanitation-related activities and programmes, including water harvesting, desalination, water efficiency, wastewater treatment, recycling and reuse technologies",http://data.europa.eu/sdg/6.a,OTHER|2024_PLUS
101088285:6.3,101088285,Supramolecular & Covalent Bonds for Engineering Spatiotemporal Complexity in Hydrogel Biomaterials,2,0.21500131409125972,6.3,"By 2030, improve water quality by reducing pollution, eliminating dumping and minimizing release of hazardous chemicals and materials, halving the proportion of untreated wastewater and substantially increasing recycling and safe reuse globally",http://data.europa.eu/sdg/6.3,OTHER|2024_PLUS
101088285:9.5,101088285,Supramolecular & Covalent Bonds for Engineering Spatiotemporal Complexity in Hydrogel Biomaterials,3,0.21400678912148172,9.5,"Enhance scientific research, upgrade the technological capabilities of industrial sectors in all countries, in particular developing countries, including, by 2030, encouraging innovation and substantially increasing the number of research and development workers per 1 million people and public and private research and development spending",http://data.europa.eu/sdg/9.5,OTHER|2024_PLUS
101088285:17.7,101088285,Supramolecular & Covalent Bonds for Engineering Spatiotemporal Complexity in Hydrogel Biomaterials,4,0.21103732849895662,17.7,"Promote the development, transfer, dissemination and diffusion of environmentally sound technologies to developing countries on favourable terms, including on concessional and preferential terms, as mutually agreed",http://data.europa.eu/sdg/17.7,OTHER|2024_PLUS
101088285:6.4,101088285,Supramolecular & Covalent Bonds for Engineering Spatiotemporal Complexity in Hydrogel Biomaterials,5,0.21062845560705995,6.4,"By 2030, substantially increase water-use efficiency across all sectors and ensure sustainable withdrawals and supply of freshwater to address water scarcity and substantially reduce the number of people suffering from water scarcity",http://data.europa.eu/sdg/6.4,OTHER|2024_PLUS
101088285:6.1,101088285,Supramolecular & Covalent Bonds for Engineering Spatiotemporal Complexity in Hydrogel Biomaterials,6,0.2065393623513282,6.1,"By 2030, achieve universal and equitable access to safe and affordable drinking water for all",http://data.europa.eu/sdg/6.1,OTHER|2024_PLUS
101088285:17.17,101088285,Supramolecular & Covalent Bonds for Engineering Spatiotemporal Complexity in Hydrogel Biomaterials,7,0.20022667437779051,17.17,"Encourage and promote effective public, public-private and civil society partnerships, building on the experience and resourcing strategies of partnerships",http://data.europa.eu/sdg/17.17,OTHER|2024_PLUS
101088285:14.3,101088285,Supramolecular & Covalent Bonds for Engineering Spatiotemporal Complexity in Hydrogel Biomaterials,8,0.19871214366101242,14.3,"Minimize and address the impacts of ocean acidification, including through enhanced scientific cooperation at all levels",http://data.europa.eu/sdg/14.3,OTHER|2024_PLUS
101088285:6.5,101088285,Supramolecular & Covalent Bonds for Engineering Spatiotemporal Complexity in Hydrogel Biomaterials,9,0.19829211750179615,6.5,"By 2030, implement integrated water resources management at all levels, including through transboundary cooperation as appropriate",http://data.europa.eu/sdg/6.5,OTHER|2024_PLUS
101088285:12.4,101088285,Supramolecular & Covalent Bonds for Engineering Spatiotemporal Complexity in Hydrogel Biomaterials,10,0.19813455795109883,12.4,"By 2020, achieve the environmentally sound management of chemicals and all wastes throughout their life cycle, in accordance with agreed international frameworks, and significantly reduce their release to air, water and soil in order to minimize their adverse impacts on human health and the environment",http://data.europa.eu/sdg/12.4,OTHER|2024_PLUS
101162673:3.4,101162673,Building emotional circuits: interfacing intrinsic programs with early-life experiences,1,0.21090352662083894,3.4,"By 2030, reduce by one third premature mortality from non-communicable diseases through prevention and treatment and promote mental health and well-being",http://data.europa.eu/sdg/3.4,OTHER|2024_PLUS
101162673:3.1,101162673,Building emotional circuits: interfacing intrinsic programs with early-life experiences,2,0.1932257009998048,3.1,"By 2030, reduce the global maternal mortality ratio to less than 70 per 100,000 live births",http://data.europa.eu/sdg/3.1,OTHER|2024_PLUS
101162673:4.2,101162673,Building emotional circuits: interfacing intrinsic programs with early-life experiences,3,0.18210548840145135,4.2,"By 2030, ensure that all girls and boys have access to quality early childhood development, care and pre‑primary education so that they are ready for primary education",http://data.europa.eu/sdg/4.2,OTHER|2024_PLUS
101162673:3.5,101162673,Building emotional circuits: interfacing intrinsic programs with early-life experiences,4,0.17495442311277015,3.5,"Strengthen the prevention and treatment of substance abuse, including narcotic drug abuse and harmful use of alcohol",http://data.europa.eu/sdg/3.5,OTHER|2024_PLUS
101162673:3.7,101162673,Building emotional circuits: interfacing intrinsic programs with early-life experiences,5,0.1696656175919553,3.7,"By 2030, ensure universal access to sexual and reproductive health-care services, including for family planning, information and education, and the integration of reproductive health into national strategies and programmes",http://data.europa.eu/sdg/3.7,OTHER|2024_PLUS
101162673:3.2,101162673,Building emotional circuits: interfacing intrinsic programs with early-life experiences,6,0.16715960301940824,3.2,"By 2030, end preventable deaths of newborns and children under 5 years of age, with all countries aiming to reduce neonatal mortality to at least as low as 12 per 1,000 live births and under‑5 mortality to at least as low as 25 per 1,000 live births",http://data.europa.eu/sdg/3.2,OTHER|2024_PLUS
101162673:2.5,101162673,Building emotional circuits: interfacing intrinsic programs with early-life experiences,7,0.16462334562071873,2.5,"By 2020, maintain the genetic diversity of seeds, cultivated plants and farmed and domesticated animals and their related wild species, including through soundly managed and diversified seed and plant banks at the national, regional and international levels, and promote access to and fair and equitable sharing of benefits arising from the utilization of genetic resources and associated traditional knowledge, as internationally agreed",http://data.europa.eu/sdg/2.5,OTHER|2024_PLUS
101162673:3.d,101162673,Building emotional circuits: interfacing intrinsic programs with early-life experiences,8,0.1572466352901787,3.d,"Strengthen the capacity of all countries, in particular developing countries, for early warning, risk reduction and management of national and global health risks",http://data.europa.eu/sdg/3.d,OTHER|2024_PLUS
101162673:5.3,101162673,Building emotional circuits: interfacing intrinsic programs with early-life experiences,9,0.14361775732482035,5.3,"Eliminate all harmful practices, such as child, early and forced marriage and female genital mutilation",http://data.europa.eu/sdg/5.3,OTHER|2024_PLUS
101162673:15.6,101162673,Building emotional circuits: interfacing intrinsic programs with early-life experiences,10,0.13271291965819187,15.6,"Promote fair and equitable sharing of the benefits arising from the utilization of genetic resources and promote appropriate access to such resources, as internationally agreed",http://data.europa.eu/sdg/15.6,OTHER|2024_PLUS
101169737:3.5,101169737,Forgetting unwanted memories in sleep,1,0.08549935754275342,3.5,"Strengthen the prevention and treatment of substance abuse, including narcotic drug abuse and harmful use of alcohol",http://data.europa.eu/sdg/3.5,OTHER|2024_PLUS
101169737:4.6,101169737,Forgetting unwanted memories in sleep,2,0.07836652913608644,4.6,"By 2030, ensure that all youth and a substantial proportion of adults, both men and women, achieve literacy and numeracy",http://data.europa.eu/sdg/4.6,OTHER|2024_PLUS
101169737:3.4,101169737,Forgetting unwanted memories in sleep,3,0.06783670532092027,3.4,"By 2030, reduce by one third premature mortality from non-communicable diseases through prevention and treatment and promote mental health and well-being",http://data.europa.eu/sdg/3.4,OTHER|2024_PLUS
101169737:16.2,101169737,Forgetting unwanted memories in sleep,4,0.06686201873009914,16.2,"End abuse, exploitation, trafficking and all forms of violence against and torture of children",http://data.europa.eu/sdg/16.2,OTHER|2024_PLUS
101169737:15.5,101169737,Forgetting unwanted memories in sleep,5,0.0657282018773167,15.5,"Take urgent and significant action to reduce the degradation of natural habitats, halt the loss of biodiversity and, by 2020, protect and prevent the extinction of threatened species",http://data.europa.eu/sdg/15.5,OTHER|2024_PLUS
101169737:13.3,101169737,Forgetting unwanted memories in sleep,6,0.06247076218059226,13.3,"Improve education, awareness-raising and human and institutional capacity on climate change mitigation, adaptation, impact reduction and early warning",http://data.europa.eu/sdg/13.3,OTHER|2024_PLUS
101169737:11.b,101169737,Forgetting unwanted memories in sleep,7,0.06204738093059974,11.b,"By 2020, substantially increase the number of cities and human settlements adopting and implementing integrated policies and plans towards inclusion, resource efficiency, mitigation and adaptation to climate change, resilience to disasters, and develop and implement, in line with the Sendai Framework for Disaster Risk Reduction 2015–2030, holistic disaster risk management at all levels",http://data.europa.eu/sdg/11.b,OTHER|2024_PLUS
101169737:4.a,101169737,Forgetting unwanted memories in sleep,8,0.061095072884918056,4.a,"Build and upgrade education facilities that are child, disability and gender sensitive and provide safe, non-violent, inclusive and effective learning environments for all",http://data.europa.eu/sdg/4.a,OTHER|2024_PLUS
101169737:15.6,101169737,Forgetting unwanted memories in sleep,9,0.05858799667473345,15.6,"Promote fair and equitable sharing of the benefits arising from the utilization of genetic resources and promote appropriate access to such resources, as internationally agreed",http://data.europa.eu/sdg/15.6,OTHER|2024_PLUS
101169737:17.14,101169737,Forgetting unwanted memories in sleep,10,0.05452116694930717,17.14,Enhance policy coherence for sustainable development,http://data.europa.eu/sdg/17.14,OTHER|2024_PLUS
